{
"type": "FeatureCollection",
"name": "Baiyangdian_Huabeihedian",
"crs": { "type": "name", "properties": { "name": "urn:ogc:def:crs:OGC:1.3:CRS84" } },
"features": [
{ "type": "Feature", "properties": { "osm_id": "495266463", "code": 8200, "fclass": "water", "name": "白洋淀", "Shape_Leng": 0.17480491125600001, "Shape_Area": 0.0014902697957299999 }, "geometry": { "type": "Polygon", "coordinates": [ [ [ 115.945715900000096, 38.963546700000052 ], [ 115.946531300000061, 38.964814700000034 ], [ 115.950608200000033, 38.969486 ], [ 115.954513500000076, 38.974757600000032 ], [ 115.95571510000002, 38.977293200000076 ], [ 115.9568739, 38.978360800000075 ], [ 115.957646300000079, 38.978627700000061 ], [ 115.958247100000108, 38.979194800000073 ], [ 115.958976700000107, 38.98042920000006 ], [ 115.961294100000032, 38.981530100000043 ], [ 115.962624500000061, 38.982697700000074 ], [ 115.963053700000046, 38.983398200000067 ], [ 115.963139500000011, 38.984065400000077 ], [ 115.962581600000021, 38.985266300000035 ], [ 115.962066600000071, 38.985900100000038 ], [ 115.962023700000032, 38.987301200000047 ], [ 115.962796200000071, 38.987801500000046 ], [ 115.96378320000008, 38.987901600000043 ], [ 115.966444, 38.987468 ], [ 115.971593800000051, 38.986333800000068 ], [ 115.973353300000099, 38.986183700000026 ], [ 115.972731100000033, 38.98516630000006 ], [ 115.9722375, 38.976709400000061 ], [ 115.969641200000069, 38.97330640000007 ], [ 115.96977, 38.972388800000033 ], [ 115.970499500000074, 38.971387800000059 ], [ 115.971508, 38.97150460000006 ], [ 115.973932700000091, 38.971487900000056 ], [ 115.974919800000066, 38.971454600000072 ], [ 115.975713700000028, 38.971204400000033 ], [ 115.976636300000109, 38.970186700000056 ], [ 115.9799193, 38.968718600000045 ], [ 115.982322700000054, 38.967934500000069 ], [ 115.984747300000095, 38.967667600000027 ], [ 115.986978900000054, 38.966449700000055 ], [ 115.991013, 38.965014800000063 ], [ 115.993995600000062, 38.955804700000044 ], [ 115.994809300000043, 38.953966 ], [ 115.996270100000061, 38.95066520000006 ], [ 115.996270100000061, 38.949930900000027 ], [ 115.99760050000009, 38.944056700000033 ], [ 115.999145500000054, 38.940885700000024 ], [ 115.990219100000104, 38.93915 ], [ 115.989403700000025, 38.93884950000006 ], [ 115.985455500000057, 38.938282100000038 ], [ 115.984897600000068, 38.938124300000027 ], [ 115.984711500000117, 38.938071600000058 ], [ 115.9845113, 38.938015 ], [ 115.982022200000074, 38.93681330000004 ], [ 115.980520200000115, 38.937414200000035 ], [ 115.977902400000062, 38.937380800000028 ], [ 115.976443200000062, 38.937514300000032 ], [ 115.976142800000048, 38.938215300000024 ], [ 115.976057, 38.939016400000071 ], [ 115.973868300000049, 38.941119400000048 ], [ 115.973095900000089, 38.941586700000073 ], [ 115.971379200000115, 38.942254300000059 ], [ 115.966916, 38.942220900000052 ], [ 115.964899, 38.943622800000071 ], [ 115.961852, 38.94248790000006 ], [ 115.952882700000032, 38.951065700000072 ], [ 115.952196100000037, 38.951666400000079 ], [ 115.950050300000044, 38.952767800000061 ], [ 115.949535300000093, 38.953335100000061 ], [ 115.948333700000035, 38.956505500000048 ], [ 115.94803330000002, 38.957940500000063 ], [ 115.945715900000096, 38.963546700000052 ] ] ] } },
{ "type": "Feature", "properties": { "osm_id": "8154639", "code": 8200, "fclass": "water", "name": "白洋淀", "Shape_Leng": 0.70577533323399999, "Shape_Area": 0.0016886194234099999 }, "geometry": { "type": "Polygon", "coordinates": [ [ [ 116.013371900000038, 38.828283100000078 ], [ 116.013455100000101, 38.828738600000065 ], [ 116.01493030000006, 38.828730200000052 ], [ 116.015183800000045, 38.828750100000036 ], [ 116.015403900000024, 38.828784400000075 ], [ 116.015803700000106, 38.828806600000064 ], [ 116.016152300000044, 38.828764100000058 ], [ 116.017517600000019, 38.82856970000006 ], [ 116.018059100000073, 38.828477400000054 ], [ 116.018694800000048, 38.828429300000039 ], [ 116.019028700000035, 38.828482600000029 ], [ 116.019148100000052, 38.828551600000026 ], [ 116.019201700000053, 38.828622600000074 ], [ 116.019276600000012, 38.82889890000007 ], [ 116.019392700000026, 38.829353100000048 ], [ 116.01945760000001, 38.829648400000053 ], [ 116.019538500000067, 38.829766600000028 ], [ 116.019780900000114, 38.830202800000052 ], [ 116.020000900000014, 38.830570800000032 ], [ 116.020112300000051, 38.830752800000027 ], [ 116.020235700000057, 38.83109550000006 ], [ 116.020313800000054, 38.831615600000077 ], [ 116.020351600000026, 38.83206210000003 ], [ 116.020362300000102, 38.832468700000049 ], [ 116.020435200000065, 38.832841700000074 ], [ 116.020651600000065, 38.833283300000062 ], [ 116.021643700000027, 38.83416770000008 ], [ 116.02194390000011, 38.834418500000027 ], [ 116.022094, 38.834518500000058 ], [ 116.022126700000058, 38.834641200000078 ], [ 116.022271500000102, 38.834760300000028 ], [ 116.022338600000012, 38.834843800000044 ], [ 116.022671200000104, 38.835667 ], [ 116.022869600000035, 38.83617890000005 ], [ 116.022907200000077, 38.83641920000008 ], [ 116.022915200000057, 38.836609300000077 ], [ 116.022915200000057, 38.83678690000005 ], [ 116.022904500000095, 38.836958200000026 ], [ 116.022899100000018, 38.837133700000038 ], [ 116.022867, 38.837275800000043 ], [ 116.022743600000013, 38.837411600000053 ], [ 116.0226953, 38.837551500000075 ], [ 116.02268730000003, 38.837612100000058 ], [ 116.022789200000034, 38.837913 ], [ 116.022896500000115, 38.838314100000048 ], [ 116.022958200000062, 38.838608700000066 ], [ 116.022976900000117, 38.838817600000027 ], [ 116.022982300000081, 38.838984800000048 ], [ 116.022960800000078, 38.839164400000072 ], [ 116.02282670000011, 38.839419300000031 ], [ 116.02268730000003, 38.839513300000078 ], [ 116.022494100000017, 38.839644900000053 ], [ 116.022258100000045, 38.839845500000024 ], [ 116.022121300000094, 38.839993800000059 ], [ 116.022051600000054, 38.840054400000042 ], [ 116.02182090000008, 38.840179800000044 ], [ 116.021874500000081, 38.840367800000024 ], [ 116.022217900000101, 38.84033850000003 ], [ 116.02257730000008, 38.840438800000072 ], [ 116.022791900000016, 38.840564200000074 ], [ 116.022904500000095, 38.840693700000031 ], [ 116.022904500000095, 38.840890100000024 ], [ 116.022781100000088, 38.841533500000025 ], [ 116.022727500000087, 38.842139400000065 ], [ 116.022706, 38.842619900000045 ], [ 116.022743600000013, 38.842941600000074 ], [ 116.022877700000095, 38.843718700000068 ], [ 116.022947400000021, 38.844032100000049 ], [ 116.023070800000028, 38.844320400000072 ], [ 116.023103000000106, 38.844441500000073 ], [ 116.023103000000106, 38.844537600000081 ], [ 116.023054700000102, 38.844617 ], [ 116.022952800000098, 38.84466720000006 ], [ 116.022813300000053, 38.844688100000042 ], [ 116.022636300000045, 38.844671300000073 ], [ 116.022539700000038, 38.844596100000047 ], [ 116.022244700000101, 38.844587800000056 ], [ 116.022067700000093, 38.844629600000076 ], [ 116.02184770000008, 38.844663 ], [ 116.02164920000007, 38.84466720000006 ], [ 116.021558, 38.844658800000047 ], [ 116.021327400000018, 38.844592 ], [ 116.021214700000087, 38.844504200000074 ], [ 116.021123500000044, 38.844366300000047 ], [ 116.021037700000079, 38.84433290000004 ], [ 116.020839200000069, 38.844316200000037 ], [ 116.020667500000059, 38.844395600000041 ], [ 116.02046370000005, 38.844579400000043 ], [ 116.020453, 38.844738200000052 ], [ 116.020587100000057, 38.844984700000055 ], [ 116.020431500000086, 38.845143500000063 ], [ 116.020302800000081, 38.845264600000064 ], [ 116.02026520000004, 38.845398300000056 ], [ 116.020361800000046, 38.845578 ], [ 116.020431500000086, 38.845745100000045 ], [ 116.020420800000011, 38.84584540000003 ], [ 116.020286700000042, 38.84594560000005 ], [ 116.02014720000011, 38.846137800000065 ], [ 116.02012040000011, 38.846213 ], [ 116.020093600000109, 38.846413600000062 ], [ 116.020168700000113, 38.847433 ], [ 116.020254500000078, 38.847863300000029 ], [ 116.020292, 38.848260200000027 ], [ 116.020458300000087, 38.848903600000028 ], [ 116.020512, 38.849158400000078 ], [ 116.020442200000048, 38.849252400000069 ], [ 116.020380600000067, 38.849356900000032 ], [ 116.020410100000049, 38.849402800000064 ], [ 116.020517300000051, 38.849413300000037 ], [ 116.020686300000079, 38.84929 ], [ 116.02082310000003, 38.849214800000027 ], [ 116.021040400000061, 38.849175200000047 ], [ 116.021241500000087, 38.849166800000035 ], [ 116.02140780000002, 38.84922320000004 ], [ 116.02146950000008, 38.84931720000003 ], [ 116.021568800000068, 38.849338100000068 ], [ 116.021783300000038, 38.849294200000031 ], [ 116.021898700000065, 38.849308800000074 ], [ 116.02199260000009, 38.849392400000056 ], [ 116.022030100000052, 38.849511500000062 ], [ 116.022158900000022, 38.849363200000028 ], [ 116.022258100000045, 38.849300500000027 ], [ 116.022523600000113, 38.849166800000035 ], [ 116.022633600000063, 38.849133400000028 ], [ 116.022719400000028, 38.849139600000058 ], [ 116.022845500000017, 38.849185600000055 ], [ 116.023068100000046, 38.849208600000054 ], [ 116.02314320000005, 38.849122900000054 ], [ 116.023081500000103, 38.848999700000036 ], [ 116.023151300000109, 38.848884800000064 ], [ 116.023282700000095, 38.848840900000027 ], [ 116.023435600000084, 38.84879710000007 ], [ 116.023580400000014, 38.848652900000047 ], [ 116.023674300000039, 38.84855680000004 ], [ 116.023797700000046, 38.848448200000064 ], [ 116.023990800000092, 38.848279 ], [ 116.024095400000078, 38.848199600000044 ], [ 116.02431, 38.848057600000061 ], [ 116.024436100000116, 38.848026300000072 ], [ 116.024524600000063, 38.848059700000078 ], [ 116.024588900000026, 38.848159900000041 ], [ 116.024685500000032, 38.848483700000031 ], [ 116.024983200000065, 38.849235700000065 ], [ 116.025071700000012, 38.849501 ], [ 116.02509590000011, 38.849743300000057 ], [ 116.025055600000087, 38.849927200000025 ], [ 116.024934900000062, 38.850073400000042 ], [ 116.024256300000047, 38.850591400000042 ], [ 116.023859400000106, 38.850846300000057 ], [ 116.023591200000055, 38.851092700000038 ], [ 116.023306800000114, 38.85133090000005 ], [ 116.023183500000073, 38.851439500000026 ], [ 116.023060100000066, 38.851690200000064 ], [ 116.023009100000081, 38.851834300000064 ], [ 116.022789200000034, 38.852066100000059 ], [ 116.022655100000065, 38.852124600000025 ], [ 116.022531700000059, 38.852139300000033 ], [ 116.022400300000072, 38.852216500000054 ], [ 116.02239760000009, 38.852298 ], [ 116.022837500000037, 38.852797200000055 ], [ 116.022966200000042, 38.852972700000066 ], [ 116.023103000000106, 38.853281800000047 ], [ 116.02320490000011, 38.853561700000057 ], [ 116.023457, 38.854029600000047 ], [ 116.023666300000059, 38.85438890000006 ], [ 116.023832600000105, 38.854693800000064 ], [ 116.024068600000078, 38.854927800000041 ], [ 116.024326100000053, 38.855082300000049 ], [ 116.024503100000061, 38.855337200000065 ], [ 116.02447630000006, 38.855550200000039 ], [ 116.024428, 38.855947100000037 ], [ 116.024363600000015, 38.856160100000068 ], [ 116.024342200000092, 38.856214400000056 ], [ 116.024363600000015, 38.856327200000067 ], [ 116.024288500000011, 38.856410800000049 ], [ 116.023666300000059, 38.856548600000053 ], [ 116.023258600000077, 38.856602900000041 ], [ 116.022464600000035, 38.856755400000054 ], [ 116.022105200000055, 38.856851500000062 ], [ 116.021778, 38.856893200000059 ], [ 116.0214347000001, 38.856940200000054 ], [ 116.021159700000112, 38.856971600000065 ], [ 116.020982700000104, 38.857011200000045 ], [ 116.020607200000086, 38.857182500000079 ], [ 116.020530800000074, 38.857219100000066 ], [ 116.020430200000078, 38.857224300000041 ], [ 116.020387300000039, 38.857201300000042 ], [ 116.020352400000093, 38.857194 ], [ 116.020314800000051, 38.857217 ], [ 116.02032290000011, 38.857258800000068 ], [ 116.0203457, 38.857280700000047 ], [ 116.020349700000111, 38.857339200000069 ], [ 116.020385900000065, 38.85740080000005 ], [ 116.020686300000079, 38.857344400000045 ], [ 116.020962600000075, 38.857267100000058 ], [ 116.021206700000107, 38.857210700000053 ], [ 116.021413200000097, 38.857171 ], [ 116.022115900000017, 38.85700810000003 ], [ 116.022354700000051, 38.856928700000026 ], [ 116.022499500000094, 38.856884900000068 ], [ 116.022639, 38.856882800000051 ], [ 116.022700700000087, 38.856918300000075 ], [ 116.022842800000035, 38.856951700000025 ], [ 116.022923300000116, 38.856893200000059 ], [ 116.023097600000028, 38.856838900000071 ], [ 116.023269300000038, 38.856857700000035 ], [ 116.023355100000117, 38.856978900000058 ], [ 116.023427500000025, 38.857123 ], [ 116.0234249, 38.857229500000074 ], [ 116.023483900000087, 38.857283800000062 ], [ 116.02352140000005, 38.857179400000064 ], [ 116.023481200000106, 38.857045700000072 ], [ 116.023441, 38.856920400000035 ], [ 116.02345170000001, 38.856834800000058 ], [ 116.023553600000014, 38.856784600000026 ], [ 116.023626, 38.856803400000047 ], [ 116.023832600000105, 38.856730300000038 ], [ 116.02407130000006, 38.856655100000069 ], [ 116.024283200000013, 38.856619600000045 ], [ 116.024583600000028, 38.856602900000041 ], [ 116.024803500000075, 38.856594600000051 ], [ 116.024988600000029, 38.856615400000067 ], [ 116.025117300000034, 38.856703200000027 ], [ 116.025138800000036, 38.856763700000045 ], [ 116.025165600000037, 38.856872400000043 ], [ 116.025248800000099, 38.856968400000028 ], [ 116.025369500000011, 38.85701860000006 ], [ 116.025525, 38.857054100000028 ], [ 116.025621600000022, 38.857089600000052 ], [ 116.0256779, 38.857129300000054 ], [ 116.025707400000101, 38.857173100000068 ], [ 116.025734200000102, 38.857221200000026 ], [ 116.025774500000011, 38.857252500000072 ], [ 116.025854900000013, 38.857283800000062 ], [ 116.025850900000023, 38.857382 ], [ 116.0258804, 38.857499 ], [ 116.025900500000034, 38.85757 ], [ 116.025889800000073, 38.857603400000073 ], [ 116.02583350000009, 38.857635800000025 ], [ 116.025702100000103, 38.857660800000076 ], [ 116.025314500000036, 38.857697400000063 ], [ 116.025201800000104, 38.857720400000062 ], [ 116.025176300000112, 38.857783 ], [ 116.025238, 38.857792400000051 ], [ 116.025440500000059, 38.857778800000062 ], [ 116.025640400000043, 38.857747500000073 ], [ 116.025759700000094, 38.857733900000028 ], [ 116.02580260000002, 38.857748500000071 ], [ 116.025852300000111, 38.857966800000042 ], [ 116.025881800000093, 38.857991900000059 ], [ 116.026091, 38.858046200000047 ], [ 116.02621970000007, 38.858092100000079 ], [ 116.026249200000052, 38.858161100000075 ], [ 116.026166100000069, 38.858261300000038 ], [ 116.026099, 38.858334400000047 ], [ 116.026045400000044, 38.858415900000068 ], [ 116.0260320000001, 38.858482700000025 ], [ 116.026074900000026, 38.858520300000066 ], [ 116.026281400000016, 38.858497300000067 ], [ 116.026402100000041, 38.858541200000047 ], [ 116.026404800000023, 38.858620600000052 ], [ 116.02635650000002, 38.858685300000047 ], [ 116.02624650000007, 38.858722900000032 ], [ 116.0261044, 38.858731300000045 ], [ 116.025946100000056, 38.858745900000031 ], [ 116.025747700000011, 38.858748 ], [ 116.025624300000118, 38.858762600000034 ], [ 116.025508900000091, 38.858800200000076 ], [ 116.025527700000112, 38.858885800000053 ], [ 116.025694, 38.858808500000066 ], [ 116.025728900000104, 38.858841900000073 ], [ 116.025707400000101, 38.858896300000026 ], [ 116.025822800000014, 38.858900400000039 ], [ 116.0260829, 38.858862800000054 ], [ 116.026270700000055, 38.858839900000078 ], [ 116.026485300000104, 38.858833600000025 ], [ 116.026552300000048, 38.858883700000035 ], [ 116.026584500000013, 38.858952600000066 ], [ 116.02659790000007, 38.859100900000044 ], [ 116.026600600000052, 38.859236700000054 ], [ 116.026581800000031, 38.859462300000075 ], [ 116.026640800000109, 38.859618900000044 ], [ 116.026713200000017, 38.859773500000074 ], [ 116.02672670000004, 38.85988 ], [ 116.026780300000041, 38.860143100000073 ], [ 116.02679640000008, 38.860230900000033 ], [ 116.026783, 38.860276800000065 ], [ 116.026715900000113, 38.860304 ], [ 116.026563, 38.860356200000069 ], [ 116.026469200000065, 38.860370800000055 ], [ 116.0264075, 38.860366600000077 ], [ 116.02635650000002, 38.860299800000064 ], [ 116.026268, 38.860337400000049 ], [ 116.02616880000005, 38.860525400000029 ], [ 116.026174100000048, 38.860625600000049 ], [ 116.026308200000017, 38.860661100000073 ], [ 116.026504, 38.860644400000069 ], [ 116.026686400000017, 38.86064650000003 ], [ 116.026799100000062, 38.860673600000041 ], [ 116.027011, 38.860723800000073 ], [ 116.02711290000002, 38.860740500000077 ], [ 116.0272658, 38.860727900000029 ], [ 116.027496500000098, 38.860673600000041 ], [ 116.0276037000001, 38.860673600000041 ], [ 116.027676200000087, 38.860721700000056 ], [ 116.027810300000056, 38.860947200000055 ], [ 116.027751300000091, 38.861057900000048 ], [ 116.027751300000091, 38.86114770000006 ], [ 116.027818300000035, 38.861248 ], [ 116.027906800000096, 38.861369100000047 ], [ 116.027963200000045, 38.861498600000061 ], [ 116.028016800000046, 38.861807700000043 ], [ 116.028046300000028, 38.861974800000041 ], [ 116.028124100000014, 38.862125200000037 ], [ 116.028191100000072, 38.862283900000079 ], [ 116.028250200000116, 38.862578400000075 ], [ 116.028266200000076, 38.862808100000052 ], [ 116.028231400000095, 38.862958500000047 ], [ 116.028212600000074, 38.86309220000004 ], [ 116.028255500000114, 38.863188200000025 ], [ 116.0283869000001, 38.863207 ], [ 116.028437900000085, 38.863309400000048 ], [ 116.028537200000073, 38.863779300000033 ], [ 116.028625700000021, 38.863977700000078 ], [ 116.02887510000005, 38.864439200000049 ], [ 116.029070900000079, 38.864650200000028 ], [ 116.029242600000089, 38.864886200000058 ], [ 116.029400800000076, 38.86517850000007 ], [ 116.029851400000098, 38.865700600000025 ], [ 116.030184, 38.866114200000027 ], [ 116.030559500000095, 38.86656940000006 ], [ 116.031128200000012, 38.867221 ], [ 116.031289100000095, 38.86748 ], [ 116.031423200000063, 38.867738900000063 ], [ 116.031509, 38.867876700000068 ], [ 116.031723600000078, 38.868052200000079 ], [ 116.031927500000052, 38.868181600000071 ], [ 116.032185, 38.868361200000038 ], [ 116.032463900000039, 38.868703700000026 ], [ 116.032662400000049, 38.86892510000007 ], [ 116.032909100000097, 38.86917150000005 ], [ 116.033054000000106, 38.869296800000029 ], [ 116.033295400000043, 38.86940960000004 ], [ 116.033536800000093, 38.86945970000005 ], [ 116.033719200000064, 38.869514 ], [ 116.033869400000071, 38.869597500000054 ], [ 116.034024900000077, 38.869710300000065 ], [ 116.034153700000047, 38.869831400000066 ], [ 116.034282400000052, 38.870023500000059 ], [ 116.034470200000101, 38.870716900000048 ], [ 116.034475600000064, 38.870971600000075 ], [ 116.034475600000064, 38.871130300000061 ], [ 116.03456140000003, 38.87130570000005 ], [ 116.034695500000112, 38.871451900000068 ], [ 116.03480280000008, 38.871639900000048 ], [ 116.034797400000116, 38.871848700000044 ], [ 116.0348189, 38.872191200000032 ], [ 116.034861800000044, 38.872596300000055 ], [ 116.034979800000087, 38.872917900000061 ], [ 116.035156800000095, 38.87319350000007 ], [ 116.035280200000102, 38.873360600000069 ], [ 116.035607500000083, 38.873790700000029 ], [ 116.035704, 38.874074700000051 ], [ 116.035709400000087, 38.874379600000054 ], [ 116.035682600000086, 38.874655200000063 ], [ 116.035634300000083, 38.87487660000005 ], [ 116.035596700000042, 38.875227400000028 ], [ 116.035639600000081, 38.875528100000054 ], [ 116.03573080000001, 38.875824600000044 ], [ 116.035864900000092, 38.876116900000056 ], [ 116.036079500000028, 38.87632990000003 ], [ 116.036278, 38.876517800000045 ], [ 116.036417500000084, 38.876705800000025 ], [ 116.03648720000001, 38.87686860000008 ], [ 116.036514, 38.877039900000057 ], [ 116.036476500000049, 38.877181800000074 ], [ 116.036347700000078, 38.877315500000066 ], [ 116.036251200000038, 38.877399 ], [ 116.036047300000064, 38.877495100000033 ], [ 116.036095600000067, 38.877582800000027 ], [ 116.0364068, 38.877578600000049 ], [ 116.03663210000002, 38.877641200000028 ], [ 116.036905600000068, 38.877812400000039 ], [ 116.037082700000042, 38.877967 ], [ 116.037318700000014, 38.87822170000004 ], [ 116.03743140000006, 38.878388700000073 ], [ 116.03745820000006, 38.878514 ], [ 116.037544, 38.87905690000008 ], [ 116.037468900000022, 38.879457800000068 ], [ 116.037619100000029, 38.879975700000045 ], [ 116.038337900000101, 38.881086500000038 ], [ 116.038295, 38.88143720000005 ], [ 116.038413000000105, 38.881821400000035 ], [ 116.039089000000104, 38.882664900000066 ], [ 116.039582500000051, 38.88322450000004 ], [ 116.040140400000041, 38.883825800000068 ], [ 116.040494400000057, 38.884293500000069 ], [ 116.04091290000008, 38.884644300000048 ], [ 116.041320600000063, 38.884861400000034 ], [ 116.041964300000018, 38.884911500000044 ], [ 116.042447100000118, 38.884719400000051 ], [ 116.042779700000096, 38.884711100000061 ], [ 116.043402, 38.88512030000004 ], [ 116.043541400000095, 38.885435600000051 ], [ 116.043715800000086, 38.88562550000006 ], [ 116.043758700000012, 38.885742500000049 ], [ 116.0436836, 38.885990900000024 ], [ 116.043552100000056, 38.886214300000063 ], [ 116.0433322, 38.886619300000064 ], [ 116.043120300000055, 38.886949200000061 ], [ 116.042956700000104, 38.887251900000081 ], [ 116.043109600000093, 38.887627800000075 ], [ 116.0435079, 38.887588100000073 ], [ 116.043625900000052, 38.887802100000044 ], [ 116.043741300000079, 38.887805200000059 ], [ 116.044049700000073, 38.887792700000034 ], [ 116.044472200000087, 38.887811500000055 ], [ 116.044877200000087, 38.887826100000041 ], [ 116.045089100000041, 38.887833400000034 ], [ 116.045154800000091, 38.887791600000071 ], [ 116.045134700000062, 38.887657 ], [ 116.045095800000013, 38.887602700000059 ], [ 116.045028700000103, 38.887574500000028 ], [ 116.044417200000112, 38.887545300000056 ], [ 116.044123500000069, 38.887534800000026 ], [ 116.044016200000101, 38.88753070000007 ], [ 116.044020200000091, 38.887499400000024 ], [ 116.044136900000012, 38.88747950000004 ], [ 116.044324600000095, 38.887500400000079 ], [ 116.04535460000011, 38.887416900000062 ], [ 116.052808500000083, 38.885720500000048 ], [ 116.052994900000044, 38.885668300000077 ], [ 116.053031100000112, 38.885632900000076 ], [ 116.053078, 38.885621400000048 ], [ 116.053155800000013, 38.885624500000063 ], [ 116.053202700000043, 38.885633900000073 ], [ 116.053214800000092, 38.885703800000044 ], [ 116.053184000000101, 38.885796700000071 ], [ 116.053188, 38.885955400000057 ], [ 116.053009600000109, 38.886817700000051 ], [ 116.052848700000027, 38.887544200000036 ], [ 116.052811100000099, 38.887711300000035 ], [ 116.052746800000023, 38.888071400000058 ], [ 116.052785800000038, 38.888406800000041 ], [ 116.05276820000006, 38.888832400000069 ], [ 116.052714600000058, 38.890414900000053 ], [ 116.052819200000044, 38.891103800000053 ], [ 116.052821900000026, 38.891442 ], [ 116.05276820000006, 38.89181990000003 ], [ 116.0528031, 38.892245800000069 ], [ 116.053184000000101, 38.892153900000039 ], [ 116.053521900000078, 38.892099600000051 ], [ 116.054337300000043, 38.892003600000066 ], [ 116.055163400000083, 38.891849100000059 ], [ 116.055697200000054, 38.891721800000028 ], [ 116.055300200000033, 38.890577700000051 ], [ 116.054978400000095, 38.889700900000037 ], [ 116.054940800000054, 38.889475400000038 ], [ 116.054956900000093, 38.889333400000055 ], [ 116.055879600000026, 38.888431500000024 ], [ 116.056233600000041, 38.888105900000028 ], [ 116.056496500000094, 38.887888700000076 ], [ 116.05671110000003, 38.887780200000066 ], [ 116.056947100000116, 38.88762150000008 ], [ 116.057108, 38.88747950000004 ], [ 116.057349400000021, 38.887329200000067 ], [ 116.057596200000035, 38.887170500000025 ], [ 116.05792340000005, 38.887107900000046 ], [ 116.058261400000106, 38.887103700000068 ], [ 116.058701300000052, 38.88713290000004 ], [ 116.058905100000061, 38.887187200000028 ], [ 116.059184100000039, 38.887270700000045 ], [ 116.059430800000086, 38.887329200000067 ], [ 116.059715100000062, 38.887254 ], [ 116.059736600000065, 38.887158 ], [ 116.05982240000003, 38.886865700000044 ], [ 116.060133600000086, 38.886623500000042 ], [ 116.060396400000059, 38.886456500000065 ], [ 116.061458600000037, 38.885928300000046 ], [ 116.061678500000085, 38.885821800000031 ], [ 116.061769700000013, 38.88571950000005 ], [ 116.061769700000013, 38.885594200000071 ], [ 116.061552500000062, 38.885051400000066 ], [ 116.061474700000076, 38.884798800000056 ], [ 116.061469300000113, 38.884727800000064 ], [ 116.061485400000038, 38.884646300000043 ], [ 116.06148, 38.884531500000037 ], [ 116.06159, 38.884383300000025 ], [ 116.061796500000014, 38.884318600000029 ], [ 116.061946700000021, 38.884228800000074 ], [ 116.0619977, 38.884030400000029 ], [ 116.062035300000048, 38.88380490000003 ], [ 116.062209600000074, 38.883326800000077 ], [ 116.062303500000098, 38.883184800000038 ], [ 116.062408100000084, 38.883095 ], [ 116.062459000000104, 38.883076300000027 ], [ 116.062644100000057, 38.883078300000079 ], [ 116.062721900000042, 38.883042800000055 ], [ 116.062767500000064, 38.882942600000035 ], [ 116.062877500000013, 38.88288 ], [ 116.063175200000046, 38.882811100000026 ], [ 116.063303900000051, 38.88282780000003 ], [ 116.063599, 38.882832 ], [ 116.0638887, 38.882806900000048 ], [ 116.064073700000108, 38.882773500000042 ], [ 116.063899400000082, 38.882514600000036 ], [ 116.063502400000061, 38.882472900000039 ], [ 116.0631055, 38.882343400000025 ], [ 116.0623759, 38.881575 ], [ 116.062156, 38.881178300000045 ], [ 116.062016500000027, 38.880777400000056 ], [ 116.061925300000098, 38.880522700000029 ], [ 116.061909200000059, 38.880313900000033 ], [ 116.061930700000062, 38.880075900000065 ], [ 116.062075500000105, 38.879837800000075 ], [ 116.062290100000041, 38.879645700000026 ], [ 116.062552900000014, 38.879441100000065 ], [ 116.062907000000109, 38.879019300000039 ], [ 116.0631859, 38.87880640000003 ], [ 116.063481, 38.878643500000067 ], [ 116.063743800000111, 38.878593400000057 ], [ 116.064017400000012, 38.878631 ], [ 116.064339300000029, 38.878735400000039 ], [ 116.06483280000009, 38.878839800000037 ], [ 116.065186900000072, 38.878898200000037 ], [ 116.06558920000009, 38.878910800000028 ], [ 116.066157800000042, 38.878869 ], [ 116.066731800000071, 38.878823100000034 ], [ 116.068308900000034, 38.878756200000055 ], [ 116.068882900000062, 38.878714500000058 ], [ 116.069108200000073, 38.87874370000003 ], [ 116.069515900000056, 38.878714500000058 ], [ 116.069489100000055, 38.878409600000055 ], [ 116.069507900000076, 38.878240500000061 ], [ 116.069566900000041, 38.878117300000042 ], [ 116.069668800000045, 38.877960700000074 ], [ 116.069695600000045, 38.877845900000068 ], [ 116.069711700000084, 38.877714300000036 ], [ 116.069564200000059, 38.877338500000064 ], [ 116.069414, 38.87701270000008 ], [ 116.069317500000011, 38.876810200000079 ], [ 116.069266500000026, 38.876457300000027 ], [ 116.0692745, 38.87615240000008 ], [ 116.0692477, 38.875761900000043 ], [ 116.069199400000116, 38.875455 ], [ 116.069183300000077, 38.875252400000079 ], [ 116.06920480000008, 38.874947600000041 ], [ 116.069218200000023, 38.874699100000043 ], [ 116.069212900000025, 38.87430020000005 ], [ 116.069129700000076, 38.874114400000053 ], [ 116.06895, 38.873947300000054 ], [ 116.068697900000075, 38.873749 ], [ 116.068595900000105, 38.873617400000057 ], [ 116.068384, 38.873151700000051 ], [ 116.068308900000034, 38.872842700000035 ], [ 116.068373300000076, 38.872466800000041 ], [ 116.068486, 38.872074200000043 ], [ 116.068582500000048, 38.871848700000044 ], [ 116.068679100000054, 38.87159390000005 ], [ 116.068722, 38.871314100000063 ], [ 116.068625400000087, 38.87105930000007 ], [ 116.068105100000025, 38.870353500000078 ], [ 116.067815400000086, 38.870011 ], [ 116.067541800000072, 38.869798 ], [ 116.067209200000093, 38.869501500000069 ], [ 116.067037600000049, 38.869367800000077 ], [ 116.066876600000114, 38.869054600000027 ], [ 116.066747900000109, 38.868820700000072 ], [ 116.066790800000035, 38.868687 ], [ 116.066868600000021, 38.868618100000049 ], [ 116.066983900000082, 38.868545 ], [ 116.067238700000075, 38.868309 ], [ 116.066718400000013, 38.867883 ], [ 116.066651300000103, 38.867757700000027 ], [ 116.066619200000105, 38.867663700000037 ], [ 116.066318700000011, 38.866402400000027 ], [ 116.066302700000051, 38.86611 ], [ 116.066367, 38.865951300000063 ], [ 116.067321900000024, 38.865358100000037 ], [ 116.067579400000113, 38.865155600000037 ], [ 116.067689400000063, 38.865015600000049 ], [ 116.067721500000061, 38.864815200000066 ], [ 116.067769800000065, 38.864637600000037 ], [ 116.06791730000009, 38.864393300000074 ], [ 116.068000500000039, 38.864240800000061 ], [ 116.068016600000078, 38.864121800000078 ], [ 116.067879800000014, 38.864071700000068 ], [ 116.067498900000032, 38.864052900000047 ], [ 116.067402400000105, 38.864038200000039 ], [ 116.067177100000094, 38.864006900000049 ], [ 116.067118, 38.863963100000035 ], [ 116.067088500000068, 38.863885800000048 ], [ 116.067118, 38.86375 ], [ 116.067217300000038, 38.863489 ], [ 116.067415800000049, 38.863152700000057 ], [ 116.067523100000017, 38.863079600000049 ], [ 116.067622300000039, 38.863019100000031 ], [ 116.067670600000042, 38.862923 ], [ 116.067769800000065, 38.862852 ], [ 116.067863700000089, 38.862766400000055 ], [ 116.067855700000109, 38.862732900000026 ], [ 116.067877100000032, 38.862628500000028 ], [ 116.067965600000093, 38.862511600000062 ], [ 116.068064900000081, 38.862428 ], [ 116.068220400000087, 38.862359100000049 ], [ 116.068212400000107, 38.861928900000066 ], [ 116.068215100000089, 38.861373300000025 ], [ 116.068150700000047, 38.86128350000007 ], [ 116.068067500000097, 38.861193700000058 ], [ 116.067952200000036, 38.861099700000068 ], [ 116.067772500000046, 38.860964 ], [ 116.067651800000021, 38.860847 ], [ 116.067574, 38.860585900000046 ], [ 116.067576700000018, 38.860496100000034 ], [ 116.067606200000114, 38.860379200000068 ], [ 116.067606200000114, 38.860304 ], [ 116.067528400000015, 38.860187 ], [ 116.067370200000028, 38.860061700000074 ], [ 116.066983900000082, 38.859710800000073 ], [ 116.066627200000084, 38.859397500000057 ], [ 116.066029100000037, 38.858748 ], [ 116.065565000000106, 38.858271800000068 ], [ 116.065202900000031, 38.858019 ], [ 116.0650769, 38.858069200000045 ], [ 116.06497760000002, 38.857956400000035 ], [ 116.064747, 38.857743300000038 ], [ 116.064510900000073, 38.85757620000004 ], [ 116.064291, 38.85740080000005 ], [ 116.064044200000012, 38.857187700000054 ], [ 116.063861800000041, 38.856970500000045 ], [ 116.063658, 38.856728200000077 ], [ 116.063523900000064, 38.856602900000041 ], [ 116.063411200000019, 38.856444200000055 ], [ 116.063303900000051, 38.856231100000059 ], [ 116.063266400000089, 38.856072400000073 ], [ 116.063218100000086, 38.855876 ], [ 116.06307860000004, 38.85561290000004 ], [ 116.063041100000078, 38.855224400000054 ], [ 116.063062500000115, 38.855065600000046 ], [ 116.063057200000117, 38.854923600000063 ], [ 116.062966, 38.85475230000003 ], [ 116.062799700000028, 38.854543400000068 ], [ 116.062590500000056, 38.854288600000075 ], [ 116.06252070000005, 38.854079700000057 ], [ 116.062392, 38.853532500000028 ], [ 116.06230620000008, 38.853118900000027 ], [ 116.062145200000032, 38.852062 ], [ 116.062059400000066, 38.851711 ], [ 116.06172140000001, 38.851051 ], [ 116.061635600000045, 38.85080030000006 ], [ 116.061367400000108, 38.850131900000065 ], [ 116.061233300000026, 38.849843600000042 ], [ 116.061099200000058, 38.849580400000036 ], [ 116.060766600000079, 38.849166800000035 ], [ 116.060530500000027, 38.84899130000008 ], [ 116.060321300000055, 38.848866 ], [ 116.0600746, 38.848765700000058 ], [ 116.059892200000036, 38.848665500000038 ], [ 116.059661500000061, 38.848485800000049 ], [ 116.059500600000092, 38.848343800000066 ], [ 116.059328900000082, 38.84813070000007 ], [ 116.059194800000114, 38.847909300000026 ], [ 116.05905, 38.847541600000056 ], [ 116.0589212000001, 38.847261700000047 ], [ 116.058824700000059, 38.847073700000067 ], [ 116.058749600000056, 38.846676800000068 ], [ 116.058733500000017, 38.846392700000024 ], [ 116.058642300000088, 38.846058400000061 ], [ 116.058465200000114, 38.84570750000006 ], [ 116.058309700000109, 38.845598900000027 ], [ 116.058041500000058, 38.845534100000066 ], [ 116.057834900000103, 38.845517400000062 ], [ 116.057676700000115, 38.845473500000026 ], [ 116.057521100000031, 38.845371200000045 ], [ 116.057405800000083, 38.845241600000065 ], [ 116.057349400000021, 38.845089100000052 ], [ 116.057338700000059, 38.844986800000072 ], [ 116.057344100000023, 38.844851 ], [ 116.057319900000039, 38.844734 ], [ 116.057215300000053, 38.844577300000026 ], [ 116.057164400000033, 38.844403900000032 ], [ 116.0573736, 38.844316200000037 ], [ 116.057164400000033, 38.844082200000059 ], [ 116.056882700000074, 38.844197100000031 ], [ 116.055879600000026, 38.842995900000062 ], [ 116.055710600000111, 38.842674200000033 ], [ 116.055686500000093, 38.842511200000047 ], [ 116.055718700000057, 38.842360800000051 ], [ 116.05584470000008, 38.842114300000048 ], [ 116.055992200000105, 38.841936700000076 ], [ 116.055949300000066, 38.841821800000048 ], [ 116.055831300000023, 38.84171740000005 ], [ 116.055681100000015, 38.841656800000067 ], [ 116.055455800000118, 38.841587900000036 ], [ 116.055273400000033, 38.841527300000052 ], [ 116.055123200000025, 38.841391500000043 ], [ 116.054930100000092, 38.84119510000005 ], [ 116.054715500000043, 38.840835800000036 ], [ 116.05452240000011, 38.840576700000042 ], [ 116.053728500000034, 38.839697200000046 ], [ 116.053497800000059, 38.839519600000074 ], [ 116.052969400000052, 38.839291900000035 ], [ 116.0524785, 38.839020300000072 ], [ 116.052242500000034, 38.838899100000049 ], [ 116.051977, 38.83883220000007 ], [ 116.051606800000059, 38.838811400000054 ], [ 116.051298400000064, 38.838811400000054 ], [ 116.051089200000092, 38.838777900000025 ], [ 116.050947, 38.838725700000055 ], [ 116.050719, 38.838573200000042 ], [ 116.050590300000067, 38.83845830000007 ], [ 116.050185300000066, 38.838247300000035 ], [ 116.049973400000113, 38.83817410000006 ], [ 116.049791, 38.838142800000071 ], [ 116.049576400000092, 38.838130300000046 ], [ 116.049533500000052, 38.83807180000008 ], [ 116.049485200000049, 38.837984 ], [ 116.049434200000064, 38.837821100000042 ], [ 116.049383300000045, 38.837639300000035 ], [ 116.049278700000059, 38.837461700000063 ], [ 116.049166, 38.837296700000024 ], [ 116.04894610000008, 38.837135800000055 ], [ 116.04867790000003, 38.836977 ], [ 116.048549100000059, 38.836883 ], [ 116.048490100000095, 38.836763900000051 ], [ 116.048398900000052, 38.836613500000055 ], [ 116.048283600000104, 38.836477700000046 ], [ 116.048042200000054, 38.836260400000072 ], [ 116.047720300000037, 38.836101600000063 ], [ 116.047606300000098, 38.83607440000003 ], [ 116.047536600000058, 38.836052500000051 ], [ 116.047465500000044, 38.836034700000027 ], [ 116.047377, 38.83609320000005 ], [ 116.047280400000091, 38.836193500000036 ], [ 116.047114100000044, 38.836239500000033 ], [ 116.046899600000074, 38.836235300000055 ], [ 116.046663500000022, 38.836227 ], [ 116.046475800000053, 38.836239500000033 ], [ 116.04628260000004, 38.836247800000081 ], [ 116.046105600000033, 38.836201900000049 ], [ 116.045944700000064, 38.836130800000035 ], [ 116.045837400000096, 38.83609320000005 ], [ 116.045644300000049, 38.836064 ], [ 116.045558400000118, 38.836001300000078 ], [ 116.045488700000078, 38.835909400000048 ], [ 116.045338500000071, 38.835775700000056 ], [ 116.045123900000021, 38.835692100000074 ], [ 116.045016600000054, 38.835646100000076 ], [ 116.044791300000043, 38.835374500000057 ], [ 116.044775200000117, 38.835240800000065 ], [ 116.044834300000048, 38.835031900000047 ], [ 116.044877200000087, 38.834839700000032 ], [ 116.044887900000049, 38.834655800000064 ], [ 116.044812800000045, 38.834283900000059 ], [ 116.044748400000117, 38.833845100000076 ], [ 116.044673300000113, 38.833636200000058 ], [ 116.044582100000071, 38.833481600000027 ], [ 116.044281700000056, 38.833193200000039 ], [ 116.044045700000083, 38.832875700000045 ], [ 116.043831100000034, 38.832349100000044 ], [ 116.043686300000104, 38.832106800000076 ], [ 116.043546800000058, 38.832048300000054 ], [ 116.043208800000116, 38.831939600000055 ], [ 116.042806500000097, 38.83174740000004 ], [ 116.042715300000054, 38.831626200000073 ], [ 116.04248460000008, 38.831124700000032 ], [ 116.041958900000054, 38.830121800000029 ], [ 116.041889200000014, 38.829896100000042 ], [ 116.041921400000092, 38.829657900000029 ], [ 116.041985700000055, 38.829457400000081 ], [ 116.04205550000006, 38.829265100000043 ], [ 116.042146700000103, 38.829135600000029 ], [ 116.042168100000026, 38.829022700000053 ], [ 116.042093, 38.828792900000053 ], [ 116.042060800000058, 38.82864660000007 ], [ 116.042221800000107, 38.828103400000032 ], [ 116.042479300000082, 38.827121300000044 ], [ 116.04261340000005, 38.826344 ], [ 116.042688500000054, 38.82600130000003 ], [ 116.042870900000025, 38.825412 ], [ 116.043160600000078, 38.824484200000029 ], [ 116.043294700000047, 38.82395340000005 ], [ 116.043498500000055, 38.823209500000075 ], [ 116.0433322, 38.822958800000038 ], [ 116.043047900000033, 38.822975500000041 ], [ 116.042457800000079, 38.822917 ], [ 116.042141300000026, 38.82286890000006 ], [ 116.041958900000054, 38.822877300000073 ], [ 116.04189190000011, 38.822854300000074 ], [ 116.041835500000047, 38.822756100000049 ], [ 116.041771200000085, 38.822622300000035 ], [ 116.041730900000061, 38.822530400000062 ], [ 116.0417470000001, 38.822323500000039 ], [ 116.041752400000064, 38.822064400000045 ], [ 116.041763100000026, 38.82183450000008 ], [ 116.041741700000102, 38.821707 ], [ 116.041688, 38.821613 ], [ 116.041586100000018, 38.821544 ], [ 116.041438600000106, 38.821491800000047 ], [ 116.041312500000117, 38.821427 ], [ 116.041250800000057, 38.821335100000056 ], [ 116.041226700000038, 38.821266100000059 ], [ 116.041213300000095, 38.821111500000029 ], [ 116.041189100000111, 38.820984 ], [ 116.041154300000017, 38.82089 ], [ 116.041106, 38.820808500000055 ], [ 116.041122100000052, 38.820747900000072 ], [ 116.041384900000025, 38.820710200000065 ], [ 116.041776500000083, 38.820660100000055 ], [ 116.0417443, 38.820551400000056 ], [ 116.041690700000117, 38.82033830000006 ], [ 116.041755100000046, 38.820212900000058 ], [ 116.041722900000082, 38.820058200000062 ], [ 116.041535100000033, 38.819886900000029 ], [ 116.040419300000053, 38.819101100000069 ], [ 116.040151100000116, 38.818959 ], [ 116.040087900000117, 38.818940700000041 ], [ 116.039877500000102, 38.818879600000059 ], [ 116.039770200000021, 38.818867100000034 ], [ 116.039614700000016, 38.818829400000027 ], [ 116.038332600000103, 38.819527400000027 ], [ 116.034936900000048, 38.820793800000047 ], [ 116.033821100000068, 38.821040400000072 ], [ 116.033172, 38.821165800000074 ], [ 116.032083, 38.821245200000078 ], [ 116.030800900000031, 38.821412400000042 ], [ 116.0279471, 38.82168820000004 ], [ 116.026584500000013, 38.821867900000029 ], [ 116.026227800000015, 38.822254500000042 ], [ 116.026170100000058, 38.822278600000061 ], [ 116.025995800000032, 38.822313 ], [ 116.025808, 38.822348600000055 ], [ 116.0257047, 38.822347500000035 ], [ 116.025604200000089, 38.822327700000073 ], [ 116.0254754, 38.822442600000045 ], [ 116.02547410000011, 38.822498 ], [ 116.02547, 38.822563800000069 ], [ 116.0254513000001, 38.822627500000067 ], [ 116.025393600000029, 38.82272370000004 ], [ 116.025318500000026, 38.822877300000073 ], [ 116.024889300000041, 38.823589800000036 ], [ 116.024229500000047, 38.824960600000054 ], [ 116.02396130000011, 38.825236500000074 ], [ 116.023671600000057, 38.825353500000062 ], [ 116.023585800000092, 38.825320100000056 ], [ 116.023489200000085, 38.825228100000061 ], [ 116.0233766, 38.82507350000003 ], [ 116.023263900000074, 38.824969 ], [ 116.023124500000108, 38.824885400000028 ], [ 116.022974200000021, 38.82488120000005 ], [ 116.022952800000098, 38.824969 ], [ 116.022974200000021, 38.825136200000031 ], [ 116.022958200000062, 38.825236500000074 ], [ 116.022813300000053, 38.82534510000005 ], [ 116.022604100000081, 38.825403600000072 ], [ 116.022604100000081, 38.825499800000046 ], [ 116.022711400000048, 38.825512300000071 ], [ 116.022947400000021, 38.825549900000055 ], [ 116.023065400000064, 38.825650200000041 ], [ 116.023285400000077, 38.825942800000064 ], [ 116.0234302, 38.826661600000079 ], [ 116.023392700000045, 38.826866300000063 ], [ 116.023113700000067, 38.827021 ], [ 116.022716800000012, 38.827025200000037 ], [ 116.021853100000044, 38.826874700000076 ], [ 116.021713600000112, 38.826720100000045 ], [ 116.021627800000033, 38.826536200000078 ], [ 116.021601, 38.826281300000062 ], [ 116.021574100000066, 38.826080700000034 ], [ 116.021482900000024, 38.826022200000068 ], [ 116.021263, 38.826114100000041 ], [ 116.021123500000044, 38.826364900000044 ], [ 116.020839200000069, 38.826519500000074 ], [ 116.020313500000043, 38.826711700000033 ], [ 116.019927300000063, 38.826699200000064 ], [ 116.019814600000018, 38.826711700000033 ], [ 116.019482, 38.826795300000072 ], [ 116.019165500000099, 38.826966600000048 ], [ 116.019133300000021, 38.827445100000034 ], [ 116.019119900000078, 38.82755590000005 ], [ 116.019044800000074, 38.827637400000071 ], [ 116.018875800000046, 38.827727200000027 ], [ 116.018663900000092, 38.827794100000062 ], [ 116.01863440000011, 38.827670800000078 ], [ 116.018350100000021, 38.827079500000025 ], [ 116.018092600000045, 38.827125400000057 ], [ 116.017159200000037, 38.82727170000004 ], [ 116.017041200000108, 38.827255 ], [ 116.016944600000102, 38.827179800000067 ], [ 116.016676400000051, 38.827096200000028 ], [ 116.016341100000091, 38.82684340000003 ], [ 116.01631430000009, 38.826749300000074 ], [ 116.016233900000088, 38.826707500000055 ], [ 116.016067600000042, 38.826734700000031 ], [ 116.01590130000011, 38.826803700000028 ], [ 116.015657200000078, 38.826881 ], [ 116.015482800000086, 38.826887200000044 ], [ 116.015442600000029, 38.826858 ], [ 116.015359500000045, 38.826782800000046 ], [ 116.01530050000008, 38.826780700000029 ], [ 116.014986600000043, 38.826885200000049 ], [ 116.014764, 38.82698750000003 ], [ 116.014761300000032, 38.827050200000031 ], [ 116.014798900000073, 38.827234100000055 ], [ 116.014847200000077, 38.827359500000057 ], [ 116.014876700000059, 38.827524600000061 ], [ 116.014868600000113, 38.827656200000035 ], [ 116.014831100000038, 38.827825400000052 ], [ 116.014857900000038, 38.828153500000042 ], [ 116.014648700000066, 38.828266300000053 ], [ 116.01410020000003, 38.828311300000053 ], [ 116.013939200000095, 38.828294500000027 ], [ 116.0138789, 38.828261100000077 ], [ 116.01384, 38.828259 ], [ 116.013798400000042, 38.828289300000051 ], [ 116.013775600000031, 38.828355100000067 ], [ 116.013699200000019, 38.828377100000068 ], [ 116.0136040000001, 38.828373900000031 ], [ 116.013551700000107, 38.82836350000008 ], [ 116.013528900000097, 38.828340500000024 ], [ 116.013523500000019, 38.828313300000048 ], [ 116.013488600000073, 38.828276800000026 ], [ 116.013371900000038, 38.828283100000078 ] ], [ [ 116.024551400000064, 38.842749400000059 ], [ 116.024615800000106, 38.842540500000041 ], [ 116.024626500000068, 38.841909600000065 ], [ 116.024599700000067, 38.841395700000078 ], [ 116.024583600000028, 38.840961100000072 ], [ 116.024594300000103, 38.840606 ], [ 116.024669400000107, 38.840409600000044 ], [ 116.024937600000044, 38.84030510000008 ], [ 116.025162900000055, 38.84030510000008 ], [ 116.0257047, 38.840342700000065 ], [ 116.026471800000081, 38.840309300000058 ], [ 116.02718, 38.840179800000044 ], [ 116.028049, 38.83992070000005 ], [ 116.02848890000007, 38.839787 ], [ 116.028585400000111, 38.839636600000063 ], [ 116.028376200000025, 38.839072500000043 ], [ 116.028043600000046, 38.838813400000049 ], [ 116.025747700000011, 38.836895500000026 ], [ 116.025753, 38.836812 ], [ 116.025844200000051, 38.836807800000031 ], [ 116.02756080000006, 38.83816580000007 ], [ 116.027662700000064, 38.838236800000061 ], [ 116.028006100000084, 38.838207600000032 ], [ 116.028338700000063, 38.837998600000049 ], [ 116.029652900000087, 38.836970700000052 ], [ 116.029899700000101, 38.836682400000029 ], [ 116.030049900000108, 38.836653200000057 ], [ 116.030141100000037, 38.836995800000068 ], [ 116.030285900000081, 38.837505600000043 ], [ 116.030334200000084, 38.837702 ], [ 116.030446900000015, 38.837814800000046 ], [ 116.030661500000065, 38.837844 ], [ 116.031128200000012, 38.837810600000068 ], [ 116.031267600000092, 38.837835700000028 ], [ 116.031487600000105, 38.837948500000039 ], [ 116.032136700000024, 38.838587800000028 ], [ 116.032431700000075, 38.838817600000027 ], [ 116.032678500000088, 38.838951300000076 ], [ 116.033080800000107, 38.839043300000071 ], [ 116.033434900000088, 38.839047400000027 ], [ 116.033826500000032, 38.838951300000076 ], [ 116.034228800000051, 38.838796700000046 ], [ 116.034647200000109, 38.838462500000048 ], [ 116.0348672, 38.838124 ], [ 116.034942300000012, 38.83783150000005 ], [ 116.0348672, 38.837196400000039 ], [ 116.034743800000115, 38.836778500000037 ], [ 116.034743800000115, 38.836293800000078 ], [ 116.034784, 38.835921900000073 ], [ 116.03480280000008, 38.835840400000052 ], [ 116.0349208, 38.835681600000044 ], [ 116.035148800000115, 38.835558400000025 ], [ 116.035441200000037, 38.835474800000043 ], [ 116.036208300000112, 38.835403800000051 ], [ 116.036675, 38.835362 ], [ 116.037023700000077, 38.835295100000053 ], [ 116.037147000000118, 38.835357800000054 ], [ 116.03719, 38.83552080000004 ], [ 116.037227500000085, 38.835804900000028 ], [ 116.03719, 38.836151700000073 ], [ 116.037071900000115, 38.836444200000074 ], [ 116.03697000000011, 38.836649 ], [ 116.037007600000038, 38.83684960000005 ], [ 116.0371149, 38.837112800000057 ], [ 116.037179200000082, 38.837438700000064 ], [ 116.037203400000067, 38.83808010000007 ], [ 116.037240900000029, 38.838424800000041 ], [ 116.037332100000071, 38.838809300000037 ], [ 116.037490400000024, 38.839185300000054 ], [ 116.037522500000023, 38.839411 ], [ 116.037624500000106, 38.839619900000059 ], [ 116.037688800000069, 38.839678400000025 ], [ 116.037919500000044, 38.839908200000025 ], [ 116.038037500000087, 38.840175600000066 ], [ 116.038139500000057, 38.840342700000065 ], [ 116.03840230000003, 38.84077730000007 ], [ 116.038364800000068, 38.84109060000003 ], [ 116.038182400000096, 38.84124520000006 ], [ 116.03784440000004, 38.841341300000067 ], [ 116.0375011000001, 38.841404 ], [ 116.037034400000039, 38.841500100000076 ], [ 116.036524800000052, 38.841633800000068 ], [ 116.033563600000093, 38.842498700000078 ], [ 116.031235500000093, 38.843125400000076 ], [ 116.030902900000115, 38.843250800000078 ], [ 116.030830400000013, 38.843236200000035 ], [ 116.030664100000081, 38.84328 ], [ 116.030286, 38.843386600000031 ], [ 116.029856800000061, 38.843564100000037 ], [ 116.029787100000021, 38.843697800000029 ], [ 116.029867500000023, 38.843856600000038 ], [ 116.029948000000104, 38.844053 ], [ 116.0298729000001, 38.844270200000039 ], [ 116.029776300000094, 38.844378900000038 ], [ 116.0295188, 38.844462400000054 ], [ 116.029266700000107, 38.84466720000006 ], [ 116.028998500000057, 38.844775800000036 ], [ 116.028767800000082, 38.844825900000046 ], [ 116.028692700000079, 38.844838500000037 ], [ 116.028483500000107, 38.844917800000076 ], [ 116.028338700000063, 38.845013900000026 ], [ 116.027936300000079, 38.845151800000053 ], [ 116.027786100000071, 38.845114200000069 ], [ 116.027668100000028, 38.845101700000043 ], [ 116.027496500000098, 38.845126700000037 ], [ 116.027212100000042, 38.845231200000057 ], [ 116.026788300000021, 38.845318900000052 ], [ 116.026402100000041, 38.845285500000045 ], [ 116.026160700000105, 38.845247900000061 ], [ 116.025817400000051, 38.845147600000075 ], [ 116.025463300000069, 38.845009800000071 ], [ 116.025264900000025, 38.844926200000032 ], [ 116.025071700000012, 38.844708900000057 ], [ 116.024980500000083, 38.844558500000062 ], [ 116.024771300000111, 38.843915100000061 ], [ 116.024626500000068, 38.843284200000028 ], [ 116.024562100000026, 38.843054400000028 ], [ 116.024551400000064, 38.842749400000059 ] ], [ [ 116.024647900000105, 38.848003300000073 ], [ 116.024707, 38.847980300000074 ], [ 116.024843700000019, 38.847971900000061 ], [ 116.025004700000068, 38.847911400000044 ], [ 116.025128100000074, 38.847869600000024 ], [ 116.025238, 38.847861200000068 ], [ 116.025342600000045, 38.847907200000066 ], [ 116.025399000000107, 38.847992800000043 ], [ 116.025399000000107, 38.848093100000028 ], [ 116.025331900000083, 38.848151600000051 ], [ 116.025149500000111, 38.848195500000031 ], [ 116.025071700000012, 38.848203800000078 ], [ 116.024948400000085, 38.848251900000037 ], [ 116.024910800000043, 38.848295700000051 ], [ 116.02501, 38.848312400000054 ], [ 116.0252756000001, 38.848239300000046 ], [ 116.025498200000015, 38.848205900000039 ], [ 116.025691300000062, 38.848212200000034 ], [ 116.025825400000031, 38.84827690000003 ], [ 116.025914, 38.848393900000076 ], [ 116.025892500000054, 38.848441900000068 ], [ 116.02577180000003, 38.848496300000079 ], [ 116.025554500000112, 38.848519200000055 ], [ 116.025173700000096, 38.848607 ], [ 116.025165600000037, 38.84865080000003 ], [ 116.025559900000076, 38.848588200000052 ], [ 116.025785200000087, 38.848542200000054 ], [ 116.025905900000112, 38.848542200000054 ], [ 116.026007800000116, 38.848596500000042 ], [ 116.0260561, 38.848740700000064 ], [ 116.026069500000062, 38.848914 ], [ 116.026015900000061, 38.849018500000057 ], [ 116.025897900000018, 38.84908530000007 ], [ 116.025680600000101, 38.849175200000047 ], [ 116.025492800000052, 38.849256600000047 ], [ 116.025272900000118, 38.849354800000071 ], [ 116.025136100000054, 38.849340200000029 ], [ 116.02507710000009, 38.849131300000067 ], [ 116.024999300000104, 38.848920300000032 ], [ 116.0248974000001, 38.848684300000059 ], [ 116.024795500000096, 38.848477500000058 ], [ 116.024728400000072, 38.84822470000006 ], [ 116.024672100000089, 38.848128600000052 ], [ 116.024647900000105, 38.848053400000026 ], [ 116.024647900000105, 38.848003300000073 ] ], [ [ 116.02679640000008, 38.859236700000054 ], [ 116.026842000000102, 38.859130200000038 ], [ 116.027078, 38.859055 ], [ 116.027193400000101, 38.859052900000052 ], [ 116.027236300000027, 38.859161500000027 ], [ 116.027357, 38.859412100000043 ], [ 116.027407900000071, 38.85955210000003 ], [ 116.027472300000113, 38.859767200000078 ], [ 116.027579600000081, 38.860017800000037 ], [ 116.027582300000063, 38.860132700000065 ], [ 116.027467000000115, 38.860176600000045 ], [ 116.0272175, 38.860189100000071 ], [ 116.027061900000035, 38.860153600000046 ], [ 116.026984200000015, 38.860080500000038 ], [ 116.026917100000105, 38.859913400000039 ], [ 116.026855400000045, 38.859727500000076 ], [ 116.026825900000063, 38.859573 ], [ 116.026842000000102, 38.859451800000045 ], [ 116.026828600000044, 38.859426800000051 ], [ 116.02679640000008, 38.859236700000054 ] ], [ [ 116.027351600000088, 38.858992300000068 ], [ 116.027504500000077, 38.858942200000058 ], [ 116.027971200000025, 38.859032 ], [ 116.028236700000093, 38.859073800000033 ], [ 116.028322600000024, 38.859130200000038 ], [ 116.028397700000028, 38.859232500000076 ], [ 116.028413800000067, 38.859357800000055 ], [ 116.028437900000085, 38.859531200000049 ], [ 116.028448600000047, 38.859671100000071 ], [ 116.028451300000029, 38.859823600000027 ], [ 116.028462000000104, 38.859917600000074 ], [ 116.028464700000086, 38.860007400000029 ], [ 116.028440600000067, 38.860053300000061 ], [ 116.028370900000027, 38.860093 ], [ 116.028287700000078, 38.860078400000077 ], [ 116.028254200000106, 38.860004300000071 ], [ 116.028226, 38.859952 ], [ 116.028185800000074, 38.859939500000053 ], [ 116.028150900000014, 38.859961400000032 ], [ 116.02815360000011, 38.860024100000032 ], [ 116.028137500000071, 38.860106600000051 ], [ 116.028057000000103, 38.860146300000054 ], [ 116.027941700000042, 38.860160900000039 ], [ 116.027859900000067, 38.860158800000079 ], [ 116.02773250000007, 38.86012020000004 ], [ 116.027601100000084, 38.859819400000049 ], [ 116.027469600000018, 38.859476900000061 ], [ 116.02735430000007, 38.859146900000042 ], [ 116.027351600000088, 38.858992300000068 ] ], [ [ 116.028264900000067, 38.84969220000005 ], [ 116.028274300000021, 38.84965980000004 ], [ 116.028330600000118, 38.849594 ], [ 116.028490200000078, 38.84947070000004 ], [ 116.02867260000005, 38.84932450000008 ], [ 116.028853700000013, 38.849178300000062 ], [ 116.02898110000001, 38.84911980000004 ], [ 116.0291085, 38.849205400000073 ], [ 116.029178200000047, 38.849265 ], [ 116.029294900000082, 38.849393400000054 ], [ 116.029349900000057, 38.849507300000027 ], [ 116.029353900000046, 38.849620100000038 ], [ 116.029331100000036, 38.849682800000039 ], [ 116.029256, 38.849796600000047 ], [ 116.029158100000018, 38.849892700000055 ], [ 116.029032, 38.850002400000051 ], [ 116.028923400000053, 38.850090100000045 ], [ 116.028861700000107, 38.850100500000053 ], [ 116.028816100000085, 38.850070200000062 ], [ 116.028274300000021, 38.849712 ], [ 116.028264900000067, 38.84969220000005 ] ], [ [ 116.02846210000007, 38.859211600000037 ], [ 116.028475500000013, 38.85915 ], [ 116.028570700000046, 38.85911660000005 ], [ 116.028812100000096, 38.859128100000078 ], [ 116.02887110000006, 38.859170900000038 ], [ 116.028903300000025, 38.859225200000026 ], [ 116.028958300000113, 38.85940590000007 ], [ 116.0289864, 38.859461200000055 ], [ 116.029030700000021, 38.859477900000059 ], [ 116.029040100000088, 38.85941420000006 ], [ 116.02925330000005, 38.859383900000068 ], [ 116.029332400000044, 38.859435100000042 ], [ 116.029372700000067, 38.859542700000077 ], [ 116.029399500000068, 38.85965340000007 ], [ 116.029410200000029, 38.859778700000049 ], [ 116.0293646, 38.859901900000068 ], [ 116.029231800000048, 38.85998440000003 ], [ 116.029074900000069, 38.860028300000067 ], [ 116.028916700000082, 38.860061700000074 ], [ 116.028665900000078, 38.860074200000042 ], [ 116.028593500000056, 38.859957300000076 ], [ 116.028580100000113, 38.859865400000047 ], [ 116.028499600000032, 38.859490500000049 ], [ 116.028494200000068, 38.859358900000075 ], [ 116.028476800000021, 38.859275300000036 ], [ 116.02846210000007, 38.859211600000037 ] ], [ [ 116.028519700000061, 38.857650400000068 ], [ 116.028530400000022, 38.857604400000071 ], [ 116.028541200000063, 38.857557400000076 ], [ 116.028592100000083, 38.857440500000052 ], [ 116.028612300000077, 38.857343300000025 ], [ 116.028605500000026, 38.85711150000003 ], [ 116.028621600000065, 38.856949600000064 ], [ 116.028639100000078, 38.856866100000047 ], [ 116.028696700000069, 38.856799200000069 ], [ 116.028856300000029, 38.856807600000025 ], [ 116.029017300000078, 38.856816 ], [ 116.029171500000075, 38.856812800000057 ], [ 116.029262700000118, 38.856801300000029 ], [ 116.02937, 38.856794 ], [ 116.029787100000021, 38.856846200000064 ], [ 116.029885, 38.856900500000052 ], [ 116.029953400000068, 38.85696530000007 ], [ 116.030039200000033, 38.85701540000008 ], [ 116.030125000000112, 38.857038400000079 ], [ 116.03018, 38.85705930000006 ], [ 116.030233700000053, 38.857128200000034 ], [ 116.030202800000097, 38.857218 ], [ 116.030130400000075, 38.857313100000056 ], [ 116.030053900000098, 38.857379900000069 ], [ 116.029978800000094, 38.857415400000036 ], [ 116.029902400000083, 38.857468700000027 ], [ 116.029826, 38.857578300000057 ], [ 116.029646200000116, 38.857692200000031 ], [ 116.029563100000018, 38.85768070000006 ], [ 116.029521500000101, 38.857666 ], [ 116.029426300000068, 38.857660800000076 ], [ 116.028845600000068, 38.857674400000064 ], [ 116.028759800000103, 38.857697400000063 ], [ 116.028648500000031, 38.857728700000052 ], [ 116.02853180000011, 38.857689 ], [ 116.028519700000061, 38.857650400000068 ] ], [ [ 116.028580100000113, 38.832031500000028 ], [ 116.028660500000115, 38.831956300000058 ], [ 116.030114300000037, 38.831375500000036 ], [ 116.031460800000104, 38.830769500000031 ], [ 116.032244000000105, 38.830376700000045 ], [ 116.03310230000011, 38.829896100000042 ], [ 116.033032500000104, 38.829779100000053 ], [ 116.033434900000088, 38.829557600000044 ], [ 116.033531400000015, 38.829632900000036 ], [ 116.033622600000058, 38.829804200000069 ], [ 116.033794300000068, 38.829963 ], [ 116.033864000000108, 38.829879400000038 ], [ 116.034041000000116, 38.829649600000039 ], [ 116.034212700000012, 38.829482400000074 ], [ 116.034518500000104, 38.82924 ], [ 116.034856400000081, 38.829043600000034 ], [ 116.03517290000002, 38.828901500000029 ], [ 116.036009800000102, 38.828571400000044 ], [ 116.037275800000089, 38.828433500000074 ], [ 116.037694200000033, 38.828258 ], [ 116.038166300000057, 38.828115900000057 ], [ 116.03860080000004, 38.828007200000059 ], [ 116.0387081, 38.828032300000075 ], [ 116.039126500000066, 38.828245400000071 ], [ 116.040092100000038, 38.82878450000004 ], [ 116.040419300000053, 38.82893080000008 ], [ 116.040682200000106, 38.829039500000079 ], [ 116.041025500000046, 38.82916060000008 ], [ 116.041132800000014, 38.829260900000065 ], [ 116.041159600000015, 38.829524200000037 ], [ 116.041148900000053, 38.829833500000063 ], [ 116.041170400000055, 38.830067500000041 ], [ 116.041207900000018, 38.830217900000036 ], [ 116.041374200000064, 38.830464500000062 ], [ 116.041781900000046, 38.831141500000058 ], [ 116.041916, 38.831287700000075 ], [ 116.041910600000051, 38.831400500000029 ], [ 116.041706800000043, 38.831459 ], [ 116.041352700000061, 38.831538400000056 ], [ 116.040923600000042, 38.831651300000033 ], [ 116.039207, 38.832378400000039 ], [ 116.038756400000011, 38.832528800000034 ], [ 116.037763900000073, 38.83273360000004 ], [ 116.036401400000045, 38.833026100000041 ], [ 116.035419700000034, 38.833159800000033 ], [ 116.035323100000028, 38.833055400000035 ], [ 116.034582800000067, 38.832244700000047 ], [ 116.034352200000058, 38.832512100000031 ], [ 116.034483600000044, 38.832723100000067 ], [ 116.03463110000007, 38.832921600000077 ], [ 116.034896700000104, 38.833187 ], [ 116.035108600000058, 38.833381300000042 ], [ 116.035162200000059, 38.833483700000045 ], [ 116.0351971, 38.833594400000038 ], [ 116.035148800000115, 38.833655 ], [ 116.034738400000037, 38.833715600000062 ], [ 116.0340384000001, 38.833788700000071 ], [ 116.033429500000011, 38.833870200000035 ], [ 116.033185400000093, 38.833820100000025 ], [ 116.033083500000089, 38.833736500000043 ], [ 116.032933300000082, 38.833558900000071 ], [ 116.032852800000114, 38.83329770000006 ], [ 116.032791100000054, 38.833176500000036 ], [ 116.032772400000113, 38.833120100000031 ], [ 116.032769700000017, 38.833051200000057 ], [ 116.032820600000036, 38.832986400000038 ], [ 116.033571700000039, 38.832482900000059 ], [ 116.033448300000032, 38.832351200000062 ], [ 116.03275090000011, 38.832915400000047 ], [ 116.032396900000094, 38.833153500000037 ], [ 116.03167, 38.833418900000026 ], [ 116.030682900000102, 38.833774100000028 ], [ 116.030554200000097, 38.833757400000025 ], [ 116.030457600000091, 38.833678 ], [ 116.030001600000105, 38.83329770000006 ], [ 116.028623, 38.832119300000045 ], [ 116.028580100000113, 38.832031500000028 ] ], [ [ 116.028649800000039, 38.855884400000036 ], [ 116.028660500000115, 38.855441600000063 ], [ 116.028950200000054, 38.854798300000027 ], [ 116.02926130000003, 38.854631200000028 ], [ 116.029722700000093, 38.85446410000003 ], [ 116.029883600000062, 38.854355500000054 ], [ 116.030066, 38.854129900000032 ], [ 116.03025910000008, 38.853636900000026 ], [ 116.030226900000116, 38.853302700000029 ], [ 116.030108900000073, 38.852768 ], [ 116.030001600000105, 38.852258300000074 ], [ 116.029905100000065, 38.851940800000079 ], [ 116.029647600000089, 38.851531400000056 ], [ 116.029154100000028, 38.850877600000047 ], [ 116.028993100000093, 38.850911 ], [ 116.029003900000021, 38.85085040000007 ], [ 116.029036, 38.850741800000037 ], [ 116.0291353, 38.850545500000067 ], [ 116.029138000000103, 38.850299 ], [ 116.029178200000047, 38.850209200000052 ], [ 116.029250600000069, 38.85016950000005 ], [ 116.029379400000039, 38.850123500000052 ], [ 116.0294867, 38.850111 ], [ 116.029658300000051, 38.850100500000053 ], [ 116.029682500000035, 38.850067100000047 ], [ 116.029607400000032, 38.849981500000069 ], [ 116.029556400000047, 38.84989580000007 ], [ 116.029556400000047, 38.849839400000064 ], [ 116.029615400000012, 38.849724500000036 ], [ 116.029687800000033, 38.849651400000027 ], [ 116.029808500000058, 38.849580400000036 ], [ 116.029966800000011, 38.849511500000062 ], [ 116.030108900000073, 38.849444600000027 ], [ 116.030235, 38.84942790000008 ], [ 116.030363700000066, 38.849469700000043 ], [ 116.030436200000054, 38.849551200000064 ], [ 116.030685600000083, 38.849829 ], [ 116.030929700000115, 38.850048300000026 ], [ 116.031096, 38.850259300000062 ], [ 116.031495600000085, 38.850781500000039 ], [ 116.031656600000019, 38.850990400000057 ], [ 116.031723600000078, 38.851165900000069 ], [ 116.031812100000025, 38.851433200000031 ], [ 116.031873800000085, 38.851669300000026 ], [ 116.032056200000056, 38.85236690000005 ], [ 116.032120600000098, 38.852628 ], [ 116.032147400000099, 38.852979 ], [ 116.032128600000078, 38.853068800000074 ], [ 116.032083, 38.853148100000055 ], [ 116.031973100000073, 38.853281800000047 ], [ 116.03188990000001, 38.853400900000054 ], [ 116.031817500000102, 38.853576300000043 ], [ 116.031739700000116, 38.853908500000045 ], [ 116.031535900000108, 38.854629100000068 ], [ 116.031291800000076, 38.85542490000006 ], [ 116.031208600000014, 38.855876 ], [ 116.03109870000003, 38.856116200000031 ], [ 116.030889400000092, 38.856527700000072 ], [ 116.030835800000091, 38.856663500000025 ], [ 116.030795600000033, 38.85678050000007 ], [ 116.03078220000009, 38.856893200000059 ], [ 116.030709700000102, 38.856930800000043 ], [ 116.030645400000026, 38.856935 ], [ 116.030489800000055, 38.856928700000026 ], [ 116.030312800000047, 38.856928700000026 ], [ 116.030173300000115, 38.856949600000064 ], [ 116.030103600000075, 38.856928700000026 ], [ 116.030084800000054, 38.856893200000059 ], [ 116.030063300000052, 38.856793 ], [ 116.030031100000087, 38.856655100000069 ], [ 116.029897, 38.856373200000064 ], [ 116.029827300000079, 38.856329300000027 ], [ 116.029744100000016, 38.856308400000046 ], [ 116.029661, 38.856279200000074 ], [ 116.029634200000032, 38.85624370000005 ], [ 116.029642200000012, 38.856164300000046 ], [ 116.029669, 38.856114200000036 ], [ 116.029720000000111, 38.856041100000027 ], [ 116.029685100000052, 38.855959600000062 ], [ 116.029623400000105, 38.855815500000062 ], [ 116.029537600000026, 38.855698500000074 ], [ 116.029543000000103, 38.855802900000072 ], [ 116.029556400000047, 38.855899 ], [ 116.02956180000001, 38.856070300000056 ], [ 116.0295403, 38.856241600000033 ], [ 116.029438400000117, 38.856364800000051 ], [ 116.029143300000101, 38.856427500000052 ], [ 116.028907300000014, 38.856394100000045 ], [ 116.028767800000082, 38.85624370000005 ], [ 116.028649800000039, 38.855884400000036 ] ], [ [ 116.030693600000063, 38.85735070000004 ], [ 116.030696300000045, 38.857173100000068 ], [ 116.03075, 38.857075 ], [ 116.030849200000034, 38.857031100000029 ], [ 116.031090600000084, 38.857037400000024 ], [ 116.031444700000065, 38.857047800000032 ], [ 116.031989200000112, 38.857081200000039 ], [ 116.032474600000114, 38.857083300000056 ], [ 116.032769700000017, 38.857116700000063 ], [ 116.033000300000026, 38.857219100000066 ], [ 116.033062, 38.857290100000057 ], [ 116.033134500000074, 38.857682800000077 ], [ 116.033214900000075, 38.85816310000007 ], [ 116.033284700000081, 38.858672800000079 ], [ 116.033359800000085, 38.858768800000064 ], [ 116.033483100000012, 38.858804400000054 ], [ 116.033630700000117, 38.858806400000049 ], [ 116.033762100000104, 38.858789700000045 ], [ 116.033896200000072, 38.858748 ], [ 116.034094700000082, 38.858716600000037 ], [ 116.034132200000045, 38.858825200000069 ], [ 116.03348850000009, 38.858927600000072 ], [ 116.033467100000053, 38.859013200000049 ], [ 116.033598500000039, 38.859397500000057 ], [ 116.033303400000023, 38.859462300000075 ], [ 116.033177400000113, 38.85916990000004 ], [ 116.032933300000082, 38.859217900000033 ], [ 116.032737500000053, 38.859255500000074 ], [ 116.032710700000052, 38.859347400000047 ], [ 116.032099100000096, 38.859385 ], [ 116.032066900000018, 38.859251300000039 ], [ 116.032037400000036, 38.859230400000058 ], [ 116.031938200000013, 38.859228300000041 ], [ 116.030886800000076, 38.859297300000037 ], [ 116.030854600000112, 38.858992300000068 ], [ 116.030822400000034, 38.858369900000071 ], [ 116.030717800000048, 38.857461400000034 ], [ 116.030693600000063, 38.85735070000004 ] ], [ [ 116.035355300000106, 38.833845100000076 ], [ 116.035403600000109, 38.833527500000059 ], [ 116.03551630000004, 38.833327 ], [ 116.035682600000086, 38.833239200000037 ], [ 116.037865900000043, 38.832850600000029 ], [ 116.038638300000116, 38.832708500000081 ], [ 116.039099700000065, 38.832545500000037 ], [ 116.040564200000063, 38.83197720000004 ], [ 116.041352700000061, 38.831709800000056 ], [ 116.042050100000097, 38.831513400000063 ], [ 116.042189600000029, 38.831542600000034 ], [ 116.042355900000075, 38.831638700000042 ], [ 116.042516800000044, 38.831755700000031 ], [ 116.042591900000048, 38.831902 ], [ 116.04265630000009, 38.832186200000081 ], [ 116.042822600000022, 38.832520500000044 ], [ 116.042715300000054, 38.832670900000039 ], [ 116.042307600000072, 38.832942500000058 ], [ 116.041041600000085, 38.833347900000035 ], [ 116.039394700000116, 38.833711400000027 ], [ 116.036996800000111, 38.834049900000025 ], [ 116.036127800000031, 38.834058200000072 ], [ 116.035478700000112, 38.833970500000078 ], [ 116.035355300000106, 38.833845100000076 ] ], [ [ 116.037120200000118, 38.83689970000006 ], [ 116.037147000000118, 38.836636500000054 ], [ 116.03725970000005, 38.836348100000066 ], [ 116.037549400000103, 38.836306300000047 ], [ 116.037935600000083, 38.836227 ], [ 116.038418400000069, 38.836114100000032 ], [ 116.039231100000052, 38.835888500000067 ], [ 116.03940010000008, 38.835892700000045 ], [ 116.039440300000024, 38.835938600000077 ], [ 116.039507400000048, 38.836147600000061 ], [ 116.039561, 38.836176800000032 ], [ 116.039676400000076, 38.836149600000056 ], [ 116.039681700000074, 38.836066100000039 ], [ 116.039638800000034, 38.835957400000041 ], [ 116.039636100000052, 38.835861300000033 ], [ 116.039705900000058, 38.835807 ], [ 116.039807800000062, 38.83580070000005 ], [ 116.039872200000104, 38.835821600000031 ], [ 116.039890900000046, 38.835867600000029 ], [ 116.039909700000067, 38.836036800000045 ], [ 116.03995, 38.83622280000003 ], [ 116.03998480000007, 38.836429600000031 ], [ 116.040070700000115, 38.836621800000046 ], [ 116.040135, 38.837077300000033 ], [ 116.040108200000077, 38.837261100000035 ], [ 116.040038500000037, 38.837503500000025 ], [ 116.039826600000083, 38.837992400000076 ], [ 116.039603900000088, 38.838249400000052 ], [ 116.039287400000035, 38.838539800000035 ], [ 116.038622300000043, 38.839087100000029 ], [ 116.038410400000089, 38.839147700000069 ], [ 116.038134100000093, 38.83925430000005 ], [ 116.037860500000079, 38.839331600000037 ], [ 116.037763900000073, 38.839160200000038 ], [ 116.03765670000007, 38.838888700000041 ], [ 116.037511800000061, 38.838592 ], [ 116.037463500000058, 38.838332900000069 ], [ 116.037485, 38.838190900000029 ], [ 116.037576200000103, 38.838078 ], [ 116.037704900000108, 38.838090600000044 ], [ 116.037619100000029, 38.837906700000076 ], [ 116.037426, 38.837409500000035 ], [ 116.037334800000053, 38.83730920000005 ], [ 116.037179200000082, 38.837117 ], [ 116.037120200000118, 38.83689970000006 ] ], [ [ 116.037283800000068, 38.836277100000075 ], [ 116.037332100000071, 38.835988800000052 ], [ 116.037361600000054, 38.835723400000063 ], [ 116.037367, 38.835623100000078 ], [ 116.037372300000015, 38.835554200000047 ], [ 116.037423300000114, 38.835479 ], [ 116.037595, 38.835435100000041 ], [ 116.037718400000017, 38.835447600000066 ], [ 116.037731800000074, 38.835495700000024 ], [ 116.037691500000051, 38.835604300000057 ], [ 116.037702300000092, 38.835669100000075 ], [ 116.037884600000098, 38.835654500000032 ], [ 116.03804290000005, 38.835619 ], [ 116.038174300000037, 38.835637800000029 ], [ 116.038206500000115, 38.835775700000056 ], [ 116.038193100000058, 38.835863400000051 ], [ 116.038362100000086, 38.835894800000062 ], [ 116.038603500000022, 38.835871800000064 ], [ 116.039153300000066, 38.83575060000004 ], [ 116.03936520000002, 38.835698400000069 ], [ 116.039700500000095, 38.835596 ], [ 116.039494000000104, 38.835416300000077 ], [ 116.039083600000026, 38.835255400000051 ], [ 116.038826100000051, 38.835136300000045 ], [ 116.038633000000118, 38.835132200000032 ], [ 116.038453300000015, 38.835117500000024 ], [ 116.038410400000089, 38.83496290000005 ], [ 116.038378200000011, 38.834887700000024 ], [ 116.038249400000041, 38.834808300000077 ], [ 116.03804290000005, 38.834777 ], [ 116.037873900000022, 38.834797900000069 ], [ 116.037691500000051, 38.834887700000024 ], [ 116.037468900000022, 38.834875200000056 ], [ 116.037334800000053, 38.834783200000061 ], [ 116.03732940000009, 38.834622400000057 ], [ 116.037361600000054, 38.834329900000057 ], [ 116.037485, 38.834087500000066 ], [ 116.0378981, 38.834033200000079 ], [ 116.038729500000045, 38.833886900000039 ], [ 116.040054600000076, 38.833669600000064 ], [ 116.040864600000077, 38.833489900000075 ], [ 116.040966500000081, 38.833548400000041 ], [ 116.040939700000081, 38.833665400000029 ], [ 116.040805600000112, 38.833857700000067 ], [ 116.040574900000024, 38.834179400000039 ], [ 116.040419300000053, 38.834409300000061 ], [ 116.040242300000045, 38.834710100000052 ], [ 116.040022400000112, 38.835073700000066 ], [ 116.03992310000001, 38.835587600000053 ], [ 116.039931200000069, 38.835660800000028 ], [ 116.03973, 38.835727600000041 ], [ 116.039456400000063, 38.835765200000026 ], [ 116.038598100000058, 38.835957400000041 ], [ 116.038104600000111, 38.836103700000081 ], [ 116.037318700000014, 38.836300100000074 ], [ 116.037283800000068, 38.836277100000075 ] ], [ [ 116.03784440000004, 38.83950290000007 ], [ 116.037852500000099, 38.839427700000044 ], [ 116.0379034, 38.839392100000055 ], [ 116.038053600000012, 38.839342 ], [ 116.03821460000006, 38.839294 ], [ 116.038525700000037, 38.839179100000024 ], [ 116.03860880000002, 38.839170700000068 ], [ 116.038587400000097, 38.839225 ], [ 116.038472100000035, 38.839360800000065 ], [ 116.038332600000103, 38.839519600000074 ], [ 116.038169, 38.839594800000043 ], [ 116.038013400000068, 38.83959690000006 ], [ 116.037927600000103, 38.839565600000071 ], [ 116.03784440000004, 38.83950290000007 ] ], [ [ 116.038380900000107, 38.839799500000026 ], [ 116.038423800000032, 38.839632400000028 ], [ 116.038595400000077, 38.839415100000053 ], [ 116.038933400000019, 38.83905580000004 ], [ 116.039185500000031, 38.838809300000037 ], [ 116.03957180000009, 38.838470800000039 ], [ 116.03988830000003, 38.838220100000058 ], [ 116.040081400000076, 38.837944300000061 ], [ 116.040215500000045, 38.837647700000048 ], [ 116.040290600000048, 38.837192200000061 ], [ 116.04034420000005, 38.836841200000038 ], [ 116.040279900000087, 38.836598800000047 ], [ 116.040167200000042, 38.836369 ], [ 116.040108200000077, 38.836218600000052 ], [ 116.040086700000074, 38.836047300000075 ], [ 116.0401726, 38.835976200000061 ], [ 116.041452, 38.835673300000053 ], [ 116.042425600000115, 38.835435100000041 ], [ 116.042769, 38.835378700000035 ], [ 116.043139100000076, 38.835343200000068 ], [ 116.043391200000087, 38.835313900000074 ], [ 116.043916900000113, 38.835232400000052 ], [ 116.04428710000002, 38.835157200000026 ], [ 116.044372900000099, 38.835148900000036 ], [ 116.044461400000046, 38.835186500000077 ], [ 116.044453400000066, 38.835272100000054 ], [ 116.044431900000063, 38.835397500000056 ], [ 116.044501700000069, 38.835525 ], [ 116.044608900000071, 38.835652400000072 ], [ 116.044638500000019, 38.835790300000042 ], [ 116.044716200000039, 38.835880100000054 ], [ 116.044925400000011, 38.835944900000072 ], [ 116.045086400000059, 38.836013800000046 ], [ 116.045142700000042, 38.836103700000081 ], [ 116.045091700000057, 38.836285500000031 ], [ 116.045022, 38.836435900000026 ], [ 116.044887900000049, 38.836665700000026 ], [ 116.0448182, 38.836853700000063 ], [ 116.044786, 38.837041800000065 ], [ 116.0448182, 38.837346800000034 ], [ 116.044887900000049, 38.837785500000052 ], [ 116.044981800000073, 38.837967300000059 ], [ 116.045097100000021, 38.838117700000055 ], [ 116.045233900000085, 38.838224300000036 ], [ 116.045346600000016, 38.838358 ], [ 116.045424300000036, 38.838462500000048 ], [ 116.045472600000039, 38.838562700000068 ], [ 116.045534300000099, 38.838654700000063 ], [ 116.045641600000067, 38.838711100000069 ], [ 116.045783800000095, 38.83868810000007 ], [ 116.04606810000007, 38.838917900000069 ], [ 116.04613780000011, 38.839193700000067 ], [ 116.046202200000039, 38.839774500000033 ], [ 116.04625580000004, 38.840158900000063 ], [ 116.046293400000081, 38.84048480000007 ], [ 116.046298700000079, 38.840798200000052 ], [ 116.046229, 38.841119900000081 ], [ 116.046009100000106, 38.841721600000028 ], [ 116.045810600000095, 38.841993100000025 ], [ 116.045569200000045, 38.842277300000035 ], [ 116.045166800000061, 38.842507100000034 ], [ 116.04392770000004, 38.842828800000063 ], [ 116.043651400000044, 38.84224590000008 ], [ 116.0432303, 38.841078100000061 ], [ 116.042345200000113, 38.84117 ], [ 116.041771200000085, 38.841232700000035 ], [ 116.040886000000114, 38.84129960000007 ], [ 116.040080000000103, 38.84138420000005 ], [ 116.0394913, 38.841515800000025 ], [ 116.038799300000051, 38.841638 ], [ 116.038697400000046, 38.841541900000038 ], [ 116.038793900000087, 38.84148760000005 ], [ 116.039292800000112, 38.841362200000049 ], [ 116.039936500000067, 38.84124520000006 ], [ 116.040789500000074, 38.841161700000043 ], [ 116.041535100000033, 38.841082300000039 ], [ 116.042699200000015, 38.840986200000032 ], [ 116.043841800000109, 38.840869200000043 ], [ 116.044791300000043, 38.840752200000054 ], [ 116.044828900000084, 38.840643600000078 ], [ 116.043691600000102, 38.840781400000026 ], [ 116.042178900000067, 38.840923500000031 ], [ 116.041572700000074, 38.840998700000057 ], [ 116.040757300000109, 38.841044700000054 ], [ 116.039711200000056, 38.841199300000028 ], [ 116.038729500000045, 38.841408200000046 ], [ 116.038665200000082, 38.841190900000072 ], [ 116.038616900000079, 38.84101540000006 ], [ 116.038536400000112, 38.840572500000064 ], [ 116.038477400000033, 38.840196500000047 ], [ 116.038396900000066, 38.83992070000005 ], [ 116.038380900000107, 38.839799500000026 ] ], [ [ 116.038756400000011, 38.82771050000008 ], [ 116.038906600000018, 38.827409600000067 ], [ 116.039067500000101, 38.827163100000064 ], [ 116.039292800000112, 38.826866300000063 ], [ 116.039636100000052, 38.826481900000033 ], [ 116.039893600000028, 38.826151700000025 ], [ 116.04027450000001, 38.825671100000079 ], [ 116.040623200000027, 38.825328400000046 ], [ 116.040939700000081, 38.825228100000061 ], [ 116.041025500000046, 38.825240700000052 ], [ 116.041433200000029, 38.825366 ], [ 116.041771200000085, 38.825508100000036 ], [ 116.042130600000064, 38.825608400000078 ], [ 116.042409500000076, 38.825758900000039 ], [ 116.042473900000118, 38.825938600000029 ], [ 116.042372000000114, 38.826285400000074 ], [ 116.042146700000103, 38.82722160000003 ], [ 116.0417926, 38.82863830000008 ], [ 116.041803400000049, 38.828951700000061 ], [ 116.041690700000117, 38.829127200000073 ], [ 116.041417100000103, 38.829081200000076 ], [ 116.041186400000015, 38.829010200000027 ], [ 116.040902100000039, 38.828914100000077 ], [ 116.040403200000014, 38.828730200000052 ], [ 116.040006300000073, 38.828542200000072 ], [ 116.03974340000002, 38.828412600000036 ], [ 116.039303500000074, 38.828153500000042 ], [ 116.039024600000062, 38.827986300000077 ], [ 116.038799300000051, 38.827827500000069 ], [ 116.038756400000011, 38.82771050000008 ] ], [ [ 116.0390648, 38.821546100000035 ], [ 116.039080900000044, 38.821433300000081 ], [ 116.039239200000111, 38.821291200000076 ], [ 116.039866800000027, 38.821027900000047 ], [ 116.040360300000089, 38.820935900000052 ], [ 116.040615100000082, 38.820904600000063 ], [ 116.040701, 38.820919200000048 ], [ 116.040762700000073, 38.820988200000045 ], [ 116.040872600000057, 38.821140700000058 ], [ 116.040996, 38.821341300000029 ], [ 116.041089900000088, 38.821690300000057 ], [ 116.041304500000024, 38.821671500000036 ], [ 116.041476100000068, 38.821633900000052 ], [ 116.041545900000074, 38.821631800000034 ], [ 116.041629, 38.821663200000046 ], [ 116.041674600000078, 38.821736300000055 ], [ 116.041674600000078, 38.821815700000059 ], [ 116.041645100000096, 38.821968200000072 ], [ 116.041612900000018, 38.82230050000004 ], [ 116.041586100000018, 38.822507400000063 ], [ 116.0413688000001, 38.822486500000025 ], [ 116.041245500000059, 38.822467700000061 ], [ 116.041159600000015, 38.822484400000064 ], [ 116.041132800000014, 38.822536600000035 ], [ 116.041108700000109, 38.822682900000075 ], [ 116.041087200000106, 38.822770700000035 ], [ 116.0409638000001, 38.822810400000037 ], [ 116.04067150000003, 38.82281880000005 ], [ 116.03992310000001, 38.822825 ], [ 116.039585200000033, 38.822825 ], [ 116.039370600000098, 38.822816700000033 ], [ 116.039279400000055, 38.822749800000054 ], [ 116.039239200000111, 38.822551300000043 ], [ 116.039089000000104, 38.821805300000051 ], [ 116.0390648, 38.821546100000035 ] ], [ [ 116.040041100000053, 38.835773600000039 ], [ 116.040081400000076, 38.835545800000034 ], [ 116.040183300000081, 38.835105 ], [ 116.04027450000001, 38.834885600000064 ], [ 116.040609800000084, 38.834449 ], [ 116.041065700000104, 38.833803300000056 ], [ 116.041366200000084, 38.833475300000032 ], [ 116.041760400000044, 38.833331100000066 ], [ 116.041991100000018, 38.833278900000039 ], [ 116.042803800000115, 38.832879800000057 ], [ 116.043058600000109, 38.832687600000042 ], [ 116.043267800000081, 38.832495400000028 ], [ 116.043466300000091, 38.832447300000069 ], [ 116.043576300000041, 38.83263960000005 ], [ 116.043603100000041, 38.832858900000076 ], [ 116.043758700000012, 38.83311180000004 ], [ 116.043954500000041, 38.833304 ], [ 116.044182500000034, 38.833500400000048 ], [ 116.04434880000008, 38.833738600000061 ], [ 116.044458700000064, 38.834129300000029 ], [ 116.044488200000046, 38.834367500000042 ], [ 116.044415800000024, 38.834990100000027 ], [ 116.044273700000076, 38.835079900000039 ], [ 116.043879400000037, 38.835165600000039 ], [ 116.043356400000107, 38.835265900000024 ], [ 116.043023800000014, 38.835293 ], [ 116.04262140000003, 38.835349400000041 ], [ 116.042216400000029, 38.835416300000077 ], [ 116.040947700000061, 38.835744300000044 ], [ 116.040132300000096, 38.835909400000048 ], [ 116.040076000000113, 38.835863400000051 ], [ 116.040041100000053, 38.835773600000039 ] ], [ [ 116.040207400000099, 38.823777900000039 ], [ 116.040515900000059, 38.823130100000071 ], [ 116.040556100000117, 38.823031900000046 ], [ 116.040615100000082, 38.82299850000004 ], [ 116.040888700000096, 38.82300680000003 ], [ 116.041285700000117, 38.823044400000072 ], [ 116.041543200000092, 38.823063200000036 ], [ 116.041706800000043, 38.823038200000042 ], [ 116.042034, 38.823002600000052 ], [ 116.04230490000009, 38.823000600000057 ], [ 116.042634800000087, 38.823034 ], [ 116.043031800000108, 38.823130100000071 ], [ 116.042940600000065, 38.823819700000058 ], [ 116.042591900000048, 38.825499800000046 ], [ 116.042313, 38.825562400000024 ], [ 116.042066200000022, 38.825474700000029 ], [ 116.041701400000079, 38.825336800000059 ], [ 116.04127230000006, 38.825169600000038 ], [ 116.040864600000077, 38.825065100000074 ], [ 116.040306700000087, 38.824960600000054 ], [ 116.040397900000016, 38.823932500000069 ], [ 116.040282500000103, 38.823888700000055 ], [ 116.040207400000099, 38.823836400000062 ], [ 116.040207400000099, 38.823777900000039 ] ], [ [ 116.043115, 38.887274900000079 ], [ 116.043211500000098, 38.887013900000056 ], [ 116.043334900000104, 38.886872 ], [ 116.043726500000048, 38.886312400000065 ], [ 116.043807, 38.886170500000048 ], [ 116.043914300000097, 38.885999300000037 ], [ 116.0440886, 38.885874 ], [ 116.044394400000101, 38.885717400000033 ], [ 116.0448182, 38.885542 ], [ 116.045083700000077, 38.885395900000049 ], [ 116.045180300000084, 38.885341600000061 ], [ 116.046269200000097, 38.884585800000025 ], [ 116.046620600000097, 38.884414600000071 ], [ 116.046947800000112, 38.884264300000041 ], [ 116.047296500000016, 38.88415150000003 ], [ 116.04829970000003, 38.883949 ], [ 116.048948800000062, 38.883853 ], [ 116.049396700000102, 38.883857100000057 ], [ 116.049823200000105, 38.883886400000051 ], [ 116.050247, 38.883938600000079 ], [ 116.050517900000045, 38.883982400000036 ], [ 116.0509336, 38.884005400000035 ], [ 116.05146470000011, 38.883963600000072 ], [ 116.051856300000054, 38.883936500000061 ], [ 116.052180800000087, 38.883936500000061 ], [ 116.052376600000116, 38.883955300000025 ], [ 116.0524249, 38.884007500000052 ], [ 116.052459800000065, 38.884168200000033 ], [ 116.052569700000049, 38.884612900000036 ], [ 116.05261530000007, 38.884706900000026 ], [ 116.052695800000038, 38.884740300000033 ], [ 116.052859400000102, 38.884775800000057 ], [ 116.052905, 38.884819600000071 ], [ 116.052998900000034, 38.885018 ], [ 116.05309550000004, 38.885230900000067 ], [ 116.053049900000019, 38.885260200000062 ], [ 116.052993500000071, 38.885243500000058 ], [ 116.052937200000088, 38.885141200000078 ], [ 116.052894300000048, 38.885132800000065 ], [ 116.05261530000007, 38.885208 ], [ 116.052414200000044, 38.885276900000065 ], [ 116.052164700000048, 38.885360400000025 ], [ 116.051880400000073, 38.885429300000055 ], [ 116.051158900000019, 38.885602600000027 ], [ 116.0509068, 38.885652700000037 ], [ 116.050665400000071, 38.885631800000056 ], [ 116.050587600000085, 38.88561930000003 ], [ 116.049694400000021, 38.885800900000049 ], [ 116.049447700000087, 38.885871900000041 ], [ 116.04926260000002, 38.885955400000057 ], [ 116.048007300000108, 38.886239400000079 ], [ 116.046440900000107, 38.886611 ], [ 116.0437104, 38.887237300000038 ], [ 116.043198100000041, 38.887337500000058 ], [ 116.043115, 38.887274900000079 ] ], [ [ 116.045150800000101, 38.837125300000025 ], [ 116.045217800000046, 38.836958200000026 ], [ 116.045299600000021, 38.836780600000054 ], [ 116.045389500000056, 38.836680300000069 ], [ 116.045523600000024, 38.836646900000062 ], [ 116.046019800000067, 38.836661500000048 ], [ 116.046151200000054, 38.836665700000026 ], [ 116.046296100000063, 38.836632300000076 ], [ 116.046440900000107, 38.836636500000054 ], [ 116.046626, 38.836703300000067 ], [ 116.046757400000047, 38.836705400000028 ], [ 116.046896900000093, 38.83665110000004 ], [ 116.046990700000038, 38.836621800000046 ], [ 116.047103400000083, 38.836623900000063 ], [ 116.047170500000107, 38.836674100000039 ], [ 116.047288500000036, 38.83672 ], [ 116.047465500000044, 38.836734600000057 ], [ 116.047586200000069, 38.836640600000067 ], [ 116.047658600000091, 38.836498600000027 ], [ 116.047744500000022, 38.836458900000025 ], [ 116.047894700000029, 38.836490200000071 ], [ 116.048061, 38.836630200000059 ], [ 116.048192400000062, 38.836782700000072 ], [ 116.048267500000065, 38.836939400000063 ], [ 116.048347900000067, 38.837052200000073 ], [ 116.048479400000019, 38.837150400000041 ], [ 116.048696600000085, 38.837236100000041 ], [ 116.048739500000011, 38.83726530000007 ], [ 116.048868300000095, 38.837409500000035 ], [ 116.048908500000039, 38.837501400000065 ], [ 116.048836100000017, 38.837589200000025 ], [ 116.048744900000088, 38.83773750000006 ], [ 116.048790500000109, 38.837917200000049 ], [ 116.048846800000092, 38.838124 ], [ 116.048897800000077, 38.838255600000025 ], [ 116.049286700000039, 38.838163700000052 ], [ 116.049528100000089, 38.838343400000042 ], [ 116.049866100000031, 38.838422800000046 ], [ 116.050102100000117, 38.838491700000077 ], [ 116.050456200000099, 38.838635900000043 ], [ 116.050611700000104, 38.838754900000026 ], [ 116.050922900000046, 38.83897010000004 ], [ 116.051175, 38.839057900000057 ], [ 116.051507600000036, 38.839087100000029 ], [ 116.051810700000033, 38.839091300000064 ], [ 116.052033300000062, 38.839128900000048 ], [ 116.052186200000051, 38.83919990000004 ], [ 116.052373900000021, 38.839379600000029 ], [ 116.052663600000074, 38.839540500000055 ], [ 116.053004300000111, 38.839699300000063 ], [ 116.053406600000017, 38.83996250000007 ], [ 116.053462900000113, 38.840018900000075 ], [ 116.053401200000053, 38.84010040000004 ], [ 116.053293900000085, 38.840175600000066 ], [ 116.053023, 38.840261200000043 ], [ 116.0527790000001, 38.84030510000008 ], [ 116.052481200000102, 38.840342700000065 ], [ 116.052331, 38.84039910000007 ], [ 116.052199600000108, 38.840403300000048 ], [ 116.052089600000045, 38.840267500000039 ], [ 116.05196090000004, 38.840284200000042 ], [ 116.051813400000015, 38.84033850000003 ], [ 116.051625600000079, 38.840367800000024 ], [ 116.051558600000021, 38.840317700000071 ], [ 116.051478100000054, 38.840265400000078 ], [ 116.051330600000028, 38.840213200000051 ], [ 116.051271600000064, 38.840186 ], [ 116.051137400000016, 38.84019440000003 ], [ 116.051014100000089, 38.840255 ], [ 116.0509604, 38.840342700000065 ], [ 116.050791400000094, 38.840363600000046 ], [ 116.050601, 38.840376200000037 ], [ 116.050437400000078, 38.840407500000026 ], [ 116.050394500000039, 38.840482700000052 ], [ 116.050383700000111, 38.840606 ], [ 116.05033810000009, 38.840631 ], [ 116.050182600000085, 38.840633100000048 ], [ 116.050083300000097, 38.840649800000051 ], [ 116.050021600000036, 38.840685300000075 ], [ 116.04996, 38.840794 ], [ 116.04989020000005, 38.840896400000076 ], [ 116.0497534000001, 38.840931900000044 ], [ 116.049648800000114, 38.840963200000033 ], [ 116.049584400000072, 38.84109060000003 ], [ 116.049310900000023, 38.84124520000006 ], [ 116.049136500000031, 38.841214900000068 ], [ 116.049104300000067, 38.841194100000052 ], [ 116.04906410000001, 38.841103200000077 ], [ 116.048975600000063, 38.841040500000076 ], [ 116.048530300000039, 38.841111500000068 ], [ 116.04833450000001, 38.841134500000067 ], [ 116.0482541, 38.841197200000067 ], [ 116.048283600000104, 38.841477100000077 ], [ 116.048251400000026, 38.841587900000036 ], [ 116.048090500000058, 38.841665200000079 ], [ 116.047843700000044, 38.841713200000072 ], [ 116.04779, 38.841621300000043 ], [ 116.04774180000004, 38.841512600000044 ], [ 116.047763200000077, 38.841099 ], [ 116.047731000000113, 38.840990400000067 ], [ 116.047527200000104, 38.841040500000076 ], [ 116.04725360000009, 38.84119510000005 ], [ 116.046883500000035, 38.841333 ], [ 116.0466689000001, 38.841224300000079 ], [ 116.046502600000053, 38.840986200000032 ], [ 116.046422100000086, 38.84053490000008 ], [ 116.046400700000049, 38.839866400000062 ], [ 116.046215600000096, 38.839093400000024 ], [ 116.046215600000096, 38.838936700000033 ], [ 116.046403300000065, 38.838744500000075 ], [ 116.046811, 38.83864 ], [ 116.047087300000044, 38.838608700000066 ], [ 116.047304600000075, 38.838589900000045 ], [ 116.047556700000086, 38.838610800000026 ], [ 116.048066300000073, 38.838648400000068 ], [ 116.048264800000084, 38.838673500000027 ], [ 116.048570600000062, 38.838673500000027 ], [ 116.048653700000045, 38.838581500000032 ], [ 116.04870470000003, 38.838431100000037 ], [ 116.04870470000003, 38.838255600000025 ], [ 116.048672500000066, 38.83807390000004 ], [ 116.0485572, 38.837839900000063 ], [ 116.048543700000096, 38.837637200000074 ], [ 116.048578600000042, 38.837585 ], [ 116.048667100000102, 38.83750770000006 ], [ 116.048728800000049, 38.837455400000067 ], [ 116.048718100000087, 38.837430400000073 ], [ 116.0486323, 38.837411600000053 ], [ 116.048514200000113, 38.837422 ], [ 116.048372100000051, 38.837401100000079 ], [ 116.048321100000067, 38.837361400000077 ], [ 116.048288900000102, 38.837275800000043 ], [ 116.048264800000084, 38.83717340000004 ], [ 116.048152100000038, 38.837020900000027 ], [ 116.048023400000034, 38.836995800000068 ], [ 116.0479295, 38.837023 ], [ 116.047760500000095, 38.83712950000006 ], [ 116.047444, 38.837284100000034 ], [ 116.04724560000011, 38.837367700000073 ], [ 116.046972, 38.837457500000028 ], [ 116.046631300000058, 38.837622600000032 ], [ 116.04642750000005, 38.837764600000071 ], [ 116.046277300000042, 38.837940100000026 ], [ 116.04604930000005, 38.838082200000031 ], [ 116.045853500000021, 38.83810520000003 ], [ 116.045687200000089, 38.838075900000035 ], [ 116.0456067, 38.838004900000044 ], [ 116.045515500000079, 38.837867 ], [ 116.045429700000113, 38.837754200000063 ], [ 116.045330500000091, 38.837618400000053 ], [ 116.045263400000067, 38.837493 ], [ 116.045191, 38.83730920000005 ], [ 116.045150800000101, 38.837125300000025 ] ], [ [ 116.047870500000045, 38.842045400000075 ], [ 116.047996600000033, 38.841932600000064 ], [ 116.048892400000113, 38.841562800000077 ], [ 116.049171400000091, 38.84153770000006 ], [ 116.04946110000003, 38.841500100000076 ], [ 116.049748100000102, 38.841431200000045 ], [ 116.050000200000113, 38.841404 ], [ 116.050276500000109, 38.841420700000072 ], [ 116.050343500000054, 38.841473 ], [ 116.050381100000095, 38.841539800000078 ], [ 116.050437400000078, 38.841577400000062 ], [ 116.050566100000083, 38.841512600000044 ], [ 116.050772700000039, 38.841387300000065 ], [ 116.051027500000032, 38.841305800000043 ], [ 116.052041300000042, 38.84142490000005 ], [ 116.052443700000026, 38.841500100000076 ], [ 116.052658300000076, 38.841546100000073 ], [ 116.052840600000081, 38.841598300000044 ], [ 116.0531813, 38.841531400000065 ], [ 116.053961800000025, 38.841404 ], [ 116.054635, 38.841370600000062 ], [ 116.054737, 38.841408200000046 ], [ 116.054924700000015, 38.841562800000077 ], [ 116.055209000000104, 38.84171740000005 ], [ 116.055359200000112, 38.841830200000061 ], [ 116.05542360000004, 38.842005700000072 ], [ 116.055332400000111, 38.842227100000059 ], [ 116.055305600000111, 38.842436 ], [ 116.055375300000037, 38.842644900000039 ], [ 116.0555845, 38.84295 ], [ 116.056276600000047, 38.843919300000039 ], [ 116.056598400000098, 38.844345500000031 ], [ 116.056791500000031, 38.844625400000041 ], [ 116.056971200000021, 38.845199900000068 ], [ 116.0570705, 38.845321 ], [ 116.057226100000094, 38.845502800000077 ], [ 116.0573468, 38.845588400000054 ], [ 116.057620300000053, 38.845684500000061 ], [ 116.057792, 38.845738800000049 ], [ 116.058069600000067, 38.845838100000037 ], [ 116.0582051, 38.845908 ], [ 116.058300300000042, 38.846025 ], [ 116.058355300000017, 38.846252700000036 ], [ 116.058374, 38.846411500000045 ], [ 116.058417, 38.846607800000072 ], [ 116.058446500000059, 38.846749900000077 ], [ 116.058478700000023, 38.846979700000077 ], [ 116.058398200000056, 38.847054900000046 ], [ 116.057912700000088, 38.847687800000074 ], [ 116.057419200000027, 38.84836260000003 ], [ 116.057298500000115, 38.848479600000076 ], [ 116.057250200000112, 38.848475400000041 ], [ 116.057094600000028, 38.84835 ], [ 116.056947100000116, 38.848270700000057 ], [ 116.056520600000113, 38.84808060000006 ], [ 116.056220200000098, 38.847961500000054 ], [ 116.054699400000118, 38.847288900000081 ], [ 116.054710100000079, 38.847217800000067 ], [ 116.055434300000115, 38.846541 ], [ 116.055281500000092, 38.84646790000005 ], [ 116.0550803000001, 38.846321700000033 ], [ 116.054897900000014, 38.846154500000068 ], [ 116.054581400000075, 38.845807800000046 ], [ 116.054495600000109, 38.84555290000003 ], [ 116.054661900000042, 38.845264600000064 ], [ 116.053835700000036, 38.844420700000057 ], [ 116.052382, 38.845172700000035 ], [ 116.052070900000103, 38.845172700000035 ], [ 116.051786500000048, 38.84509330000003 ], [ 116.051405700000032, 38.844913700000063 ], [ 116.0509121, 38.844617 ], [ 116.050375700000018, 38.844241 ], [ 116.050064600000042, 38.843969400000049 ], [ 116.049399400000084, 38.84352240000004 ], [ 116.049120400000106, 38.843284200000028 ], [ 116.048734200000013, 38.842883100000051 ], [ 116.048412300000109, 38.842536300000063 ], [ 116.047924200000011, 38.842139400000065 ], [ 116.047870500000045, 38.842045400000075 ] ], [ [ 116.052636800000073, 38.88405970000008 ], [ 116.052663600000074, 38.884028300000068 ], [ 116.052770900000041, 38.884001200000057 ], [ 116.052982800000109, 38.884001200000057 ], [ 116.05313840000008, 38.884013700000025 ], [ 116.053377100000034, 38.88405970000008 ], [ 116.053527300000042, 38.884126500000036 ], [ 116.053626500000064, 38.884228800000074 ], [ 116.053741900000091, 38.884502300000065 ], [ 116.053741900000091, 38.88469850000007 ], [ 116.053704300000049, 38.884828 ], [ 116.053186700000083, 38.885001300000056 ], [ 116.052961300000106, 38.884619200000031 ], [ 116.052848700000027, 38.884416700000031 ], [ 116.052714600000058, 38.884230900000034 ], [ 116.052658300000076, 38.884132700000066 ], [ 116.052636800000073, 38.88405970000008 ] ], [ [ 116.052956000000108, 38.890335500000049 ], [ 116.052982800000109, 38.889972300000068 ], [ 116.053009600000109, 38.889655 ], [ 116.053031100000112, 38.889316700000052 ], [ 116.053020400000037, 38.888995200000068 ], [ 116.05303640000011, 38.88797640000007 ], [ 116.053106200000116, 38.887542200000041 ], [ 116.0532564, 38.887220600000035 ], [ 116.053589000000102, 38.887087 ], [ 116.053733800000032, 38.887183100000072 ], [ 116.053830400000038, 38.887362600000074 ], [ 116.053921600000081, 38.887625700000058 ], [ 116.054002, 38.887872 ], [ 116.054120100000091, 38.888147600000025 ], [ 116.054447300000106, 38.888728 ], [ 116.054495600000109, 38.888903400000061 ], [ 116.054565300000036, 38.88918730000006 ], [ 116.054661900000042, 38.889508800000044 ], [ 116.0548013, 38.889880400000038 ], [ 116.055053500000099, 38.890502600000048 ], [ 116.055434300000115, 38.891625700000077 ], [ 116.055268, 38.891730100000075 ], [ 116.054828200000088, 38.891784400000063 ], [ 116.054393600000026, 38.891855400000054 ], [ 116.053851800000075, 38.891930500000058 ], [ 116.0531813, 38.891934700000036 ], [ 116.05316520000008, 38.891751 ], [ 116.0531545, 38.891454500000066 ], [ 116.053111500000114, 38.891174800000044 ], [ 116.052982800000109, 38.890665400000046 ], [ 116.052956000000108, 38.890335500000049 ] ], [ [ 116.054066400000011, 38.887137100000075 ], [ 116.054179100000056, 38.886936700000035 ], [ 116.05445270000007, 38.886629800000037 ], [ 116.054672600000117, 38.886454400000048 ], [ 116.055410200000097, 38.88596380000007 ], [ 116.055592600000068, 38.88571950000005 ], [ 116.055804500000022, 38.885412600000052 ], [ 116.055879600000026, 38.88527270000003 ], [ 116.055831300000023, 38.884999200000038 ], [ 116.05579380000006, 38.884855100000038 ], [ 116.055820600000061, 38.884654700000056 ], [ 116.055960100000107, 38.884466800000041 ], [ 116.056083400000034, 38.884308100000055 ], [ 116.056373100000087, 38.884086800000034 ], [ 116.05662790000008, 38.88396780000005 ], [ 116.05694440000002, 38.883898900000077 ], [ 116.057341400000041, 38.883855 ], [ 116.057893900000067, 38.883867600000031 ], [ 116.058261400000106, 38.883901 ], [ 116.058626200000049, 38.884040900000059 ], [ 116.058881, 38.884153600000047 ], [ 116.059138500000017, 38.884379100000046 ], [ 116.059307500000045, 38.884757 ], [ 116.059269900000118, 38.884873900000059 ], [ 116.058945400000084, 38.885212200000069 ], [ 116.058789800000113, 38.885454300000049 ], [ 116.058763000000113, 38.885531600000036 ], [ 116.058685200000014, 38.88566730000008 ], [ 116.058658400000013, 38.885775900000056 ], [ 116.05867980000005, 38.88596380000007 ], [ 116.058779100000038, 38.886087 ], [ 116.058867600000099, 38.886214300000063 ], [ 116.058956100000046, 38.886128700000029 ], [ 116.058950700000082, 38.886001400000055 ], [ 116.059168000000113, 38.885859400000072 ], [ 116.059530100000075, 38.885696500000051 ], [ 116.0597232, 38.885581700000046 ], [ 116.059733900000083, 38.885479400000065 ], [ 116.05949790000011, 38.885168300000032 ], [ 116.059473800000092, 38.885076400000059 ], [ 116.059484500000053, 38.884965800000032 ], [ 116.059628500000031, 38.884908300000063 ], [ 116.059798300000011, 38.885214200000064 ], [ 116.059870700000033, 38.885385400000075 ], [ 116.059921700000018, 38.885479400000065 ], [ 116.060026300000118, 38.88562550000006 ], [ 116.060155, 38.885725800000046 ], [ 116.060257, 38.88581970000007 ], [ 116.060383000000115, 38.88601390000008 ], [ 116.060442, 38.886145400000032 ], [ 116.060487600000101, 38.886229200000059 ], [ 116.0604581, 38.886239400000079 ], [ 116.060393700000077, 38.886339600000042 ], [ 116.060283800000093, 38.886421 ], [ 116.059157200000072, 38.886913700000036 ], [ 116.058934600000043, 38.886963800000046 ], [ 116.058682500000032, 38.886988900000063 ], [ 116.057821500000045, 38.887036900000055 ], [ 116.057539900000052, 38.887070300000062 ], [ 116.057403100000101, 38.887107900000046 ], [ 116.057285100000058, 38.887166400000069 ], [ 116.057078500000102, 38.887348 ], [ 116.056791500000031, 38.887546300000054 ], [ 116.056306100000029, 38.887895 ], [ 116.056027100000051, 38.888025500000026 ], [ 116.055650300000025, 38.88815070000004 ], [ 116.055498700000044, 38.888164300000028 ], [ 116.055368600000065, 38.888147600000025 ], [ 116.055144700000028, 38.888137200000074 ], [ 116.054872400000022, 38.88815180000006 ], [ 116.054612200000065, 38.888158 ], [ 116.05448750000005, 38.888145500000064 ], [ 116.054423200000087, 38.888098500000069 ], [ 116.054393600000026, 38.888024400000063 ], [ 116.054310500000042, 38.887811500000055 ], [ 116.05423810000002, 38.887627800000075 ], [ 116.054098600000088, 38.887333400000045 ], [ 116.054066400000011, 38.887137100000075 ] ], [ [ 116.05448750000005, 38.88830420000005 ], [ 116.054616300000021, 38.888275 ], [ 116.054986400000075, 38.888240500000052 ], [ 116.055120500000044, 38.888220700000034 ], [ 116.0552828000001, 38.888214400000038 ], [ 116.055340500000057, 38.888229 ], [ 116.05541960000005, 38.888258300000075 ], [ 116.055559100000096, 38.888255100000038 ], [ 116.055795100000068, 38.888198800000055 ], [ 116.055996300000061, 38.888133 ], [ 116.05598550000002, 38.888189400000044 ], [ 116.055788400000097, 38.888371 ], [ 116.055596600000058, 38.888583900000071 ], [ 116.055227800000011, 38.888906500000076 ], [ 116.054891200000043, 38.889244700000063 ], [ 116.054848300000117, 38.889293800000075 ], [ 116.054804000000104, 38.889277100000072 ], [ 116.054726200000118, 38.889126800000042 ], [ 116.054715500000043, 38.888991100000055 ], [ 116.054704800000081, 38.88889290000003 ], [ 116.054661900000042, 38.888821900000039 ], [ 116.054565300000036, 38.888619400000039 ], [ 116.054535800000053, 38.888513 ], [ 116.054490200000032, 38.888373100000081 ], [ 116.05448750000005, 38.88830420000005 ] ], [ [ 116.059710600000017, 38.884875600000044 ], [ 116.060018200000059, 38.884752800000058 ], [ 116.060420600000043, 38.88464010000007 ], [ 116.060667300000091, 38.884617100000071 ], [ 116.060940900000105, 38.884621300000049 ], [ 116.061168900000098, 38.884652600000038 ], [ 116.061233300000026, 38.884675600000037 ], [ 116.061324500000069, 38.884752800000058 ], [ 116.061386200000015, 38.884928200000047 ], [ 116.061439800000016, 38.885122400000057 ], [ 116.061482700000056, 38.885268500000052 ], [ 116.061547100000098, 38.88541680000003 ], [ 116.061608800000045, 38.885531600000036 ], [ 116.061611500000026, 38.885594200000071 ], [ 116.0615659, 38.885677700000031 ], [ 116.061434400000053, 38.885757100000035 ], [ 116.061244000000102, 38.885859400000072 ], [ 116.060986500000013, 38.88601390000008 ], [ 116.06075850000002, 38.886135 ], [ 116.060637800000109, 38.886185100000034 ], [ 116.060576100000048, 38.886162100000035 ], [ 116.060522500000047, 38.886091100000044 ], [ 116.060474200000044, 38.886018100000058 ], [ 116.060396400000059, 38.885911600000043 ], [ 116.060316, 38.885805100000027 ], [ 116.06024350000007, 38.885717400000033 ], [ 116.060130900000104, 38.885615100000052 ], [ 116.060053100000118, 38.88552320000008 ], [ 116.059953900000096, 38.88538340000008 ], [ 116.059911, 38.885304 ], [ 116.059841200000051, 38.885157900000024 ], [ 116.059710600000017, 38.884875600000044 ] ], [ [ 116.062265900000057, 38.872266300000035 ], [ 116.06230620000008, 38.872059600000057 ], [ 116.062413500000048, 38.871907200000066 ], [ 116.06262, 38.871744300000046 ], [ 116.062778200000025, 38.871589700000072 ], [ 116.063008900000113, 38.871435200000064 ], [ 116.063244900000086, 38.871443600000077 ], [ 116.063631200000032, 38.871489500000052 ], [ 116.063953, 38.871489500000052 ], [ 116.064253400000098, 38.871468600000071 ], [ 116.064382200000068, 38.871410200000071 ], [ 116.064521700000114, 38.871126200000049 ], [ 116.064468, 38.870779500000026 ], [ 116.064307100000065, 38.870491300000026 ], [ 116.064360700000066, 38.870244900000046 ], [ 116.064559200000076, 38.870128 ], [ 116.065036600000099, 38.869910800000071 ], [ 116.065197600000033, 38.869743700000072 ], [ 116.065208300000108, 38.869610100000045 ], [ 116.065380000000118, 38.869372 ], [ 116.065685700000017, 38.869372 ], [ 116.065895, 38.869505600000025 ], [ 116.065943200000106, 38.869664400000033 ], [ 116.065970100000072, 38.869823100000076 ], [ 116.06612030000008, 38.869881500000076 ], [ 116.066200700000081, 38.869831400000066 ], [ 116.066200700000081, 38.869676900000059 ], [ 116.0662436, 38.86945970000005 ], [ 116.066297300000087, 38.869346900000039 ], [ 116.066383100000053, 38.869338600000049 ], [ 116.066570900000102, 38.869367800000077 ], [ 116.066806900000074, 38.869463900000028 ], [ 116.0669732, 38.869580800000051 ], [ 116.067107300000089, 38.86970610000003 ], [ 116.067284300000097, 38.869869 ], [ 116.067547200000035, 38.870119600000066 ], [ 116.067745700000046, 38.870353500000078 ], [ 116.068035400000099, 38.870787900000039 ], [ 116.068180200000029, 38.871167900000046 ], [ 116.068276800000035, 38.871426900000074 ], [ 116.068421600000079, 38.871451900000068 ], [ 116.068314300000111, 38.87158560000006 ], [ 116.068255300000033, 38.871706700000061 ], [ 116.068185600000106, 38.871965600000067 ], [ 116.068131900000026, 38.872241300000042 ], [ 116.068056800000022, 38.872571200000039 ], [ 116.06803, 38.872888600000067 ], [ 116.068046100000061, 38.873256100000049 ], [ 116.068153400000028, 38.87348170000007 ], [ 116.068308900000034, 38.873690500000066 ], [ 116.068571800000086, 38.873974500000031 ], [ 116.068743500000096, 38.874124800000061 ], [ 116.068882900000062, 38.874312800000041 ], [ 116.068915100000027, 38.874500700000056 ], [ 116.068909800000029, 38.874692800000048 ], [ 116.068834700000025, 38.875139700000034 ], [ 116.068915100000027, 38.875991600000077 ], [ 116.068925900000067, 38.876271400000064 ], [ 116.068984900000032, 38.876517800000045 ], [ 116.069049200000109, 38.876735 ], [ 116.069119000000114, 38.876943800000049 ], [ 116.0692424, 38.877290400000049 ], [ 116.0693228, 38.877691300000038 ], [ 116.0692477, 38.878125700000055 ], [ 116.069124300000112, 38.87831360000007 ], [ 116.068901700000083, 38.878528600000038 ], [ 116.06877570000006, 38.878595500000074 ], [ 116.068574500000068, 38.878620500000068 ], [ 116.068515500000103, 38.878587100000061 ], [ 116.0685396, 38.878478500000028 ], [ 116.068636200000014, 38.877891800000043 ], [ 116.068773, 38.87730090000008 ], [ 116.068697900000075, 38.877332200000069 ], [ 116.068480600000044, 38.878363700000079 ], [ 116.068346500000075, 38.878572500000075 ], [ 116.068137300000103, 38.878622600000028 ], [ 116.067826100000048, 38.878643500000067 ], [ 116.0669464, 38.878706100000045 ], [ 116.066088100000115, 38.878781300000071 ], [ 116.065444300000081, 38.878823100000034 ], [ 116.064966900000059, 38.878781300000071 ], [ 116.064516300000037, 38.878672700000038 ], [ 116.06387790000008, 38.878468100000077 ], [ 116.06363650000003, 38.878259300000025 ], [ 116.063631200000032, 38.878150700000049 ], [ 116.063802800000076, 38.878038 ], [ 116.064124700000093, 38.878008700000066 ], [ 116.063894, 38.876968900000065 ], [ 116.063786700000037, 38.876442700000041 ], [ 116.063738500000113, 38.875883100000067 ], [ 116.063743800000111, 38.875436200000024 ], [ 116.063778700000057, 38.874872400000072 ], [ 116.063945000000103, 38.874734600000068 ], [ 116.064122000000111, 38.874717900000064 ], [ 116.064215900000022, 38.874603 ], [ 116.064199800000097, 38.87444430000005 ], [ 116.064122000000111, 38.87431070000008 ], [ 116.064065700000015, 38.874204200000065 ], [ 116.064269500000023, 38.874174900000071 ], [ 116.064285600000062, 38.874116500000071 ], [ 116.064307100000065, 38.87366540000005 ], [ 116.064242700000023, 38.873435700000073 ], [ 116.064049600000089, 38.873310400000037 ], [ 116.063454100000058, 38.873289600000078 ], [ 116.06289090000007, 38.873272900000075 ], [ 116.062713900000062, 38.873222700000042 ], [ 116.062569, 38.873059900000044 ], [ 116.062378600000102, 38.872807200000068 ], [ 116.062276700000098, 38.872569100000078 ], [ 116.062265900000057, 38.872266300000035 ] ] ] } }
]
}
