{
  "type" : "FeatureCollection",
  "features" : [{"type":"Feature","id":0,"geometry":{"type":"Polygon","coordinates":[[[115.49900016022923,32.415599970362393],[115.49720015995945,32.41659995982036],[115.49599992026015,32.418199979645408],[115.49520000027985,32.420799989827742],[115.49440008029956,32.423200019565286],[115.49159999974029,32.426399970182501],[115.48760004010978,32.428400039929954],[115.48320011958992,32.430799979735355],[115.47799992026012,32.432000039570198],[115.47579996000024,32.433200010372218],[115.47359999974026,32.435399969732885],[115.47219996035994,32.437800000369748],[115.47039996009016,32.439200039750062],[115.46859995982038,32.439799980185001],[115.46700011985968,32.439799980185001],[115.46520011958989,32.439799980185001],[115.45899983997072,32.439599999740267],[115.45559999974023,32.440200030107349],[115.45260012039932,32.440200030107349],[115.44680015959977,32.439799980185001],[115.44199992026017,32.439799980185001],[115.4375999997402,32.441400000010049],[115.43180003984003,32.443800029747649],[115.42560011994965,32.445600030017431],[115.42079987971078,32.445999990007579],[115.41660012039927,32.444999999650292],[115.4153998798007,32.442200009922544],[115.41579983979079,32.439200039750062],[115.41620016040918,32.436399960090114],[115.41520008011969,32.435199990187471],[115.41359988043018,32.434599959820332],[115.40660003966013,32.434599959820332],[115.40340000001004,32.434800030197266],[115.40099988034024,32.433399989917632],[115.39919988007046,32.429799990277388],[115.39820016040915,32.426199989737768],[115.39900008038944,32.424000030377158],[115.40139984033044,32.420999970272476],[115.40319983970085,32.418199979645408],[115.40459987998054,32.416399980274946],[115.40459987998054,32.413799970092612],[115.40400012030932,32.412999960180059],[115.40139984033044,32.411600009832625],[115.39619999983017,32.409800009562844],[115.39199987989059,32.40960003001743],[115.3897999196306,32.410199969552991],[115.3879999202602,32.411600009832625],[115.3879999202602,32.414399999560374],[115.38879984024049,32.416800030197294],[115.38899999965031,32.42120003975009],[115.38879984024049,32.425000019835124],[115.3872000002799,32.428600020374688],[115.3856001603192,32.430600000189884],[115.38299988034032,32.433000029927484],[115.37979983979085,32.434800030197266],[115.37639999956036,32.435800019655233],[115.37399987989056,32.436800010012519],[115.37319995991027,32.436800010012519],[115.37079984024047,32.436399960090114],[115.36880004028967,32.434800030197266],[115.36639991972061,32.431200029657703],[115.36319988007051,32.427199980095054],[115.36080012012951,32.425399979825272],[115.35699996018013,32.424200009922572],[115.35339995964046,32.42359997955549],[115.35019991999036,32.422200030107376],[115.34879987971078,32.41999997991519],[115.34879987971078,32.418000000099994],[115.35040008029955,32.414799959550521],[115.35360011994965,32.412600000189911],[115.35699996018013,32.410199969552991],[115.36160004010981,32.407599960269977],[115.36520003975011,32.404599990097495],[115.36800012030938,32.401400040379599],[115.36980011967989,32.397599970362421],[115.36999992026017,32.393400030287239],[115.36840008029958,32.389399979825271],[115.36499988034029,32.384799989827741],[115.36139987980073,32.38119999018744],[115.35680015959974,32.377400010102463],[115.35260003966016,32.375799990277358],[115.34940000001006,32.375799990277358],[115.34420016040917,32.37660000018991],[115.3389999601801,32.376400019745176],[115.33880015959971,32.376400019745176],[115.33460003966013,32.37540003028721],[115.33140000001004,32.37419996955299],[115.33020012003954,32.37319998009508],[115.32759984006066,32.371800029747646],[115.32300011985967,32.368599990097493],[115.32020004019978,32.366400029837564],[115.31699999965031,32.365999979915216],[115.30980000036982,32.365800000369745],[115.30980000036982,32.365600019925012],[115.30519992044003,32.364600029567782],[115.30140012021945,32.363199990187468],[115.29860003966019,32.362199999830182],[115.29640008029958,32.361399989917629],[115.2943999197206,32.362199999830182],[115.29140004037959,32.364199979645377],[115.2884001601393,32.365199970002664],[115.28539992017022,32.36499998955793],[115.28300016022922,32.364199979645377],[115.27920000027984,32.36159997036242],[115.27499988034026,32.359400010102433],[115.27120008011968,32.357400030287238],[115.26479999992011,32.357799990277385],[115.25600015977966,32.359799970092581],[115.25039999956039,32.360799959550548],[115.2457999196306,32.360799959550548],[115.24100004001991,32.359799970092581],[115.23780000036982,32.358600000189881],[115.23560004010983,32.356400039929952],[115.23340007984984,32.351599979555488],[115.23260015986955,32.348199960359921],[115.23419999983014,32.345000009742705],[115.23600000010003,32.343000029927509],[115.23679992008033,32.342200020014957],[115.23639996009013,32.338999980364861],[115.23480012012953,32.337399959640493],[115.23139992017025,32.336999999650288],[115.22940012021945,32.336999999650288],[115.22800007993976,32.338600020374713],[115.22639988025037,32.340799979735323],[115.22300004001988,32.342799959550518],[115.21900008038949,32.345000009742705],[115.21500011985972,32.346399960090139],[115.21159991990044,32.346399960090139],[115.20839988025034,32.345000009742705],[115.20460008002976,32.342000039570223],[115.20219996035996,32.339199959910275],[115.20020016040917,32.338600020374713],[115.19700011985969,32.339400030287209],[115.19480015959971,32.341200029657671],[115.19460000018989,32.342599980005104],[115.19480015959971,32.344800030197291],[115.19539992017019,32.347999979915187],[115.19460000018989,32.350400009652788],[115.19200007993982,32.353800029747617],[115.18880004028972,32.358200040199733],[115.18599995973045,32.36159997036242],[115.18300008038943,32.363199990187468],[115.17980003984007,32.363399969732882],[115.17540012021948,32.362000020284768],[115.16960016031919,32.3592000296577],[115.16640011976972,32.357999969822799],[115.16320008011962,32.358799979735352],[115.16019984015054,32.361000029927482],[115.15759991990046,32.364000000099963],[115.15539995964048,32.365999979915216],[115.15299983997068,32.366400029837564],[115.14939984033037,32.36619996035995],[115.14300011985972,32.365800000369745],[115.13459987998056,32.365400040379598],[115.13159999974027,32.366400029837564],[115.12980000036976,32.367999959730412],[115.12839996009018,32.370200009922598],[115.12680012012947,32.373800009562842],[115.12519992044008,32.376400019745176],[115.12239983988081,32.378399999560372],[115.11920015995952,32.379800039840006],[115.11619991999032,32.380399980274944],[115.11359999974025,32.380399980274944],[115.11020016040914,32.38000002028474],[115.10740007984987,32.37879995955052],[115.10719992044005,32.378599980005106],[115.10560007958009,32.376200040199762],[115.10579988016036,32.373399959640494],[115.10799984042035,32.369400000010046],[115.10859995982037,32.367599999740264],[115.10819999983016,32.365199970002664],[115.10660015986957,32.36159997036242],[115.10340012021948,32.355600030017399],[115.10060003966021,32.350799969642935],[115.09940015968971,32.349599999740235],[115.09700004001991,32.348999970272473],[115.09160004010982,32.347800000369773],[115.08720011958985,32.346800010012487],[115.08400007993976,32.345600040109787],[115.08180011967988,32.343399989917657],[115.08059987998058,32.340799979735323],[115.08040008029957,32.339199959910275],[115.08099983997067,32.336199989737793],[115.08260003966018,32.333599979555459],[115.08379991963068,32.331200039750058],[115.08360011994966,32.329199970002662],[115.08299999965027,32.323400010102432],[115.08239988025036,32.319800009562869],[115.08099983997067,32.316599969912716],[115.07820012003958,32.312799989827738],[115.0736000401098,32.309000009742704],[115.06880015959973,32.30420004019976],[115.06640003992993,32.302799999920126],[115.06340015968965,32.301199980095078],[115.06100004001985,32.301199980095078],[115.05740004037966,32.301800009562839],[115.04999987989061,32.303199959910273],[115.04999987989061,32.303400030287207],[115.04400012030942,32.304600000189907],[115.03940004037963,32.305599989647874],[115.03479995955058,32.306000039570222],[115.030599839611,32.304600000189907],[115.02799992026019,32.303400030287207],[115.0250000400199,32.300399970182525],[115.0233998403304,32.29720001956531],[115.0214000403796,32.295200039750114],[115.01880012012953,32.294199960359947],[115.01799984042032,32.294199960359947],[115.01759988043023,32.295799980184995],[115.01679995955055,32.299200000279825],[115.01520011958996,32.301800009562839],[115.01520011958996,32.301999990007573],[115.01200007993975,32.303999969822826],[115.00800012030936,32.305200029657669],[115.00400015977959,32.305599989647874],[115.00139987980072,32.304600000189907],[114.9999998404204,32.303400030287207],[114.99800003957023,32.302600020374712],[114.99639983988072,32.302400039929978],[114.99540012021941,32.302799999920126],[114.99400007993984,32.303199959910273],[114.99199992026013,32.304600000189907],[114.98979996000025,32.305599989647874],[114.98519988007047,32.305599989647874],[114.9803999995604,32.304999960180055],[114.9788001595997,32.303999969822826],[114.97640003993001,32.302199969552987],[114.97460003966012,32.300000010192377],[114.97420007967003,32.298399990367329],[114.9756001199496,32.296799969642962],[114.97780008020959,32.294799989827709],[114.9779998798906,32.293199970002661],[114.97640003993001,32.291399969732879],[114.97600007993981,32.291399969732879],[114.97140000001002,32.290399980274913],[114.96939984033042,32.289200010372213],[114.96840011976974,32.287200029657697],[114.96840011976974,32.28499998036483],[114.96939984033042,32.283999990007601],[114.97079987971074,32.281200000279853],[114.97160016031921,32.278799969642932],[114.97160016031921,32.277599999740232],[114.96880007975994,32.276199960359918],[114.96520008011964,32.27460002956775],[114.96279995955058,32.274199979645402],[114.95980008020956,32.274399960090136],[114.95639988025039,32.275400040379623],[114.95340000001011,32.276400029837532],[114.95080007975992,32.276400029837532],[114.95000015977962,32.275199970002689],[114.94779983979083,32.275600019925037],[114.94580003984004,32.276600010282323],[114.94280015959976,32.279000040019866],[114.94000007993975,32.280800040289705],[114.93740015968967,32.281399979825267],[114.93699983997067,32.281399979825267],[114.93519983970089,32.280800040289705],[114.93219996035998,32.27920001956528],[114.92899991981051,32.278599990097518],[114.92700011985971,32.278799969642932],[114.92399987989063,32.279599979555485],[114.92160011994963,32.281399979825267],[114.91660008002975,32.285400030287235],[114.91300008038945,32.288200020014983],[114.90900011985968,32.289800039840031],[114.90879995955061,32.289800039840031],[114.9055999199004,32.291199990187465],[114.90260003966011,32.293199970002661],[114.89739984033042,32.297400000010043],[114.89500008038942,32.299200000279825],[114.89339987980065,32.299599960270029],[114.89000003957028,32.299599960270029],[114.88619987962079,32.300600039660139],[114.88179996000019,32.302400039929978],[114.8778000003698,32.303999969822826],[114.87459995982033,32.304600000189907],[114.87139992017023,32.304600000189907],[114.86919995991025,32.303999969822826],[114.86879999992016,32.302999980364859],[114.86819987962076,32.302199969552987],[114.86580011967988,32.301399959640491],[114.86239991972059,32.300999999650287],[114.8583999600902,32.300999999650287],[114.85619999983021,32.301800009562839],[114.85360007958002,32.303400030287207],[114.85159991990042,32.30540001010246],[114.85040003992992,32.305599989647874],[114.84839988025033,32.30540001010246],[114.84439991972056,32.304600000189907],[114.84039996009017,32.30540001010246],[114.83780003983998,32.305799970092608],[114.83539992017029,32.306000039570222],[114.83300016022929,32.307200010372242],[114.83139995964052,32.308399980274942],[114.82800012030941,32.309600040109842],[114.82499988034021,32.310199979645404],[114.82260012039933,32.31000000009999],[114.82120008011964,32.308599959820356],[114.82040016013934,32.307000029927508],[114.81839999956037,32.30540001010246],[114.81400007993977,32.304400019745174],[114.81059987998049,32.303799990277355],[114.8069998803403,32.301800009562839],[114.8050000803895,32.300999999650287],[114.80299991981053,32.298800040289677],[114.80219999983024,32.297599979555457],[114.79899996018003,32.298000030377125],[114.79560011994965,32.299200000279825],[114.79320000027985,32.302199969552987],[114.79020012003957,32.305599989647874],[114.78700008038948,32.307599970362389],[114.7845999598203,32.308599959820356],[114.78099996018011,32.308399980274942],[114.77400012030932,32.309199990187437],[114.77040011976976,32.309000009742704],[114.76460015986959,32.309800019655256],[114.75920015995951,32.311400040379624],[114.75600012030941,32.31340002019482],[114.7556001603192,32.317399979825268],[114.75479987971073,32.321799990277384],[114.75399995973044,32.32379997009258],[114.75159984006063,32.325800039840033],[114.74840016013934,32.327199990187466],[114.74259983961099,32.327199990187466],[114.73899983997069,32.326599959820328],[114.73719983970091,32.325399989917628],[114.7355999997402,32.325200010372214],[114.73319988007052,32.325399989917628],[114.72980003984003,32.326599959820328],[114.72599987989065,32.327000009742733],[114.72220007966996,32.326800030197262],[114.71900004001986,32.326800030197262],[114.71820012003957,32.326000020284766],[114.71600015977958,32.325200010372214],[114.7133998798007,32.323599989647846],[114.71199984042039,32.320999980364832],[114.7110001198597,32.316000030377154],[114.7097998801604,32.311600019925038],[114.70899996018011,32.306599980005103],[114.70880015959972,32.305200029657669],[114.70780008020961,32.303400030287207],[114.7086000001899,32.303400030287207],[114.70960007958001,32.304600000189907],[114.71039999956042,32.304600000189907],[114.71019984015061,32.302600020374712],[114.70899996018011,32.300999999650287],[114.7074001202194,32.299599960270029],[114.70640003992992,32.298000030377125],[114.70640003992992,32.297000040019896],[114.70560011994962,32.294799989827709],[114.70399992026012,32.293400040379595],[114.70259987998054,32.29260002956778],[114.69980016004945,32.291000009742731],[114.69620016040915,32.288799959550545],[114.69260015986958,32.286200040199731],[114.6891999599103,32.284400039929949],[114.68559996027,32.284600020374683],[114.68000015977964,32.284799999920097],[114.67699991981056,32.284799999920097],[114.67540007984985,32.285799990277383],[114.67419984015055,32.286799979735349],[114.67460015986956,32.288200020014983],[114.67500011985976,32.290000020284765],[114.67540007984985,32.290800030197261],[114.67659995982035,32.293800000369799],[114.67860012039932,32.298800040289677],[114.67959984006063,32.303199959910273],[114.67959984006063,32.305599989647874],[114.67879992008034,32.307599970362389],[114.67699991981056,32.309800019655256],[114.67540007984985,32.310999989557899],[114.67379988016046,32.312199960359919],[114.67280015959977,32.312199960359919],[114.67059983961099,32.311999979915186],[114.66759996026997,32.31000000009999],[114.66259992035009,32.306599980005103],[114.66000000010001,32.304799979735321],[114.65619984015052,32.303400030287207],[114.65460000018993,32.302999980364859],[114.65380008020963,32.302999980364859],[114.65340012021943,32.302999980364859],[114.65099999965037,32.304400019745174],[114.64779996000027,32.307200010372242],[114.64380000036977,32.309399969732851],[114.64040016013939,32.310800010012485],[114.6377998801604,32.311600019925038],[114.63419987962084,32.312799989827738],[114.63260003966013,32.314200030107372],[114.63080004028973,32.315200019565282],[114.62839991972055,32.315000040019868],[114.62799995973046,32.315000040019868],[114.62559984006066,32.313999959730381],[114.62400000009995,32.312199960359919],[114.62240016013936,32.309199990187437],[114.62100011985967,32.307800039840004],[114.61780008020958,32.30540001010246],[114.61539995964051,32.303799990277355],[114.6132000002799,32.303400030287207],[114.61259987998051,32.302999980364859],[114.61100004001992,32.300199989737791],[114.60959999974023,32.299000019835091],[114.60800015977964,32.299000019835091],[114.60620016040912,32.299599960270029],[114.60560004010983,32.301399959640491],[114.60480012012954,32.303799990277355],[114.60380003984005,32.30540001010246],[114.60200003957027,32.307000029927508],[114.59879999992017,32.308199999830151],[114.59660003966019,32.309199990187437],[114.59520000027987,32.309600040109842],[114.59440008029958,32.31000000009999],[114.59419991999039,32.309199990187437],[114.59340000001009,32.309199990187437],[114.58980000036979,32.309399969732851],[114.58699991981052,32.307800039840004],[114.58599984042041,32.307800039840004],[114.58339992017022,32.308399980274942],[114.58100016022922,32.30880003019729],[114.57799992026014,32.309000009742704],[114.57619991999036,32.309600040109842],[114.57479987971078,32.310399960090137],[114.57280007975999,32.310999989557899],[114.56880012012948,32.310999989557899],[114.5657998801604,32.310399960090137],[114.5634001202194,32.309199990187437],[114.56139995964054,32.308599959820356],[114.56020007967004,32.308399980274942],[114.55840008029952,32.308399980274942],[114.55620012003953,32.307399989917656],[114.55539984033044,32.306599980005103],[114.55380000036973,32.301199980095078],[114.55279992008036,32.297799960000191],[114.54959988043015,32.294999970272443],[114.54760007958009,32.292399960090165],[114.5432001599595,32.289000029927479],[114.5405998799805,32.287200029657697],[114.53739984033041,32.286600000189935],[114.53420016040911,32.286600000189935],[114.53079995955056,32.286999960180083],[114.52920011958986,32.288399999560397],[114.52700016022925,32.290800030197261],[114.52520015995947,32.294199960359947],[114.52320000027987,32.298200009922596],[114.52100004001989,32.300800020104873],[114.51840011976981,32.302400039929978],[114.51459995982032,32.303199959910273],[114.51060000018992,32.303600009832621],[114.50620007966995,32.30420004019976],[114.50419991999036,32.303799990277355],[114.50279987971078,32.303600009832621],[114.50080007975998,32.302799999920126],[114.50000015977957,32.302799999920126],[114.49879992008027,32.302799999920126],[114.49599984042038,32.303400030287207],[114.4941998401506,32.303400030287207],[114.49159991990041,32.303400030287207],[114.48820007967004,32.302799999920126],[114.48579996000024,32.300999999650287],[114.48439991972054,32.298200009922596],[114.48460008002974,32.294199960359947],[114.48540000001003,32.291199990187465],[114.48500004001994,32.288599980005131],[114.48299988034023,32.286400019745145],[114.48200015977966,32.285199959910301],[114.47939987980067,32.285199959910301],[114.47759988043015,32.286200040199731],[114.47639999956039,32.288599980005131],[114.47480015959979,32.291199990187465],[114.47300016022928,32.293600019925009],[114.47060003966021,32.294799989827709],[114.46719983970092,32.295999959730409],[114.46480007975993,32.296599990097491],[114.46260012039932,32.296400009652757],[114.45999984042032,32.294799989827709],[114.45919992044003,32.294199960359947],[114.45739992017025,32.29260002956778],[114.45320015995947,32.289200010372213],[114.4491998397009,32.285600009832649],[114.44619996035999,32.283199980095048],[114.44379983979081,32.281800029747615],[114.44180003984002,32.281800029747615],[114.44019984015051,32.282000010192348],[114.43960007958003,32.282199989737762],[114.43880015959974,32.282800020104901],[114.43740012021942,32.284600020374683],[114.43539995964045,32.286600000189935],[114.43280004028964,32.289599970362417],[114.43119983970087,32.291600040109813],[114.42980016004935,32.291800019655227],[114.42719988007048,32.292000000099961],[114.42440016013938,32.291800019655227],[114.42319992044008,32.291000009742731],[114.42179988016039,32.290399980274913],[114.41919995991032,32.288200020014983],[114.41840003992991,32.286799979735349],[114.41779991963062,32.285999969822797],[114.41679984024051,32.282800020104901],[114.41580011967983,32.2803999903673],[114.41360016031922,32.279599979555485],[114.41199995973045,32.279799960000219],[114.41059992035014,32.280599969912714],[114.40940004037964,32.282999999650315],[114.40720008011965,32.285799990277383],[114.40460015986957,32.288599980005131],[114.40140012021948,32.290800030197261],[114.39759996026999,32.292800010012513],[114.3957999600002,32.293600019925009],[114.39560016031919,32.293600019925009],[114.39259992035011,32.294799989827709],[114.39020016040911,32.295400020194847],[114.38960004010983,32.295200039750114],[114.38819999983014,32.294799989827709],[114.38579988016045,32.293999979915213],[114.38279999992017,32.292999989557927],[114.38039988025037,32.29260002956778],[114.37920000027987,32.292800010012513],[114.37760016031916,32.29260002956778],[114.37539984033037,32.293199970002661],[114.37340004037958,32.293400040379595],[114.36940007984981,32.293999979915213],[114.36720011958994,32.294799989827709],[114.36620004019971,32.296799969642962],[114.36540012021942,32.298399990367329],[114.36339995964045,32.299599960270029],[114.36299999965036,32.300999999650287],[114.36339995964045,32.301800009562839],[114.36400007993984,32.301999990007573],[114.36400007993984,32.302199969552987],[114.36400007993984,32.302400039929978],[114.36400007993984,32.302999980364859],[114.36500016022933,32.303799990277355],[114.36540012021942,32.303799990277355],[114.36559991990043,32.30420004019976],[114.36559991990043,32.304999960180055],[114.36540012021942,32.306799959550517],[114.36479999992014,32.308599959820356],[114.36419987962086,32.31000000009999],[114.36339995964045,32.31119997000269],[114.36459983961095,32.313599999740234],[114.36459983961095,32.313799980184967],[114.36479999992014,32.31459999009752],[114.36400007993984,32.31579996000022],[114.36260003966015,32.316399990367302],[114.35919983970086,32.317800029747616],[114.35600015977957,32.318399970182554],[114.35180003983999,32.319800009562869],[114.34860000018989,32.321400030287236],[114.34600007993981,32.323400010102432],[114.34380011967983,32.325200010372214],[114.34200012030942,32.328000000099962],[114.34060008002973,32.332599990097492],[114.33980016004944,32.335200000279826],[114.34100004001994,32.337600030017427],[114.34240008029951,32.339400030287209],[114.34299983997073,32.340400019745175],[114.34359996027001,32.343399989917657],[114.34359996027001,32.346199979645405],[114.34259987998053,32.352399990367303],[114.34240008029951,32.352599969912717],[114.34119983970095,32.357799990277385],[114.33980016004944,32.362800030197263],[114.33899988034022,32.366600010282298],[114.33759984006065,32.36720003975006],[114.33480012012956,32.369000040019898],[114.33300011985966,32.369799960000194],[114.33099996018007,32.370200009922598],[114.328599839611,32.370200009922598],[114.32540015968971,32.369799960000194],[114.32180016004941,32.369200019565312],[114.31940004037961,32.36959997955546],[114.31699991981054,32.37080004028968],[114.31680012012953,32.371000019835094],[114.31680012012953,32.371399979825242],[114.31519992044002,32.372199989737794],[114.31479995955056,32.372800020104876],[114.31479995955056,32.37319998009508],[114.31220004019974,32.37540003028721],[114.31000007993975,32.376400019745176],[114.30659987998058,32.376799979735324],[114.30439991972059,32.375799990277358],[114.30140004037958,32.374400039929924],[114.30140004037958,32.37419996955299],[114.30020016040919,32.37319998009508],[114.29979983979081,32.372600039660142],[114.29939987980072,32.372399970182528],[114.29679995955053,32.37080004028968],[114.29359991990043,32.369799960000194],[114.28940015968965,32.368799969642964],[114.28639991972057,32.36840000965276],[114.28440011976977,32.367999959730412],[114.28279992008027,32.368799969642964],[114.28139987980069,32.36959997955546],[114.28080012012947,32.371000019835094],[114.28040016013938,32.373600030017428],[114.28059995982039,32.376400019745176],[114.28080012012947,32.378399999560372],[114.28120008011967,32.38119999018744],[114.28080012012947,32.383600019925041],[114.27999984042037,32.385599999740236],[114.27879995955061,32.386799969642937],[114.27720011958991,32.387200019565284],[114.2750001602293,32.388200009922571],[114.27320015995952,32.389800029747619],[114.2712000002798,32.391199980095053],[114.27000012030942,32.391600030017401],[114.26820012003952,32.391199980095053],[114.26500008038943,32.390399970182557],[114.26460012039934,32.390399970182557],[114.26140007984986,32.390199989737766],[114.25860000018997,32.390399970182557],[114.25719995991028,32.390199989737766],[114.25640003992999,32.390600039660171],[114.25640003992999,32.391399959640466],[114.25640003992999,32.392600020374687],[114.25640003992999,32.393199959910248],[114.25640003992999,32.393999969822801],[114.2553999596405,32.393999969822801],[114.25479984024048,32.393199959910248],[114.2546000396602,32.392799999920101],[114.2546000396602,32.392400039929953],[114.2546000396602,32.391199980095053],[114.25479984024048,32.391199980095053],[114.25520015995949,32.390000010192352],[114.25380011967979,32.390000010192352],[114.25320000027989,32.390199989737766],[114.25280004028969,32.390199989737766],[114.25200012030939,32.391399959640466],[114.25079987971071,32.394999960180087],[114.24920003975012,32.398199999830183],[114.2474000403796,32.400999989557931],[114.24719988007053,32.403599999740266],[114.24639996009012,32.405599979555461],[114.24520008011962,32.407399979825243],[114.24340007984983,32.408600039660143],[114.24260015986954,32.409999990007577],[114.24239999956035,32.412400019745178],[114.24200003957026,32.414399999560374],[114.24080015959976,32.416199999830155],[114.23959991990046,32.417199990187441],[114.23840003992996,32.418399960090142],[114.23720015995946,32.41999997991519],[114.23480004028966,32.421799980184971],[114.23379996000017,32.422799969642938],[114.23199995973039,32.423000040019872],[114.23059992035007,32.421799980184971],[114.2291998800705,32.419800000369776],[114.2280000001,32.41880001001249],[114.22419984015062,32.417399969732855],[114.22419984015062,32.416800030197294],[114.22100016022932,32.41539998991766],[114.21860003966015,32.414000039570226],[114.21759996027004,32.412400019745178],[114.21659987998055,32.410600020374716],[114.21479987971077,32.409399959640496],[114.21259992035016,32.409399959640496],[114.21039996009017,32.409800009562844],[114.20799984042037,32.41079999992013],[114.2060000395702,32.411799990277359],[114.20560007958011,32.413200029657673],[114.20560007958011,32.415000029927512],[114.20539992017029,32.417399969732855],[114.20560007958011,32.418000000099994],[114.20560007958011,32.418199979645408],[114.20560007958011,32.418399960090142],[114.2048001595997,32.419800000369776],[114.20300016022929,32.422200030107376],[114.20060003966012,32.425000019835124],[114.19800012030942,32.427399959640468],[114.19639991972053,32.42919995991025],[114.19639991972053,32.429600009832654],[114.19419996035992,32.430600000189884],[114.19239996009014,32.43159998964785],[114.19160004010985,32.43159998964785],[114.19120008011964,32.43159998964785],[114.19120008011964,32.430799979735355],[114.19319988007044,32.429600009832654],[114.19279992008035,32.428999980364836],[114.19239996009014,32.42919995991025],[114.18919992044005,32.429600009832654],[114.18580008020956,32.429799990277388],[114.18299999965029,32.428999980364836],[114.18040008029948,32.428600020374688],[114.1778001600494,32.428999980364836],[114.17640011976982,32.429799990277388],[114.17339987980063,32.430600000189884],[114.17019984015053,32.43279995955055],[114.17000003957025,32.43279995955055],[114.16600007993975,32.435600040109819],[114.16340015968967,32.436999989557933],[114.16100004001987,32.4386000102823],[114.16079987971079,32.438999970272448],[114.16079987971079,32.439400020194853],[114.16119983970088,32.441000040019901],[114.16119983970088,32.444800020104879],[114.16100004001987,32.448400019745179],[114.15899988034028,32.453000009742709],[114.15660012039928,32.456600010282273],[114.15319992043999,32.460000030377159],[114.15020004019971,32.461399979825273],[114.14699999965035,32.462399970182503],[114.14440008029953,32.462800020104908],[114.14279987971076,32.462600039660174],[114.14159999974027,32.462600039660174],[114.14019996035995,32.462399970182503],[114.13879992008026,32.462800020104908],[114.13640016013937,32.463600030017403],[114.13360007958011,32.464600020374689],[114.1315999199004,32.464600020374689],[114.13140012021938,32.464600020374689],[114.13040003993001,32.464799999920103],[114.12920015995951,32.463800009562817],[114.12780011967982,32.462000010192355],[114.12659987998052,32.459599979555492],[114.12579996000022,32.456400029837539],[114.12579996000022,32.455999979915191],[114.12399995973044,32.455800000369777],[114.12380016004943,32.455800000369777],[114.12380016004943,32.454600029567757],[114.12399995973044,32.454199979645409],[114.12420012003952,32.454199979645409],[114.1264000802995,32.454199979645409],[114.12699983997072,32.453800019655262],[114.1264000802995,32.452199999830157],[114.12540000001002,32.450399999560375],[114.12399995973044,32.448600000189913],[114.12060012039933,32.448600000189913],[114.11759988043025,32.448200040199765],[114.11240003992998,32.444399970182531],[114.10859987998049,32.442599969912749],[114.1049998803403,32.440400009652762],[114.10359984006061,32.438400029837567],[114.10279992008032,32.436000000099966],[114.1026001203993,32.433399989917632],[114.10359984006061,32.43159998964785],[114.10440011976982,32.430799979735355],[114.10719983970091,32.428799999920102],[114.10999992026018,32.426199989737768],[114.1106000396602,32.42459996991272],[114.11160011994968,32.42459996991272],[114.11219987962079,32.425200000279858],[114.11219987962079,32.42580002974762],[114.11279999992007,32.426000010192354],[114.11319995991028,32.425599960270006],[114.11480015959978,32.42459996991272],[114.11619984015056,32.422599990097524],[114.11700011985965,32.420199960359923],[114.11719992044004,32.418199979645408],[114.11719992044004,32.418000000099994],[114.11619984015056,32.41539998991766],[114.11439983988078,32.414599980005107],[114.11279999992007,32.414599980005107],[114.11120015995948,32.414799959550521],[114.10920000027988,32.416000020284741],[114.10639991972062,32.416800030197294],[114.10300008038951,32.416800030197294],[114.10059995982033,32.417000009742708],[114.09900011985974,32.416000020284741],[114.09900011985974,32.415200010372246],[114.09900011985974,32.414599980005107],[114.09999984042031,32.413599989647878],[114.09940007984983,32.411799990277359],[114.09860015986953,32.410600020374716],[114.09839999956034,32.409800009562844],[114.09839999956034,32.40960003001743],[114.09839999956034,32.408399970182529],[114.09900011985974,32.4062000099226],[114.09959988043022,32.405799960000195],[114.09959988043022,32.405599979555461],[114.10080012012952,32.403200039750061],[114.1022001604091,32.400800010012517],[114.10160004010982,32.397800039840035],[114.09999984042031,32.395599989647849],[114.09739992017023,32.393799990277387],[114.09299999965037,32.390399970182557],[114.08900004001987,32.388200009922571],[114.08680007975988,32.385200039750089],[114.08580000036977,32.382600029567755],[114.08559984006058,32.380199999830154],[114.08600015977959,32.379200010372244],[114.08739984033048,32.378000039570225],[114.08839991972059,32.375999969822828],[114.08839991972059,32.374400039929924],[114.08860008002978,32.373600030017428],[114.08640011976979,32.372399970182528],[114.08460012039927,32.371800029747646],[114.08339987980071,32.370599969912746],[114.0825999598203,32.370200009922598],[114.08159988043019,32.367799980184998],[114.0806001598695,32.36619996035995],[114.08039999956043,32.36499998955793],[114.08079995955052,32.36380001965523],[114.08219999983021,32.36499998955793],[114.08219999983021,32.363399969732882],[114.08280012012949,32.361200010372215],[114.08280012012949,32.357999969822799],[114.08280012012949,32.357799990277385],[114.08199984042039,32.356400039929952],[114.08000003957022,32.35580000956287],[114.0782000401997,32.35580000956287],[114.07539995964044,32.356199969553018],[114.07240008029953,32.355999990007604],[114.06999995973047,32.354999999650317],[114.06980016004945,32.354800020104904],[114.06639996009017,32.351799960000221],[114.06639996009017,32.351599979555488],[114.06260015986959,32.347400040379625],[114.06080015959969,32.344199999830153],[114.0599998798906,32.341400010102461],[114.05980008020958,32.339199959910275],[114.05940012021938,32.336199989737793],[114.06020004019979,32.334800040289679],[114.06020004019979,32.334399990367331],[114.06179988016038,32.333799960000192],[114.06459995982038,32.334200009922597],[114.06560004010987,32.333799960000192],[114.06660012039924,32.332799969642963],[114.06859992035015,32.331200039750058],[114.07060008002975,32.331200039750058],[114.07280004028974,32.330999970272444],[114.07460003966014,32.329400040379596],[114.07679999992013,32.327199990187466],[114.0793999201702,32.325599970362418],[114.08039999956043,32.32379997009258],[114.08079995955052,32.320999980364832],[114.08079995955052,32.318600039660168],[114.08140007984991,32.316399990367302],[114.07979988016041,32.315000040019868],[114.07780008020961,32.315000040019868],[114.07619987962084,32.31459999009752],[114.07579991963064,32.315200019565282],[114.07499999965034,32.31579996000022],[114.07280004028974,32.315400000010072],[114.07160016031924,32.314799969642934],[114.07160016031924,32.314200030107372],[114.07160016031924,32.313999959730381],[114.07020012003954,32.313599999740234],[114.06880007975997,32.313599999740234],[114.06620016040915,32.31340002019482],[114.06380003983998,32.312600010282324],[114.06219984015058,32.312400029837534],[114.05980008020958,32.310600029567752],[114.05900016022929,32.30880003019729],[114.05940012021938,32.30540001010246],[114.06060000018988,32.302600020374712],[114.06080015959969,32.299599960270029],[114.0591999599103,32.297799960000191],[114.0576001199496,32.296599990097491],[114.05459987998051,32.296599990097491],[114.05180016004942,32.296599990097491],[114.04860012039933,32.294799989827709],[114.04419984015055,32.293400040379595],[114.04040003992998,32.291800019655227],[114.03619991999039,32.289200010372213],[114.03399995973041,32.287799970092578],[114.03339984033039,32.287400010102431],[114.0310000803895,32.284600020374683],[114.02979983979083,32.28159996027],[114.02979983979083,32.281200000279853],[114.02920008011961,32.277200039750085],[114.02960004010981,32.275400040379623],[114.03079992008031,32.274999989557898],[114.03140004037959,32.276799989827737],[114.03140004037959,32.278599990097518],[114.03140004037959,32.279799960000219],[114.03219996035989,32.28159996027],[114.0342001200396,32.283199980095048],[114.03640008029947,32.284199969553015],[114.03820007966999,32.28499998036483],[114.04059983961099,32.285799990277383],[114.04199987989057,32.286799979735349],[114.04379988016035,32.287200029657697],[114.04540007984986,32.288399999560397],[114.04680012012955,32.289399989917626],[114.04800000009993,32.291199990187465],[114.04800000009993,32.291399969732879],[114.05019996035992,32.293999979915213],[114.05220012003952,32.294999970272443],[114.05419991999042,32.294999970272443],[114.05699999965032,32.294799989827709],[114.0587999999201,32.295400020194847],[114.0603998398808,32.296599990097491],[114.06179988016038,32.298200009922596],[114.06200003957019,32.299200000279825],[114.06219984015058,32.301600030017426],[114.06200003957019,32.304400019745174],[114.06139992017029,32.306200020014955],[114.06139992017029,32.306399999560369],[114.06179988016038,32.309000009742704],[114.06260015986959,32.310800010012485],[114.06539987980068,32.311999979915186],[114.06800015977956,32.311800000369772],[114.07119983970085,32.312199960359919],[114.07259987998054,32.312999970272472],[114.07380011967985,32.313599999740234],[114.07479984024053,32.313200039750086],[114.07600007993983,32.312999970272472],[114.07700016022932,32.312999970272472],[114.07860000018991,32.31340002019482],[114.07979988016041,32.313599999740234],[114.08180003984,32.314799969642934],[114.08339987980071,32.316200009922568],[114.08339987980071,32.317399979825268],[114.0832000801197,32.320999980364832],[114.08240016013929,32.324599980005132],[114.08019984015061,32.327199990187466],[114.07640003992992,32.33079998982771],[114.07439988025033,32.332599990097492],[114.07399992026012,32.332599990097492],[114.07320000027983,32.332599990097492],[114.07119983970085,32.332200030107344],[114.06959999974026,32.333200019565311],[114.06859992035015,32.334200009922597],[114.06660012039924,32.335200000279826],[114.06459995982038,32.335000019835093],[114.06179988016038,32.334800040289679],[114.06139992017029,32.335599960269974],[114.06099996018008,32.337199980095079],[114.06099996018008,32.337399959640493],[114.0616000795801,32.338999980364861],[114.0616000795801,32.339400030287209],[114.0616000795801,32.340999960180056],[114.06219984015058,32.342399999560371],[114.06359988043016,32.343800039840005],[114.06480012012946,32.345600040109787],[114.06499991981048,32.347600019925039],[114.06560004010987,32.349200039750087],[114.06840011976976,32.351599979555488],[114.07060008002975,32.353000019835122],[114.07259987998054,32.354399970182556],[114.07479984024053,32.354199989737765],[114.07780008020961,32.354000010192351],[114.08079995955052,32.354199989737765],[114.0829999198105,32.35580000956287],[114.08479992008029,32.357600009832652],[114.08479992008029,32.3592000296577],[114.08420016040918,32.363199990187468],[114.08400000009999,32.365600019925012],[114.08420016040918,32.367799980184998],[114.08420016040918,32.36840000965276],[114.08500008038948,32.369400000010046],[114.08540004037957,32.370000030377128],[114.08699988034027,32.371200000279828],[114.08900004001987,32.37200001019238],[114.09059987998057,32.372800020104876],[114.09140015968967,32.374600020374714],[114.09059987998057,32.376400019745176],[114.08839991972059,32.379399989917658],[114.08820012003957,32.382000000099993],[114.08820012003957,32.382600029567755],[114.08900004001987,32.384400029837536],[114.09120000027985,32.386400009652789],[114.09099983997066,32.386599990097523],[114.09339995964046,32.388599969912718],[114.09559991990045,32.390600039660171],[114.09720011958996,32.391399959640466],[114.09739992017023,32.391399959640466],[114.09779988016044,32.391199980095053],[114.09660000018994,32.389599960270004],[114.09540012021944,32.388599969912718],[114.09440003992995,32.387799960000223],[114.09479999992016,32.387400000010018],[114.09580008020964,32.388200009922571],[114.09800003957025,32.389000019835123],[114.09879995955055,32.390000010192352],[114.09980003984003,32.391600030017401],[114.10080012012952,32.393400030287239],[114.1022001604091,32.394799979735353],[114.1038000003698,32.395799970092582],[114.10480007975991,32.397599970362421],[114.1045999203501,32.400199979645379],[114.10300008038951,32.403999959730413],[114.10099991981053,32.406800040289681],[114.09999984042031,32.408800020104877],[114.09999984042031,32.410400039929925],[114.10099991981053,32.411799990277359],[114.10099991981053,32.411999969822773],[114.1022001604091,32.412799979735325],[114.10160004010982,32.414000039570226],[114.10059995982033,32.415200010372246],[114.10139987980062,32.415800039840008],[114.10319988007052,32.415800039840008],[114.1034000403796,32.415200010372246],[114.10419996035989,32.414000039570226],[114.10480007975991,32.414000039570226],[114.1058001600494,32.414399999560374],[114.10800012030938,32.414000039570226],[114.10980011967979,32.413400010102464],[114.11160011994968,32.412799979735325],[114.11439983988078,32.412999960180059],[114.11639999956037,32.41420002001496],[114.11799984042034,32.41539998991766],[114.11920008011964,32.418399960090142],[114.11859995982036,32.421599999740238],[114.11719992044004,32.42459996991272],[114.11460000018997,32.426399970182501],[114.11079984024047,32.428600020374688],[114.10760016031918,32.43040001974515],[114.10520003975012,32.432399999560403],[114.10440011976982,32.434599959820332],[114.10440011976982,32.437199970002666],[114.1045999203501,32.437199970002666],[114.1058001600494,32.438999970272448],[114.10859987998049,32.440400009652762],[114.10859987998049,32.440599990097496],[114.11160011994968,32.441799960000196],[114.11420004019976,32.443599960269978],[114.11719992044004,32.445399959640497],[114.11880012012955,32.446799999920131],[114.12060012039933,32.446600020374717],[114.12479987971074,32.447600009832627],[114.1264000802995,32.449200029657675],[114.12780011967982,32.451599970362395],[114.12799992026021,32.454199979645409],[114.12799992026021,32.458200030107378],[114.1287998402405,32.460800040289655],[114.13040003993001,32.462600039660174],[114.13059983961102,32.462600039660174],[114.1323998398808,32.462999999650322],[114.13460015986959,32.462600039660174],[114.13800000009996,32.460800040289655],[114.14040011976977,32.460000030377159],[114.14120003975006,32.459799960000225],[114.14239991972056,32.459799960000225],[114.14319983970086,32.460800040289655],[114.14400012030933,32.461599960270007],[114.14559996027003,32.46120000027986],[114.14779991963064,32.460399990367307],[114.15080015959973,32.458799969642939],[114.15419999983021,32.455999979915191],[114.1563999600902,32.452399980274947],[114.15780000036978,32.448400019745179],[114.15800015977959,32.446199969552993],[114.15800015977959,32.443399979825244],[114.15780000036978,32.44200003037713],[114.15859992035007,32.441400000010049],[114.15880007975989,32.440599990097496],[114.15859992035007,32.439599999740267],[114.15840011976979,32.4386000102823],[114.15880007975989,32.437199970002666],[114.15999995973038,32.43619997964538],[114.16179996000017,32.435800019655233],[114.16340015968967,32.435199990187471],[114.16600007993975,32.433399989917632],[114.16820004019974,32.43159998964785],[114.17039999956035,32.429999969822802],[114.17240016013932,32.429799990277388],[114.17379983979083,32.42919995991025],[114.1742001604091,32.427999990007606],[114.17559984006061,32.427199980095054],[114.17799995973041,32.426800020104906],[114.18059987998049,32.426800020104906],[114.18299999965029,32.427600030017402],[114.18680015959978,32.427800009562816],[114.18879995955058,32.427800009562816],[114.18999984042034,32.427800009562816],[114.18999984042034,32.42699999965032],[114.19080012012955,32.426199989737768],[114.19260012039933,32.426399970182501],[114.19480007975994,32.426399970182501],[114.19660008002973,32.425599960270006],[114.19800012030942,32.424399990367306],[114.19999992026021,32.421999959730385],[114.2016001199496,32.419800000369776],[114.20300016022929,32.417399969732855],[114.20380008020959,32.415599970362393],[114.2035999199004,32.412799979735325],[114.20439983988081,32.410999980364863],[114.20679995955061,32.408999999650291],[114.21000000009997,32.408000010192382],[114.21320003975006,32.407399979825243],[114.21600012030933,32.408000010192382],[114.21780011967985,32.40960003001743],[114.21920015995943,32.41079999992013],[114.21979991963065,32.412400019745178],[114.22239983988072,32.413400010102464],[114.22540007984992,32.415599970362393],[114.22659995982031,32.416399980274946],[114.22739987980071,32.416000020284741],[114.22900008038948,32.41659995982036],[114.22900008038948,32.416800030197294],[114.23080007975989,32.418199979645408],[114.2315999997403,32.419800000369776],[114.23220012003958,32.420799989827742],[114.2327998797108,32.42120003975009],[114.23459987998058,32.420400029837538],[114.23620007966997,32.418000000099994],[114.23760011994966,32.41420002001496],[114.23919995991025,32.41079999992013],[114.24120011958996,32.407200000279829],[114.24279995955055,32.406399990367333],[114.24319992044002,32.406399990367333],[114.24419999983024,32.404599990097495],[114.24419999983024,32.404200030107347],[114.24419999983024,32.403799980184999],[114.24520008011962,32.401199970002665],[114.24679992008032,32.398000020284769],[114.2481999603599,32.395400010102435],[114.24899988034031,32.393799990277387],[114.24959999974021,32.392600020374687],[114.2498001600494,32.392600020374687],[114.2498001600494,32.392400039929953],[114.2498001600494,32.391999990007605],[114.24999995973042,32.391800009562814],[114.24999995973042,32.391199980095053],[114.24999995973042,32.390999999650319],[114.24999995973042,32.390800020104905],[114.2498001600494,32.390800020104905],[114.24959999974021,32.390600039660171],[114.2481999603599,32.392799999920101],[114.24800015977962,32.393999969822801],[114.2474000403796,32.393999969822801],[114.24660012039931,32.393999969822801],[114.24639996009012,32.393999969822801],[114.24639996009012,32.393799990277387],[114.24639996009012,32.393400030287239],[114.24600000010003,32.392199969553019],[114.24560004010982,32.391999990007605],[114.24440016013932,32.392600020374687],[114.24319992044002,32.393400030287239],[114.24319992044002,32.394600000189882],[114.24399984042032,32.395599989647849],[114.24399984042032,32.395799970092582],[114.24440016013932,32.396000039570197],[114.24440016013932,32.396399999560401],[114.24440016013932,32.396799959550549],[114.24399984042032,32.397000029927483],[114.24279995955055,32.396799959550549],[114.24179988016044,32.396399999560401],[114.24080015959976,32.396200020014987],[114.23999987989066,32.396200020014987],[114.23959991990046,32.395200029657701],[114.24020004019974,32.393400030287239],[114.24160007958005,32.392199969553019],[114.24399984042032,32.390999999650319],[114.24719988007053,32.389399979825271],[114.24899988034031,32.389000019835123],[114.25140000001011,32.388800040289652],[114.25320000027989,32.388399990367304],[114.25640003992999,32.388599969912718],[114.25939992017027,32.388399990367304],[114.26339987980066,32.388599969912718],[114.26600015977965,32.388599969912718],[114.26759999974024,32.388800040289652],[114.26960016031921,32.389800029747619],[114.27099983997073,32.389200000279857],[114.27199992026021,32.388399990367304],[114.27279984024051,32.387400000010018],[114.27339995964053,32.386599990097523],[114.27440003993001,32.386200030107375],[114.27479999992011,32.385599999740236],[114.27720011958991,32.385200039750089],[114.27839999956041,32.383800000369774],[114.27919992044008,32.382000000099993],[114.27959988043017,32.378399999560372],[114.27900011985969,32.37779997009261],[114.27819984015059,32.378000039570225],[114.27760007958011,32.37779997009261],[114.2773999201703,32.375999969822828],[114.2780000395702,32.372600039660142],[114.27879995955061,32.370399990367332],[114.28040016013938,32.368200030107346],[114.28220016040916,32.366999970272445],[114.28400015977957,32.366799989827712],[114.28599995973047,32.366600010282298],[114.28920000027983,32.366999970272445],[114.29200007993984,32.367599999740264],[114.29520011958994,32.368599990097493],[114.2975998804302,32.369400000010046],[114.30060012039928,32.37080004028968],[114.30159984006059,32.372199989737794],[114.30380016004938,32.373800009562842],[114.30600012030936,32.374400039929924],[114.30979991963068,32.373800009562842],[114.31239983988075,32.372399970182528],[114.31379988016045,32.371399979825242],[114.31479995955056,32.36959997955546],[114.31640016013932,32.367999959730412],[114.31779983979084,32.36740002019485],[114.3201999603599,32.366999970272445],[114.32360016031919,32.367599999740264],[114.32679984024048,32.36840000965276],[114.33020004019977,32.368200030107346],[114.33419999983016,32.367799980184998],[114.33520008011965,32.366999970272445],[114.33600000009994,32.36619996035995],[114.33679992008035,32.364399960090111],[114.33819996035993,32.361000029927482],[114.33899988034022,32.357799990277385],[114.33959999974024,32.354199989737765],[114.33980016004944,32.351599979555488],[114.34060008002973,32.348400029837535],[114.34140000001003,32.345600040109787],[114.34140000001003,32.343000029927509],[114.34060008002973,32.340999960180056],[114.34039991972054,32.340999960180056],[114.33859992035013,32.337600030017427],[114.33780000036984,32.334599969912745],[114.33859992035013,32.33199995973041],[114.33939984033043,32.32839996009011],[114.34119983970095,32.325599970362418],[114.34299983997073,32.324599980005132],[114.34299983997073,32.324399999560399],[114.34380011967983,32.32379997009258],[114.34420007967003,32.323400010102432],[114.34420007967003,32.323200029657698],[114.34380011967983,32.322600000189937],[114.34460003966012,32.321400030287236],[114.3475999199004,32.320199969553016],[114.35039999956041,32.318399970182554],[114.35339987980069,32.317599960270002],[114.35680007975998,32.316399990367302],[114.35940000001006,32.31579996000022],[114.36099983997065,32.315400000010072],[114.36180011967986,32.31459999009752],[114.36239988025034,32.313999959730381],[114.36180011967986,32.312799989827738],[114.36140015968965,32.312400029837534],[114.36099983997065,32.312199960359919],[114.36159996027004,32.310999989557899],[114.36159996027004,32.310199979645404],[114.36320015995943,32.308199999830151],[114.36339995964045,32.305799970092608],[114.36339995964045,32.304999960180055],[114.36320015995943,32.304799979735321],[114.36299999965036,32.304600000189907],[114.36299999965036,32.303799990277355],[114.36180011967986,32.303400030287207],[114.36159996027004,32.30420004019976],[114.36140015968965,32.30420004019976],[114.36059987998055,32.303999969822826],[114.36059987998055,32.302799999920126],[114.36099983997065,32.300999999650287],[114.36099983997065,32.299800029747644],[114.36220007966995,32.298200009922596],[114.36299999965036,32.296599990097491],[114.36419987962086,32.294799989827709],[114.36660000018992,32.293199970002661],[114.37139987980072,32.292000000099961],[114.3752000397501,32.291199990187465],[114.37920000027987,32.291000009742731],[114.38200007993976,32.291399969732879],[114.38579988016045,32.292199979645375],[114.38579988016045,32.292399960090165],[114.38759988043023,32.292999989557927],[114.38939987980064,32.293800000369799],[114.39180000036981,32.293600019925009],[114.39500004001991,32.291800019655227],[114.39740015968971,32.290599959820327],[114.40220004019977,32.288799959550545],[114.40439999956038,32.285999969822797],[114.40640016013936,32.283999990007601],[114.40800000009995,32.282399970182553],[114.40860012039934,32.2803999903673],[114.41040011976975,32.278599990097518],[114.41279987971075,32.278400009652785],[114.41440008029952,32.278400009652785],[114.41620007967003,32.279400000010071],[114.41779991963062,32.281200000279853],[114.41919995991032,32.284199969553015],[114.4209999601801,32.287599989647845],[114.42319992044008,32.289200010372213],[114.42480012012948,32.290000020284765],[114.42759984006068,32.290199999830179],[114.42999995973037,32.289200010372213],[114.43160016031925,32.287599989647845],[114.43380011967986,32.28499998036483],[114.43619987962086,32.282999999650315],[114.43740012021942,32.281200000279853],[114.43960007958003,32.2803999903673],[114.44079995955053,32.280000030377153],[114.4428001201295,32.279599979555485],[114.44460012039929,32.2803999903673],[114.44780016004938,32.282199989737762],[114.45239988025037,32.28499998036483],[114.45440003992996,32.287400010102431],[114.45620004019975,32.288799959550545],[114.45739992017025,32.291600040109813],[114.45779988016045,32.291800019655227],[114.45839999956036,32.291000009742731],[114.45940007984984,32.292199979645375],[114.46019999983014,32.292800010012513],[114.46080012012953,32.292399960090165],[114.46160004010983,32.292399960090165],[114.46340004037961,32.293999979915213],[114.46499988034032,32.294799989827709],[114.4680001203094,32.294199960359947],[114.47039988025028,32.292999989557927],[114.4721998796208,32.291600040109813],[114.47399987989058,32.289800039840031],[114.47439983988079,32.289000029927479],[114.47520011958989,32.287200029657697],[114.47619984015057,32.28499998036483],[114.47719992044006,32.283800009562867],[114.48060012039934,32.283600030017396],[114.48380016004944,32.28499998036483],[114.48579996000024,32.287200029657697],[114.48699983997074,32.289800039840031],[114.48699983997074,32.29260002956778],[114.48600012030931,32.294600010282295],[114.48600012030931,32.29720001956531],[114.48600012030931,32.298200009922596],[114.48699983997074,32.300000010192377],[114.48920015995952,32.301199980095078],[114.49079999992011,32.301600030017426],[114.4926000001899,32.301600030017426],[114.4941998401506,32.300999999650287],[114.49519992044009,32.300999999650287],[114.49760004010977,32.300199989737791],[114.50000015977957,32.300800020104873],[114.50319983970087,32.301199980095078],[114.50580011967986,32.301999990007573],[114.50959991990044,32.301800009562839],[114.51359988043021,32.301600030017426],[114.51700008038949,32.300800020104873],[114.51840011976981,32.299399979825239],[114.51840011976981,32.298200009922596],[114.5192000397501,32.297000040019896],[114.5203999197206,32.296400009652757],[114.52240008029958,32.294799989827709],[114.52399992026017,32.292199979645375],[114.52579991963069,32.288599980005131],[114.52759991990047,32.286999960180083],[114.52920011958986,32.286400019745145],[114.53019984015054,32.285799990277383],[114.53299991981055,32.285400030287235],[114.53619996035991,32.28499998036483],[114.5396001603192,32.285600009832649],[114.5419999202602,32.285999969822797],[114.5437999196306,32.287400010102431],[114.54599987989059,32.289399989917626],[114.54940007984987,32.292000000099961],[114.55220016040914,32.294799989827709],[114.55419996035994,32.29720001956531],[114.55539984033044,32.300199989737791],[114.55620012003953,32.302199969552987],[114.55660008002974,32.303400030287207],[114.55760016031923,32.306200020014955],[114.55999992026022,32.307200010372242],[114.56560007958012,32.307399989917656],[114.57200015977958,32.307200010372242],[114.57380016004936,32.307200010372242],[114.57519983970087,32.307200010372242],[114.57839988025034,32.307000029927508],[114.57939995964045,32.306599980005103],[114.58100016022922,32.305599989647874],[114.58439999956045,32.305599989647874],[114.58460015986952,32.305599989647874],[114.58820016040909,32.30540001010246],[114.59000015977961,32.306399999560369],[114.59260008002968,32.307399989917656],[114.59499983997068,32.307599970362389],[114.59739995964048,32.306799959550517],[114.59980008020955,32.305799970092608],[114.60179988016046,32.303400030287207],[114.60340007984985,32.300600039660139],[114.60560004010983,32.298200009922596],[114.60639996009013,32.29720001956531],[114.60660012039932,32.29720001956531],[114.60880007975993,32.29720001956531],[114.61140000001001,32.298800040289677],[114.6132000002799,32.300600039660139],[114.61460003966022,32.301999990007573],[114.61539995964051,32.302199969552987],[114.61539995964051,32.301199980095078],[114.61619987962081,32.300800020104873],[114.61700016022928,32.302600020374712],[114.6196000795801,32.304400019745174],[114.62240016013936,32.307000029927508],[114.62420016040915,32.30880003019729],[114.62559984006066,32.310600029567752],[114.62820012003954,32.312799989827738],[114.62960016031923,32.313200039750086],[114.63239988025032,32.312600010282324],[114.63459983961093,32.310999989557899],[114.63699996018011,32.31000000009999],[114.6386001598695,32.309000009742704],[114.64040016013939,32.309000009742704],[114.64279992008028,32.308000020284737],[114.64480007975999,32.306799959550517],[114.64800012030935,32.304600000189907],[114.65060003966016,32.301999990007573],[114.65259983961096,32.300800020104873],[114.65460000018993,32.300800020104873],[114.65539992017023,32.300800020104873],[114.65780003984003,32.301800009562839],[114.6610000803895,32.303600009832621],[114.6651998397009,32.306399999560369],[114.66879984024047,32.309199990187437],[114.67140012021946,32.310199979645404],[114.67199987989056,32.310199979645404],[114.67439999956036,32.310199979645404],[114.67559988043024,32.309199990187437],[114.67720008011963,32.307399989917656],[114.67739987980065,32.304600000189907],[114.67699991981056,32.300399970182525],[114.67599984042033,32.298000030377125],[114.67500011985976,32.295799980184995],[114.67299996018005,32.291000009742731],[114.67140012021946,32.286799979735349],[114.67019987962078,32.285400030287235],[114.66699983997069,32.282199989737762],[114.66579996000019,32.279599979555485],[114.66579996000019,32.279400000010071],[114.66600012030938,32.277200039750085],[114.66740015968969,32.27580000036977],[114.66860003966019,32.274999989557898],[114.67059983961099,32.274399960090136],[114.67059983961099,32.274199979645402],[114.67260000018996,32.274199979645402],[114.67640016013934,32.274199979645402],[114.67879992008034,32.27460002956775],[114.68040011976973,32.275199970002689],[114.68239991972052,32.276799989827737],[114.68540015968972,32.279799960000219],[114.6872001599595,32.28159996027],[114.68959991990039,32.282999999650315],[114.69300011985968,32.284600020374683],[114.69579983979088,32.286200040199731],[114.69980016004945,32.288799959550545],[114.70320000027982,32.291000009742731],[114.70399992026012,32.291199990187465],[114.70640003992992,32.292199979645375],[114.70700016022931,32.292999989557927],[114.70839983988071,32.296200030107343],[114.7110001198597,32.300999999650287],[114.71199984042039,32.303799990277355],[114.7121999998302,32.308199999830151],[114.7124001601394,32.309600040109842],[114.71379983979079,32.318199989737764],[114.71460012039927,32.321400030287236],[114.71759999974029,32.323400010102432],[114.72080004028965,32.324399999560399],[114.72379991963066,32.324399999560399],[114.72559991990045,32.325200010372214],[114.72800003957025,32.325200010372214],[114.72919992044001,32.32500002992748],[114.73160004010981,32.324200020014985],[114.73400015977961,32.32279997973535],[114.73700004001989,32.32279997973535],[114.74020007966999,32.323400010102432],[114.74219987962078,32.32379997009258],[114.74579988016035,32.324399999560399],[114.74859995982035,32.32379997009258],[114.75119988007043,32.32279997973535],[114.75259992035012,32.32160000983265],[114.75320003975014,32.319600030017398],[114.75280007975994,32.31579996000022],[114.75280007975994,32.313799980184967],[114.75320003975014,32.313200039750086],[114.75519983970094,32.311999979915186],[114.75759996027,32.310999989557899],[114.76019987962081,32.309399969732851],[114.7632001195899,32.308599959820356],[114.76500011985968,32.308199999830151],[114.76599984042036,32.307800039840004],[114.76820016040915,32.308199999830151],[114.77000015977956,32.307399989917656],[114.77279987971076,32.305799970092608],[114.77620007967005,32.30420004019976],[114.77739995964043,32.303799990277355],[114.77859983961093,32.303799990277355],[114.78060000018991,32.303999969822826],[114.78300011985971,32.304799979735321],[114.7845999598203,32.30540001010246],[114.7845999598203,32.305599989647874],[114.78660012039927,32.305599989647874],[114.78679992008028,32.304600000189907],[114.78780000036977,32.301600030017426],[114.79020012003957,32.299599960270029],[114.79399992026015,32.29720001956531],[114.79619987962076,32.296200030107343],[114.80299991981053,32.296400009652757],[114.80559984006061,32.29720001956531],[114.80559984006061,32.298000030377125],[114.80619996035989,32.299599960270029],[114.8087998797107,32.301600030017426],[114.81059987998049,32.301999990007573],[114.81199992026018,32.302400039929978],[114.81540012021946,32.302999980364859],[114.81839999956037,32.303199959910273],[114.82080012012955,32.304799979735321],[114.82179983979086,32.30540001010246],[114.82099991981056,32.306399999560369],[114.82279992008034,32.307200010372242],[114.82679987971073,32.307800039840004],[114.82819991999042,32.307599970362389],[114.82940015968973,32.307399989917656],[114.8307998402405,32.306399999560369],[114.8331999599103,32.304999960180055],[114.83740007984989,32.303799990277355],[114.84060012039924,32.303400030287207],[114.84259992035015,32.302799999920126],[114.84680004028974,32.303999969822826],[114.84939995964044,32.303799990277355],[114.8522000401997,32.302400039929978],[114.85500011985971,32.300800020104873],[114.85820016040918,32.299399979825239],[114.86180016004937,32.299399979825239],[114.86239991972059,32.299399979825239],[114.86720015995945,32.300800020104873],[114.87060000018994,32.301999990007573],[114.87279995955055,32.302600020374712],[114.87560004010982,32.302799999920126],[114.87579983979083,32.302799999920126],[114.87819996035989,32.301800009562839],[114.8821999199904,32.300000010192377],[114.88719995991028,32.298800040289677],[114.89079995955058,32.298200009922596],[114.89439996009014,32.298000030377125],[114.89479992008035,32.297799960000191],[114.89699988034022,32.295799980184995],[114.9027998402405,32.291000009742731],[114.9072001195899,32.289000029927479],[114.91700004001984,32.282999999650315],[114.91719983970086,32.282000010192348],[114.91899983997075,32.280800040289705],[114.92240003992993,32.278400009652785],[114.92579988016041,32.276799989827737],[114.92780003984001,32.276799989827737],[114.93060012039928,32.277400020194818],[114.93380016004937,32.278799969642932],[114.93680004028965,32.279799960000219],[114.93720000027986,32.279799960000219],[114.93839988025036,32.279799960000219],[114.93960011994966,32.27920001956528],[114.94159991990045,32.278200030107371],[114.94360007958005,32.276400029837532],[114.94779983979083,32.274000000099988],[114.95000015977962,32.274000000099988],[114.9501999603599,32.274000000099988],[114.95220012003961,32.274399960090136],[114.95620007967,32.274399960090136],[114.95900016022927,32.273199990187436],[114.96279995955058,32.27239998027494],[114.96440016013935,32.272599959820354],[114.96780000036983,32.273800019655255],[114.97060008002973,32.275199970002689],[114.97299983997073,32.27699997027247],[114.97340015968973,32.279000040019866],[114.97240008029951,32.282800020104901],[114.97039991972053,32.285799990277383],[114.96980016004943,32.287400010102431],[114.97060008002973,32.289000029927479],[114.97140000001002,32.289000029927479],[114.97160016031921,32.288200020014983],[114.97160016031921,32.287400010102431],[114.97179996000023,32.287400010102431],[114.97359996027001,32.288399999560397],[114.97719995991031,32.290000020284765],[114.9792001195899,32.292000000099961],[114.97979988016039,32.293600019925009],[114.97979988016039,32.295400020194847],[114.9779998798906,32.297000040019896],[114.97659983961103,32.298399990367329],[114.97640003993001,32.299800029747644],[114.97780008020959,32.301800009562839],[114.9806001598696,32.303799990277355],[114.98519988007047,32.30420004019976],[114.99120000027983,32.303199959910273],[114.99360011994963,32.302199969552987],[114.99559991990043,32.301199980095078],[114.99760007958002,32.300600039660139],[114.9995998804302,32.301399959640491],[115.00279992008029,32.303400030287207],[115.0055999997403,32.304400019745174],[115.00940015968968,32.303199959910273],[115.01120015995946,32.301800009562839],[115.01219987962077,32.300199989737791],[115.01300016022924,32.297599979555457],[115.01439983988075,32.294999970272443],[115.01639999956035,32.292399960090165],[115.01819999983024,32.291600040109813],[115.01960004010982,32.291800019655227],[115.02180000036981,32.293400040379595],[115.0225999203501,32.294600010282295],[115.02439991972062,32.296400009652757],[115.02519983970092,32.297599979555457],[115.02680004028969,32.298800040289677],[115.0293999596405,32.299599960270029],[115.03299996018006,32.301600030017426],[115.03659995982036,32.302600020374712],[115.03980000036984,32.302999980364859],[115.04379996000023,32.302600020374712],[115.04919995991031,32.301600030017426],[115.0520000395702,32.300800020104873],[115.05620016040916,32.298800040289677],[115.05759984006067,32.298399990367329],[115.05999995973036,32.298800040289677],[115.06399992026013,32.299800029747644],[115.06740012021942,32.301800009562839],[115.0732000801197,32.306000039570222],[115.07860008002979,32.310600029567752],[115.08239988025036,32.315200019565282],[115.08419987962077,32.319800009562869],[115.08459983961097,32.327000009742733],[115.08519995991026,32.332400009652758],[115.08479999992016,32.333599979555459],[115.08379991963068,32.335800029747645],[115.08279984024045,32.339600009832623],[115.08360011994966,32.342799959550518],[115.08479999992016,32.344000020284739],[115.08739992017024,32.345600040109787],[115.09179983979084,32.346000000099991],[115.09880004028969,32.347400040379625],[115.10060003966021,32.348799989827739],[115.10300016022927,32.351599979555488],[115.10719992044005,32.358600000189881],[115.10960004010985,32.363600040109816],[115.11060012039934,32.36720003975006],[115.11020016040914,32.369000040019898],[115.10859995982037,32.372399970182528],[115.10740007984987,32.374400039929924],[115.10780003984007,32.376400019745176],[115.10960004010985,32.378200020014958],[115.11259992035014,32.378399999560372],[115.11659987998053,32.37879995955052],[115.11920015995952,32.377400010102463],[115.12339992017019,32.37419996955299],[115.12599984042038,32.370599969912746],[115.12760004010977,32.36720003975006],[115.12860012039926,32.365400040379598],[115.13059992035005,32.364600029567782],[115.13340000001006,32.36380001965523],[115.13419991999035,32.36380001965523],[115.13440008029954,32.36380001965523],[115.13520000027984,32.364000000099963],[115.14380003984002,32.364000000099963],[115.14899988034028,32.363600040109816],[115.15340015968968,32.364399960090111],[115.15499999965027,32.36380001965523],[115.15679999992017,32.362599959820329],[115.15920011958985,32.358999960180086],[115.16119992044003,32.356999980364833],[115.16420016040911,32.356199969553018],[115.16780016004941,32.356999980364833],[115.17239988025028,32.358999960180086],[115.17940007984987,32.36159997036242],[115.18220016040914,32.361399989917629],[115.18459992035014,32.360599980005134],[115.18719983970095,32.356999980364833],[115.19039988025031,32.351799960000221],[115.19279999992011,32.349400020194821],[115.19359991990041,32.346800010012487],[115.19319995991032,32.342200020014957],[115.19399987989061,32.340400019745175],[115.19560007958012,32.338799999920127],[115.19979983979078,32.337199980095079],[115.20219996035996,32.337999990007575],[115.20380016004935,32.339600009832623],[115.20820007966995,32.343200010372243],[115.21059983961095,32.344000020284739],[115.21379988016042,32.344800030197291],[115.21720008011971,32.344000020284739],[115.2212000397501,32.341799970092609],[115.22400012030937,32.338600020374713],[115.22660003966018,32.336000010192379],[115.22959991990047,32.335000019835093],[115.23080015959977,32.334800040289679],[115.23399984042032,32.335800029747645],[115.23639996009013,32.337199980095079],[115.23840011976972,32.338999980364861],[115.23840011976972,32.342200020014957],[115.23840011976972,32.343200010372243],[115.23780000036982,32.343599970362391],[115.23600000010003,32.346600029567753],[115.23499991981055,32.349999959730383],[115.23560004010983,32.353000019835122],[115.23740004037961,32.356600020374685],[115.24119983970093,32.358600000189881],[115.24780008020957,32.358200040199733],[115.25600015977966,32.357600009832652],[115.26320015995952,32.356400039929952],[115.2690001198597,32.35580000956287],[115.27359984006068,32.356999980364833],[115.27800012030934,32.360200020014986],[115.28179991963066,32.361800039840034],[115.28639999956044,32.363199990187468],[115.28920008011971,32.363399969732882],[115.2920001597796,32.362199999830182],[115.2932000397501,32.361200010372215],[115.29479987971069,32.360200020014986],[115.29740015968969,32.360200020014986],[115.30100016022925,32.36159997036242],[115.30619999983014,32.36380001965523],[115.30900008038941,32.364399960090111],[115.31239991972063,32.364399960090111],[115.31859983961101,32.36499998955793],[115.32179988016037,32.36619996035995],[115.32440016013936,32.367999959730412],[115.32920003975005,32.37080004028968],[115.33340015968963,32.373399959640494],[115.33700016022931,32.374999980364862],[115.3389999601801,32.375199959910276],[115.34619996035997,32.374799999920128],[115.35040008029955,32.37419996955299],[115.35260003966016,32.37419996955299],[115.35440003992994,32.375199959910276],[115.35900011985973,32.377599989647877],[115.3630000803895,32.381000009742706],[115.36319988007051,32.381000009742706],[115.36740000001009,32.384799989827741],[115.36980011967989,32.388599969912718],[115.37160011994968,32.392199969553019],[115.37219987962078,32.396200020014987],[115.37120015995947,32.399199990187469],[115.36859987998059,32.403999959730413],[115.36559999974031,32.406800040289681],[115.36260012039929,32.408999999650291],[115.36120008011972,32.409999990007577],[115.35860015986952,32.411600009832625],[115.35400007993985,32.414399999560374],[115.35159996027005,32.416199999830155],[115.35019991999036,32.41780001965526],[115.35019991999036,32.41880001001249],[115.35059987998056,32.420600010282328],[115.35299999965036,32.421999959730385],[115.35599987989065,32.422599990097524],[115.36080012012951,32.42359997955549],[115.36340004037959,32.425399979825272],[115.36639991972061,32.428400039929954],[115.36840008029958,32.431799970092584],[115.37099999965028,32.434399980274918],[115.37279999992018,32.435199990187471],[115.37639999956036,32.434399980274918],[115.38079992008034,32.43279995955055],[115.38420012003962,32.429799990277388],[115.3868000402897,32.42580002974762],[115.38699983997071,32.420799989827742],[115.3864000802995,32.41659995982036],[115.38619991999042,32.413599989647878],[115.38699983997071,32.411199959910277],[115.38860003966022,32.409399959640496],[115.39100016022928,32.408000010192382],[115.39519992044006,32.408199989737795],[115.40099988034024,32.409999990007577],[115.40419991999033,32.411400030287211],[115.40639988025032,32.41420002001496],[115.40620007967004,32.416000020284741],[115.40559996027002,32.41780001965526],[115.40300004001995,32.42120003975009],[115.40120003975005,32.42359997955549],[115.40019996035994,32.425399979825272],[115.40019996035994,32.42580002974762],[115.39980000036974,32.426000010192354],[115.40019996035994,32.42819996955302],[115.40120003975005,32.431200029657703],[115.40360016031923,32.433000029927484],[115.40639988025032,32.433399989917632],[115.41319992044009,32.433000029927484],[115.41560004010978,32.433800039840037],[115.41759984006057,32.43500000974268],[115.41780000036977,32.436999989557933],[115.41700008038947,32.441200019565315],[115.41740004037968,32.44320000027983],[115.41899988034027,32.444800020104879],[115.42140000001007,32.444399970182531],[115.42460003966016,32.444000010192383],[115.42979988016043,32.442599969912749],[115.4343999600901,32.441000040019901],[115.4387998797107,32.438799989827714],[115.44199992026017,32.438199960359952],[115.44919992044004,32.4386000102823],[115.45800012030941,32.4386000102823],[115.46219987962081,32.437999979915219],[115.46700011985968,32.4386000102823],[115.46920008011966,32.437999979915219],[115.47100008038944,32.436399960090114],[115.47180000036974,32.434800030197266],[115.47219996035994,32.433200010372218],[115.47320003975005,32.432200020014989],[115.47640008029953,32.430799979735355],[115.48040003992992,32.429600009832654],[115.48519992043998,32.427800009562816],[115.48860012039927,32.426199989737768],[115.49180016004937,32.423200019565286],[115.49419991999036,32.419600019925042],[115.49540015968967,32.416800030197294],[115.49760011994965,32.414799959550521],[115.49999987989065,32.413799970092612],[115.49980008020964,32.413799970092612],[115.50160007958004,32.414599980005107],[115.50380003984003,32.415599970362393],[115.50380003984003,32.415800039840008],[115.50419999983023,32.415800039840008],[115.50579983979082,32.41659995982036],[115.5066001203993,32.41659995982036],[115.50880007975991,32.417000009742708],[115.51200012030938,32.417399969732855],[115.51439988025038,32.417399969732855],[115.51659983961099,32.417000009742708],[115.51860000018996,32.415800039840008],[115.51979988016035,32.415200010372246],[115.52000003957028,32.414399999560374],[115.52000003957028,32.413200029657673],[115.52000003957028,32.412999960180059],[115.51939992017026,32.410400039929925],[115.51939992017026,32.410199969552991],[115.51939992017026,32.409999990007577],[115.51979988016035,32.407800029747648],[115.52079995955057,32.406000030377129],[115.52360004010984,32.405200019565314],[115.52619996035992,32.4050000400199],[115.52759999974023,32.4050000400199],[115.52780016004942,32.4050000400199],[115.5319999202602,32.405400000010047],[115.5323998802503,32.405400000010047],[115.53379991963061,32.405400000010047],[115.53580008020958,32.404599990097495],[115.53800003957019,32.403400020194852],[115.54019999983018,32.402600010282299],[115.54080012012946,32.402400029837565],[115.54099991981047,32.402400029837565],[115.54179983979088,32.402799989827713],[115.54319988007046,32.403799980184999],[115.54480007975997,32.4062000099226],[115.54480007975997,32.406399990367333],[115.54499988034024,32.406800040289681],[115.54639991972056,32.408399970182529],[115.54719983970085,32.408600039660143],[115.54819991999034,32.408600039660143],[115.54940015968964,32.407399979825243],[115.55179991963064,32.4062000099226],[115.55380008020961,32.405400000010047],[115.55600003957022,32.404799969642909],[115.55759988043019,32.404799969642909],[115.55939987980071,32.405200019565314],[115.56259992035007,32.408000010192382],[115.56799992026015,32.411999969822773],[115.57360007958005,32.41659995982036],[115.57779983979083,32.41880001001249],[115.5834000000101,32.421999959730385],[115.58760011994968,32.424000030377158],[115.58980008020956,32.42459996991272],[115.59160007958008,32.42580002974762],[115.59179988016035,32.42580002974762],[115.59459995982036,32.426399970182501],[115.59639996009014,32.426800020104906],[115.59800015977964,32.427199980095054],[115.59880007975994,32.427199980095054],[115.60039991972053,32.42699999965032],[115.60119983970094,32.425599960270006],[115.60200012030941,32.423799960000224],[115.60259987998052,32.421999959730385],[115.60340015968973,32.420600010282328],[115.60460003966011,32.419400040379628],[115.60740012021938,32.417600040109789],[115.6100000395702,32.416000020284741],[115.61219999983018,32.414399999560374],[115.61479992008026,32.411600009832625],[115.61619996035995,32.408800020104877],[115.61720003975006,32.407399979825243],[115.61799995973047,32.407000019835095],[115.61860008002975,32.4062000099226],[115.61979996000025,32.406000030377129],[115.62220007967005,32.407000019835095],[115.62220007967005,32.407200000279829],[115.62620004019971,32.409800009562844],[115.63139987980071,32.413799970092612],[115.63660008002978,32.417600040109789],[115.64060003966017,32.420999970272476],[115.64439983988075,32.424200009922572],[115.64480015959975,32.42459996991272],[115.64700011985974,32.427600030017402],[115.64880012012952,32.43040001974515],[115.64979983979083,32.430799979735355],[115.6502001604091,32.429999969822802],[115.65000000010002,32.424800040289654],[115.64899991981054,32.42120003975009],[115.64799984042031,32.413400010102464],[115.64840016013932,32.412200040199764],[115.64899991981054,32.411199959910277],[115.65000000010002,32.409999990007577],[115.6525999203501,32.409199980095082],[115.6574001596897,32.409199980095082],[115.65960011994969,32.410400039929925],[115.66339992017026,32.413799970092612],[115.66559988043025,32.41880001001249],[115.66900008038942,32.432399999560403],[115.67099988034022,32.435800019655233],[115.67499983997072,32.442399990367335],[115.67599992026021,32.445999990007579],[115.6763998802503,32.449400010102408],[115.67499983997072,32.453399969732857],[115.6752000002798,32.453800019655262],[115.6752000002798,32.454000000099995],[115.6752000002798,32.454399960090143],[115.67419991999043,32.455800000369777],[115.67340000001002,32.458400009652792],[115.67159999974024,32.461599960270007],[115.67000015977965,32.463999990007608],[115.66860012039933,32.464999980364837],[115.66900008038942,32.466400019745151],[115.67019996035992,32.467799970092585],[115.67139984033042,32.4680000395702],[115.67660003966012,32.46820002001499],[115.67699999965032,32.46820002001499],[115.68300011985968,32.4680000395702],[115.68679992008026,32.467799970092585],[115.68939984033045,32.46820002001499],[115.69240008029954,32.469399989917633],[115.69439988025033,32.471199990187472],[115.69479984024053,32.471199990187472],[115.69499999965035,32.472999989557934],[115.69420007967005,32.474999970272449],[115.69259987998055,32.477200019565316],[115.69079987971077,32.478800040289684],[115.69039991972056,32.479800029747651],[115.68800015977956,32.481399959640498],[115.68620016040916,32.48319995991028],[115.68620016040916,32.483400030287214],[115.68620016040916,32.483799990277362],[115.68539987980068,32.486000039570229],[115.68539987980068,32.486399999560376],[115.68620016040916,32.488199999830158],[115.68859992035016,32.492199960359926],[115.69200012030933,32.495599979555436],[115.69460003966014,32.496399990367308],[115.69579991963064,32.496800040289656],[115.69700016022932,32.496800040289656],[115.69820004019971,32.496399990367308],[115.70240016013929,32.49359999974024],[115.70580000036978,32.490800010012492],[115.7087998797108,32.489000009742711],[115.71180011967988,32.487399989917662],[115.71540012021944,32.486200020014962],[115.71980003984004,32.484799979735328],[115.7253998403304,32.482600020374718],[115.72800012030939,32.481199980095084],[115.73120015995949,32.479599960269979],[115.73340012021947,32.478200009922546],[115.73560007958008,32.477799960000198],[115.73579988016036,32.477799960000198],[115.73840016013935,32.477799960000198],[115.73880012012955,32.477799960000198],[115.74299988034022,32.478200009922546],[115.74579996000023,32.479399979825246],[115.75040003993001,32.481399959640498],[115.75360007958011,32.483400030287214],[115.75379988016039,32.483400030287214],[115.75680012012947,32.486399999560376],[115.75839996009017,32.489600040109792],[115.76019996035996,32.49359999974024],[115.76080007975997,32.498000010192357],[115.76099988034025,32.502999960180091],[115.76099988034025,32.503400010102439],[115.76099988034025,32.503599989647853],[115.76099988034025,32.506000020284773],[115.76159999974027,32.507199990187473],[115.76260008002976,32.507199990187473],[115.76279987971077,32.507199990187473],[115.76360016031924,32.506800030197269],[115.76639988025033,32.504200020014991],[115.76660003966015,32.504200020014991],[115.76980008020962,32.500600020374691],[115.77319992043999,32.496800040289656],[115.77620016040919,32.492600010282274],[115.77660012039928,32.492600010282274],[115.77780000036978,32.489800019655206],[115.77899988034028,32.487399989917662],[115.77980016004938,32.48540001010241],[115.78020012003958,32.482799999920132],[115.77980016004938,32.480399970182532],[115.77899988034028,32.47740000001005],[115.77620016040919,32.473199970002668],[115.77419999983022,32.470199999830186],[115.7739998404204,32.469200010372219],[115.7739998404204,32.468399999560404],[115.77419999983022,32.4680000395702],[115.7752000801197,32.46699996018009],[115.7760000001,32.46699996018009],[115.7771998800705,32.46699996018009],[115.77899988034028,32.467400010102438],[115.7795999997403,32.467400010102438],[115.78219991999038,32.470199999830186],[115.78579991963068,32.473800000369749],[115.79019984015054,32.477599979555464],[115.79500008038951,32.482799999920132],[115.7973998403304,32.486000039570229],[115.79940000001011,32.488199999830158],[115.80159996026998,32.489399969732858],[115.80400007993978,32.490999989557906],[115.80660000018997,32.491999979915192],[115.80919992044005,32.494200030107379],[115.81139987980066,32.495400000010022],[115.81300008038943,32.497800029747623],[115.81459992035013,32.500999980364838],[115.81620012003953,32.502400019745153],[115.81639991972054,32.502400019745153],[115.81779996000023,32.502999960180091],[115.81940015968974,32.502999960180091],[115.82160011994961,32.5027999797353],[115.82399987989061,32.501600009832657],[115.82719992044008,32.500400039929957],[115.83079992008027,32.500199969553023],[115.83219996035996,32.500199969553023],[115.83320003975007,32.500400039929957],[115.83439991972057,32.501199959910252],[115.83519983970086,32.502600000189886],[115.83560016031925,32.504599980005139],[115.83540000001005,32.508999989557935],[115.83479987971077,32.51159999974027],[115.83460008002976,32.513599979555465],[115.83460008002976,32.513799960000199],[115.83460008002976,32.514000030377133],[115.83560016031925,32.5173999596405],[115.83560016031925,32.520200040199768],[115.83479987971077,32.52320001037225],[115.83500004001985,32.526000000099998],[115.83619991999035,32.52899997027248],[115.83860003966015,32.531599979555438],[115.83860003966015,32.531799960000228],[115.84100016022933,32.534199989737772],[115.84500011985972,32.536400039929958],[115.84839996009009,32.537400030287245],[115.85080007975989,32.537799990277392],[115.85379996000017,32.537999969822806],[115.85499983997067,32.538600000189888],[115.85499983997067,32.538799979735302],[115.85800007993976,32.541200010372222],[115.86139992017024,32.545400040379604],[115.86620016040911,32.550599969912753],[115.87160016031919,32.556999960180065],[115.87579991963059,32.562399960090147],[115.87939992017027,32.566200030107382],[115.88159988043014,32.569599960270011],[115.88379983979087,32.57360000983266],[115.88479992008035,32.576799959550556],[115.88640011976975,32.577800039840042],[115.88879987971075,32.579000009742686],[115.89239988025031,32.57939996973289],[115.89680015959971,32.578800030197272],[115.90160004010977,32.578599959820338],[115.90599995973037,32.578399980274924],[115.90899983997065,32.577599970362371],[115.91120015995944,32.576200020014937],[115.91399987989064,32.573799990277394],[115.91420004019972,32.573799990277394],[115.91780003984002,32.570600039660178],[115.91939987980072,32.569800029747626],[115.9200000001,32.569399979825278],[115.92020016040908,32.569000019835073],[115.9211998800705,32.567400000010025],[115.9228000797599,32.567799960000229],[115.92299988034029,32.567799960000229],[115.92839988025037,32.570399970182507],[115.93260000018995,32.572199969553026],[115.93739987980064,32.574999960180094],[115.94059992035011,32.578000020284776],[115.94059992035011,32.57819999983019],[115.94340000001,32.58160001992502],[115.94739995964051,32.58620000992255],[115.95060000018987,32.592200040199771],[115.95260015986958,32.596399980274896],[115.95480012012945,32.60019996035993],[115.95499991981046,32.600799989827692],[115.95579983979087,32.601799980184978],[115.95700008038943,32.603000040019879],[115.95819996035993,32.603799960000231],[115.95959999974025,32.604599969912726],[115.96100004001994,32.605000019835074],[115.96219991999033,32.605599960270013],[115.96359996027002,32.605599960270013],[115.96499999965033,32.606199989737775],[115.96759991990041,32.606600039660179],[115.9689999601801,32.606600039660179],[115.9701998401506,32.606600039660179],[115.97159988043018,32.606600039660179],[115.97299991981049,32.606600039660179],[115.97420016040917,32.606600039660179],[115.98459983961095,32.606199989737775],[115.98779988016042,32.605599960270013],[115.98860015986952,32.605599960270013],[115.98999984042041,32.605200000279865],[115.99139987980072,32.604800040289661],[115.99260012039929,32.604399990367313],[115.9940001597796,32.603799960000231],[115.99539984033038,32.603200019565293],[115.99660008002968,32.602400009652797],[115.99800012030937,32.601999959730392],[116.00359991990047,32.599600019925049],[116.00819999983014,32.597000009742715],[116.01259992035011,32.59439999956038],[116.01759996026999,32.590600020374666],[116.01879984024049,32.588399970182536],[116.02100016022928,32.584599990097502],[116.02339992017028,32.579199990187476],[116.02460015986958,32.573999969822808],[116.02580003984008,32.568599969912725],[116.02680012012945,32.562999989557909],[116.02839996009016,32.559200010372251],[116.02940004037964,32.557200029657679],[116.03099988034023,32.555999969822778],[116.03220012003953,32.555199959910283],[116.03400012030932,32.553999990007583],[116.03639988025031,32.552600039660149],[116.03900016022931,32.551800029747653],[116.04260015986949,32.551000019835101],[116.0453998798007,32.550599969912753],[116.04780000036976,32.549599979555467],[116.05160016031925,32.547999959730419],[116.05539995964045,32.546799989827718],[116.05960007958004,32.545600019925018],[116.0650000803895,32.544600029567789],[116.07400007993976,32.54280003019727],[116.08059995982035,32.542000020284775],[116.08419996035991,32.541000029927488],[116.08539984033041,32.54059998000514],[116.08679987971072,32.53940001010244],[116.0876001603192,32.537600009832659],[116.08779996000021,32.535199980095058],[116.08859987998051,32.53239999036731],[116.0899999202602,32.529999959730389],[116.09240003993,32.52780000036978],[116.09340012021948,32.525199990187446],[116.09460000018987,32.521400010102411],[116.0948001595998,32.521400010102411],[116.09579988016037,32.516399970182533],[116.09719992044006,32.510600010282303],[116.09740007984988,32.508999989557935],[116.09840016013936,32.507399969732887],[116.09939987980067,32.505599970362368],[116.10039996009016,32.503599989647853],[116.10140004037964,32.501799990277391],[116.10219996035994,32.499999990007609],[116.10439991972055,32.496000030377161],[116.10519983970096,32.493799980184974],[116.10640008029952,32.491400040379631],[116.10720000027982,32.490000000099997],[116.10740015968963,32.489399969732858],[116.10759996027002,32.488800030197297],[116.10820007967004,32.48780003984001],[116.10899999965034,32.484999960180062],[116.10979991963063,32.482400039929928],[116.11040003992991,32.480999999650294],[116.11040003992991,32.480600039660146],[116.11059983961093,32.480000010192384],[116.11199987989062,32.47859996991275],[116.11280015959971,32.47740000001005],[116.11479995955051,32.475200039750064],[116.1150001198597,32.47399997991522],[116.1150001198597,32.472399960090115],[116.11439999956042,32.470599959820333],[116.11400003957021,32.469599970362367],[116.11439999956042,32.468799959550552],[116.1150001198597,32.468799959550552],[116.11580003984,32.469599970362367],[116.11680012012948,32.470199999830186],[116.11800000009998,32.470000020284772],[116.11959984006069,32.469599970362367],[116.12440008029955,32.467400010102438],[116.12459987998056,32.467400010102438],[116.13120011958995,32.464600020374689],[116.13600000010001,32.462000010192355],[116.13740004037959,32.46120000027986],[116.13800015977961,32.460599969912721],[116.1388000797599,32.459599979555492],[116.1399999597304,32.457999959730387],[116.14060008002969,32.456600010282273],[116.14060008002969,32.454999989557905],[116.14060008002969,32.453199990187443],[116.1407998797107,32.451399989917661],[116.14100004001989,32.448799979735327],[116.14179996000018,32.445199980095083],[116.14259987998059,32.442599969912749],[116.14399992026017,32.440599990097496],[116.14539995964049,32.439599999740267],[116.14700016022925,32.439400020194853],[116.14979988016046,32.439799980185001],[116.15460012039932,32.441000040019901],[116.15739984033041,32.441599979555463],[116.15759999974023,32.441599979555463],[116.15780016004942,32.44200003037713],[116.15940000001001,32.442200009922544],[116.16140015968972,32.44200003037713],[116.16299999965031,32.44079996964291],[116.16339995964051,32.439599999740267],[116.1640000799398,32.437199970002666],[116.1640000799398,32.435600040109819],[116.16419987962081,32.433800039840037],[116.16479999992009,32.430799979735355],[116.16580008020958,32.428400039929954],[116.1676000795801,32.42699999965032],[116.16959988043016,32.426600039660173],[116.17080012012946,32.426600039660173],[116.17319988007046,32.42699999965032],[116.17620012003954,32.428600020374688],[116.17679987971076,32.428799999920102],[116.17700004001995,32.428999980364836],[116.17779996000024,32.429600009832654],[116.17880004028973,32.430799979735355],[116.17980011967984,32.43279995955055],[116.18020007967004,32.434599959820332],[116.18120015995953,32.436600029567785],[116.18120015995953,32.437600019925014],[116.18160011994962,32.438999970272448],[116.18219987962084,32.441799960000196],[116.18240003992992,32.443800029747649],[116.18279999992012,32.445600030017431],[116.18300016022931,32.447199959910279],[116.1834001202194,32.448799979735327],[116.18399987989062,32.450200020014961],[116.18439983988071,32.451599970362395],[116.18480015959972,32.452399980274947],[116.18520011958992,32.452800030197295],[116.1853999201702,32.453199990187443],[116.1857998801604,32.453800019655262],[116.18679995955051,32.454399960090143],[116.18780003984,32.454800010012491],[116.18880012012949,32.454800010012491],[116.18979983979079,32.454800010012491],[116.19000000009999,32.454600029567757],[116.19060012039927,32.454600029567757],[116.19140004037968,32.454199979645409],[116.19219996035997,32.453800019655262],[116.19380016004936,32.452599959820361],[116.19439991972058,32.452199999830157],[116.19540000001007,32.451599970362395],[116.19680004028965,32.450799959550523],[116.19820007966996,32.450200020014961],[116.19939995964046,32.449400010102408],[116.20220004019973,32.448600000189913],[116.20239983988074,32.448600000189913],[116.20260000018993,32.448600000189913],[116.20479995955054,32.44899996018006],[116.20699991981053,32.450399999560375],[116.20739987980062,32.452199999830157],[116.20699991981053,32.455199970002639],[116.20640016013931,32.457599999740239],[116.20640016013931,32.457799980184973],[116.20559988043021,32.460599969912721],[116.20559988043021,32.460800040289655],[116.20559988043021,32.461000019835126],[116.20619999983023,32.462000010192355],[116.20779983979082,32.463800009562817],[116.20800000010001,32.463800009562817],[116.2095998400606,32.464199969553022],[116.21139984033039,32.463999990007608],[116.21540015968969,32.462600039660174],[116.21980008020955,32.461000019835126],[116.22139992017026,32.460800040289655],[116.22300011985976,32.461000019835126],[116.22560004010984,32.462399970182503],[116.22579983979085,32.462600039660174],[116.22819996035992,32.464799999920103],[116.23060008002972,32.466400019745151],[116.23100004001992,32.466400019745151],[116.2328000402897,32.466200040199737],[116.23299983997072,32.466200040199737],[116.23439988025029,32.465400030287242],[116.2352001599595,32.464799999920103],[116.23700016022929,32.462199989737769],[116.23820004019979,32.459000040019873],[116.2392001195899,32.456999970272477],[116.23939992017029,32.456999970272477],[116.24159988043016,32.456400029837539],[116.24360004010987,32.456400029837539],[116.24479992008025,32.456600010282273],[116.24659992035015,32.457799980184973],[116.24799995973046,32.459599979555492],[116.24820012003954,32.459599979555492],[116.24879987971076,32.462199989737769],[116.24879987971076,32.463399959640469],[116.24820012003954,32.464600020374689],[116.24780016004945,32.465600009832656],[116.24720003975006,32.466799979735356],[116.24699988034024,32.4680000395702],[116.24339987980068,32.473400040379602],[116.24320008011966,32.473600019925016],[116.24159988043016,32.476799969642911],[116.2407999595506,32.477799960000198],[116.24019984015058,32.479800029747651],[116.2407999595506,32.482400039929928],[116.24199984042036,32.483799990277362],[116.24379983979088,32.485200029657676],[116.24759999974026,32.487399989917662],[116.25180011967984,32.489800019655206],[116.25500016022932,32.491999979915192],[116.25819984015061,32.493999959730388],[116.26120008011969,32.495799960000227],[116.26239996009019,32.497200000279861],[116.26359984006058,32.500400039929957],[116.26359984006058,32.500600020374691],[116.26380000036977,32.502999960180091],[116.26380000036977,32.503200029657705],[116.26440011976979,32.506399980274921],[116.26440011976979,32.506599959820335],[116.26440011976979,32.506800030197269],[116.26359984006058,32.511799980185003],[116.26359984006058,32.511999959730417],[116.26340004037957,32.516000010192386],[116.26340004037957,32.516600039660148],[116.26380000036977,32.518999980364867],[116.26539984033047,32.520200040199768],[116.26779996000016,32.520400019745182],[116.26819991999037,32.520400019745182],[116.26859987998057,32.520600000189916],[116.27319995991024,32.521400010102411],[116.27960004010981,32.522399999560378],[116.2874001596897,32.523000029927516],[116.29500011985965,32.524000020284745],[116.30120003975014,32.524199999830159],[116.3067998402405,32.524199999830159],[116.31139992017029,32.523599970362397],[116.31800015977956,32.521799970092616],[116.32100004001984,32.520600000189916],[116.32140000001004,32.519999969822777],[116.32420007967005,32.517800009562848],[116.32679999992013,32.514800040289686],[116.32920011958993,32.511400020194856],[116.33199984042039,32.506199999830187],[116.3343999600902,32.501999969822805],[116.33739984033048,32.494599990097527],[116.33919983970088,32.489800019655206],[116.34059987998057,32.487000029927515],[116.34180011967987,32.484600000189914],[116.34220007966996,32.484600000189914],[116.34379991963067,32.48199999000758],[116.34720011958996,32.479399979825246],[116.35040016013932,32.47620003010735],[116.3538000003698,32.473400040379602],[116.35679987971071,32.471199990187472],[116.36259983961099,32.466400019745151],[116.36859995982036,32.461599960270007],[116.37500004001993,32.456999970272477],[116.37780011967982,32.454399960090143],[116.3787998402405,32.453800019655262],[116.38260000018988,32.451200010372247],[116.38519992044007,32.449799970092613],[116.38760004010987,32.448799979735327],[116.38879992008026,32.447600009832627],[116.39000015977956,32.446999980364865],[116.39199995973047,32.445600030017431],[116.39499983997075,32.444399970182531],[116.39760011994963,32.443399979825244],[116.39800007993983,32.443399979825244],[116.39919995991033,32.443000019835097],[116.40060000018991,32.443000019835097],[116.40200003957023,32.442800040289683],[116.40319992043999,32.442800040289683],[116.40600000009999,32.44320000027983],[116.40719988007049,32.443399979825244],[116.40859992035007,32.444000010192383],[116.41179996000017,32.444999999650292],[116.41659983961097,32.446999980364865],[116.42280012012952,32.449599989647879],[116.4261999603599,32.450599980005109],[116.42940000001011,32.451000029927513],[116.43239988025039,32.451000029927513],[116.43519995991028,32.450599980005109],[116.43919992044005,32.449400010102408],[116.44520003975015,32.447999969822774],[116.45539992017029,32.444600039660145],[116.46299988034025,32.44200003037713],[116.46799992026013,32.440400009652762],[116.47140012021941,32.439400020194853],[116.47280015959973,32.438999970272448],[116.47500011985971,32.438400029837567],[116.47699991981051,32.438199960359952],[116.47980000036978,32.439200039750062],[116.4815999997403,32.440200030107349],[116.48379996000017,32.44200003037713],[116.48499983997067,32.444000010192383],[116.48620007966997,32.448200040199765],[116.48779991963067,32.454199979645409],[116.48879999992016,32.460399990367307],[116.48919995991025,32.462600039660174],[116.48980008020965,32.464999980364837],[116.49020004019974,32.466400019745151],[116.49160007958005,32.466200040199737],[116.49300011985974,32.464799999920103],[116.49319992044002,32.464799999920103],[116.49719988007053,32.461000019835126],[116.49759984006062,32.460800040289655],[116.49899988034031,32.459799960000225],[116.49959999974021,32.459400000010021],[116.50039991972062,32.458599990097525],[116.50240008029948,32.457999959730387],[116.5046000396602,32.457799980184973],[116.50640003992999,32.458599990097525],[116.50860000018997,32.459200019565287],[116.50860000018997,32.459400000010021],[116.50939992017027,32.459599979555492],[116.50960007958008,32.459000040019873],[116.51079995955058,32.459599979555492],[116.51159988043025,32.459799960000225],[116.51199984042034,32.461599960270007],[116.51339987980066,32.464999980364837],[116.51339987980066,32.465199959910251],[116.51400000009994,32.465600009832656],[116.51479992008035,32.470000020284772],[116.51500008038943,32.474199960359954],[116.51479992008035,32.478000030377132],[116.51479992008035,32.478200009922546],[116.51559984006064,32.481800009562846],[116.51799995973045,32.484400019745181],[116.52040008029951,32.48540001010241],[116.52260003966012,32.486399999560376],[116.52479999992011,32.487599970362396],[116.52540012021939,32.489000009742711],[116.52580008020959,32.490199979645411],[116.52419987962082,32.495000040019875],[116.52299999965032,32.497399979825275],[116.52159996027001,32.500199969553023],[116.52159996027001,32.500400039929957],[116.52159996027001,32.500799999920105],[116.52159996027001,32.502400019745153],[116.5223998802503,32.504000039570201],[116.52379991963062,32.507399969732887],[116.52519995991031,32.510400029837569],[116.5262000401998,32.511999959730417],[116.52660000018989,32.512200030107351],[116.52839999956041,32.513799960000199],[116.53220016040916,32.516600039660148],[116.53719983970086,32.520600000189916],[116.54099999965035,32.523800039840012],[116.54480015959973,32.527999979915194],[116.5488001201295,32.532800040289658],[116.55180000036978,32.536600020374692],[116.55500004001988,32.539599989647854],[116.55680004028966,32.541200010372222],[116.55920015995946,32.543000009742684],[116.56199987989055,32.544199979645384],[116.56599984042032,32.545800000369752],[116.5701999603599,32.545999979915166],[116.57679984024048,32.546199960359957],[116.58520008011965,32.545400040379604],[116.59039991972054,32.545600019925018],[116.60400000009997,32.543199990187475],[116.60320008011968,32.544199979645384],[116.60379983979078,32.544800010012523],[116.60479992008027,32.54519997000267],[116.60699988034025,32.545999979915166],[116.61140015968965,32.547799980185005],[116.61459983961095,32.549599979555467],[116.61699996018012,32.550599969912753],[116.62099991981052,32.552000010192387],[116.62840008029957,32.554600020374664],[116.63200007993976,32.555600009832631],[116.63600003957026,32.556799979735331],[116.64200015977963,32.558200020014965],[116.6465998799805,32.559200010372251],[116.65199987989058,32.560599959820365],[116.65619999983016,32.561199990187447],[116.65980000036973,32.562399960090147],[116.66340000001003,32.563199970002643],[116.66720015995952,32.564799989827748],[116.6690001602293,32.565799980184977],[116.67300011985969,32.567400000010025],[116.67539987980069,32.569000019835073],[116.67800015977957,32.570999999650326],[116.67980016004935,32.572999980364841],[116.68039991972057,32.574200040199742],[116.68179996000026,32.577399989917637],[116.68299983997065,32.580000000099972],[116.68439988025034,32.581800000369753],[116.68659983961095,32.584799969642916],[116.68839983988073,32.587000019835102],[116.69039999956044,32.589199980095032],[116.69219999983022,32.59099998036487],[116.6943999600901,32.593400010102414],[116.69619996035999,32.595399989917667],[116.69619996035999,32.5955999703624],[116.69940000001009,32.597600040109796],[116.70220007966998,32.599800000369783],[116.70519995991026,32.601200039750097],[116.70919992044003,32.603400000010026],[116.71319988007042,32.605200000279865],[116.71639991972063,32.606399970182508],[116.7198001196798,32.607999990007556],[116.72340012021948,32.609400030287247],[116.72740007984987,32.610799979735305],[116.73000000009995,32.611599989647857],[116.73159984006065,32.612599980005143],[116.73380016004944,32.614599959820339],[116.73619991999033,32.616800010012525],[116.73780011967983,32.618600010282307],[116.74019987962083,32.620799969642917],[116.7414001202194,32.623200000279837],[116.7422000401998,32.625600030017438],[116.7429999601801,32.627799990277367],[116.74360007958012,32.630399999560382],[116.74360007958012,32.630799959550529],[116.74360007958012,32.63319999018745],[116.74280015959971,32.635800000369784],[116.7418000802096,32.637999959730394],[116.74059983961092,32.640800040289662],[116.73939995964054,32.644199969553028],[116.73780011967983,32.647799970092592],[116.73579996000024,32.652399960090122],[116.73259992035014,32.657400000010057],[116.73039996009015,32.660199989737805],[116.72759988043015,32.662400039929935],[116.72480015959979,32.663600009832635],[116.72079984024049,32.665200029657683],[116.71719983970092,32.666599980005117],[116.71260012039932,32.668399980274899],[116.70599987989056,32.670600029567765],[116.70239988025037,32.672400029837547],[116.70040008029957,32.673599999740247],[116.69879987971069,32.674799969642947],[116.69820012003959,32.676399990367315],[116.6979999597304,32.679600030017411],[116.69739984033038,32.683200029657712],[116.6972000397501,32.687800019655242],[116.6972000397501,32.690799989827724],[116.69820012003959,32.693799960000206],[116.70000012030937,32.697800009562854],[116.70159996026996,32.69979999027737],[116.70320015995947,32.700600000189922],[116.70540012021945,32.70099996018007],[116.70760007958006,32.700799979735336],[116.70959988043023,32.700200040199775],[116.71200000010003,32.698999980364874],[116.71559999974022,32.696600039660154],[116.71740000001,32.695000019835106],[116.71940015968971,32.693400000010058],[116.7217999196306,32.692200030107358],[116.72539992017028,32.690799989827724],[116.72799984042035,32.690400029837576],[116.73020016040914,32.690400029837576],[116.73140004037964,32.69060001028231],[116.73259992035014,32.690999970272458],[116.73500004001994,32.69159999974022],[116.73640008029952,32.691999959730424],[116.73659987998053,32.69279996964292],[116.73740015968963,32.69400003037714],[116.73759996027002,32.695800029747602],[116.73799992026022,32.697999990007588],[116.73720000027981,32.699999969822784],[116.73619991999033,32.701799970092623],[116.73380016004944,32.7043999802749],[116.73299988034023,32.708199960359934],[116.73299988034023,32.710799969642949],[116.73320003975005,32.713399979825283],[116.73399995973045,32.714199989737779],[116.73759996027002,32.715600030017413],[116.7429999601801,32.717999969822813],[116.74800000009998,32.719400010102447],[116.75180016004936,32.719599989647861],[116.75520000027984,32.718999960180042],[116.75800007993985,32.718200040199747],[116.75980008020963,32.717199959910261],[116.76200003957024,32.717199959910261],[116.76600000010001,32.717199959910261],[116.76939984033038,32.716799999920113],[116.77240008029958,32.716199969553031],[116.77640003992997,32.714600039660127],[116.78119992044003,32.713000019835079],[116.78720003975013,32.710599990097535],[116.79260003966021,32.708799989827696],[116.79580008020957,32.707600019925053],[116.79900011985967,32.706399960090152],[116.80520003975005,32.703599970362404],[116.80940015968963,32.701400010102418],[116.81300016022931,32.699400030287222],[116.81300016022931,32.698999980364874],[116.8157998801604,32.697999990007588],[116.81759988043018,32.696199989737806],[116.81759988043018,32.695800029747602],[116.81899991981049,32.693599979555472],[116.8193998798007,32.690999970272458],[116.82020016040917,32.686599959820342],[116.82060012039926,32.682999960180098],[116.82060012039926,32.682799979735307],[116.82200015977958,32.678800020104916],[116.82200015977958,32.678199989737777],[116.82200015977958,32.678000010192363],[116.82280007975999,32.676000030377168],[116.82299988034026,32.674799969642947],[116.82399995973037,32.672999970272485],[116.82519983970087,32.672199960359933],[116.82640008029955,32.670000000100003],[116.82860003966016,32.668800030197303],[116.83059983961095,32.667599970362403],[116.83339992017022,32.666200020014969],[116.83760004010981,32.664600000189921],[116.84159999974031,32.662600020374668],[116.8431998397009,32.661600030017439],[116.84400012030937,32.660800020104887],[116.84660003966019,32.659800029747601],[116.84940012021946,32.658000030377139],[116.85539987980064,32.654400029837575],[116.85920003975014,32.651800019655241],[116.85939984033041,32.651800019655241],[116.85959999974023,32.651800019655241],[116.86240008029949,32.650000020284779],[116.86659983961101,32.647400010102444],[116.86979988016037,32.645400030287192],[116.87259995982038,32.643800009562824],[116.87659992035015,32.64139997982528],[116.88099983997074,32.63900004001988],[116.88479999992012,32.636999970272484],[116.88760007958012,32.635800000369784],[116.88919992044009,32.635400040379636],[116.89040016013939,32.635199970002645],[116.89179983979079,32.634600029567764],[116.89319988007048,32.634199979645416],[116.89440011976978,32.634000000100002],[116.89580016004936,32.634000000100002],[116.89719983970087,32.634199979645416],[116.89840008029955,32.634600029567764],[116.89980011967987,32.635199970002645],[116.90120015995944,32.635800000369784],[116.90259983961096,32.636400029837546],[116.90380008020963,32.636999970272484],[116.90420004019973,32.637200039750098],[116.90579988016043,32.63900004001988],[116.90660015986953,32.640599969912728],[116.90660015986953,32.642000010192362],[116.90600003957024,32.644400039929963],[116.90579988016043,32.647200029657711],[116.90639999956045,32.649200010372226],[116.90660015986953,32.651199990187422],[116.90700011985973,32.654199960359961],[116.90759988043021,32.657400000010057],[116.90859995982032,32.659800029747601],[116.91020016040909,32.662199969553001],[116.91240011976981,32.664799979735335],[116.91380016004939,32.666000039570235],[116.9147998797107,32.667000029927465],[116.91759996026997,32.667800039840017],[116.92019987962078,32.668800030197303],[116.92159991990047,32.669000009742717],[116.92280015959977,32.669399969732865],[116.92419984015055,32.669800019655213],[116.92519992044004,32.670000000100003],[116.92720008011963,32.670999989557913],[116.93260008002972,32.672999970272485],[116.93499983997071,32.673599999740247],[116.93639988025029,32.673799980184981],[116.93739995964052,32.673999959730395],[116.93879999992009,32.674200030107329],[116.93999987989059,32.6744000096528],[116.94139992017028,32.674599990097533],[116.9427999595506,32.674799969642947],[116.94399984042036,32.674799969642947],[116.94539987980068,32.675000040019881],[116.94679992008025,32.675200019565295],[116.94800015977967,32.675599979555443],[116.94939984033044,32.675799960000234],[116.95079987971076,32.675799960000234],[116.95200012030932,32.675799960000234],[116.95340015968964,32.676000030377168],[116.95479984024053,32.676000030377168],[116.95600007993983,32.676200009922582],[116.9574001202194,32.676399990367315],[116.95880015959972,32.676399990367315],[116.96019984015061,32.676399990367315],[116.96140007984991,32.676599969912729],[116.96280012012949,32.676599969912729],[116.96420016040918,32.676599969912729],[116.96540004037968,32.676599969912729],[116.96680007975988,32.676399990367315],[116.96820012003957,32.676800040289663],[116.96940000001007,32.676599969912729],[116.97080004028965,32.676599969912729],[116.97220007966996,32.676599969912729],[116.97339995964046,32.676599969912729],[116.97479999992015,32.676599969912729],[116.97620004019973,32.676399990367315],[116.97739992017023,32.676200009922582],[116.97879995955054,32.676000030377168],[116.98019999983023,32.675799960000234],[116.98139987980062,32.675200019565295],[116.98279992008031,32.674799969642947],[116.98419996035989,32.673999959730395],[116.98539984033039,32.673400020194833],[116.9867998797107,32.672799989827695],[116.98819991999039,32.672199960359933],[116.98940015968969,32.671600019925052],[116.99979983979085,32.667599970362403],[117.00039996009014,32.667599970362403],[117.00299988034021,32.667000029927465],[117.00320003975014,32.667000029927465],[117.00540000001001,32.667000029927465],[117.00759996027,32.667000029927465],[117.00780011967981,32.667000029927465],[117.0107999999201,32.667599970362403],[117.01339992017029,32.668000020284751],[117.01339992017029,32.668399980274899],[117.0136000795801,32.668599959820369],[117.01400003957019,32.668800030197303],[117.01640016013937,32.670199979645417],[117.01919988007046,32.672400029837547],[117.02279987971076,32.675799960000234],[117.02459987998054,32.676399990367315],[117.02559996027003,32.677399979825282],[117.02879999992012,32.679600030017411],[117.03300011985971,32.68240001974516],[117.03759984006058,32.684399999560355],[117.04460003966017,32.687399969732894],[117.04939992017023,32.688800010012528],[117.05360004010981,32.689800000369758],[117.05979996000019,32.690999970272458],[117.06180011967979,32.691400020194806],[117.06299999965029,32.691400020194806],[117.06620004019976,32.691999959730424],[117.06800003957028,32.691999959730424],[117.07120008011964,32.692400009652772],[117.07440011976973,32.693599979555472],[117.07700004001993,32.695399979825254],[117.08060003966011,32.697800009562854],[117.08499996018008,32.702000039570237],[117.08979983979089,32.707199970002648],[117.09219996035995,32.711000040019883],[117.09439991972056,32.715199980095065],[117.09439991972056,32.716600020374699],[117.09439991972056,32.717199959910261],[117.09380016004945,32.718999960180042],[117.09039996009017,32.725999979915173],[117.08799984042037,32.728200030107359],[117.08340012021938,32.731200000279841],[117.08099999965032,32.732800020104889],[117.07880004028971,32.733600030017442],[117.07760016031921,32.734799999920085],[117.07740000001002,32.73640001974519],[117.07700004001993,32.738399999560386],[117.07800012030941,32.741600040109802],[117.07959996027,32.745999959730398],[117.07959996027,32.746400009652803],[117.0820000799398,32.7526000203747],[117.0843998398808,32.757399989917644],[117.08460000018988,32.757599970362378],[117.08819999983018,32.763400020194808],[117.09240011976976,32.768600039660157],[117.09380016004945,32.769999990007591],[117.09479987971076,32.771199959910291],[117.09640008029953,32.773599989647835],[117.09839988025033,32.778000000099951],[117.09879984024053,32.779199970002651],[117.10079999992013,32.781799980184985],[117.10199987989063,32.784399990367319],[117.10379988016041,32.788799999920116],[117.10439999956043,32.793000029927498],[117.10379988016041,32.798199960359909],[117.10379988016041,32.801400000010062],[117.10379988016041,32.802200009922558],[117.10460015986951,32.804600039660158],[117.10500011985971,32.809200029657688],[117.10699991981051,32.815800000369791],[117.10820016040918,32.821399979825287],[117.11099988034027,32.829200010372233],[117.11300004001987,32.834600010282315],[117.11459987998057,32.838200009922559],[117.11699999965037,32.842199969553008],[117.12020004019973,32.844999960180076],[117.1262001604091,32.847800039840024],[117.12700008038951,32.848199999830172],[117.12719988007052,32.848399980274905],[117.1285999203501,32.84880003019731],[117.12999995973041,32.849399969732872],[117.13079987971071,32.850000000099953],[117.13179996000019,32.850199979645424],[117.13240008029948,32.850399960090158],[117.1334001596897,32.850600029567772],[117.13479984024048,32.850800010012506],[117.13619987962079,32.851600019925058],[117.13659983961099,32.851600019925058],[117.13839983988078,32.85219996035994],[117.14140007984986,32.852999970272435],[117.14180003984006,32.852999970272435],[117.14320008011964,32.853200039750106],[117.14439996009014,32.85340002019484],[117.14640011976974,32.85340002019484],[117.14879987971074,32.853200039750106],[117.15180011967982,32.85340002019484],[117.15379991963061,32.85340002019484],[117.1568001595997,32.853200039750106],[117.15819984015059,32.852999970272435],[117.16019999983018,32.852999970272435],[117.16279992008026,32.852799989827702],[117.16480007975997,32.852600010282288],[117.16539984033045,32.852600010282288],[117.16800012030933,32.852400029837554],[117.17039988025033,32.852400029837554],[117.17300016022932,32.85219996035994],[117.17340012021941,32.85219996035994],[117.17539992017021,32.85219996035994],[117.17759988043019,32.852400029837554],[117.1797998397908,32.852400029837554],[117.18020016040919,32.852400029837554],[117.1803999600902,32.853200039750106],[117.18299988034028,32.853200039750106],[117.1835999997403,32.853200039750106],[117.18519983970089,32.853999959730402],[117.18519983970089,32.854200030107336],[117.18699983997067,32.85459999009754],[117.18920015995946,32.855200019565302],[117.19140012021944,32.856399990367322],[117.19320011958996,32.857800029747636],[117.19559988043022,32.859800009562832],[117.19640016013932,32.860999980364852],[117.19720008011961,32.861999969822818],[117.19860012039931,32.864399999560362],[117.1994000403796,32.867399969732844],[117.2001999603599,32.870600010282317],[117.19980000036981,32.873200019565274],[117.1994000403796,32.876000010192342],[117.19739987980063,32.880400019745139],[117.19339992017024,32.886000000099955],[117.19320011958996,32.886199979645369],[117.19000007993975,32.889799980184989],[117.18839988025036,32.891400000010037],[117.18680004028965,32.893599960270024],[117.18560016031915,32.895399959640486],[117.18380016004937,32.897799990277406],[117.1824001197698,32.899799970092602],[117.18140004037957,32.901599970362383],[117.1797998397908,32.90380001965525],[117.17819999983021,32.906400029837584],[117.17719992043999,32.908599990097514],[117.17579988016041,32.91059996991271],[117.17420004019971,32.913999990007596],[117.17359991990043,32.91540003028723],[117.17319995991033,32.915999969822792],[117.17300016022932,32.916600000189931],[117.17279999992013,32.917200029657693],[117.17200007993983,32.91879995955054],[117.17179991963064,32.921800019655223],[117.17120015995943,32.925200039750109],[117.17139995964044,32.927599979555453],[117.17300016022932,32.929800029747639],[117.17439983988072,32.931600030017421],[117.17660015986951,32.932600020374707],[117.18079992008029,32.933400030287203],[117.18500004001987,32.933400030287203],[117.18699983997067,32.933400030287203],[117.18659987998058,32.931399959640487],[117.18619991999037,32.929800029747639],[117.18560016031915,32.927400000010039],[117.18640008029956,32.925200039750109],[117.18659987998058,32.922999989557923],[117.18780011967988,32.921000009742727],[117.18799992026015,32.920199999830174],[117.18839988025036,32.919399989917679],[117.18879984024045,32.918000039570245],[117.18920015995946,32.917200029657693],[117.18960011994966,32.916200040199726],[117.19100016022924,32.91419996955301],[117.19260000018994,32.913199980095044],[117.19400003957026,32.913600030017449],[117.19479995955055,32.915199959910296],[117.19580003984004,32.91640001974514],[117.19479995955055,32.916600000189931],[117.19360007958005,32.916600000189931],[117.19280015959976,32.916999960180078],[117.19100016022924,32.91879995955054],[117.18939995964047,32.921199990187461],[117.18720000027986,32.92340004037959],[117.18720000027986,32.924999970272438],[117.18879984024045,32.925200039750109],[117.18979991963067,32.926599990097543],[117.19220004019974,32.928800040289673],[117.19280015959976,32.930199989737787],[117.19199987989066,32.930199989737787],[117.19019987962076,32.929599960270025],[117.18860003966017,32.929599960270025],[117.18780011967988,32.930999999650339],[117.18820007966997,32.933199959910269],[117.19119995991025,32.933799990277407],[117.19419984015053,32.934400019745169],[117.19720008011961,32.935799970092603],[117.19980000036981,32.939600040109838],[117.20279987971071,32.944400009652782],[117.20459987998049,32.94720000027985],[117.20879999992007,32.952799979735346],[117.21080015959978,32.953799970092575],[117.21260015986957,32.955200010372209],[117.21520008011964,32.956199999830176],[117.21679992008035,32.957000009742728],[117.21980016004943,32.957399969732876],[117.2232000002798,32.958399960090162],[117.22860000018989,32.958399960090162],[117.23559984006067,32.957800019655224],[117.24199992026013,32.956599959820323],[117.24479999992013,32.956399980274909],[117.24739992017021,32.95539998991768],[117.25059995982031,32.95539998991768],[117.2520000001,32.955200010372209],[117.25480007975989,32.954799959550542],[117.2567998797108,32.954399999560394],[117.25920000027986,32.954399999560394],[117.26099999965038,32.953799970092575],[117.26079984024045,32.95299996018008],[117.26079984024045,32.951600009832646],[117.26160011994966,32.950600020374679],[117.26200007993975,32.949399959640459],[117.26240003992996,32.949199980095045],[117.26380008020965,32.949199980095045],[117.26539992017024,32.948999999650312],[117.26979983979083,32.94839997018255],[117.27200015977962,32.94839997018255],[117.27299988034031,32.948800020104898],[117.27299988034031,32.94960003001745],[117.2714000403796,32.94960003001745],[117.26520011958996,32.950199969553012],[117.26420004019974,32.950199969553012],[117.26319995991025,32.950999980364827],[117.26300016022924,32.952400019745141],[117.26399987989066,32.951799990277379],[117.26520011958996,32.951400030287232],[117.26619984015053,32.950600020374679],[117.27100008038951,32.950199969553012],[117.27200015977962,32.950600020374679],[117.27299988034031,32.950600020374679],[117.2733998403304,32.950799999920093],[117.27180000036981,32.951400030287232],[117.2702001604091,32.951400030287232],[117.26899991981054,32.951400030287232],[117.26719992044002,32.951600009832646],[117.26560007958005,32.952400019745141],[117.26480015959976,32.952799979735346],[117.26499996018003,32.953799970092575],[117.26660015986954,32.953400010102428],[117.26780003984004,32.95299996018008],[117.26880012012953,32.953200029657694],[117.26939987980063,32.95299996018008],[117.2714000403796,32.952799979735346],[117.27299988034031,32.952799979735346],[117.27600012030939,32.952400019745141],[117.2789999996503,32.952600000189932],[117.28260000018997,32.952600000189932],[117.28180008020956,32.951400030287232],[117.28079999992008,32.950999980364827],[117.280599839611,32.950600020374679],[117.280599839611,32.950199969553012],[117.28100016022927,32.949999990007598],[117.28159991990049,32.949800009562864],[117.28220004019977,32.949999990007598],[117.28379988016036,32.951199959910298],[117.28599984042035,32.952200040199727],[117.28879992008035,32.953200029657694],[117.29480004028972,32.952799979735346],[117.30239999956041,32.952200040199727],[117.30840011976977,32.950999980364827],[117.30939984033046,32.950999980364827],[117.31340015968965,32.950400039929946],[117.31979988016042,32.949999990007598],[117.33059987998058,32.948999999650312],[117.33220007966997,32.948800020104898],[117.33440003992996,32.94839997018255],[117.34019999983013,32.947800029747611],[117.34239996009012,32.947800029747611],[117.34639991972062,32.947800029747611],[117.34740000001,32.947800029747611],[117.34880004028969,32.947800029747611],[117.35160011994969,32.94839997018255],[117.35460000018986,32.94960003001745],[117.35460000018986,32.949800009562864],[117.35740007984987,32.951600009832646],[117.35939987980066,32.95299996018008],[117.36380016004944,32.955599970362414],[117.36960011994961,32.958600029567776],[117.37519992044008,32.961200039750111],[117.38199995973036,32.962400009652754],[117.39060000018992,32.96340000001004],[117.40219991999038,32.963200019565306],[117.40439988025037,32.963200019565306],[117.40600007993976,32.963200019565306],[117.41159988043023,32.962599990097544],[117.4161999603599,32.96220003010734],[117.42040008029949,32.961799980184992],[117.42519995991029,32.961799980184992],[117.42839999956038,32.962400009652754],[117.43220016040914,32.963200019565306],[117.43840008029952,32.964399990367326],[117.44340012021939,32.966999999650341],[117.45079992008027,32.970999960180052],[117.45759996027004,32.975000009742701],[117.46379988016042,32.978199960359916],[117.46659995982031,32.97959999974023],[117.46860012039929,32.980400009652783],[117.47159999974031,32.981400000010069],[117.4731998397009,32.981200019565279],[117.47480004028967,32.981200019565279],[117.47639988025037,32.980200030107369],[117.47779991963068,32.978999970272469],[117.48020004019975,32.976600029567749],[117.48219984015054,32.974599959820353],[117.48520008011963,32.9725999800051],[117.48740004037961,32.971400010102457],[117.48819996035991,32.971400010102457],[117.49079987971072,32.972399999560366],[117.49439988025028,32.973399989917652],[117.49640003992999,32.97380003984],[117.50039999956039,32.974599959820353],[117.50360004010986,32.975600040109839],[117.50680007975996,32.977199970002687],[117.50720003975005,32.977400040379621],[117.50839991972055,32.97840002983753],[117.50960016031922,32.979400020194817],[117.50979996000024,32.97959999974023],[117.51040008029952,32.979999959730435],[117.51099983997074,32.980599990097517],[117.51279984024052,32.982000030377151],[117.51500016022931,32.983399979825265],[117.5166000001899,32.983399979825265],[117.52080012012948,32.982800040289703],[117.52539984033046,32.981200019565279],[117.53039988025034,32.978999970272469],[117.53719992044,32.974399980274939],[117.54540000001009,32.967800009562836],[117.55040003992997,32.962599990097544],[117.55559988043024,32.956399980274909],[117.56120003975013,32.950199969553012],[117.5672001599595,32.943999959730434],[117.57039983988079,32.940600029567747],[117.57239999956039,32.938800030197285],[117.57359988043015,32.938000020284733],[117.57560004010986,32.936799959550569],[117.57880007975996,32.935799970092603],[117.58079987971075,32.93499996018005],[117.58280004028973,32.932999980364855],[117.58600007993982,32.930399970182521],[117.59000003957021,32.926599990097543],[117.5933998798007,32.92460001028229],[117.59659992035006,32.923199970002656],[117.59739984033047,32.922399960090161],[117.59820012003956,32.92219997964537],[117.60199992026014,32.92219997964537],[117.60519995991024,32.922000000099956],[117.60760007958004,32.92219997964537],[117.61019999983023,32.92340004037959],[117.61319988007051,32.924400029837557],[117.61700004001989,32.925599999740257],[117.61859987998059,32.925999959730404],[117.62020007966998,32.925999959730404],[117.62139995964048,32.925400020194843],[117.62399987989056,32.923600019925004],[117.62679995955057,32.920800030197313],[117.63180000036982,32.91640001974514],[117.63500004001992,32.91299999965031],[117.63659987998051,32.912000010192344],[117.63879984024049,32.911000019835114],[117.64260000018987,32.910200009922562],[117.6436000795801,32.910399990367296],[117.64580003984008,32.910200009922562],[117.64959984006066,32.911200000279848],[117.65459987998054,32.91180002974761],[117.65919995991032,32.912800020104896],[117.66200003957022,32.913399959640458],[117.66440016013939,32.91419996955301],[117.66639996009019,32.915799990277378],[117.66780000036977,32.916799979735345],[117.66880007975999,32.917799970092574],[117.66939984033047,32.919399989917679],[117.66959999974029,32.921199990187461],[117.66959999974029,32.922000000099956],[117.66959999974029,32.92219997964537],[117.67020012003957,32.923600019925004],[117.67020012003957,32.924799989827704],[117.67160016031926,32.929000019835087],[117.67499999965037,32.935400010102455],[117.67780008020964,32.940600029567747],[117.68100011985973,32.944599990097515],[117.68219999983023,32.946800040289702],[117.68400000010001,32.948999999650312],[117.68659992035009,32.953400010102428],[117.68979996000019,32.959400040379592],[117.69299999965028,32.96459996991274],[117.69479999992018,32.967800009562836],[117.69519995991027,32.971799970092604],[117.69500016022926,32.976399960090134],[117.69559991990047,32.981200019565279],[117.69559991990047,32.985999990007599],[117.69559991990047,32.988600000189933],[117.69639983988077,32.993199990187463],[117.69779988016035,32.996799989827707],[117.69779988016035,32.996999970272441],[117.69980003984006,33.00000003037718],[117.70260012039932,33.004400039929976],[117.70419996035992,33.005600009832619],[117.7076001603192,33.006999960180053],[117.70980011967981,33.007400010102458],[117.71399987989059,33.007599989647872],[117.71639999956039,33.006999960180053],[117.71840016013937,33.006600000189906],[117.72579996000024,33.003999990007571],[117.72799992026012,33.003600030017424],[117.73079999992012,33.004199969552985],[117.7346001598695,33.005400030287205],[117.73820016040918,33.006999960180053],[117.73900008038947,33.007799970092606],[117.74120003975008,33.010800030197288],[117.74220012003957,33.014400029837532],[117.74379996000016,33.017799960000218],[117.74980008020964,33.027200010372212],[117.75499991981053,33.037599960270029],[117.75740004037959,33.040999980364859],[117.76359996026997,33.047000009742703],[117.76640003992998,33.047800019655256],[117.77320008011964,33.048000000099989],[117.77799995973044,33.046199999830208],[117.7823998802503,33.043599989647873],[117.78660000018988,33.040400039929978],[117.78959988043016,33.037800029747643],[117.79419996035995,33.03119997000266],[117.79620012003954,33.029199990187465],[117.79800012030933,33.028599959820326],[117.80120015995942,33.028599959820326],[117.81240011976979,33.03000000009996],[117.82519992044001,33.030800010012513],[117.8318001600494,33.031600019925008],[117.83199995973041,33.031800000369799],[117.8366000396602,33.033999959730409],[117.84120011958987,33.035599979555457],[117.84840011976974,33.03579996000019],[117.85259987998052,33.036800040289677],[117.85579991963061,33.037200000279825],[117.86219999983018,33.039199980095077],[117.86820012003955,33.040799999920125],[117.87239988025033,33.042200040199759],[117.87900011985971,33.045000029927508],[117.88400015977959,33.047800019655256],[117.89179991963067,33.054800040289706],[117.89679995955055,33.060400019745146],[117.89840016013932,33.063800039840032],[117.89979983979083,33.066999989557928],[117.90100008038951,33.072200009922597],[117.90119988007052,33.077600009832622],[117.89939987980063,33.08159997036239],[117.89859995982033,33.082800030197291],[117.89780003984004,33.083800019655257],[117.89499996018003,33.088400009652787],[117.89200007993975,33.096600000189881],[117.89079984024045,33.106200030107345],[117.89060003966017,33.112199969552989],[117.89120015995945,33.116200020014958],[117.89539992017023,33.136800030197264],[117.89840016013932,33.142799969642908],[117.90039996009011,33.145200000279829],[117.90339984033039,33.148400039929925],[117.90680004028968,33.150799979735325],[117.91079999992007,33.152399999560373],[117.91299996018006,33.152599980005107],[117.91919988007044,33.152000039570225],[117.92300004001993,33.150400019745177],[117.92940012021938,33.146800020104877],[117.94020012003955,33.140199960359951],[117.94659983961094,33.136800030197264],[117.94880015959973,33.136000020284769],[117.9540000001,33.13539998991763],[117.95680007975989,33.13539998991763],[117.96059987998058,33.137399969732883],[117.96299999965038,33.138399960090112],[117.96779988016044,33.141999959730413],[117.97200000010002,33.144599969912747],[117.97520003975012,33.146199989737795],[117.97999992026018,33.147600030017429],[117.98200007993978,33.147999990007577],[117.98439983988078,33.147999990007577],[117.98920008011964,33.147600030017429],[117.99380016004943,33.145800029747647],[117.99799992026021,33.143599979555461],[118.00059983961103,33.141999959730413],[118.00919988007047,33.135200010372216],[118.01260008002976,33.133400010102434],[118.01760011994963,33.131600009832653],[118.02060000018992,33.130999980364834],[118.02880007975989,33.1307999999201],[118.03179996000017,33.130999980364834],[118.03460003966018,33.1319999698228],[118.03700016022924,33.133400010102434],[118.04060015986954,33.136000020284769],[118.04339987980063,33.137399969732883],[118.0461999603599,33.138399960090112],[118.05040008029948,33.139199970002664],[118.05440003992999,33.139600019925012],[118.05720011958988,33.139400040379599],[118.05999984042035,33.139800000369746],[118.06340004037963,33.140600010282299],[118.06580016004943,33.141200039750061],[118.06859987998052,33.142599990097494],[118.07139995964053,33.144200009922599],[118.07340012021939,33.145200000279829],[118.07960004010988,33.148999980364863],[118.08119988007047,33.149799990277359],[118.08439991972057,33.150999960180059],[118.08820007966995,33.152000039570225],[118.10260008002979,33.156999989557903],[118.10599992026016,33.158600010282328],[118.10779991963068,33.15920003975009],[118.12320000027989,33.163000019835124],[118.12979988016036,33.165399959640467],[118.13439996009015,33.166400039929954],[118.14900011985969,33.168200040199736],[118.16099999965036,33.16840001974515],[118.16340012021942,33.16840001974515],[118.17100008038949,33.167199959910249],[118.18460015986955,33.165999990007606],[118.19660003966021,33.164600039660172],[118.20440016013936,33.162399990367305],[118.20819996035993,33.161200019565285],[118.21200012030931,33.159599999740237],[118.21439988025031,33.156999989557903],[118.21439988025031,33.153000029927512],[118.21380011967983,33.145200000279829],[118.21240008029952,33.133599989647848],[118.21060008002974,33.12379998018497],[118.21020012003953,33.119399969732854],[118.21079987971075,33.111600030017428],[118.21140000001003,33.10880004028968],[118.21460003966013,33.100199999830181],[118.21539995964054,33.081399989917657],[118.21560011994961,33.080000039570223],[118.21719995991032,33.07239999036733],[118.22240016013939,33.061400010102432],[118.22619996035996,33.051999959730381],[118.22799995973037,33.047399969732851],[118.22900004001986,33.042799979735321],[118.23260003966016,33.022799999920096],[118.23260003966016,33.010599959820354],[118.23299999965036,33.005999969822824],[118.23419987962086,33.00000003037718],[118.23620004019972,32.997200039750112],[118.23819984015051,32.993399969732877],[118.24019999983022,32.989799970092577],[118.24220016040908,32.986799999920095],[118.24459992035008,32.983800029747613],[118.24679987971069,32.980799969642931],[118.24959996026996,32.977800000369768],[118.25200007993976,32.975199990187434],[118.25499996018004,32.973000029927505],[118.25799984042033,32.970600000189904],[118.26079992008033,32.968799999920122],[118.26479987971072,32.967600030017422],[118.2668000402897,32.967600030017422],[118.27360007958009,32.967600030017422],[118.27860012039935,32.968199969552984],[118.28419991999033,32.968199969552984],[118.28959991990041,32.968199969552984],[118.2945999598204,32.967399959640488],[118.29679992008028,32.966399970182522],[118.29840011976978,32.965599960270026],[118.30079987971078,32.96459996991274],[118.30160016031925,32.964200009922592],[118.30219991999036,32.963799960000188],[118.30299983997065,32.963200019565306],[118.30340015968966,32.962400009652754],[118.30359996027005,32.961999959730406],[118.30499999965036,32.959400040379592],[118.30759991990044,32.957399969732876],[118.30979988016043,32.955599970362414],[118.31159988043021,32.954399999560394],[118.31219999983023,32.954399999560394],[118.3168000797599,32.952600000189932],[118.31739984033038,32.952400019745141],[118.3179999597304,32.952400019745141],[118.3191998397009,32.952600000189932],[118.32180011967989,32.952799979735346],[118.32419987962078,32.952799979735346],[118.32519995991026,32.952400019745141],[118.32819984015055,32.949999990007598],[118.32839999956036,32.949800009562864],[118.32900011985976,32.94960003001745],[118.32860015986955,32.951199959910298],[118.32980003984005,32.950600020374679],[118.33139987980064,32.949999990007598],[118.33239996009013,32.94960003001745],[118.33580016004942,32.948000010192345],[118.33819991999042,32.947399979825263],[118.33940015968972,32.947000019835116],[118.34139995964051,32.946599969912711],[118.34300016022928,32.946200009922563],[118.3435999199005,32.946200009922563],[118.34560007958009,32.946200009922563],[118.34700011985967,32.946200009922563],[118.34840016013936,32.946200009922563],[118.35020016040914,32.946000030377149],[118.35200015977966,32.945799960000215],[118.35359999974025,32.945200019565277],[118.35540000001004,32.945000040019863],[118.35680004028973,32.945000040019863],[118.35979991963063,32.944799969642929],[118.36220004019981,32.944799969642929],[118.3641998401506,32.944799969642929],[118.36580003984,32.945000040019863],[118.36779983979079,32.945000040019863],[118.37040011976978,32.945200019565277],[118.37159999974028,32.945200019565277],[118.37419991999036,32.945799960000215],[118.37559996027005,32.946000030377149],[118.37699999965037,32.946399990367297],[118.37900016022923,32.946800040289702],[118.38099996018013,32.947399979825263],[118.38239999956045,32.947800029747611],[118.38419999983023,32.948000010192345],[118.38579983979082,32.94839997018255],[118.3875998400606,32.949199980095045],[118.38980016004939,32.949800009562864],[118.39160016031917,32.950400039929946],[118.39320000027988,32.951199959910298],[118.39579991963069,32.951600009832646],[118.39619987962078,32.952400019745141],[118.39700016022925,32.954000039570246],[118.39960007958007,32.955000029927476],[118.40500008038941,32.956399980274909],[118.40839991972064,32.957199990187462],[118.4112000002799,32.956800030197314],[118.41260003966022,32.956800030197314],[118.41339995964051,32.957399969732876],[118.41379991963061,32.959199970002658],[118.41479999992009,32.961400020194844],[118.41580008020958,32.964800040289674],[118.41819984015058,32.967199980095074],[118.42340004037965,32.969999969822823],[118.42639991972055,32.973000029927505],[118.43099999965034,32.975199990187434],[118.43520011958992,32.976399960090134],[118.43639999956042,32.976600029567749],[118.43759988043018,32.976600029567749],[118.44060012039927,32.977199970002687],[118.44119988007049,32.977400040379621],[118.44200015977958,32.979799980184964],[118.44299988034027,32.980599990097517],[118.44619991999036,32.982599969912712],[118.45040003992995,32.984800020104899],[118.45460015986953,32.987600009832647],[118.46120003975011,32.992199999830177],[118.46699999965028,32.996799989827707],[118.46980008020955,32.999400000010041],[118.47020004019976,33.00000003037718],[118.47120011958987,33.00219998973779],[118.47160007958007,33.002800020104871],[118.47219984015055,33.003600030017424],[118.47279995955057,33.004199969552985],[118.47340007984985,33.004799999920124],[118.47399984042033,33.005400030287205],[118.47639996009013,33.007799970092606],[118.47840011976973,33.008799959550572],[118.47920003975014,33.008799959550572],[118.47939984033042,33.008399999560368],[118.47939984033042,33.00800003957022],[118.47899988034021,33.007200029657668],[118.47840011976973,33.006400019745172],[118.47780000036983,33.005600009832619],[118.47719988007043,33.004799999920124],[118.47679992008034,33.003999990007571],[118.47639996009013,33.003199980095076],[118.47679992008034,33.002000010192376],[118.47959999974023,33.00000003037718],[118.48200012030941,33.00000003037718],[118.48179996000022,33.001000019835089],[118.48140000001001,33.001800029747642],[118.48119983970093,33.002600039660138],[118.48079987971073,33.00339995964049],[118.48100004001992,33.004199969552985],[118.48100004001992,33.004799999920124],[118.48100004001992,33.005600009832619],[118.48100004001992,33.006400019745172],[118.48179996000022,33.007200029657668],[118.48259987998051,33.007799970092606],[118.4828000402897,33.009599970362387],[118.48259987998051,33.010000020284735],[118.4824000802995,33.010599959820354],[118.48219991999042,33.011000009742702],[118.4828000402897,33.011199990187436],[118.48439988025029,33.01740000001007],[118.48939992017029,33.023199959910301],[118.48979988016038,33.023999969822796],[118.49000003957019,33.024799979735349],[118.49000003957019,33.025599989647844],[118.49019984015058,33.026399999560397],[118.49100011985968,33.027000029927478],[118.49180003983997,33.027599970362417],[118.49540004037965,33.029600040109813],[118.49619996035995,33.030199979645374],[118.49680007975996,33.030999989557927],[118.49720003975006,33.031800000369799],[118.49739984033044,33.032600010282295],[118.49720003975006,33.033200039750113],[118.49759999974026,33.033999959730409],[118.50000012030932,33.037399979825238],[118.50299999965034,33.036399990367329],[118.50320015995942,33.039800009562839],[118.50800003957022,33.044799959550517],[118.50879995955052,33.045200010372241],[118.50940007984991,33.045000029927508],[118.51120008011969,33.043400010102459],[118.51200000009999,33.043799970092607],[118.51260012039927,33.044200020014955],[118.51239996009019,33.045000029927508],[118.51120008011969,33.046399980274941],[118.51120008011969,33.047800019655256],[118.51220016040918,33.049999979915185],[118.51400015977958,33.051599999740233],[118.51559999974029,33.051400020194819],[118.51719983970088,33.050199960359919],[118.51859987998057,33.049999979915185],[118.51920000027985,33.050400029837533],[118.52020007966996,33.051400020194819],[118.52039988025035,33.053200019565281],[118.52020007966996,33.054200009922567],[118.51899983997066,33.056600039660168],[118.51920000027985,33.057800009562868],[118.52039988025035,33.058600020374683],[118.52200007993974,33.058600020374683],[118.52439983988074,33.058199969553016],[118.52719992044001,33.056999999650316],[118.52960004010981,33.054200009922567],[118.53000000010002,33.053000040019867],[118.5306001203993,33.052599990097519],[118.53240011976982,33.052400009652786],[118.5374001596897,33.052200030107372],[118.53899999965029,33.052599990097519],[118.53960011994968,33.053599979555486],[118.53939995964049,33.05500001983512],[118.53899999965029,33.055399979825268],[118.53619991999039,33.056199989737763],[118.5338001600494,33.057999990007602],[118.5306001203993,33.058799999920097],[118.52200007993974,33.059799990277384],[118.52139995964046,33.060400019745146],[118.52619984015053,33.066999989557928],[118.53000000010002,33.074800020104874],[118.5306001203993,33.076199969552988],[118.53119988007052,33.080799959550518],[118.5318000003698,33.08159997036239],[118.53519983970091,33.081399989917657],[118.53600012030938,33.08159997036239],[118.53579996000019,33.082399980274943],[118.5329998803403,33.083000009742705],[118.53240011976982,33.083399969732852],[118.53240011976982,33.089599979555487],[118.53339984033039,33.092800020104903],[118.53439991972061,33.093999990007603],[118.53579996000019,33.094999980364832],[118.53820007966999,33.095199959910246],[118.5386000396602,33.096200040199733],[118.53780011967979,33.097200029657699],[118.53759996026997,33.099399989917629],[118.53780011967979,33.102000000099963],[118.53820007966999,33.110199989737794],[118.53820007966999,33.112999980364862],[118.53799992026018,33.118599959820358],[118.53799992026018,33.118800030197292],[118.53820007966999,33.119399969732854],[118.5386000396602,33.120199979645406],[118.53799992026018,33.120600029567754],[118.53600012030938,33.120800010012488],[118.53519983970091,33.121400040379626],[118.53519983970091,33.124400009652788],[118.53600012030938,33.12620000992257],[118.53699983997069,33.127000019835123],[118.54059983961099,33.128600039660171],[118.54100016022926,33.129399959640466],[118.54140012021946,33.129999990007605],[118.54140012021946,33.133599989647848],[118.54339992017026,33.133200029657701],[118.54400003957028,33.133599989647848],[118.54400003957028,33.13659995982033],[118.54519992044004,33.138399960090112],[118.54779983979086,33.139800000369746],[118.54879992008034,33.141999959730413],[118.55000015977964,33.143000040019899],[118.55099988034021,33.143000040019899],[118.55279987971073,33.141400020194851],[118.55599992026021,33.141799980184999],[118.55779991963061,33.142400009652761],[118.55959991990039,33.143400000010047],[118.56060000018988,33.144599969912747],[118.5612001195899,33.146199989737795],[118.5612001195899,33.147399959640495],[118.56319992044007,33.148999980364863],[118.56539987980068,33.153200010372245],[118.56539987980068,33.156600029567755],[118.56600000009996,33.157999979915189],[118.56679992008026,33.158600010282328],[118.56880007975997,33.15920003975009],[118.57039991972056,33.16040000965279],[118.57219991999034,33.164000010192353],[118.57520015995942,33.167600009832654],[118.57740012021941,33.16959998964785],[118.57740012021941,33.17079995955055],[118.57619987962084,33.172199999830184],[118.57619987962084,33.17319999018747],[118.5793999201702,33.175800000369748],[118.58199984042039,33.176199960359952],[118.5832000801197,33.177999959730414],[118.58600015977959,33.181599960269978],[118.58479992008029,33.185400030287212],[118.58900004001987,33.191800019655261],[118.59040008029956,33.192600029567757],[118.58360004010979,33.193600019925043],[118.5832000801197,33.192999989557904],[118.56800015977956,33.177599999740266],[118.56719988007046,33.177200039750062],[118.56260015986959,33.177200039750062],[118.56260015986959,33.175600019925014],[118.56060000018988,33.167799990277388],[118.5576001199496,33.164800020104906],[118.55220012003952,33.16040000965279],[118.54860012039933,33.156399960090141],[118.54419984015055,33.153800039840007],[118.54360007958007,33.153800039840007],[118.5342001200396,33.140400029837565],[118.53460008002969,33.139199970002664],[118.53200015977961,33.13539998991763],[118.52880012012952,33.127800029747618],[118.52780003984003,33.127200000279856],[118.52740007984983,33.125599979555489],[118.52660015986953,33.124799969642936],[118.52420004019973,33.111399959640494],[118.52359991990045,33.102600029567782],[118.52399987989065,33.100399980274915],[118.52240003992995,33.093800009562869],[118.51999992026015,33.087599999740235],[118.51999992026015,33.087400020194821],[118.52020007966996,33.085800000369773],[118.51760016031926,33.077999969822827],[118.51620012003957,33.074999999650288],[118.51559999974029,33.074399970182526],[118.51440011976979,33.07239999036733],[118.51380000036977,33.071799960000192],[118.51319988007049,33.071000040019896],[118.51239996009019,33.071000040019896],[118.51160004010978,33.070400009652758],[118.51160004010978,33.069599999740262],[118.50959988043019,33.065000009742732],[118.50779988016041,33.058799999920097],[118.50400007993983,33.054599969912715],[118.50000012030932,33.050400029837533],[118.49900004001984,33.049800000369771],[118.49659992035015,33.048399960090137],[118.49580000036974,33.047600040109842],[118.49479992008025,33.047000009742703],[118.49400000009996,33.046199999830208],[118.49320008011966,33.045599970362389],[118.49219999983018,33.045000029927508],[118.49140007984988,33.044399999560369],[118.49060015986959,33.043599989647873],[118.48979988016038,33.042799979735321],[118.48740012021949,33.040600020374711],[118.48700016022929,33.038800020104873],[118.48679999992009,33.036200009922595],[118.48320000027979,33.032999970272442],[118.4816001603192,33.030800010012513],[118.4828000402897,33.027800039840031],[118.48299983997072,33.027000029927478],[118.48299983997072,33.026399999560397],[118.4824000802995,33.025599989647844],[118.4816001603192,33.024799979735349],[118.48100004001992,33.023999969822796],[118.48020012003963,33.023199959910301],[118.47939984033042,33.022600020374682],[118.47859992035012,33.021800009562867],[118.47780000036983,33.0208000201049],[118.47700008038942,33.020000010192348],[118.47620016040912,33.019200000279852],[118.47560004010984,33.018200009922566],[118.47499991981056,33.017599979555484],[118.47419999983015,33.016799969642932],[118.47359988043024,33.015799980184966],[118.47300011985976,33.01499997027247],[118.47239999956037,33.014199960359917],[118.46639988025038,33.00679997973532],[118.46040011976982,33.00000003037718],[118.46019996036,33.00000003037718],[118.45940004037959,32.997999959730407],[118.45720008011972,32.995999979915211],[118.45479995955054,32.993199990187463],[118.45140012021943,32.990399999560395],[118.44759996027005,32.987999969822795],[118.44339984033047,32.985800009562865],[118.4370001198597,32.983800029747613],[118.42999992026023,32.981799960000217],[118.42999992026023,32.981599979555483],[118.42520003975005,32.980200030107369],[118.42200000009996,32.97959999974023],[118.42120008011966,32.97959999974023],[118.42040016013937,32.980799969642931],[118.42080012012946,32.981200019565279],[118.41919992044006,32.982200009922565],[118.41819984015058,32.981200019565279],[118.41459983961101,32.979400020194817],[118.41180011967981,32.977600019925035],[118.40799995973043,32.976000000099987],[118.40420016040912,32.973399989917652],[118.39659983961099,32.970200040199757],[118.38800015977961,32.967199980095074],[118.38080015959974,32.964399990367326],[118.37720015995944,32.963599979555454],[118.37480004028964,32.963200019565306],[118.37279987971078,32.963000040019892],[118.36839996009019,32.96220003010734],[118.3641998401506,32.96220003010734],[118.36119995991032,32.961999959730406],[118.35979991963063,32.961599999740258],[118.35780011967984,32.960400029837558],[118.35460008002974,32.959400040379592],[118.35159984006066,32.958399960090162],[118.35100008038944,32.958199979645372],[118.34679995955059,32.957800019655224],[118.34160011994959,32.957800019655224],[118.33639991972063,32.958600029567776],[118.33260012039932,32.959199970002658],[118.33019999983014,32.959800000369796],[118.32599987989056,32.960999970272439],[118.32299999965028,32.961999959730406],[118.32040008029958,32.96340000001004],[118.31739984033038,32.96459996991274],[118.31519988007051,32.966000010192374],[118.31259995982032,32.967600030017422],[118.31039999956045,32.968199969552984],[118.30719995991024,32.96919995991027],[118.30060008002977,32.971599989647871],[118.2953998798007,32.973000029927505],[118.29120011958992,32.973599970362386],[118.28859983961092,32.974000020284734],[118.28800007993982,32.974000020284734],[118.28800007993982,32.974599959820353],[118.28999987989062,32.974599959820353],[118.29160007958012,32.974599959820353],[118.29480012012948,32.974399980274939],[118.29660012039926,32.974399980274939],[118.30060008002977,32.97380003984],[118.30539995964045,32.974599959820353],[118.30619987962086,32.974800030197287],[118.30659983961095,32.974800030197287],[118.30740012021943,32.974800030197287],[118.30939992017022,32.974800030197287],[118.31119992044,32.975000009742701],[118.31219999983023,32.975000009742701],[118.31320008011971,32.975199990187434],[118.3191998397009,32.975600040109839],[118.32400007993976,32.976399960090134],[118.33019999983014,32.977800000369768],[118.33340004037962,32.977999979915182],[118.33899983997071,32.978799989827735],[118.34279999992009,32.979400020194817],[118.34759988043015,32.979799980184964],[118.34859995982038,32.979799980184964],[118.35039996009016,32.979799980184964],[118.35339984033044,32.979999959730435],[118.35479987971075,32.979999959730435],[118.35560016031923,32.980200030107369],[118.35740015968963,32.980400009652783],[118.35899999965034,32.980200030107369],[118.35960011994962,32.980200030107369],[118.36100016022931,32.979999959730435],[118.3629999601801,32.979799980184964],[118.36580003984,32.97959999974023],[118.36820016040917,32.979400020194817],[118.36980000036976,32.979200039750083],[118.37120003975008,32.979200039750083],[118.37239991972058,32.979200039750083],[118.37340000001007,32.979200039750083],[118.37459987998056,32.979400020194817],[118.37559996027005,32.97959999974023],[118.37620007966996,32.97959999974023],[118.37679984024055,32.97959999974023],[118.37800007993985,32.979799980184964],[118.37959991990044,32.980200030107369],[118.38099996018013,32.980599990097517],[118.38219984015052,32.981000040019865],[118.38300011985973,32.981200019565279],[118.38380003984003,32.981400000010069],[118.38440016013931,32.981799960000217],[118.38539987980073,32.981799960000217],[118.3863999600901,32.982000030377151],[118.3870000803895,32.981799960000217],[118.38840011976981,32.981799960000217],[118.39160016031917,32.981599979555483],[118.39259987998059,32.981400000010069],[118.39340015968969,32.981400000010069],[118.39420007966999,32.981400000010069],[118.39539995964049,32.981799960000217],[118.39679999992018,32.982000030377151],[118.39799987989056,32.982200009922565],[118.39920011958986,32.982200009922565],[118.39960007958007,32.982200009922565],[118.40219999983015,32.983000019835117],[118.40780016004942,32.985399959640461],[118.41339995964051,32.987999969822795],[118.41800003957019,32.990799959550543],[118.42080012012946,32.993600040109811],[118.42319988007046,32.996400029837559],[118.42520003975005,32.998400009652755],[118.42319988007046,32.99879996964296],[118.42260012039935,32.997999959730407],[118.42179983979088,32.996999970272441],[118.41720011958989,32.993399969732877],[118.41419987962081,32.990599980005129],[118.41159996027,32.989400010102429],[118.40860008002971,32.987600009832647],[118.40299991981055,32.985999990007599],[118.39820004019975,32.984999999650313],[118.39439988025038,32.984800020104899],[118.39219991999039,32.984800020104899],[118.38959999974031,32.984600039660165],[118.38719988007051,32.98419998973776],[118.38459995982032,32.983399979825265],[118.38020004019972,32.982000030377151],[118.37699999965037,32.981200019565279],[118.37220012003957,32.981200019565279],[118.36779983979079,32.981000040019865],[118.36059983961093,32.982000030377151],[118.35219996035994,32.981599979555483],[118.3399999202602,32.980599990097517],[118.33260012039932,32.97959999974023],[118.32620004019975,32.978999970272469],[118.31600015977961,32.977400040379621],[118.30439988025034,32.976399960090134],[118.2917998801604,32.976199979645401],[118.28360016031922,32.976999989557896],[118.27599984042035,32.977800000369768],[118.27040003993,32.979200039750083],[118.26299988034032,32.982200009922565],[118.25660015986955,32.985199980095047],[118.25160011994967,32.987199959910299],[118.24940015968969,32.988600000189933],[118.24700004001988,32.991200010372211],[118.24580016004938,32.993199990187463],[118.2452000397501,32.994000000099959],[118.2435998400606,32.997200039750112],[118.2423999600901,33.00000003037718],[118.24120008011971,33.005799990277353],[118.24059995982032,33.01139996973285],[118.24260012039929,33.022199969553014],[118.24300008038949,33.024999960180082],[118.24300008038949,33.029600040109813],[118.24179983979081,33.03579996000019],[118.23980003984002,33.041799990277354],[118.23860015986952,33.046800030197289],[118.23500016022922,33.056399970182554],[118.23379991963066,33.058600020374683],[118.22360004010977,33.075199980095078],[118.22000003957021,33.084399960090138],[118.21880015959971,33.089599979555487],[118.21839983988082,33.093399959640465],[118.2189999601801,33.096400019745147],[118.21880015959971,33.099399989917629],[118.21839983988082,33.102000000099963],[118.21659983961092,33.108200009922598],[118.21640003992991,33.11000001019238],[118.21520015995952,33.117200010372244],[118.21619987962083,33.127000019835123],[118.21719995991032,33.135200010372216],[118.21740012021939,33.142200030107347],[118.2170001602293,33.148799999920129],[118.21719995991032,33.156999989557903],[118.21679999992011,33.159999959730385],[118.21539995964054,33.161799960000224],[118.21399992026022,33.163200000279858],[118.21060008002974,33.165600030017401],[118.20459995982037,33.167999969822802],[118.19679984024049,33.169799970092583],[118.18779983979084,33.170599980005136],[118.16939987980072,33.171599970362422],[118.16120015995944,33.172399980274918],[118.15580016004935,33.172399980274918],[118.14919992044008,33.172399980274918],[118.14379991963062,33.17300000974268],[118.13519988007045,33.171200010372218],[118.12860000018986,33.169400010102436],[118.1225998799805,33.167199959910249],[118.11899988034031,33.165999990007606],[118.11099996018004,33.163399979825272],[118.08380016004946,33.154000020284741],[118.07819999983019,33.152599980005107],[118.0753999201703,33.151200029657673],[118.06620012003953,33.144599969912747],[118.06380000036984,33.143400000010047],[118.06120008011965,33.142799969642908],[118.05599987989058,33.143400000010047],[118.04960016031919,33.143200019565313],[118.0454000403796,33.141799980184999],[118.03640003992996,33.13659995982033],[118.03259987998058,33.135000029927483],[118.02999995973039,33.134799959550548],[118.02660012039928,33.134599980005135],[118.01959991990043,33.13539998991763],[118.01019996035996,33.138199979645378],[118.00760004010988,33.139600019925012],[118.00519992044008,33.141599999740265],[118.00360007958011,33.144200009922599],[117.99939995964053,33.148799999920129],[117.99519983970094,33.151400010102464],[117.99020016040913,33.153200010372245],[117.98380008020956,33.153200010372245],[117.98020007967,33.152799959550521],[117.9758001600494,33.151400010102464],[117.97160004010982,33.148999980364863],[117.96620004019974,33.145000019835095],[117.95979996000017,33.140999970272446],[117.95720003975009,33.139999979915217],[117.9543999600902,33.139800000369746],[117.95219999983021,33.139999979915217],[117.94700016022932,33.140999970272446],[117.94200012030933,33.142799969642908],[117.93759984006067,33.145399979825243],[117.9308001595997,33.150400019745177],[117.92580011967982,33.153399989917659],[117.91839996009014,33.156000000099993],[117.91559988043025,33.156800010012489],[117.91280015959978,33.156800010012489],[117.910599839611,33.156199979645407],[117.90439991972062,33.153000029927512],[117.90100008038951,33.150400019745177],[117.89939987980063,33.148799999920129],[117.89560007958005,33.143400000010047],[117.89300016022924,33.141400020194851],[117.89179991963067,33.135599970362421],[117.89079984024045,33.132600000189882],[117.89039988025036,33.131199959910248],[117.88980011967988,33.128600039660171],[117.88620012003958,33.119600040109788],[117.88580016004937,33.117599970362392],[117.88499988034027,33.111999990007575],[117.88499988034027,33.108000030377127],[117.88499988034027,33.105799980184997],[117.88679987971079,33.099200010372215],[117.88880004028965,33.093199980095051],[117.89639999956034,33.078999960180056],[117.89719992044002,33.074800020104874],[117.89679995955055,33.071799960000192],[117.89539992017023,33.066000000099962],[117.89439983988075,33.063599970362418],[117.89279999992016,33.060999960180084],[117.88639991972059,33.054599969912715],[117.88340004037957,33.052599990097519],[117.87140015968964,33.046399980274941],[117.85860000018988,33.041199959910273],[117.85399992026021,33.039399959640491],[117.84139992017026,33.038999999650343],[117.83620007966999,33.038000010192377],[117.83080007975991,33.036399990367329],[117.81479987971079,33.032999970272442],[117.80300016022932,33.031800000369799],[117.79819991999034,33.032400029837561],[117.79580016004945,33.034200030107343],[117.79239996009017,33.039800009562839],[117.78860015986959,33.044200020014955],[117.77580000036983,33.051200039750086],[117.77360004010984,33.051799980184967],[117.77320008011964,33.051799980184967],[117.76960007958007,33.052200030107372],[117.76600007993977,33.052200030107372],[117.76460003966019,33.051799980184967],[117.76219991999039,33.050600010282324],[117.75920003975011,33.048600029567751],[117.75419999983023,33.042600000189907],[117.75020004019973,33.03579996000019],[117.74059992035006,33.017000040019866],[117.7365999598203,33.010199999830206],[117.73119995991033,33.006999960180053],[117.72820007967005,33.006200040199758],[117.72640008029953,33.005999969822824],[117.72320003975005,33.006999960180053],[117.71780003983997,33.009800039840002],[117.71600003957019,33.01039998027494],[117.71279999992009,33.011000009742702],[117.70940015968972,33.011199990187436],[117.70620012003963,33.010599959820354],[117.70440011976973,33.010199999830206],[117.69959988043024,33.007200029657668],[117.69559991990047,33.00339995964049],[117.69479999992018,33.00000003037718],[117.69479999992018,32.999799960000189],[117.69459983961099,32.996999970272441],[117.69339995964049,32.993800019655225],[117.69320015995947,32.991200010372211],[117.69260003966019,32.986199969553013],[117.69159996026997,32.982000030377151],[117.69040008029958,32.97840002983753],[117.6894000000101,32.974800030197287],[117.68780016004939,32.970600000189904],[117.6850000803895,32.965800029747641],[117.68280012012951,32.961599999740258],[117.68039999956045,32.957000009742728],[117.67960007958004,32.954599980005128],[117.67700016022923,32.948600039660164],[117.67380011967987,32.941400040379619],[117.67020012003957,32.933400030287203],[117.66780000036977,32.926400009652752],[117.66660012039927,32.922399960090161],[117.66560004010978,32.920199999830174],[117.66459995982041,32.918399999560393],[117.66459995982041,32.918200020014979],[117.66340007984991,32.917200029657693],[117.66239999956042,32.916799979735345],[117.66219984015061,32.916799979735345],[117.66039983988082,32.915999969822792],[117.65800007993982,32.91540003028723],[117.65599992026023,32.914600020374678],[117.65540015968963,32.914600020374678],[117.65419991999033,32.91419996955301],[117.65379996000024,32.913999990007596],[117.65300004001995,32.913800009562863],[117.64800000009996,32.91299999965031],[117.64439999956039,32.912800020104896],[117.6423998398808,32.912800020104896],[117.64180008020958,32.912800020104896],[117.6415999199005,32.912800020104896],[117.64019987962081,32.913600030017449],[117.63699983997071,32.915600009832644],[117.63359999974023,32.919000029927474],[117.63060012039932,32.92219997964537],[117.62740007984985,32.925400020194843],[117.62520011958986,32.926799969642957],[117.62319995991027,32.928000030377177],[117.62099999965028,32.928599969912739],[117.61920000027987,32.928599969912739],[117.6171998397009,32.928399990367325],[117.61559999974031,32.927599979555453],[117.6123999600901,32.926400009652752],[117.60940007984982,32.925799980184991],[117.60599987989065,32.924999970272438],[117.60299999965036,32.924999970272438],[117.60059987998056,32.924999970272438],[117.59780016004936,32.925799980184991],[117.59420016040917,32.927400000010039],[117.59159988043018,32.929399979825234],[117.58920011958992,32.931999990007569],[117.58439988025032,32.937000029927503],[117.57959999974025,32.942400029837586],[117.57459995982038,32.946599969912711],[117.56940012021948,32.950999980364827],[117.56540015968972,32.954599980005128],[117.55940004037961,32.95999997991521],[117.55500011985976,32.963799960000188],[117.55079999992017,32.967800009562836],[117.54540000001009,32.9725999800051],[117.54140004037959,32.975800019655253],[117.54000000010001,32.976999989557896],[117.53759988043021,32.97840002983753],[117.53499996018013,32.979999959730435],[117.53399987989064,32.981000040019865],[117.53039988025034,32.982599969912712],[117.52539984033046,32.984000010192347],[117.52120008011968,32.985399959640461],[117.51879995955051,32.986199969553013],[117.5166000001899,32.986199969553013],[117.51440003992991,32.985800009562865],[117.51220007967004,32.985199980095047],[117.50900004001994,32.983399979825265],[117.50659992035014,32.981200019565279],[117.50379983979087,32.979200039750083],[117.50039999956039,32.977199970002687],[117.49640003992999,32.976600029567749],[117.49280004028969,32.975800019655253],[117.48959999974022,32.975600040109839],[117.48679992008033,32.975600040109839],[117.48480012012953,32.976399960090134],[117.48440016013933,32.976399960090134],[117.48340007984984,32.977400040379621],[117.48120011958986,32.980799969642931],[117.47999987989056,32.982000030377151],[117.47699999965027,32.983599960269999],[117.47480004028967,32.984399970182551],[117.47260008002968,32.984399970182551],[117.47059992035008,32.984399970182551],[117.4676000401098,32.983399979825265],[117.46180008020963,32.980200030107369],[117.45680004028964,32.977800000369768],[117.45240011976978,32.975000009742701],[117.44840016013939,32.972799959550571],[117.44179991963063,32.969600009832618],[117.43700004001994,32.967600030017422],[117.43260012039934,32.96680002010487],[117.42760007958009,32.965599960270026],[117.42339995964051,32.965200000279822],[117.41720003975013,32.965200000279822],[117.41299991981055,32.965599960270026],[117.41039999956035,32.965599960270026],[117.40420007966998,32.966199989737788],[117.39499991981052,32.966999999650341],[117.38559996027004,32.96680002010487],[117.37839996009018,32.965399979825236],[117.3741998401506,32.964800040289674],[117.36939995964053,32.963000040019892],[117.36399995973045,32.95999997991521],[117.35979983979087,32.957199990187462],[117.35679995955059,32.955000029927476],[117.35380008020957,32.952799979735346],[117.35179991963059,32.951600009832646],[117.34840008029948,32.950600020374679],[117.34639991972062,32.950400039929946],[117.34319988007042,32.950199969553012],[117.33879995955056,32.950799999920093],[117.33400007993976,32.951400030287232],[117.33140015968968,32.951600009832646],[117.32540004037958,32.952400019745141],[117.31820004019971,32.953200029657694],[117.31259987998055,32.953599989647842],[117.30780000036975,32.954000039570246],[117.30359988043017,32.955200010372209],[117.29919995991031,32.956000020284762],[117.29660003966012,32.956399980274909],[117.29180016004943,32.956399980274909],[117.28860012039934,32.956199999830176],[117.28400003957029,32.956199999830176],[117.28180008020956,32.956000020284762],[117.2786000396602,32.956000020284762],[117.27759996026998,32.956199999830176],[117.27540000001011,32.956199999830176],[117.2733998403304,32.957199990187462],[117.27119988007053,32.958000000099958],[117.26859995982034,32.959400040379592],[117.26639999956035,32.959199970002658],[117.26420004019974,32.958399960090162],[117.26179991963068,32.958399960090162],[117.25859987998058,32.958600029567776],[117.25359984006059,32.959600019925006],[117.24739992017021,32.960199960359944],[117.24440003992993,32.960400029837558],[117.23219999983019,32.961799980184992],[117.22600007993981,32.96220003010734],[117.21840011976974,32.961599999740258],[117.21579983979086,32.961799980184992],[117.21539987980066,32.961799980184992],[117.21499991981057,32.961999959730406],[117.21260015986957,32.960199960359944],[117.21200003957028,32.959800000369796],[117.21039983988078,32.958600029567776],[117.20620007967,32.955200010372209],[117.20279987971071,32.951400030287232],[117.19980000036981,32.94720000027985],[117.1982001604091,32.943400020194815],[117.19599984042031,32.939800019655252],[117.19339992017024,32.937599970362385],[117.19119995991025,32.936799959550569],[117.18899999965038,32.935799970092603],[117.18619991999037,32.935799970092603],[117.18299988034028,32.935799970092603],[117.1797998397908,32.936200020014951],[117.17619984015062,32.935799970092603],[117.17460000018991,32.935799970092603],[117.17300016022932,32.93499996018005],[117.17240003992993,32.934400019745169],[117.17060003966014,32.933199959910269],[117.16899983997075,32.931600030017421],[117.16899983997075,32.930000010192373],[117.16760016031924,32.930000010192373],[117.16679987971077,32.930000010192373],[117.16760016031924,32.927000040019891],[117.16800012030933,32.925599999740257],[117.16859987998055,32.923999979915209],[117.16819991999034,32.921800019655223],[117.16800012030933,32.919200010372208],[117.16819991999034,32.91759998964784],[117.16940015968964,32.915600009832644],[117.16940015968964,32.91540003028723],[117.17039988025033,32.913399959640458],[117.17219987962085,32.90959997955548],[117.17300016022932,32.90599997991518],[117.17579988016041,32.902399980274936],[117.17780003984001,32.89920002965772],[117.17960004010979,32.897199959910267],[117.18140004037957,32.895199980095072],[117.18600012030936,32.889400020194842],[117.19119995991025,32.883599970362411],[117.19400003957026,32.880400019745139],[117.19559988043022,32.877999990007595],[117.19559988043022,32.877800009562861],[117.19720008011961,32.874399990367294],[117.19720008011961,32.871999959730431],[117.19720008011961,32.871799980185017],[117.19720008011961,32.869199970002683],[117.19640016013932,32.865800039839996],[117.19460015986954,32.862799979735314],[117.19260000018994,32.860400039929971],[117.18939995964047,32.85800001019237],[117.18640008029956,32.857000019835084],[117.18200015977959,32.856200009922588],[117.17719992043999,32.856200009922588],[117.17020007967005,32.856200009922588],[117.16279992008026,32.856200009922588],[117.1572001195899,32.856599969912736],[117.15199992026021,32.857200000279818],[117.14559984006064,32.857200000279818],[117.14100011985965,32.857000019835084],[117.13679999992007,32.856399990367322],[117.1314000000101,32.85459999009754],[117.12560004010982,32.85219996035994],[117.12539987980063,32.85219996035994],[117.12160007958005,32.850600029567772],[117.11940012021944,32.848399980274905],[117.11599992026015,32.845400010102423],[117.11279987971079,32.842199969553008],[117.11019996035998,32.838599969912707],[117.10959984006058,32.836599990097511],[117.1077998397908,32.831199990187429],[117.10619999983021,32.825199959910265],[117.10460015986951,32.819599979555448],[117.10299996018011,32.815199970002652],[117.10180008020961,32.809200029657688],[117.10079999992013,32.802599969912706],[117.10059983961094,32.797999979915176],[117.10000007993983,32.79259998000515],[117.09899999965035,32.789400030287197],[117.09820007967005,32.786399970182515],[117.09680004028974,32.783599979555447],[117.09479987971076,32.778199979645422],[117.09240011976976,32.775399989917673],[117.08939987980068,32.772799979735339],[117.08619984015058,32.768999999650305],[117.08300016022929,32.764200030107361],[117.08120015995951,32.761199970002679],[117.07980011967982,32.759000009742692],[117.07899983997072,32.756599980005149],[117.07819991999042,32.754200040199748],[117.07779996000022,32.750399970182514],[117.07660008002972,32.747000040019884],[117.07499988034021,32.742600029567768],[117.07400015977964,32.740199999830168],[117.07380000036983,32.738799959550533],[117.07319988007043,32.73640001974519],[117.07319988007043,32.734600020374671],[117.07459992035012,32.732999999650303],[117.07679987971073,32.732000010192394],[117.07959996027,32.730399990367289],[117.08179991963061,32.729000040019855],[117.0820000799398,32.729000040019855],[117.0839998798906,32.727599999740221],[117.08660015986959,32.725199970002677],[117.08819999983018,32.723399969732895],[117.09039996009017,32.720399999560357],[117.09060012039924,32.718400019745161],[117.09079992008026,32.716199969553031],[117.09000000009996,32.714600039660127],[117.08920008011967,32.712200009922583],[117.08819999983018,32.710400009652801],[117.08700011985968,32.709200039750101],[117.0867999595506,32.708799989827696],[117.08579988016038,32.707600019925053],[117.08480015959969,32.705800019655214],[117.08219987962082,32.703200010372257],[117.07859987998052,32.700799979735336],[117.07520003975014,32.697999990007588],[117.07139987980065,32.695399979825254],[117.06779988016035,32.694399990367288],[117.06459983961099,32.694399990367288],[117.0594000000101,32.694399990367288],[117.05519988007052,32.69400003037714],[117.05180003984003,32.69400003037714],[117.04820004019973,32.692599990097506],[117.04780008020964,32.692599990097506],[117.04399992026015,32.691200039750072],[117.03939984033047,32.689199970002676],[117.0345999598203,32.686399980274928],[117.02819987962084,32.68240001974516],[117.02379996000025,32.679600030017411],[117.01760004010987,32.675400000010029],[117.01519992044007,32.673400020194833],[117.0107999999201,32.671400040379638],[117.0068000402897,32.670999989557913],[117.00439991972053,32.671199970002647],[117.00380016004942,32.671199970002647],[117.00359999974023,32.671199970002647],[117.00140004037962,32.671199970002647],[117.00000000009993,32.672400029837547],[116.99979983979085,32.672400029837547],[116.99799984042033,32.671400040379638],[116.99579988016035,32.671999979915199],[116.99399987989057,32.672400029837547],[116.99319995991027,32.672400029837547],[116.99240003992998,32.673400020194833],[116.99219987962078,32.673400020194833],[116.99020007966999,32.675200019565295],[116.98999992026017,32.675200019565295],[116.9874000000101,32.676599969912729],[116.98419996035989,32.678000010192363],[116.98099991981053,32.678800020104916],[116.97839999956034,32.679399959640477],[116.97680015959975,32.679399959640477],[116.97540012021943,32.679600030017411],[116.97279984024044,32.68019996955303],[116.96960016031926,32.679999990007559],[116.96420016040918,32.68019996955303],[116.9593999201702,32.679800009562825],[116.95179996000024,32.678800020104916],[116.94679992008025,32.678199989737777],[116.94060000018987,32.677399979825282],[116.9367998402405,32.676800040289663],[116.93239991972052,32.675599979555443],[116.92720008011963,32.674599990097533],[116.92180008020955,32.672999970272485],[116.92140012021946,32.672999970272485],[116.91899999965028,32.672400029837547],[116.91720000027988,32.671199970002647],[116.9151998397009,32.670000000100003],[116.91219996036,32.669199990187451],[116.90880012012951,32.669000009742717],[116.90520011958995,32.669199990187451],[116.90499996018013,32.669199990187451],[116.90039988025035,32.670000000100003],[116.89599995973037,32.670800010012499],[116.89200000009998,32.671199970002647],[116.88639983988082,32.671400040379638],[116.88279984024052,32.672799989827695],[116.88000012030932,32.674200030107329],[116.87960016031923,32.674200030107329],[116.87559984006066,32.675599979555443],[116.87199984042036,32.676399990367315],[116.86719995991029,32.67780002974763],[116.8639999202602,32.678800020104916],[116.8616001603192,32.68019996955303],[116.85880007975993,32.682799979735307],[116.85520008011963,32.687800019655242],[116.85380003984005,32.689600019925024],[116.85279995955057,32.689999979915171],[116.85179988016046,32.689999979915171],[116.85060000018996,32.689999979915171],[116.84859983961098,32.690400029837576],[116.84639988025037,32.690999970272458],[116.84419991999039,32.69159999974022],[116.8431998397009,32.69279996964292],[116.84120003975011,32.696600039660154],[116.83860012039929,32.702000039570237],[116.83580003984002,32.705399969732866],[116.83140012021943,32.709200039750101],[116.82680004028964,32.711599979555444],[116.82280007975999,32.713200000279812],[116.81799984042038,32.714199989737779],[116.81200007993982,32.715399959640479],[116.80740000001003,32.716799999920113],[116.80359984006066,32.718200040199747],[116.80019999983017,32.720000039570209],[116.79760007958009,32.720200020014943],[116.79720011958989,32.720200020014943],[116.79440003993,32.721399989917643],[116.79360011994959,32.721599970362377],[116.7912000002799,32.723199990187425],[116.78839991972063,32.72480001001253],[116.78580000036982,32.727400020194807],[116.78339987980064,32.730200009922555],[116.78019984015054,32.734199969553003],[116.77780008020954,32.737400010102419],[116.77560011994967,32.740599959820315],[116.77259987998059,32.743400040379584],[116.77160016031917,32.743400040379584],[116.76859992035008,32.743999979915202],[116.7663999600901,32.74440002983755],[116.76539987980073,32.743800000369788],[116.76459995982032,32.742000000099949],[116.76340007984982,32.740199999830168],[116.76319992044,32.740199999830168],[116.76179988016042,32.73980003984002],[116.76139992017022,32.73980003984002],[116.75980008020963,32.73980003984002],[116.75660003966016,32.741199990187454],[116.75220012003956,32.743199970002649],[116.74699991981049,32.745400020194836],[116.7418000802096,32.745999959730398],[116.73820007967004,32.745799980184984],[116.73439991972054,32.74559999974025],[116.73280007975995,32.744799989827698],[116.73119988007045,32.743400040379584],[116.72899991981046,32.741600040109802],[116.72759988043015,32.739599970362406],[116.72579988016037,32.735799990277371],[116.72480015959979,32.731399979825255],[116.72520011958989,32.728400009652773],[116.72619984015057,32.725999979915173],[116.72660015986958,32.722599959820343],[116.72660015986958,32.722399980274929],[116.72799984042035,32.716799999920113],[116.72819999983017,32.714600039660127],[116.72840016013936,32.713599960270017],[116.72880012012945,32.711000040019883],[116.72960004010986,32.708600010282282],[116.73079992008036,32.705399969732866],[116.73259992035014,32.702399999560384],[116.73460008002974,32.699199959910288],[116.73439991972054,32.697199980095036],[116.73420012003953,32.695800029747602],[116.73280007975995,32.694599969912758],[116.73100008038944,32.69400003037714],[116.73000000009995,32.693799960000206],[116.72759988043015,32.694800040289692],[116.72639999956039,32.69520000027984],[116.72539992017028,32.694599969912758],[116.72439983988079,32.694599969912758],[116.7221998796208,32.695599960269988],[116.71840008029949,32.698199969553002],[116.71480007975993,32.700200040199775],[116.71040016013933,32.702799959550532],[116.70779988016045,32.703399989917671],[116.70620004019975,32.703599970362404],[116.70360011994967,32.703599970362404],[116.70140015968968,32.703200010372257],[116.69900004001988,32.702599980005118],[116.69900004001988,32.702200020014971],[116.69659992035008,32.700799979735336],[116.69460012039929,32.699199959910288],[116.6936000401098,32.696999999650302],[116.69219999983022,32.693000040019911],[116.69199984042041,32.689600019925024],[116.69199984042041,32.689199970002676],[116.69199984042041,32.688999989557942],[116.69219999983022,32.686800030197276],[116.6936000401098,32.685000029927494],[116.69460012039929,32.682600000189893],[116.69559984006059,32.678800020104916],[116.69580000036979,32.675599979555443],[116.69580000036979,32.675400000010029],[116.6960001597796,32.673599999740247],[116.6972000397501,32.672600010282281],[116.6991998397009,32.671199970002647],[116.70199992026016,32.669600040109799],[116.70599987989056,32.668000020284751],[116.71040016013933,32.666599980005117],[116.71319988007042,32.665799970092621],[116.71520003975013,32.665200029657683],[116.71819991999041,32.664799979735335],[116.71959996026999,32.663799990277369],[116.72319995991029,32.662600020374668],[116.72520011958989,32.661199980095034],[116.72799984042035,32.658599969912757],[116.73060012039934,32.655799980185009],[116.73060012039934,32.655400020194804],[116.73060012039934,32.655200039750071],[116.73280007975995,32.651800019655241],[116.73280007975995,32.651600040109827],[116.73280007975995,32.651399969732893],[116.73600012030931,32.645799990277396],[116.73879984024052,32.641000019835076],[116.74019987962083,32.636999970272484],[116.74079999992011,32.632800030197302],[116.74079999992011,32.632599959820368],[116.74119995991032,32.630000039570234],[116.74119995991032,32.62979997009262],[116.74040003992991,32.627999969822781],[116.74000007993982,32.627799990277367],[116.73820007967004,32.624399970182537],[116.73600012030931,32.621000040019908],[116.73600012030931,32.620799969642917],[116.73280007975995,32.617400040379607],[116.72899991981046,32.614800030197273],[116.72499996018007,32.612599980005143],[116.7209999996503,32.610999960180095],[116.71660008002971,32.609400030287247],[116.71620012003962,32.609199959910256],[116.71580016004941,32.609199959910256],[116.71239996009012,32.607399959640475],[116.71179983979084,32.607399959640475],[116.70479999992017,32.60359997955544],[116.69900004001988,32.599800000369783],[116.6943999600901,32.597199990187448],[116.69379983979081,32.596399980274896],[116.69060015986952,32.594000039570233],[116.68719995991023,32.590799999920137],[116.68439988025034,32.587800029747655],[116.68020012003956,32.580399960090119],[116.67759984006068,32.575799970092589],[116.67759984006068,32.575599989647856],[116.67440016013938,32.572600020374693],[116.67200003957021,32.570399970182507],[116.66879999992011,32.569000019835073],[116.66580011967983,32.567799960000229],[116.66059992035014,32.566400009652796],[116.65379988016036,32.564400029837543],[116.6465998799805,32.562600029567761],[116.64000000010003,32.561000009742713],[116.63480015959976,32.559599970362399],[116.62840008029957,32.557599989647883],[116.62179983979081,32.555400030287217],[116.61459983961095,32.552399970182535],[116.61419987962086,32.552199989737801],[116.61400007993984,32.552199989737801],[116.60739984033046,32.549599979555467],[116.60460012039925,32.548400009652767],[116.6025999598204,32.547799980185005],[116.6000000395702,32.547599999740271],[116.59719995991031,32.547599999740271],[116.59359996027001,32.547799980185005],[116.58880007975995,32.547999959730419],[116.58120011958988,32.548799969642914],[116.57480004028969,32.548799969642914],[116.57159999974022,32.548400009652767],[116.56779983979084,32.547799980185005],[116.56439999956035,32.547599999740271],[116.55920015995946,32.545999979915166],[116.55600012030936,32.544600029567789],[116.55339984033048,32.541800039840041],[116.55280007975989,32.541399989917636],[116.54899991981051,32.537999969822806],[116.54539992017021,32.533399979825276],[116.54039988025033,32.527400040379632],[116.53620012003955,32.522399999560378],[116.53099991981048,32.518999980364867],[116.5273999201703,32.516999999650295],[116.52440003993001,32.514599969912751],[116.52140015968973,32.510999970272451],[116.52000012030942,32.507800019655235],[116.52000012030942,32.507600040109821],[116.51839991972054,32.504799959550553],[116.51780016004943,32.504200020014991],[116.51879987971074,32.502200040199739],[116.51919983970095,32.500799999920105],[116.52080004028971,32.497399979825275],[116.52220007967003,32.494799969642941],[116.52339995964053,32.49240002983754],[116.52400007993981,32.490600029567759],[116.52400007993981,32.489399969732858],[116.52339995964053,32.488599959820363],[116.5223998802503,32.488000020284744],[116.52000012030942,32.487000029927515],[116.51720003975015,32.48540001010241],[116.51540004037963,32.484400019745181],[116.51439996009015,32.482600020374718],[116.51320008011965,32.480600039660146],[116.51299991981057,32.478000030377132],[116.51320008011965,32.474600010282302],[116.51259995982036,32.470399980274919],[116.51159988043025,32.466600000189885],[116.51000003957029,32.463399959640469],[116.50799987989058,32.461599960270007],[116.50619987962079,32.460200009922573],[116.5046000396602,32.459599979555492],[116.50359996026998,32.459599979555492],[116.50240008029948,32.459599979555492],[116.50039991972062,32.460800040289655],[116.49800015977962,32.462600039660174],[116.49499991981054,32.465199959910251],[116.49380003984004,32.466799979735356],[116.49239999956035,32.467599989647852],[116.49139992017024,32.467799970092585],[116.49099996018003,32.467799970092585],[116.49060000018994,32.467799970092585],[116.48940012021944,32.467599989647852],[116.48919995991025,32.467400010102438],[116.48840003992996,32.466600000189885],[116.48819987962077,32.465199959910251],[116.48760011994966,32.460399990367307],[116.48679984024045,32.455199970002639],[116.48540015968968,32.449799970092613],[116.48419991999037,32.446799999920131],[116.48300004001987,32.444199989737797],[116.4815999997403,32.441799960000196],[116.48000015977959,32.440599990097496],[116.4783999600902,32.439799980185001],[116.47619999983021,32.439799980185001],[116.47379988016041,32.439999959730415],[116.46899999965035,32.441400000010049],[116.46579996000025,32.442399990367335],[116.46479987971077,32.443000019835097],[116.46100008038945,32.444000010192383],[116.45439983988081,32.445999990007579],[116.44859987998052,32.44779999027736],[116.44800012030942,32.447999969822774],[116.44200000009994,32.450200020014961],[116.43839999956037,32.451000029927513],[116.43639983988078,32.451800039840009],[116.43400007993978,32.452199999830157],[116.43400007993978,32.452399980274947],[116.43180011967979,32.452599959820361],[116.43159996026998,32.452599959820361],[116.42879987971071,32.452399980274947],[116.42640011976982,32.452000020284743],[116.42240016013932,32.450799959550523],[116.42199984042031,32.450599980005109],[116.41799987989066,32.449400010102408],[116.41340015968967,32.447600009832627],[116.40959999974029,32.446199969552993],[116.40700008038948,32.444999999650292],[116.4039998404204,32.444600039660145],[116.40200003957023,32.444399970182531],[116.39980008020962,32.444600039660145],[116.39660003966014,32.445399959640497],[116.39260008002975,32.447199959910279],[116.39099988034025,32.447999969822774],[116.38779983979089,32.449799970092613],[116.38619999983018,32.450399999560375],[116.38299996018009,32.452599959820361],[116.37820007967002,32.455800000369777],[116.37479987971074,32.458599990097525],[116.36939987980065,32.462800020104908],[116.36439983988078,32.467400010102438],[116.36020007966999,32.470599959820333],[116.35719983970091,32.471800019655234],[116.35719983970091,32.472199979645382],[116.35480007975991,32.473600019925016],[116.3545999203501,32.473600019925016],[116.3522001604091,32.475999959730416],[116.34959988043022,32.478200009922546],[116.34720011958996,32.480199989737798],[116.34479999992016,32.482600020374718],[116.34339995964046,32.483799990277362],[116.34260003966017,32.485200029657676],[116.34220007966996,32.486799959550524],[116.34099983997066,32.489399969732858],[116.33900004001987,32.495000040019875],[116.33659992035007,32.499999990007609],[116.33659992035007,32.500199969553023],[116.33659992035007,32.500400039929957],[116.33400000009999,32.506199999830187],[116.3306001598695,32.512400009652765],[116.32759991990042,32.516399970182533],[116.32520015995942,32.518999980364867],[116.32280004028974,32.521200029657678],[116.32020012003954,32.522599980005111],[116.31620016040915,32.523599970362397],[116.3091999599103,32.525600040109794],[116.30340000001001,32.525800019655208],[116.29500011985965,32.525800019655208],[116.28519983970091,32.524599959820364],[116.27819999983024,32.523800039840012],[116.27219987962076,32.522799959550525],[116.26740000001007,32.522200020014964],[116.26599995973038,32.522200020014964],[116.26419996035997,32.521400010102411],[116.26279992008028,32.520600000189916],[116.26260012039927,32.519600009832629],[116.2617998397908,32.519600009832629],[116.26200000009999,32.516800020104881],[116.26220016040918,32.513200019565318],[116.26220016040918,32.508199979645383],[116.26239996009019,32.505399989917635],[116.26239996009019,32.503599989647853],[116.26200000009999,32.502600000189886],[116.26080012012949,32.502600000189886],[116.25959988043019,32.502600000189886],[116.25819984015061,32.501999969822805],[116.25800003957022,32.500999980364838],[116.25839999956042,32.500199969553023],[116.25900011985971,32.499199980095057],[116.25980003984,32.498399970182504],[116.25959988043019,32.497599960270009],[116.25839999956042,32.496000030377161],[116.25260003966014,32.49240002983754],[116.24860008002975,32.490399960090144],[116.24619996035995,32.489600040109792],[116.24540004037965,32.489000009742711],[116.24460012039935,32.488599959820363],[116.24219999983018,32.487399989917662],[116.23979988016038,32.485799970092614],[116.23939992017029,32.484799979735328],[116.23880015959969,32.483400030287214],[116.23780008020958,32.479599960269979],[116.2383998398808,32.477799960000198],[116.23860000018988,32.477799960000198],[116.24060015986959,32.473600019925016],[116.24339987980068,32.469200010372219],[116.24500008038945,32.466799979735356],[116.24500008038945,32.466600000189885],[116.24619996035995,32.464799999920103],[116.24640011976976,32.462800020104908],[116.24659992035015,32.461000019835126],[116.24559984006066,32.459599979555492],[116.24420016040915,32.458400009652792],[116.24240016013937,32.458400009652792],[116.24100011985968,32.458599990097525],[116.24000003957019,32.459599979555492],[116.23899996018008,32.462000010192355],[116.23780008020958,32.464400039929956],[116.23780008020958,32.464600020374689],[116.23780008020958,32.464799999920103],[116.23619987962081,32.466799979735356],[116.23539995964052,32.467400010102438],[116.23380011967981,32.4680000395702],[116.23359996027,32.4680000395702],[116.23200012030941,32.4680000395702],[116.23020012003963,32.4680000395702],[116.22859992035012,32.46699996018009],[116.22700008038942,32.465400030287242],[116.22499991981056,32.463800009562817],[116.22300011985976,32.463199980095055],[116.22080015959978,32.462800020104908],[116.21819987962078,32.463399959640469],[116.21779991963069,32.463399959640469],[116.21580011967978,32.464199969553022],[116.21580011967978,32.464400039929956],[116.21360016031917,32.465799990277389],[116.2127998797107,32.465799990277389],[116.21059992035009,32.466200040199737],[116.20879992008031,32.465999969822803],[116.20820016040909,32.465799990277389],[116.20540007984982,32.464400039929956],[116.20419984015052,32.462600039660174],[116.20400003957025,32.462399970182503],[116.20419984015052,32.461599960270007],[116.20419984015052,32.460399990367307],[116.20439999956034,32.459000040019873],[116.20439999956034,32.457999959730387],[116.20479995955054,32.456999970272477],[116.20479995955054,32.456199960359925],[116.20500011985973,32.455600019925043],[116.20519992044001,32.454600029567757],[116.20559988043021,32.453600040109791],[116.20519992044001,32.452399980274947],[116.20479995955054,32.451599970362395],[116.20379988016043,32.451000029927513],[116.20260000018993,32.451000029927513],[116.19979991963066,32.451800039840009],[116.19740015968966,32.453399969732857],[116.19519983970088,32.454399960090143],[116.19339984033047,32.455199970002639],[116.19100008038947,32.455800000369777],[116.18880012012949,32.456600010282273],[116.18859995982029,32.456600010282273],[116.1881999998302,32.456600010282273],[116.1870001198597,32.456799989827744],[116.18560007958013,32.456400029837539],[116.18420004019981,32.455800000369777],[116.18319995991033,32.454600029567757],[116.18179991963063,32.451599970362395],[116.17999992026023,32.445800009562845],[116.17719983970085,32.435800019655233],[116.17559999974026,32.431799970092584],[116.17480007975996,32.430600000189884],[116.17359984006066,32.42940003028724],[116.17220016040915,32.428600020374688],[116.17059995982038,32.428400039929954],[116.1687999595506,32.428600020374688],[116.1676000795801,32.42919995991025],[116.1668001595998,32.431200029657703],[116.1668001595998,32.433800039840037],[116.1663998398808,32.437999979915219],[116.16620004019978,32.439599999740267],[116.1640000799398,32.44200003037713],[116.16239988025029,32.443000019835097],[116.16140015968972,32.443399979825244],[116.16000012030941,32.444000010192383],[116.15979996000021,32.444000010192383],[116.15839991972064,32.444000010192383],[116.15699988034032,32.443800029747649],[116.15360004010984,32.442200009922544],[116.15060015986955,32.441400000010049],[116.14799987989056,32.441400000010049],[116.14659983961099,32.441799960000196],[116.14499999965028,32.442800040289683],[116.14399992026017,32.444600039660145],[116.14399992026017,32.444800020104879],[116.14399992026017,32.444999999650292],[116.14340015968969,32.446799999920131],[116.14340015968969,32.451399989917661],[116.14320000027988,32.455999979915191],[116.14240008029958,32.458599990097525],[116.14060008002969,32.46120000027986],[116.14060008002969,32.461399979825273],[116.13819996036,32.462999999650322],[116.1375998400606,32.462999999650322],[116.13239999956045,32.465999969822803],[116.12639988025035,32.46820002001499],[116.12220012003957,32.469399989917633],[116.11959984006069,32.471399969732886],[116.1173998798007,32.473400040379602],[116.11580003984,32.476400009652764],[116.11320011958992,32.481399959640498],[116.11320011958992,32.481600030017432],[116.11000007993982,32.488599959820363],[116.11000007993982,32.489000009742711],[116.10699983997074,32.496000030377161],[116.10519983970096,32.499800009562819],[116.10519983970096,32.499999990007609],[116.10299988034023,32.503799970092587],[116.10100008038944,32.507800019655235],[116.09979983979088,32.510799989827717],[116.09899991981047,32.512599990097499],[116.09859995982038,32.516000010192386],[116.09780003984008,32.520600000189916],[116.09660015986958,32.525000009742712],[116.09539992017028,32.52899997027248],[116.09420004019978,32.532000030377162],[116.09240003993,32.535600030017406],[116.09060003966022,32.538600000189888],[116.08940015968972,32.540399999560407],[116.08779996000021,32.541800039840041],[116.08740000001001,32.542199999830189],[116.08499988034032,32.543600040109823],[116.08359984006063,32.543800019655237],[116.08120008011963,32.544399960090118],[116.07800003957027,32.544600029567789],[116.07140015968969,32.545800000369752],[116.06540004037959,32.546999970272452],[116.05820004019972,32.548799969642914],[116.05299983997065,32.550200009922548],[116.05100004001986,32.550599969912753],[116.04939984033047,32.551000019835101],[116.04520008011968,32.552399970182535],[116.04020004019981,32.553800009562849],[116.03819987962083,32.554400039929931],[116.03620007967004,32.555600009832631],[116.03419991999033,32.556600000189917],[116.03159999974025,32.559800039840013],[116.02980000036973,32.563999979915195],[116.02779983979087,32.571600030017407],[116.02619999983017,32.577200010372223],[116.02419984015057,32.582999970272454],[116.02220004019978,32.586599969912754],[116.02220004019978,32.587200000279836],[116.0201998796208,32.591199959910284],[116.0201998796208,32.591400030287218],[116.01799992026019,32.594000039570233],[116.01579996000021,32.595800039840015],[116.01240011976972,32.59780001965521],[116.00780003984005,32.60019996035993],[116.00439983988076,32.601400020194831],[116.00039988025037,32.603200019565293],[115.99580016004938,32.605200000279865],[115.99179983979081,32.606800020104913],[115.99019999983022,32.607199980095061],[115.98660000018992,32.608199969553027],[115.98040008029955,32.608799999920109],[115.97559984006068,32.608999980364842],[115.9682000401998,32.608600020374695],[115.96140000001003,32.606999999650327],[115.95719988007045,32.605599960270013],[115.95419999983017,32.604000030377165],[115.95219984015057,32.602200030107383],[115.95020004019977,32.598600029567763],[115.94840003992999,32.595800039840015],[115.9477999196306,32.594799959550528],[115.94739995964051,32.593799970092618],[115.94679984024049,32.592600000189918],[115.94620007967001,32.591400030287218],[115.9458001196798,32.590400039929932],[115.94419991999041,32.58739997982525],[115.93980000036981,32.583200039750068],[115.93580003984005,32.580000000099972],[115.93339992017025,32.578000020284776],[115.93059983961098,32.575799970092589],[115.92759996026996,32.573199959910255],[115.92500004001988,32.571800009562821],[115.92299988034029,32.570999999650326],[115.9220001597796,32.570600039660178],[115.92100008038949,32.570600039660178],[115.91979983979081,32.571199980095059],[115.91780003984002,32.57240003992996],[115.91480015959974,32.575599989647856],[115.91340012021942,32.576599980005142],[115.91079984024054,32.57819999983019],[115.90940015968965,32.578800030197272],[115.90760016031925,32.579199990187476],[115.90459992035005,32.580000000099972],[115.8981998401506,32.580199979645386],[115.89339995964053,32.580600029567734],[115.89019991999032,32.580399960090119],[115.88799995973045,32.580399960090119],[115.88640011976975,32.580199979645386],[115.88519988007045,32.579199990187476],[115.88400000009995,32.578399980274924],[115.88320008011965,32.576799959550556],[115.88299991981046,32.574999960180094],[115.88159988043014,32.571999990007612],[115.87979988016036,32.568800040289659],[115.87579991963059,32.564400029837543],[115.87020012003961,32.557599989647883],[115.86359988043023,32.550200009922548],[115.85879999992017,32.544399960090118],[115.85639988025036,32.542000020284775],[115.85459987998058,32.540399999560407],[115.85400012030937,32.540200020014936],[115.85300004001988,32.539799970092588],[115.84940004037958,32.538999960180092],[115.84460015986951,32.537799990277392],[115.84059983961095,32.53599999000761],[115.83799992026013,32.53359996027001],[115.83420012003955,32.529400020194828],[115.83159984006068,32.525000009742712],[115.83000000009997,32.522799959550525],[115.82939987980069,32.522599980005111],[115.82939987980069,32.519600009832629],[115.83079992008027,32.515399979825247],[115.83219996035996,32.512400009652765],[115.83299988034025,32.508999989557935],[115.83320003975007,32.508999989557935],[115.83320003975007,32.50580003984004],[115.83359999974027,32.503599989647853],[115.83320003975007,32.5027999797353],[115.83219996035996,32.5027999797353],[115.82759988043017,32.503400010102439],[115.82399987989061,32.503799970092587],[115.82099999965033,32.504200020014991],[115.81880004028972,32.504599980005139],[115.81760016031922,32.504599980005139],[115.81599995973045,32.504000039570201],[115.81440011976974,32.502999960180091],[115.81220016040913,32.499800009562819],[115.80959988043026,32.497200000279861],[115.80599987989058,32.494599990097527],[115.8018001196798,32.491600019925045],[115.79820012003961,32.489000009742711],[115.7954000403796,32.486399999560376],[115.79180003984004,32.482400039929928],[115.78579991963068,32.476599990097498],[115.78399992026016,32.47399997991522],[115.78079987971068,32.470800030197267],[115.77920003975009,32.469000029927486],[115.77759984006059,32.468399999560404],[115.77679992008029,32.468399999560404],[115.7760000001,32.468399999560404],[115.7752000801197,32.468799959550552],[115.7752000801197,32.469200010372219],[115.7752000801197,32.469399989917633],[115.7752000801197,32.469800039840038],[115.77539987980072,32.470000020284772],[115.77620016040919,32.471399969732886],[115.77859992035008,32.474600010282302],[115.78079987971068,32.477799960000198],[115.78219991999038,32.480399970182532],[115.78240008029957,32.482799999920132],[115.78219991999038,32.486000039570229],[115.78100004001988,32.489399969732858],[115.77920003975009,32.491800000369778],[115.7763999600902,32.496599969912722],[115.77300011985972,32.500799999920105],[115.76999987989063,32.504000039570201],[115.76679984024054,32.506399980274921],[115.76419991999035,32.508199979645383],[115.76239991972056,32.508199979645383],[115.76099988034025,32.508000000099969],[115.75959984006067,32.507399969732887],[115.75959984006067,32.507199990187473],[115.75959984006067,32.506199999830187],[115.75940004037966,32.506199999830187],[115.75919988007047,32.503599989647853],[115.75919988007047,32.502200040199739],[115.75919988007047,32.498600039660175],[115.75839996009017,32.493400020194827],[115.75680012012947,32.489199990187444],[115.75580003983998,32.487200010372248],[115.75379988016039,32.484999960180062],[115.75119995991031,32.48319995991028],[115.74780011967982,32.481600030017432],[115.74540000001002,32.481199980095084],[115.74140004037963,32.480000010192384],[115.73819999983016,32.479599960269979],[115.73520011958988,32.479200000279832],[115.73420004019977,32.479599960269979],[115.7317999196307,32.480399970182532],[115.72800012030939,32.482999980364866],[115.7241999603599,32.483799990277362],[115.72400015977962,32.483799990277362],[115.71940007984983,32.485599989647881],[115.71519995991025,32.487200010372248],[115.71180011967988,32.488800030197297],[115.70900004001987,32.490399960090144],[115.70540004037957,32.493400020194827],[115.70180003984001,32.495799960000227],[115.69979988016041,32.497200000279861],[115.69740012021941,32.498000010192357],[115.69600007993984,32.49819998973777],[115.69460003966014,32.49819998973777],[115.69259987998055,32.497599960270009],[115.68899988034025,32.494799969642941],[115.68539987980068,32.490999989557906],[115.68399984042037,32.489399969732858],[115.68380003983998,32.486399999560376],[115.68459995982039,32.48319995991028],[115.68639996009017,32.480999999650294],[115.68859992035016,32.47859996991275],[115.68880007975997,32.478399990367336],[115.69160016031924,32.475999959730416],[115.69259987998055,32.474400029837568],[115.69320000027983,32.472999989557934],[115.69280004028974,32.472000000099968],[115.69119983970086,32.470800030197267],[115.68999995973047,32.470000020284772],[115.68780000036975,32.469800039840038],[115.68419999983018,32.469599970362367],[115.67779991963062,32.469800039840038],[115.67260008002972,32.469599970362367],[115.66940004037963,32.468799959550552],[115.66779983979086,32.4680000395702],[115.66739987980066,32.466799979735356],[115.66739987980066,32.466600000189885],[115.66739987980066,32.465999969822803],[115.66760004010985,32.464400039929956],[115.66860012039933,32.463199980095055],[115.67099988034022,32.459799960000225],[115.67300004001993,32.456199960359925],[115.67379996000022,32.452800030197295],[115.67419991999043,32.449400010102408],[115.67360016031921,32.443599960269978],[115.67019996035992,32.438199960359952],[115.66779983979086,32.435399969732885],[115.66739987980066,32.433000029927484],[115.66599984042034,32.42940003028724],[115.66379988016035,32.420400029837538],[115.66159991990048,32.414399999560374],[115.6593999596405,32.412600000189911],[115.65759996026998,32.411400030287211],[115.6542001200396,32.411199959910277],[115.6525999203501,32.411199959910277],[115.65100008038951,32.411799990277359],[115.65000000010002,32.412400019745178],[115.65000000010002,32.415000029927512],[115.6506001203993,32.419400040379628],[115.6518000003698,32.427800009562816],[115.65159984006061,32.430999960180088],[115.65119988007052,32.433200010372218],[115.64979983979083,32.433200010372218],[115.64799984042031,32.431799970092584],[115.64740007984983,32.431400010102436],[115.64579988016044,32.429999969822802],[115.64319995991025,32.42580002974762],[115.63959996027006,32.42240000965279],[115.63580016004937,32.419800000369776],[115.63319988007049,32.418399960090142],[115.62919992043999,32.417199990187441],[115.62519995991033,32.41659995982036],[115.62040008029953,32.416000020284741],[115.61640011976976,32.416000020284741],[115.61219999983018,32.416399980274946],[115.61219999983018,32.41659995982036],[115.6092001195899,32.418199979645408],[115.60700016022929,32.419600019925042],[115.6043998802503,32.421999959730385],[115.60340015968973,32.424200009922572],[115.60280004028971,32.426800020104906],[115.60200012030941,32.427600030017402],[115.60079987971073,32.428600020374688],[115.59959999974024,32.428799999920102],[115.59840011976974,32.42919995991025],[115.59719988007043,32.428999980364836],[115.59499991981056,32.42819996955302],[115.59099996018006,32.427600030017402],[115.58599992026018,32.42580002974762],[115.58199995973041,32.423799960000224],[115.57699991981053,32.420999970272476],[115.57379988016044,32.418999989557904],[115.57000007993975,32.416000020284741],[115.56579996000016,32.412600000189911],[115.56359999974029,32.410600020374716],[115.56020016040918,32.407800029747648],[115.55920008011969,32.406800040289681],[115.55759988043019,32.406399990367333],[115.55700011985971,32.406399990367333],[115.55600003957022,32.406399990367333],[115.55439983988072,32.407000019835095],[115.55179991963064,32.408399970182529],[115.54980011967984,32.409199980095082],[115.54800012030933,32.409800009562844],[115.54660008002975,32.410199969552991],[115.54639991972056,32.410400039929925],[115.54559999974026,32.410199969552991],[115.54480007975997,32.409199980095082],[115.54419996035995,32.408199989737795],[115.54419996035995,32.408000010192382],[115.54419996035995,32.407800029747648],[115.54319988007046,32.405599979555461],[115.54179983979088,32.403999959730413],[115.54080012012946,32.403799980184999],[115.53919992044007,32.404200030107347],[115.5376000795801,32.405400000010047],[115.53680015959969,32.406000030377129],[115.53459983961102,32.407000019835095],[115.53260003966011,32.407399979825243],[115.53099983997072,32.407399979825243],[115.52820012003951,32.406399990367333],[115.52600015977964,32.4062000099226],[115.52439996009014,32.4062000099226],[115.52320008011964,32.406399990367333],[115.52199984042034,32.407399979825243],[115.52140007984985,32.40960003001743],[115.52180003984006,32.411999969822773],[115.52219999983015,32.413799970092612],[115.52219999983015,32.414000039570226],[115.52219999983015,32.415200010372246],[115.52140007984985,32.416199999830155],[115.52000003957028,32.417199990187441],[115.51659983961099,32.418399960090142],[115.51619987962079,32.418399960090142],[115.51579991963069,32.418600029567756],[115.51179996000019,32.41880001001249],[115.50639996009011,32.418000000099994],[115.50239999956034,32.417199990187441],[115.49999987989065,32.415599970362393],[115.49900016022923,32.415599970362393]],[[116.90759988043021,32.661999990007587],[116.90679995955054,32.660800020104887],[116.90600003957024,32.659200000279839],[116.90399987989065,32.654999970272456],[116.90340012021943,32.650399980274926],[116.90340012021943,32.650199999830193],[116.90359991990044,32.646799979735306],[116.90359991990044,32.646600000189892],[116.90359991990044,32.646200040199744],[116.90420004019973,32.644199969553028],[116.90480015959974,32.642199989737776],[116.90480015959974,32.642000010192362],[116.90420004019973,32.64020000992258],[116.90300016022923,32.638599990097532],[116.90099999965037,32.636999970272484],[116.89760016031926,32.636199960359932],[116.89639991972058,32.636199960359932],[116.89499988034027,32.636199960359932],[116.89359984006069,32.636199960359932],[116.89239996009019,32.636400029837546],[116.89179983979079,32.63660001028228],[116.88919992044009,32.637599999740246],[116.8866000001899,32.639200019565294],[116.88299999965034,32.641000019835076],[116.87820012003954,32.643800009562824],[116.87280012012945,32.647200029657711],[116.8675999199005,32.650399980274926],[116.86259987998051,32.653400040379609],[116.85840011976973,32.655400020194804],[116.85380003984005,32.658000030377139],[116.84959991990047,32.660399970182539],[116.84459987998059,32.662999980364873],[116.84000015977961,32.664999960180069],[116.83519992044,32.667599970362403],[116.83159991990044,32.669399969732865],[116.82860003966016,32.670999989557913],[116.82720000027984,32.672600010282281],[116.82680004028964,32.673799980184981],[116.82540000001006,32.676399990367315],[116.82420012003956,32.679800009562825],[116.82299988034026,32.68359998964786],[116.82259992035006,32.686199999830194],[116.82200015977958,32.689999979915171],[116.82180000036976,32.689999979915171],[116.82140004037967,32.693000040019911],[116.82079992008028,32.69520000027984],[116.82020016040917,32.69639997018254],[116.8193998798007,32.697199980095036],[116.81920008011969,32.697600030017441],[116.81920008011969,32.697999990007588],[116.81920008011969,32.69860002037467],[116.82159984006068,32.698400039929936],[116.82479987971078,32.696800020104888],[116.83019987962086,32.694800040289692],[116.83500011985973,32.693000040019911],[116.84139984033038,32.690999970272458],[116.84540015968969,32.689800000369758],[116.84800007993977,32.688600029567738],[116.85060000018996,32.687800019655242],[116.85340007984985,32.686399980274928],[116.85520008011963,32.685000029927494],[116.85620016040912,32.683400010102446],[116.85920003975014,32.68019996955303],[116.8620001203094,32.67780002974763],[116.8657999196306,32.676599969912729],[116.86899996018008,32.675599979555443],[116.87320008011966,32.674799969642947],[116.87320008011966,32.674599990097533],[116.87680007975996,32.673400020194833],[116.88019991999033,32.672199960359933],[116.88299999965034,32.670999989557913],[116.88620004019981,32.670600029567765],[116.89059995982041,32.669800019655213],[116.89260012039927,32.669600040109799],[116.89400015977958,32.669600040109799],[116.89539984033047,32.669399969732865],[116.89679987971078,32.669199990187451],[116.89800012030935,32.669000009742717],[116.89880004028964,32.668800030197303],[116.90279999992015,32.668199999830165],[116.90639999956045,32.667200010372255],[116.90819999983023,32.666799959550531],[116.9103999600901,32.667000029927465],[116.91140004037959,32.667399989917669],[116.9115998400606,32.667399989917669],[116.9115998400606,32.666599980005117],[116.91079992008031,32.665400010102417],[116.90939987980073,32.663799990277369],[116.90759988043021,32.661999990007587]],[[116.79260003966021,32.720599980005147],[116.79580008020957,32.718999960180042],[116.79959988043015,32.717999969822813],[116.80340004037964,32.716799999920113],[116.80980011967984,32.714600039660127],[116.8146000001899,32.713000019835079],[116.8181999998302,32.712200009922583],[116.82200015977958,32.71140000001003],[116.82519983970087,32.710599990097535],[116.82759996027005,32.709400020194835],[116.82979991963066,32.707800000369787],[116.83019987962086,32.707600019925053],[116.83379988016043,32.705000009742719],[116.83559988043021,32.703599970362404],[116.83720008011971,32.701200029657684],[116.8390000803895,32.698199969553002],[116.8390000803895,32.697800009562854],[116.8390000803895,32.697600030017441],[116.84040011976981,32.694599969912758],[116.84180016004939,32.69279996964292],[116.84180016004939,32.692599990097506],[116.84159999974031,32.692200030107358],[116.83980000036979,32.692400009652772],[116.83659995982032,32.693799960000206],[116.83339992017022,32.69520000027984],[116.82979991963066,32.696000010192392],[116.82560016031925,32.69739995964045],[116.81960004010978,32.699400030287222],[116.81259983961093,32.702599980005118],[116.80760016031923,32.705000009742719],[116.80080012012945,32.707999979915201],[116.79479999992009,32.710799969642949],[116.78839991972063,32.713200000279812],[116.78759999974022,32.713399979825283],[116.77880015959977,32.716199969553031],[116.77079987971069,32.718600000189895],[116.76359988043021,32.720000039570209],[116.76120011958994,32.720200020014943],[116.76080015959974,32.720200020014943],[116.76060000018992,32.720200020014943],[116.75819987962086,32.721599970362377],[116.75620007966995,32.723800019655243],[116.75559996027005,32.725800000369759],[116.75580011967986,32.727599999740221],[116.75660003966016,32.729200019565326],[116.75859983961095,32.732600039660156],[116.75940012021942,32.735400030287224],[116.75940012021942,32.737200029657686],[116.75940012021942,32.737799970092624],[116.75999987989064,32.738200020014972],[116.76099996018013,32.738200020014972],[116.76300011985973,32.738399999560386],[116.76459995982032,32.739200010372258],[116.76539987980073,32.740399980274901],[116.76539987980073,32.740800030197306],[116.76579983979082,32.741399969732868],[116.7663999600901,32.741800019655216],[116.7663999600901,32.742000000099949],[116.7663999600901,32.74219997964542],[116.7663999600901,32.742399960090154],[116.76719988007051,32.742399960090154],[116.7680001597796,32.742399960090154],[116.76959999974031,32.741800019655216],[116.77179996000018,32.741199990187454],[116.77359996026996,32.73980003984002],[116.77579991963069,32.738000039570238],[116.77839983988076,32.734999980364876],[116.78100011985975,32.732199989737808],[116.78439996009013,32.726999970272459],[116.78720003975013,32.724399960090125],[116.7896001603192,32.722199999830195],[116.79260003966021,32.720599980005147]],[[118.41919992044006,32.979799980184964],[118.41999984042036,32.979400020194817],[118.41919992044006,32.977600019925035],[118.41819984015058,32.976199979645401],[118.4155999199005,32.97380003984],[118.4108000402897,32.969799990277409],[118.40280012012954,32.964200009922592],[118.39579991963069,32.95999997991521],[118.3899999597304,32.957000009742728],[118.38279995955054,32.954000039570246],[118.37760011994965,32.952799979735346],[118.37239991972058,32.951799990277379],[118.3661999998302,32.951199959910298],[118.36000007993982,32.951199959910298],[118.35020016040914,32.951600009832646],[118.34219987962081,32.952200040199727],[118.33380000036982,32.953200029657694],[118.32900011985976,32.954000039570246],[118.32479999992017,32.955599970362414],[118.32180011967989,32.957199990187462],[118.32000012030937,32.959400040379592],[118.32000012030937,32.960199960359944],[118.32080004028967,32.960600010282292],[118.32320015995947,32.95999997991521],[118.32720011958986,32.95880001001251],[118.33179983979085,32.95760004010981],[118.33459992035012,32.956800030197314],[118.33899983997071,32.956199999830176],[118.34380008020958,32.955800039840028],[118.34639999956039,32.955800039840028],[118.35020016040914,32.956199999830176],[118.35519983970096,32.957800019655224],[118.36040003992991,32.959400040379592],[118.3650001198597,32.959600019925006],[118.37120003975008,32.960799989827706],[118.37800007993985,32.961799980184992],[118.38480012012951,32.963799960000188],[118.39200012030938,32.965800029747641],[118.40019984015055,32.969799990277409],[118.40540004037962,32.972000039570219],[118.41159996027,32.975600040109839],[118.4168001595998,32.978199960359916],[118.41819984015058,32.979799980184964],[118.41919992044006,32.979799980184964]],[[116.73280007975995,32.741199990187454],[116.73439991972054,32.741800019655216],[116.73640008029952,32.743199970002649],[116.73879984024052,32.743600019925054],[116.74159991990041,32.743600019925054],[116.7450001198597,32.743600019925054],[116.74879992008027,32.742800010012502],[116.75180016004936,32.741600040109802],[116.75459987998056,32.740599959820315],[116.75679984024055,32.739000029927467],[116.75779991963066,32.737599989647833],[116.75779991963066,32.737400010102419],[116.75779991963066,32.73519995991029],[116.75639988025034,32.732600039660156],[116.75480004028964,32.730200009922555],[116.75400012030934,32.728799969642921],[116.75400012030934,32.728599990097507],[116.75400012030934,32.728400009652773],[116.75400012030934,32.727200039750073],[116.75499983997065,32.724999989557944],[116.75499983997065,32.72480001001253],[116.75499983997065,32.724600029567739],[116.75660003966016,32.722000020284781],[116.75720015995944,32.721200010372229],[116.75720015995944,32.720799959550561],[116.75499983997065,32.721000029927495],[116.75199995973037,32.721399989917643],[116.75120003975007,32.721399989917643],[116.75099988034026,32.721399989917643],[116.74800000009998,32.721399989917643],[116.7454000798499,32.721000029927495],[116.7422000401998,32.719400010102447],[116.74000007993982,32.718200040199747],[116.73780011967983,32.717799990277399],[116.73759996027002,32.717799990277399],[116.73579996000024,32.717600009832665],[116.73380016004944,32.717400030287195],[116.73359999974025,32.717400030287195],[116.73219996035994,32.717199959910261],[116.73140004037964,32.717400030287195],[116.73039996009015,32.719400010102447],[116.72899991981046,32.722399980274929],[116.72840016013936,32.725999979915173],[116.72840016013936,32.730399990367289],[116.72899991981046,32.734600020374671],[116.72979983979087,32.736999960180071],[116.73060012039934,32.739200010372258],[116.73280007975995,32.741199990187454]],[[118.5310000803895,33.118199999830154],[118.53119988007052,33.118599959820358],[118.53159984006061,33.118399980274944],[118.53219996035989,33.11800002028474],[118.53280007975991,33.116799959550519],[118.53240011976982,33.102000000099963],[118.53140004037959,33.092000010192351],[118.52880012012952,33.077400030287208],[118.52780003984003,33.075600030017426],[118.52600003957025,33.07120001956531],[118.52499996018003,33.06999995973041],[118.52380008020964,33.069400020194848],[118.52319995991024,33.069599999740262],[118.52319995991024,33.072000030377126],[118.52420004019973,33.080599980005104],[118.52700011985974,33.089200019565283],[118.52799984042031,33.093999990007603],[118.52899991981053,33.109599960269975],[118.53039996009011,33.117800039840006],[118.5310000803895,33.118199999830154]],[[118.28379996000024,32.973599970362386],[118.28440008029952,32.973399989917652],[118.28279987971075,32.972799959550571],[118.28040011976975,32.972799959550571],[118.27680012012945,32.973000029927505],[118.27100016022928,32.972799959550571],[118.26320003975013,32.974000020284734],[118.25780003984005,32.976000000099987],[118.25399987989056,32.978799989827735],[118.25160011994967,32.980799969642931],[118.24880004028967,32.984000010192347],[118.24679987971069,32.986400039929947],[118.24700004001988,32.987400030287233],[118.24840008029958,32.987400030287233],[118.25099999965028,32.986400039929947],[118.25499996018004,32.984399970182551],[118.26039996009013,32.982000030377151],[118.26479987971072,32.979400020194817],[118.27000007993979,32.977400040379621],[118.27360007958009,32.976399960090134],[118.27879992008036,32.974800030197287],[118.28220012003953,32.97380003984],[118.28379996000024,32.973599970362386]],[[118.50080004028973,33.045599970362389],[118.49900004001984,33.043200029657669],[118.49839991972055,33.042600000189907],[118.49820012003954,33.042400019745173],[118.49780016004945,33.041799990277354],[118.49780016004945,33.041199959910273],[118.49820012003954,33.040799999920125],[118.49839991972055,33.040199969552987],[118.49839991972055,33.039600030017425],[118.49839991972055,33.038999999650343],[118.49780016004945,33.038199989737791],[118.49739984033044,33.037399979825238],[118.49699988034024,33.036599969912743],[118.49640011976976,33.03579996000019],[118.49600015977956,33.035200019565309],[118.49559984006066,33.03459999009749],[118.49500008038945,33.033799980184995],[118.49460012039935,33.033200039750113],[118.49400000009996,33.032600010282295],[118.49339987980068,33.031999979915213],[118.49119992044007,33.03119997000266],[118.49060015986959,33.030800010012513],[118.48979988016038,33.030399960090165],[118.48679999992009,33.029600040109813],[118.48579991963061,33.029600040109813],[118.48539995964052,33.029600040109813],[118.48499999965031,33.029800019655227],[118.48499999965031,33.030399960090165],[118.4852001599595,33.030999989557927],[118.48560011994959,33.031600019925008],[118.4860000799398,33.032400029837561],[118.48659983961102,33.032999970272442],[118.4871999599103,33.033599999740261],[118.49000003957019,33.036200009922595],[118.49420016040915,33.040600020374711],[118.50000012030932,33.046199999830208],[118.50000012030932,33.046000020284737],[118.50080004028973,33.048199979645403],[118.50459983961093,33.051400020194819],[118.50800003957022,33.056600039660168],[118.50999984042039,33.061599989647846],[118.50999984042039,33.06300002992748],[118.51080012012949,33.064000020284766],[118.5117998397908,33.064800030197262],[118.51300008038947,33.064800030197262],[118.51319988007049,33.064000020284766],[118.51319988007049,33.062799959550546],[118.5109999198105,33.060600000189936],[118.5104001601394,33.058799999920097],[118.51139987980071,33.05840003992995],[118.51160004010978,33.057999990007602],[118.51120008011969,33.057800009562868],[118.50959988043019,33.05500001983512],[118.5073999201702,33.052599990097519],[118.50320015995942,33.049400040379624],[118.50080004028973,33.045599970362389]],[[114.6867998402405,32.282999999650315],[114.68620007967002,32.282000010192348],[114.6844000802995,32.280599969912714],[114.68120003975014,32.277799980184966],[114.67820016040912,32.276199960359918],[114.67379988016046,32.276199960359918],[114.67100016022926,32.276199960359918],[114.66899999965028,32.276400029837532],[114.66759996026997,32.277799980184966],[114.66759996026997,32.279799960000219],[114.66899999965028,32.282199989737762],[114.67079999992018,32.284199969553015],[114.67239983988077,32.285400030287235],[114.67400003957027,32.284600020374683],[114.67659995982035,32.283399959640462],[114.68080007975993,32.283399959640462],[114.68400012030941,32.283199980095048],[114.68580011967981,32.282999999650315],[114.6867998402405,32.282999999650315]],[[115.61460012039925,32.414799959550521],[115.61720003975006,32.414599980005107],[115.62059987998055,32.414799959550521],[115.62379991963064,32.415200010372246],[115.62739992017021,32.416000020284741],[115.6312000801197,32.417199990187441],[115.63419996035998,32.418199979645408],[115.63639991972059,32.418999989557904],[115.63679987971079,32.418999989557904],[115.63480007975988,32.416800030197294],[115.6317998397908,32.41539998991766],[115.62680015959972,32.412400019745178],[115.62140015968964,32.408800020104877],[115.61940000001005,32.408000010192382],[115.61820012003955,32.408199989737795],[115.61720003975006,32.409399959640496],[115.61580000036975,32.411799990277359],[115.61460012039925,32.414799959550521]],[[118.47480012012954,33.011199990187436],[118.47340007984985,33.01039998027494],[118.47300011985976,33.01139996973285],[118.47340007984985,33.012800010012484],[118.47459995982035,33.015200039750084],[118.47740004037962,33.018599969912714],[118.48060008002972,33.0219999900076],[118.48140000001001,33.022400039929948],[118.48200012030941,33.022400039929948],[118.48200012030941,33.021199980095048],[118.48100004001992,33.0183999903673],[118.47759984006063,33.01380000036977],[118.47600000009993,33.012399960090136],[118.47480012012954,33.011199990187436]],[[117.57099996018007,32.945200019565277],[117.57239999956039,32.944400009652782],[117.57520008011966,32.942400029837586],[117.57660012039935,32.940399960090133],[117.57880007975996,32.938599959820351],[117.57899988034023,32.937599970362385],[117.57880007975996,32.937399989917651],[117.57800015977966,32.937399989917651],[117.57600000009995,32.938800030197285],[117.57359988043015,32.939800019655252],[117.57239999956039,32.941199970002685],[117.5708001595998,32.94260001028232],[117.56919995991029,32.944400009652782],[117.56859983961101,32.945000040019863],[117.56879999992009,32.946000030377149],[117.56999987989059,32.946000030377149],[117.57099996018007,32.945200019565277]],[[118.24019999983022,32.999799960000189],[118.24080012012951,32.997200039750112],[118.2423999600901,32.994999989557925],[118.24419996035999,32.992000020284763],[118.24580016004938,32.989599989647843],[118.24660008002968,32.988600000189933],[118.2459999597304,32.988400019745143],[118.24539984033038,32.988400019745143],[118.24459992035008,32.989200029657695],[118.24260012039929,32.992000020284763],[118.24080012012951,32.995400040379593],[118.23940007984982,32.998599990097489],[118.23860015986952,33.00000003037718],[118.23839999956044,33.002399970182523],[118.23879995955053,33.002800020104871],[118.23959988043021,33.002600039660138],[118.23999984042041,33.000800040289676],[118.24019999983022,32.999799960000189]],[[115.83320003975007,32.523800039840012],[115.83399995973036,32.522200020014964],[115.83420012003955,32.519400030287215],[115.83399995973036,32.519199959910281],[115.83359999974027,32.515800029747652],[115.83359999974027,32.515399979825247],[115.83359999974027,32.515200000279833],[115.83320003975007,32.513799960000199],[115.83320003975007,32.513599979555465],[115.83299988034025,32.513599979555465],[115.83240011976977,32.514000030377133],[115.83159984006068,32.517199980095029],[115.83159984006068,32.519600009832629],[115.83180000036975,32.52200003957023],[115.83320003975007,32.523800039840012]],[[117.68900004001989,32.962400009652754],[117.68900004001989,32.96340000001004],[117.68900004001989,32.965000019835088],[117.69019991999039,32.967600030017422],[117.69099983997069,32.970400019745171],[117.6918001196799,32.9725999800051],[117.69199992026017,32.97380003984],[117.69279984024047,32.97380003984],[117.69279984024047,32.9725999800051],[117.69260003966019,32.970400019745171],[117.69260003966019,32.970200040199757],[117.69220007966999,32.968199969552984],[117.69140015968969,32.965399979825236],[117.69059987998048,32.963799960000188],[117.69040008029958,32.963599979555454],[117.69040008029958,32.96340000001004],[117.68979996000019,32.963000040019892],[117.68900004001989,32.962400009652754]],[[115.93659995982034,32.578599959820338],[115.93779983979084,32.579000009742686],[115.93879992008033,32.580000000099972],[115.94019996035991,32.581400040379606],[115.94099988034031,32.581400040379606],[115.94099988034031,32.580399960090119],[115.93980000036981,32.579000009742686],[115.93619999983014,32.575799970092589],[115.93260000018995,32.573799990277394],[115.93140012021945,32.572799999920107],[115.93019987962077,32.572799999920107],[115.93079999992017,32.57360000983266],[115.93299996018004,32.575200029657708],[115.93460015986955,32.576799959550556],[115.93559988043023,32.577399989917637],[115.93659995982034,32.578599959820338]],[[115.03479995955058,32.30540001010246],[115.03559988043025,32.304799979735321],[115.03779983979086,32.304600000189907],[115.03739987980066,32.303799990277355],[115.03540007984986,32.303600009832621],[115.03540007984986,32.303400030287207],[115.03339992017027,32.302799999920126],[115.03079999992008,32.301399959640491],[115.0286000396602,32.300199989737791],[115.02820007967,32.300399970182525],[115.0289999996503,32.301999990007573],[115.0301998796208,32.303600009832621],[115.03220004019977,32.304400019745174],[115.03479995955058,32.30540001010246]],[[114.04000007993977,32.28800003957025],[114.03920015995948,32.288200020014983],[114.03920015995948,32.289200010372213],[114.04040003992998,32.290000020284765],[114.04220004019976,32.291000009742731],[114.04400003957028,32.292399960090165],[114.04400003957028,32.29260002956778],[114.04479995955057,32.292999989557927],[114.04619999983015,32.292999989557927],[114.04619999983015,32.29260002956778],[114.04500011985965,32.292000000099961],[114.04479995955057,32.290800030197261],[114.04460015986956,32.290800030197261],[114.04439999956037,32.289000029927479],[114.04360007958007,32.288200020014983],[114.04199987989057,32.288200020014983],[114.04000007993977,32.28800003957025]],[[118.31739984033038,32.959600019925006],[118.3191998397009,32.958000000099958],[118.32000012030937,32.956800030197314],[118.31979996000018,32.956199999830176],[118.31820012003959,32.956599959820323],[118.31659992035009,32.958399960090162],[118.3136000401098,32.959800000369796],[118.31140007984982,32.961400020194844],[118.31180003984002,32.962400009652754],[118.31280012012951,32.962400009652754],[118.31460012039929,32.961400020194844],[118.31739984033038,32.959600019925006]],[[116.09079984024049,32.536400039929958],[116.09219987962081,32.534199989737772],[116.09380008020958,32.531400000010024],[116.09380008020958,32.53120001956529],[116.09380008020958,32.531000040019876],[116.09420004019978,32.529999959730389],[116.09340012021948,32.529599999740242],[116.09319995991029,32.529599999740242],[116.09300016022928,32.529799980184976],[116.09259983961101,32.529999959730389],[116.09099999965031,32.533200000279862],[116.08980011967981,32.534999999650324],[116.08899983997071,32.535600030017406],[116.08859987998051,32.53580000956282],[116.08859987998051,32.536799999920106],[116.08859987998051,32.53699998036484],[116.0892000002799,32.537400030287245],[116.08980011967981,32.537199959910254],[116.09079984024049,32.536400039929958]],[[118.49000003957019,33.040999980364859],[118.4903999995604,33.041400030287207],[118.49119992044007,33.041999969822825],[118.49159988043016,33.042400019745173],[118.49219999983018,33.042999960180055],[118.49280012012946,33.043599989647873],[118.49360004010987,33.044200020014955],[118.49439996009016,33.044200020014955],[118.49460012039935,33.044200020014955],[118.49519988007046,33.044000039570221],[118.49519988007046,33.043400010102459],[118.49460012039935,33.042799979735321],[118.49320008011966,33.041600009832621],[118.49100011985968,33.039199980095077],[118.49060015986959,33.038800020104873],[118.49000003957019,33.038399970182525],[118.4892001195899,33.038199989737791],[118.48880015959969,33.038199989737791],[118.48860000018988,33.038600039660139],[118.48860000018988,33.039199980095077],[118.48939992017029,33.039999990007573],[118.49000003957019,33.040999980364859]],[[115.01380008020965,32.301199980095078],[115.01460000018994,32.300800020104873],[115.01560007958005,32.299399979825239],[115.01619984015053,32.297400000010043],[115.01679995955055,32.294400029837561],[115.01600003957026,32.294199960359947],[115.01539992017024,32.294999970272443],[115.01399987989066,32.297400000010043],[115.01319995991025,32.300199989737791],[115.01380008020965,32.301199980095078]],[[114.74679995955057,32.326399980274914],[114.74819999983015,32.326599959820328],[114.74859995982035,32.326399980274914],[114.74859995982035,32.32619999983018],[114.74899991981056,32.325399989917628],[114.74859995982035,32.324799959550546],[114.74740007984985,32.324799959550546],[114.74600003957028,32.32500002992748],[114.74380008020955,32.32500002992748],[114.74340012021946,32.325399989917628],[114.74340012021946,32.326399980274914],[114.74420004019976,32.326800030197262],[114.74539992017026,32.32619999983018],[114.74679995955057,32.326399980274914]],[[114.5674000798499,32.310199979645404],[114.56880012012948,32.31000000009999],[114.57240011976978,32.31000000009999],[114.57320003975008,32.31000000009999],[114.57320003975008,32.309000009742704],[114.57200015977958,32.308599959820356],[114.56979983979079,32.308599959820356],[114.56759988043018,32.30880003019729],[114.56719992044009,32.309399969732851],[114.5674000798499,32.310199979645404]],[[114.03219996035989,32.284400039929949],[114.03240011976982,32.285400030287235],[114.03339984033039,32.286400019745145],[114.0347998797107,32.287400010102431],[114.03640008029947,32.288200020014983],[114.0374001596897,32.289000029927479],[114.03759996026997,32.288599980005131],[114.03699983997069,32.287400010102431],[114.03579996000019,32.286400019745145],[114.0347998797107,32.285799990277383],[114.0338001600494,32.285400030287235],[114.03339984033039,32.284600020374683],[114.03259992035009,32.283999990007601],[114.03219996035989,32.283999990007601],[114.03219996035989,32.284400039929949]],[[114.78200003957022,32.307800039840004],[114.78340007984991,32.308000020284737],[114.78440016013928,32.307399989917656],[114.78380003984,32.306399999560369],[114.7826001598695,32.306000039570222],[114.7802000401997,32.306000039570222],[114.77959991990042,32.306799959550517],[114.78099996018011,32.307599970362389],[114.78200003957022,32.307800039840004]],[[114.77520000027982,32.307399989917656],[114.77679984024053,32.307399989917656],[114.77819987962084,32.306599980005103],[114.77859983961093,32.306000039570222],[114.77720015995942,32.30540001010246],[114.77559996027003,32.30540001010246],[114.77440008029953,32.306200020014955],[114.77400012030932,32.307000029927508],[114.77440008029953,32.307200010372242],[114.77520000027982,32.307399989917656]],[[116.92079999992018,32.671800000369785],[116.92260000018996,32.672600010282281],[116.92339992017025,32.672799989827695],[116.92479995955057,32.672799989827695],[116.92419984015055,32.671800000369785],[116.92400003957027,32.671800000369785],[116.92299996018005,32.671199970002647],[116.92100016022926,32.670800010012499],[116.92000007993977,32.670800010012499],[116.91939995964049,32.670800010012499],[116.92019987962078,32.671400040379638],[116.92019987962078,32.671600019925052],[116.92079999992018,32.671800000369785]],[[116.69780016004938,32.699199959910288],[116.6983999197206,32.699999969822784],[116.69900004001988,32.69979999027737],[116.69900004001988,32.698999980364874],[116.6983999197206,32.697800009562854],[116.69759999974031,32.696199989737806],[116.69759999974031,32.696000010192392],[116.6968000797599,32.696000010192392],[116.6968000797599,32.696600039660154],[116.69699988034029,32.697600030017441],[116.69739984033038,32.69860002037467],[116.69780016004938,32.699199959910288]],[[114.23940012021944,32.41539998991766],[114.24020004019974,32.415000029927512],[114.24080015959976,32.414000039570226],[114.24080015959976,32.412999960180059],[114.24039983988075,32.412400019745178],[114.23999987989066,32.412200040199764],[114.23959991990046,32.412799979735325],[114.23879999992016,32.413799970092612],[114.23879999992016,32.414799959550521],[114.23919995991025,32.41539998991766],[114.23940012021944,32.41539998991766]],[[116.85219984015055,32.688600029567738],[116.85300011985976,32.688399960090123],[116.85300011985976,32.687800019655242],[116.85300011985976,32.687199990187423],[116.85200003957027,32.687600040109828],[116.85120011958986,32.687800019655242],[116.85099996018005,32.688000000099976],[116.85060000018996,32.688399960090123],[116.85039983988077,32.688399960090123],[116.85020004019975,32.688399960090123],[116.85020004019975,32.689199970002676],[116.85039983988077,32.68940004037961],[116.85139992017025,32.689199970002676],[116.85219984015055,32.688600029567738]]]},"properties":{"FID":0,"OBJECTID_1":8,"NAME":"淮河","REMARK":"一级常年双线河","Shape_Leng":16.367839364188018,"Shape_Area":0.022247604032199001}}]
}