{
"type": "FeatureCollection",
"name": "Huanghe",
"crs": { "type": "name", "properties": { "name": "urn:ogc:def:crs:OGC:1.3:CRS84" } },
"features": [
{ "type": "Feature", "properties": { "NAME": "Huang He", "SYSTEM": null, "Shape_Leng": 44.188403161899998 }, "geometry": { "type": "LineString", "coordinates": [ [ 95.980529786000034, 35.11804199200003 ], [ 96.311736808000035, 35.109681057000046 ], [ 96.363991879000082, 35.108025901000076 ], [ 96.398763147000068, 35.106389879000062 ], [ 96.433418590000088, 35.103812614000049 ], [ 96.450673507000033, 35.101932727000076 ], [ 96.468301004000068, 35.099461063000035 ], [ 96.503406476000066, 35.093300126000031 ], [ 96.538397624000083, 35.086199822000026 ], [ 96.590797012000053, 35.074801379000064 ], [ 96.835253034000061, 35.020517488000053 ], [ 96.869977657000049, 35.012319758000046 ], [ 96.887233894000076, 35.007965159000037 ], [ 96.904376745000036, 35.003335526000058 ], [ 96.921360069000059, 34.998317769000039 ], [ 96.93812259200007, 34.992761589000054 ], [ 96.954584063000084, 34.986469954000029 ], [ 96.970680950000087, 34.979291499000055 ], [ 96.986497991000078, 34.971417609000071 ], [ 97.002138782000031, 34.963089482000044 ], [ 97.048862616000065, 34.937313622000033 ], [ 97.064642284000058, 34.929042023000079 ], [ 97.080540179000081, 34.921232885000052 ], [ 97.096625908000078, 34.913770641000042 ], [ 97.129182860000071, 34.899545729000067 ], [ 97.16205657900008, 34.885881185000073 ], [ 97.195113058000061, 34.872555401000056 ], [ 97.228303847000063, 34.859585125000024 ], [ 97.261649167000087, 34.847272737000026 ], [ 97.27840486100007, 34.841568611000071 ], [ 97.295239218000063, 34.836349317000042 ], [ 97.312177209000083, 34.831817405000038 ], [ 97.32931867800005, 34.828166368000041 ], [ 97.346533104000059, 34.825464244000045 ], [ 97.363760641000056, 34.823783760000026 ], [ 97.380941678000056, 34.823297676000038 ], [ 97.398012718000075, 34.824290228000052 ], [ 97.414111182000056, 34.826827801000036 ], [ 97.430091183000059, 34.830619004000027 ], [ 97.445990175000077, 34.835303992000036 ], [ 97.461838739000086, 34.840599885000074 ], [ 97.525168009000083, 34.864019513000073 ], [ 97.563650363000079, 34.877642817000037 ], [ 97.575661355000079, 34.882077527000035 ], [ 97.588743503000046, 34.887320489000047 ], [ 97.601613747000044, 34.892999987000053 ], [ 97.614215892000061, 34.899181214000066 ], [ 97.624747411000044, 34.904931109000074 ], [ 97.635008353000046, 34.91111550800008 ], [ 97.644966263000072, 34.917750168000055 ], [ 97.656101862000071, 34.926044813000033 ], [ 97.666752477000045, 34.93495542900007 ], [ 97.676876729000071, 34.944477214000074 ], [ 97.685818620000077, 34.953928030000043 ], [ 97.694279831000074, 34.963858299000037 ], [ 97.702278084000056, 34.974211376000028 ], [ 97.711916987000052, 34.988035292000063 ], [ 97.72104212000005, 35.002242878000061 ], [ 97.747441460000061, 35.044877688000042 ], [ 97.756574913000065, 35.058269695000035 ], [ 97.765651020000064, 35.070022145000053 ], [ 97.775476580000031, 35.080582106000065 ], [ 97.783748832000072, 35.08761318300003 ], [ 97.787692684000035, 35.090385203000039 ], [ 97.795241210000086, 35.094782209000073 ], [ 97.803227883000034, 35.098374412000055 ], [ 97.810176416000047, 35.10077381800005 ], [ 97.822150915000066, 35.103667466000047 ], [ 97.834595972000045, 35.105412154000078 ], [ 97.847387403000084, 35.106181560000039 ], [ 97.862777749000031, 35.106015260000049 ], [ 97.878369048000081, 35.104896735000068 ], [ 97.894043526000075, 35.102981920000047 ], [ 97.91092615000008, 35.100111342000048 ], [ 97.927640690000032, 35.096418318000076 ], [ 97.944036433000065, 35.091821201000073 ], [ 97.959935870000038, 35.086135841000043 ], [ 97.968717539000068, 35.082291400000031 ], [ 97.977220790000047, 35.077936330000057 ], [ 97.986497252000049, 35.072288821000029 ], [ 97.995164995000039, 35.066029268000079 ], [ 98.007726663000085, 35.055169225000043 ], [ 98.019522936000044, 35.043190653000067 ], [ 98.030769314000054, 35.03042281900008 ], [ 98.041637004000052, 35.017121494000037 ], [ 98.083889666000061, 34.962076018000062 ], [ 98.094705134000037, 34.948534380000069 ], [ 98.105814923000082, 34.935396449000052 ], [ 98.117356559000086, 34.92284944000005 ], [ 98.129503372000045, 34.911128858000041 ], [ 98.142475986000079, 34.900534821000065 ], [ 98.156261848000042, 34.891422273000046 ], [ 98.17086147200007, 34.883426347000068 ], [ 98.186068302000081, 34.876274454000054 ], [ 98.201720950000038, 34.869759634000047 ], [ 98.217692341000031, 34.863727499000049 ], [ 98.250195283000039, 34.852689489000056 ], [ 98.311930722000056, 34.833643033000044 ], [ 98.325904709000042, 34.828738216000033 ], [ 98.339248694000048, 34.82317164400007 ], [ 98.34950407000008, 34.817919423000035 ], [ 98.359015758000055, 34.811871233000033 ], [ 98.370451178000053, 34.802114584000037 ], [ 98.373661669000057, 34.798617021000041 ], [ 98.382128403000081, 34.786741604000042 ], [ 98.387177153000039, 34.776778006000029 ], [ 98.391182058000084, 34.766136912000036 ], [ 98.395185071000071, 34.750761470000043 ], [ 98.397831391000068, 34.73467888700003 ], [ 98.399407317000055, 34.718128466000053 ], [ 98.400098013000047, 34.701300329000048 ], [ 98.400003565000077, 34.684351156000048 ], [ 98.399151366000069, 34.667417871000055 ], [ 98.397505698000032, 34.650629671000047 ], [ 98.391888492000078, 34.614395109000043 ], [ 98.390230128000042, 34.598311172000024 ], [ 98.389847419000034, 34.582248864000064 ], [ 98.390983955000081, 34.56637820900005 ], [ 98.393997647000049, 34.550889080000047 ], [ 98.399365396000064, 34.535493529000064 ], [ 98.406617108000034, 34.520589408000035 ], [ 98.415271973000074, 34.506072541000037 ], [ 98.424976985000058, 34.491879379000068 ], [ 98.435485030000052, 34.477985341000078 ], [ 98.44663766900004, 34.464405330000034 ], [ 98.458352686000069, 34.451196775000028 ], [ 98.470616183000061, 34.438465455000028 ], [ 98.483478881000053, 34.426374378000048 ], [ 98.497056175000068, 34.415155842000047 ], [ 98.505971665000061, 34.408710987000063 ], [ 98.52003792000005, 34.399841464000076 ], [ 98.534662307000076, 34.391846552000061 ], [ 98.549678321000044, 34.384572554000044 ], [ 98.564951595000082, 34.377937056000064 ], [ 98.580369691000044, 34.371926587000075 ], [ 98.595832591000033, 34.366597889000047 ], [ 98.611243535000085, 34.362083086000041 ], [ 98.626499849000083, 34.358599019000053 ], [ 98.641483291000043, 34.356460895000055 ], [ 98.650879244000066, 34.355975056000034 ], [ 98.66003203300005, 34.356255114000078 ], [ 98.673314832000074, 34.358262681000042 ], [ 98.685502351000082, 34.362307315000066 ], [ 98.691850388000034, 34.365626707000047 ], [ 98.697629831000086, 34.369674793000058 ], [ 98.705976865000082, 34.378117678000024 ], [ 98.708498133000035, 34.38154273400005 ], [ 98.713262956000051, 34.389583771000048 ], [ 98.723617914000044, 34.41268059500004 ], [ 98.729436121000049, 34.423735516000079 ], [ 98.735308574000044, 34.431622505000064 ], [ 98.741741662000038, 34.437634039000045 ], [ 98.75294817200006, 34.44471438100004 ], [ 98.765894936000052, 34.450209069000039 ], [ 98.780141725000078, 34.454481756000064 ], [ 98.795345829000041, 34.457799066000064 ], [ 98.81124212800006, 34.460342473000026 ], [ 98.827625466000086, 34.462217052000028 ], [ 98.844335286000046, 34.463456652000048 ], [ 98.861242255000036, 34.464025321000065 ], [ 98.878236470000047, 34.463814917000036 ], [ 98.895216746000074, 34.462638976000051 ], [ 98.912178726000036, 34.460311063000063 ], [ 98.928974530000062, 34.456980353000063 ], [ 98.945536073000085, 34.452804134000075 ], [ 98.96176654900006, 34.447853404000057 ], [ 98.977529667000056, 34.442115554000054 ], [ 98.992636531000073, 34.435492805000024 ], [ 99.006829591000042, 34.42779627200008 ], [ 99.011616309000033, 34.424734561000037 ], [ 99.023621978000051, 34.41556160600004 ], [ 99.034112023000034, 34.405085571000029 ], [ 99.040137859000083, 34.397319482000057 ], [ 99.045396116000063, 34.388644316000068 ], [ 99.049652337000055, 34.379395321000061 ], [ 99.053208472000051, 34.368584380000073 ], [ 99.05560113000007, 34.357295352000051 ], [ 99.056839725000032, 34.346569178000038 ], [ 99.057351800000049, 34.330149888000051 ], [ 99.05670886200005, 34.313330117000078 ], [ 99.055291973000067, 34.296235593000063 ], [ 99.047234284000069, 34.226504734000059 ], [ 99.044364086000087, 34.190798921000066 ], [ 99.042727235000086, 34.155074739000042 ], [ 99.042322753000064, 34.119481570000062 ], [ 99.042721751000045, 34.101788990000045 ], [ 99.043679789000066, 34.084207841000079 ], [ 99.045384869000031, 34.066783431000033 ], [ 99.048096162000036, 34.049576796000053 ], [ 99.052151586000036, 34.032349525000029 ], [ 99.057044380000036, 34.016601930000036 ], [ 99.062805432000062, 34.001097010000024 ], [ 99.06926, 33.985807279000028 ], [ 99.076296127000035, 33.970726669000044 ], [ 99.083858443000054, 33.955871133000073 ], [ 99.09194450800004, 33.941280307000056 ], [ 99.100603729000056, 33.927020334000076 ], [ 99.109938647000035, 33.913187877000041 ], [ 99.12035796400005, 33.899460559000033 ], [ 99.131432010000083, 33.886174176000054 ], [ 99.142985599000042, 33.873215492000043 ], [ 99.167055872000049, 33.848004370000069 ], [ 99.191959555000039, 33.82359354700003 ], [ 99.204655100000082, 33.811757945000068 ], [ 99.217521112000043, 33.800281968000036 ], [ 99.230589489000067, 33.789310938000028 ], [ 99.243913469000063, 33.779052748000026 ], [ 99.254613762000076, 33.77166421700008 ], [ 99.265532353000083, 33.76503568000004 ], [ 99.279659972000047, 33.75798823100007 ], [ 99.294036385000084, 33.75266390400003 ], [ 99.308538938000083, 33.749412862000042 ], [ 99.314475787000049, 33.748788216000037 ], [ 99.326367962000063, 33.748842622000041 ], [ 99.33799722200007, 33.750621162000073 ], [ 99.34403463700005, 33.752280155000051 ], [ 99.357455395000045, 33.757979715000033 ], [ 99.365351505000035, 33.762715485000058 ], [ 99.374347794000073, 33.769390305000059 ], [ 99.392067656000052, 33.784968280000044 ], [ 99.401400395000053, 33.792800430000057 ], [ 99.411348106000048, 33.799476093000067 ], [ 99.419292802000086, 33.803273794000063 ], [ 99.42773455300005, 33.806087629000046 ], [ 99.437528257000054, 33.80808849400006 ], [ 99.447680785000045, 33.808979441000076 ], [ 99.461347717000081, 33.808583211000041 ], [ 99.475251258000071, 33.806703656000025 ], [ 99.489879592000079, 33.803450940000062 ], [ 99.504420827000047, 33.799132373000077 ], [ 99.51871189600007, 33.793931409000038 ], [ 99.542004620000057, 33.784196244000043 ], [ 99.551337745000069, 33.780738260000078 ], [ 99.563381509000067, 33.77717199600005 ], [ 99.576520598000059, 33.774342176000061 ], [ 99.589907651000033, 33.772452633000057 ], [ 99.603438292000078, 33.771490462000031 ], [ 99.61701570300005, 33.77148982600005 ], [ 99.628190343000085, 33.772260829000061 ], [ 99.639278120000085, 33.773754661000055 ], [ 99.65171580100008, 33.776344988000062 ], [ 99.664265510000064, 33.779863894000073 ], [ 99.695035436000069, 33.790128221000032 ], [ 99.709421069000086, 33.793950565000046 ], [ 99.716204381000068, 33.795206821000079 ], [ 99.727212215000065, 33.796462395000049 ], [ 99.738354118000075, 33.796829444000025 ], [ 99.749575169000082, 33.796338726000045 ], [ 99.755518230000064, 33.795737943000063 ], [ 99.771288817000084, 33.79312800200006 ], [ 99.787045661000036, 33.78929000200003 ], [ 99.802747114000056, 33.784459265000066 ], [ 99.818346830000053, 33.778784593000069 ], [ 99.839045209000062, 33.769949711000038 ], [ 99.854783264000048, 33.762235603000079 ], [ 99.870322409000039, 33.753932560000067 ], [ 99.885694195000042, 33.74519022100003 ], [ 99.915978435000056, 33.72675066000005 ], [ 99.945550705000073, 33.70727760300008 ], [ 99.959960505000083, 33.697130677000075 ], [ 99.974014648000036, 33.686644050000041 ], [ 99.98759816200004, 33.675735167000028 ], [ 100.00447695400004, 33.660569065000061 ], [ 100.030030731000068, 33.634812738000051 ], [ 100.041514464000045, 33.624090398000078 ], [ 100.049477060000072, 33.617236294000065 ], [ 100.061807047000059, 33.607647218000068 ], [ 100.07462384300004, 33.599107443000037 ], [ 100.087972176000051, 33.591941346000056 ], [ 100.102988581000034, 33.586113318000059 ], [ 100.118432360000043, 33.582280395000055 ], [ 100.134051070000055, 33.580514036000068 ], [ 100.143458324000051, 33.580542827000045 ], [ 100.152780717000041, 33.581472455000039 ], [ 100.159994282000071, 33.582880647000025 ], [ 100.165307342000062, 33.584334145000071 ], [ 100.179782578000072, 33.59006772400005 ], [ 100.193703591000087, 33.597772568000039 ], [ 100.207091168000034, 33.606956041000046 ], [ 100.219920665000075, 33.617265158000066 ], [ 100.232118826000033, 33.628460520000033 ], [ 100.239298993000034, 33.63576226400005 ], [ 100.249697664000053, 33.647427396000069 ], [ 100.259295046000034, 33.659503996000069 ], [ 100.267994996000084, 33.671849586000064 ], [ 100.273080480000033, 33.679917291000038 ], [ 100.289105866000057, 33.708629787000064 ], [ 100.291567852000071, 33.712395619000063 ], [ 100.29951139800005, 33.722410816000036 ], [ 100.308820913000034, 33.731751286000076 ], [ 100.319232559000056, 33.740503033000039 ], [ 100.33107418700007, 33.749110650000034 ], [ 100.343654821000086, 33.757285873000058 ], [ 100.356781763000072, 33.765152900000032 ], [ 100.370303214000046, 33.772813356000029 ], [ 100.397843453000064, 33.787707816000079 ], [ 100.56173414400007, 33.87392073500007 ], [ 100.593178455000043, 33.889930034000031 ], [ 100.608963420000066, 33.897549362000063 ], [ 100.624812036000037, 33.904726362000076 ], [ 100.64066322900004, 33.911213071000077 ], [ 100.656653781000045, 33.916729973000031 ], [ 100.668494333000069, 33.919938089000027 ], [ 100.680416062000063, 33.922311167000032 ], [ 100.695576695000057, 33.924004084000046 ], [ 100.710696423000059, 33.924329683000053 ], [ 100.725636949000034, 33.923361501000045 ], [ 100.740243096000086, 33.921069074000059 ], [ 100.754333664000058, 33.917315444000053 ], [ 100.767691486000047, 33.911851124000066 ], [ 100.772722517000034, 33.909140706000073 ], [ 100.776781397000036, 33.906635798000025 ], [ 100.784857800000054, 33.900760097000045 ], [ 100.792534362000083, 33.89412636000003 ], [ 100.800324656000043, 33.886497831000042 ], [ 100.807503571000041, 33.878925278000054 ], [ 100.817744499000071, 33.86760023100004 ], [ 100.859174001000042, 33.820115947000033 ], [ 100.869872285000042, 33.808404981000024 ], [ 100.880810268000062, 33.797047382000073 ], [ 100.890482597000073, 33.787661399000058 ], [ 100.900379106000059, 33.778762976000053 ], [ 100.91050290000004, 33.770470868000075 ], [ 100.920863826000073, 33.76293907400003 ], [ 100.932794483000066, 33.755572635000078 ], [ 100.944872435000036, 33.749499813000057 ], [ 100.956923742000072, 33.744890825000027 ], [ 100.96876420500007, 33.742016782000064 ], [ 100.97941478100006, 33.741189037000026 ], [ 100.989412839000067, 33.742323816000066 ], [ 100.998565032000045, 33.745695313000056 ], [ 101.001770577000059, 33.747654198000077 ], [ 101.009797716000037, 33.755231056000071 ], [ 101.015952430000084, 33.765007526000034 ], [ 101.020222657000033, 33.77631249600006 ], [ 101.022160818000032, 33.785465303000024 ], [ 101.023137271000053, 33.793750308000028 ], [ 101.024611834000041, 33.813648882000052 ], [ 101.026001995000058, 33.824826319000067 ], [ 101.028083723000066, 33.833918002000075 ], [ 101.031260210000084, 33.842102092000061 ], [ 101.037201432000074, 33.85095842000004 ], [ 101.045131283000046, 33.857320222000055 ], [ 101.04807263500004, 33.858718816000078 ], [ 101.059054963000051, 33.861264856000048 ], [ 101.071389583000041, 33.861088648000077 ], [ 101.084559487000035, 33.858716154000035 ], [ 101.098120210000047, 33.854487791000054 ], [ 101.111670995000054, 33.848578718000056 ], [ 101.124828489000038, 33.841013143000055 ], [ 101.132924143000082, 33.83523824100007 ], [ 101.14569147900005, 33.824404239000046 ], [ 101.186146583000038, 33.78749803200003 ], [ 101.211612979000051, 33.765285186000028 ], [ 101.224713398000063, 33.754632515000026 ], [ 101.238126567000052, 33.744516758000032 ], [ 101.251939378000031, 33.735161398000059 ], [ 101.266273258000069, 33.726847275000068 ], [ 101.271612231000063, 33.724158848000059 ], [ 101.28582722200008, 33.717958005000071 ], [ 101.300467841000057, 33.712705473000028 ], [ 101.315432654000062, 33.708234606000076 ], [ 101.330644917000086, 33.704435594000074 ], [ 101.346048348000068, 33.701250446000074 ], [ 101.361603615000035, 33.698669662000043 ], [ 101.377285537000034, 33.69673057600005 ], [ 101.39494460800006, 33.695354175000034 ], [ 101.412701881000032, 33.694629963000068 ], [ 101.430525856000088, 33.694360612000025 ], [ 101.520068609000077, 33.695404748000044 ], [ 101.555986340000061, 33.695217348000028 ], [ 101.573963240000069, 33.694778306000046 ], [ 101.609873735000065, 33.693358634000049 ], [ 101.645634831000052, 33.691197628000054 ], [ 101.663394379000067, 33.689731985000037 ], [ 101.681013298000039, 33.687883484000054 ], [ 101.69842286100004, 33.685499047000064 ], [ 101.715527826000084, 33.682363517000056 ], [ 101.732198302000086, 33.678182939000067 ], [ 101.745330212000056, 33.673747610000078 ], [ 101.756041474000085, 33.66911278200007 ], [ 101.769847998000046, 33.661524235000059 ], [ 101.780548454000041, 33.65436919900003 ], [ 101.790840375000073, 33.646501458000046 ], [ 101.800773690000085, 33.63805556300008 ], [ 101.810377950000031, 33.629134024000052 ], [ 101.821581546000061, 33.617811341000049 ], [ 101.832337447000043, 33.606023212000025 ], [ 101.842626392000057, 33.593848927000067 ], [ 101.852388663000056, 33.581330167000033 ], [ 101.861521835000076, 33.568475599000067 ], [ 101.869877087000077, 33.555263937000063 ], [ 101.87725439500008, 33.541645794000033 ], [ 101.881349784000065, 33.532764569000051 ], [ 101.892981220000081, 33.503772720000029 ], [ 101.89769808300008, 33.493007398000032 ], [ 101.902531926000051, 33.483476790000054 ], [ 101.911162826000066, 33.469131640000057 ], [ 101.920902942000055, 33.455294288000061 ], [ 101.931529897000075, 33.441911786000048 ], [ 101.942893510000033, 33.42897563300005 ], [ 101.954909403000045, 33.416524977000051 ], [ 101.967554815000085, 33.404652127000077 ], [ 101.975754564000056, 33.397608329000036 ], [ 101.98419222800004, 33.39085327500004 ], [ 101.997280942000032, 33.381292454000061 ], [ 102.010860865000041, 33.37251057800006 ], [ 102.024949780000043, 33.364660689000061 ], [ 102.040122688000054, 33.357656790000078 ], [ 102.055741807000061, 33.351709823000078 ], [ 102.071680366000066, 33.346721458000047 ], [ 102.087840465000056, 33.342687044000058 ], [ 102.104145710000068, 33.339697165000075 ], [ 102.120534752000083, 33.337943515000063 ], [ 102.135477450000053, 33.337614255000062 ], [ 102.150362076000079, 33.338508713000067 ], [ 102.165102328000046, 33.340660868000043 ], [ 102.178491876000066, 33.343839901000024 ], [ 102.189513738000073, 33.34737898800006 ], [ 102.204380450000087, 33.353231021000056 ], [ 102.285973765000051, 33.390769939000052 ], [ 102.379560852000054, 33.432505217000028 ], [ 102.408442576000084, 33.44583344800003 ], [ 102.421598637000045, 33.452394084000048 ], [ 102.433401079000078, 33.458898998000052 ], [ 102.443321203000039, 33.465368737000063 ], [ 102.449501502000032, 33.470665992000079 ], [ 102.453504280000061, 33.476512761000038 ], [ 102.454924755000036, 33.485636194000051 ], [ 102.452865394000071, 33.496314304000066 ], [ 102.448049685000058, 33.50797873700003 ], [ 102.440961462000075, 33.520139788000051 ], [ 102.431968318000088, 33.532426346000079 ], [ 102.421621212000048, 33.544764923000059 ], [ 102.387113806000059, 33.582358519000024 ], [ 102.37568903500005, 33.595280556000034 ], [ 102.364873456000055, 33.608561512000051 ], [ 102.355043442000067, 33.622348936000037 ], [ 102.347104207000086, 33.635778004000031 ], [ 102.340520081000079, 33.649752474000024 ], [ 102.338701102000073, 33.654407821000063 ], [ 102.33483910700005, 33.666317087000039 ], [ 102.331011259000036, 33.682018108000079 ], [ 102.324261709000041, 33.712121983000031 ], [ 102.320367170000054, 33.726269578000029 ], [ 102.315810397000064, 33.740285572000062 ], [ 102.310437524000065, 33.754055866000044 ], [ 102.302952527000059, 33.76978095700008 ], [ 102.294422746000066, 33.785112026000036 ], [ 102.285115923000035, 33.800135867000051 ], [ 102.275228955000046, 33.814909046000025 ], [ 102.264899465000042, 33.829459174000078 ], [ 102.255215477000036, 33.842474613000036 ], [ 102.235120141000039, 33.86786571500005 ], [ 102.22471674500008, 33.880136148000076 ], [ 102.214038069000082, 33.892002484000045 ], [ 102.203021164000063, 33.903326744000026 ], [ 102.191708632000086, 33.913833960000034 ], [ 102.179753563000077, 33.923643278000043 ], [ 102.167323004000082, 33.932379687000036 ], [ 102.158806205000076, 33.93745692400006 ], [ 102.150058387000058, 33.941881716000069 ], [ 102.139547589000074, 33.946141425000064 ], [ 102.128796584000042, 33.949411287000032 ], [ 102.114824021000061, 33.952371455000048 ], [ 102.085012598000048, 33.957839833000037 ], [ 102.055705656000043, 33.963613031000079 ], [ 102.025862428000039, 33.970002236000028 ], [ 101.993221046000087, 33.977603095000063 ], [ 101.96061480700007, 33.985980668000025 ], [ 101.944402963000073, 33.990550232000032 ], [ 101.928298315000063, 33.995461251000052 ], [ 101.912343409000073, 34.000811737000049 ], [ 101.896248020000087, 34.006807252000044 ], [ 101.864501566000058, 34.020025644000043 ], [ 101.848784999000088, 34.027053015000035 ], [ 101.817570918000058, 34.041644379000047 ], [ 101.771254600000077, 34.064543621000041 ], [ 101.740873123000085, 34.080597917000034 ], [ 101.726655909000044, 34.088553153000078 ], [ 101.698762915000032, 34.105119699000056 ], [ 101.685146048000036, 34.113744912000072 ], [ 101.671815201000072, 34.122633703000076 ], [ 101.658843435000051, 34.131832818000078 ], [ 101.646325426000033, 34.141405411000051 ], [ 101.619706749000045, 34.163916115000063 ], [ 101.610214578000068, 34.171559065000054 ], [ 101.600343402000078, 34.178628003000028 ], [ 101.594281942000066, 34.182425106000039 ], [ 101.580152172000055, 34.189981388000035 ], [ 101.565319876000046, 34.196529983000062 ], [ 101.549955047000083, 34.202296395000076 ], [ 101.534188479000079, 34.207445639000071 ], [ 101.51811893200005, 34.212091617000056 ], [ 101.501819420000061, 34.216304905000072 ], [ 101.485342586000058, 34.220118983000077 ], [ 101.468725260000042, 34.223535150000032 ], [ 101.422884628000077, 34.231765156000051 ], [ 101.409022659000073, 34.23455235800003 ], [ 101.395246743000087, 34.237705197000025 ], [ 101.378033212000048, 34.242303365000055 ], [ 101.360999151000044, 34.247499789000074 ], [ 101.344144522000079, 34.253188429000033 ], [ 101.327491440000074, 34.259311500000024 ], [ 101.311088205000033, 34.265858772000058 ], [ 101.295015070000034, 34.272869318000062 ], [ 101.279392074000043, 34.280436125000051 ], [ 101.264389331000075, 34.288713856000072 ], [ 101.250240022000071, 34.297929941000064 ], [ 101.23725623200005, 34.308398975000046 ], [ 101.226704085000051, 34.319257942000036 ], [ 101.217306445000077, 34.331231547000073 ], [ 101.208988798000064, 34.344123652000064 ], [ 101.201806804000057, 34.357453294000038 ], [ 101.177368321000074, 34.409424795000064 ], [ 101.171112492000077, 34.421942453000042 ], [ 101.16450259800007, 34.43415047600007 ], [ 101.156153223000047, 34.447843384000066 ], [ 101.146957159000067, 34.460685675000036 ], [ 101.136683451000067, 34.472386869000047 ], [ 101.126316400000064, 34.481671386000073 ], [ 101.11588267500008, 34.48908603600006 ], [ 101.104755583000042, 34.495726650000051 ], [ 101.079316538000057, 34.50886579400003 ], [ 101.036798633000046, 34.529751836000059 ], [ 101.022681199000033, 34.537113602000034 ], [ 101.008787813000083, 34.544887908000078 ], [ 100.995250559000056, 34.553232506000029 ], [ 100.982681410000055, 34.56191410100007 ], [ 100.97053985000008, 34.571176414000035 ], [ 100.958808231000035, 34.580928565000079 ], [ 100.947494470000038, 34.591106142000058 ], [ 100.936632962000033, 34.601667359000032 ], [ 100.926286014000084, 34.612589334000063 ], [ 100.916545760000076, 34.623864311000034 ], [ 100.90764776900005, 34.63519776000004 ], [ 100.890907867000067, 34.657690733000038 ], [ 100.882580740000037, 34.668209372000035 ], [ 100.873959554000066, 34.677752572000031 ], [ 100.864784575000044, 34.685876436000058 ], [ 100.85749603000005, 34.69065984100007 ], [ 100.849764305000065, 34.694155390000049 ], [ 100.838155540000059, 34.696823687000062 ], [ 100.832267099000035, 34.69720744600005 ], [ 100.819902590000083, 34.696362639000029 ], [ 100.807188167000049, 34.693854847000068 ], [ 100.79420708300006, 34.690261700000065 ], [ 100.770880430000034, 34.683102159000043 ], [ 100.759646544000077, 34.68022011000005 ], [ 100.745081778000042, 34.677443191000066 ], [ 100.730226525000035, 34.675705760000028 ], [ 100.715205102000084, 34.675093506000053 ], [ 100.70887532200004, 34.675205302000052 ], [ 100.692759542000033, 34.676519109000026 ], [ 100.676740239000083, 34.679225525000049 ], [ 100.663225304000036, 34.682578891000048 ], [ 100.649891479000075, 34.686800395000034 ], [ 100.636779061000084, 34.691824158000031 ], [ 100.623939264000057, 34.697631992000026 ], [ 100.60976254600007, 34.705163381000034 ], [ 100.596008828000038, 34.713583635000077 ], [ 100.574950373000036, 34.728319531000068 ], [ 100.539145826000038, 34.755229384000074 ], [ 100.527440966000086, 34.763725667000074 ], [ 100.515565992000063, 34.771907414000054 ], [ 100.503462699000067, 34.779646740000032 ], [ 100.49089637700007, 34.786914465000052 ], [ 100.478031858000065, 34.793517449000035 ], [ 100.464863102000038, 34.799367479000068 ], [ 100.453674337000052, 34.803580227000054 ], [ 100.439173663000076, 34.808143552000047 ], [ 100.396554388000084, 34.819587348000027 ], [ 100.383507656000063, 34.823552492000033 ], [ 100.370802763000086, 34.828079836000029 ], [ 100.358589721000044, 34.833413112000073 ], [ 100.348633606000078, 34.838823470000079 ], [ 100.34007960100007, 34.844485535000047 ], [ 100.330271444000061, 34.852383751000048 ], [ 100.321275659000037, 34.861243387000059 ], [ 100.31186918700007, 34.872639672000048 ], [ 100.303433807000033, 34.884997732000045 ], [ 100.295823540000072, 34.898108827000044 ], [ 100.288954918000059, 34.911822030000053 ], [ 100.282100802000059, 34.927683807000051 ], [ 100.275939497000081, 34.943991101000051 ], [ 100.270345162000069, 34.96061775000004 ], [ 100.265256264000072, 34.977478104000056 ], [ 100.260670287000039, 34.994518851000066 ], [ 100.256641775000048, 35.011713043000043 ], [ 100.253283428000032, 35.029055971000048 ], [ 100.250735294000037, 35.046212731000026 ], [ 100.248784090000072, 35.063477574000046 ], [ 100.246051235000039, 35.09819587800007 ], [ 100.242663098000037, 35.162718824000024 ], [ 100.240397004000044, 35.196658551000041 ], [ 100.237326395000082, 35.227759474000038 ], [ 100.235383139000078, 35.243235245000051 ], [ 100.233132515000079, 35.258645339000054 ], [ 100.230523445000074, 35.273971948000053 ], [ 100.227482240000086, 35.289191259000063 ], [ 100.223909553000055, 35.30427217600004 ], [ 100.219714018000047, 35.31924504400007 ], [ 100.215020954000067, 35.334069604000035 ], [ 100.209972652000033, 35.348767750000036 ], [ 100.185815686000069, 35.414722937000079 ], [ 100.181730189000064, 35.428104045000055 ], [ 100.17864901300004, 35.441611250000051 ], [ 100.176750723000055, 35.457064520000074 ], [ 100.176312498000073, 35.472724178000078 ], [ 100.177060513000072, 35.488512552000032 ], [ 100.178813362000085, 35.504357181000046 ], [ 100.181474170000058, 35.520186617000036 ], [ 100.185025569000061, 35.535925982000037 ], [ 100.18952764800008, 35.551492292000034 ], [ 100.195446426000046, 35.567861977000064 ], [ 100.202270672000054, 35.583998062000035 ], [ 100.209748125000033, 35.599952747000032 ], [ 100.217697328000042, 35.615757892000033 ], [ 100.225994834000062, 35.631425398000033 ], [ 100.243377729000088, 35.662288803000024 ], [ 100.252437623000048, 35.677393468000048 ], [ 100.261791781000056, 35.692167852000068 ], [ 100.271528864000061, 35.706477689000053 ], [ 100.281785787000047, 35.720135868000057 ], [ 100.292756563000069, 35.732888400000036 ], [ 100.304703979000067, 35.744397322000054 ], [ 100.30869947900004, 35.747681180000029 ], [ 100.320878570000048, 35.75619129100005 ], [ 100.333905762000086, 35.763527737000061 ], [ 100.34756290100006, 35.769903956000064 ], [ 100.361675962000049, 35.775468939000064 ], [ 100.383282845000053, 35.782460775000061 ], [ 100.410996503000035, 35.790076763000059 ], [ 100.423485593000066, 35.793837933000077 ], [ 100.435700878000034, 35.79824019800003 ], [ 100.449325108000039, 35.80441671300008 ], [ 100.462557138000079, 35.811570595000035 ], [ 100.475514200000077, 35.819397256000059 ], [ 100.513722868000059, 35.844332486000042 ], [ 100.524619550000068, 35.851150928000038 ], [ 100.535731464000037, 35.857510330000025 ], [ 100.540970489000074, 35.860228329000051 ], [ 100.55484176300007, 35.866691974000048 ], [ 100.583076833000064, 35.878701765000073 ], [ 100.596996989000047, 35.885212872000068 ], [ 100.602261404000046, 35.887961822000079 ], [ 100.615748859000064, 35.895899376000045 ], [ 100.628784683000049, 35.904715057000033 ], [ 100.641408162000062, 35.914233314000057 ], [ 100.653626966000047, 35.924326434000079 ], [ 100.665416117000063, 35.934908762000077 ], [ 100.676715848000072, 35.945931980000069 ], [ 100.68742823000008, 35.957381496000039 ], [ 100.69741257000004, 35.969273907000058 ], [ 100.706479786000045, 35.981655290000049 ], [ 100.714377, 35.994449348000046 ], [ 100.71906150500007, 36.003255066000065 ], [ 100.728341268000065, 36.022391629000026 ], [ 100.734002764000081, 36.032997445000035 ], [ 100.741990058000056, 36.045330512000078 ], [ 100.74961016900005, 36.054925511000079 ], [ 100.758113136000077, 36.063808343000062 ], [ 100.761847756000066, 36.067208301000051 ], [ 100.774097236000046, 36.076722241000027 ], [ 100.787406082000075, 36.085064980000027 ], [ 100.80154643700007, 36.092342529000064 ], [ 100.816357071000084, 36.098569296000051 ], [ 100.828026698000087, 36.10256963900008 ], [ 100.837807947000044, 36.105342196000038 ], [ 100.847751299000038, 36.107663367000043 ], [ 100.855205535000039, 36.109096271000055 ], [ 100.872305383000082, 36.111521329000027 ], [ 100.889602129000082, 36.112976213000024 ], [ 100.906992118000062, 36.113591950000057 ], [ 100.924385505000032, 36.113408179000032 ], [ 100.941697932000068, 36.112376590000054 ], [ 100.958842839000056, 36.110359746000029 ], [ 100.970020580000039, 36.108388250000075 ], [ 100.98105329200007, 36.10584485000004 ], [ 100.992690961000051, 36.102438279000069 ], [ 101.004109576000076, 36.098374874000058 ], [ 101.014594222000085, 36.094036208000034 ], [ 101.048287257000084, 36.078193777000024 ], [ 101.058755756000039, 36.073550650000072 ], [ 101.072277885000062, 36.068066722000026 ], [ 101.085944980000079, 36.063102848000028 ], [ 101.099708201000055, 36.058693740000024 ], [ 101.113523114000031, 36.054904124000075 ], [ 101.127348037000047, 36.051833315000067 ], [ 101.141142368000033, 36.049620209000068 ], [ 101.147012540000048, 36.048980099000062 ], [ 101.159830877000047, 36.048302995000029 ], [ 101.172323829000049, 36.048561103000054 ], [ 101.197335412000086, 36.049633561000064 ], [ 101.211649483000087, 36.049554621000027 ], [ 101.226093325000079, 36.048848913000029 ], [ 101.240584780000063, 36.047531506000041 ], [ 101.255044088000034, 36.04559131600007 ], [ 101.267566742000042, 36.043383456000072 ], [ 101.279967536000072, 36.040759973000036 ], [ 101.312201655000081, 36.032577745000026 ], [ 101.322832358000085, 36.030260579000071 ], [ 101.333594896000079, 36.028549458000043 ], [ 101.344499476000067, 36.027460445000031 ], [ 101.361455128000046, 36.026959454000064 ], [ 101.37854599800005, 36.02771765500006 ], [ 101.395666061000043, 36.029618363000054 ], [ 101.412710188000062, 36.032649731000049 ], [ 101.419174668000039, 36.034118874000058 ], [ 101.435761723000041, 36.03870629100004 ], [ 101.452075375000049, 36.044366432000061 ], [ 101.468033735000063, 36.051102585000024 ], [ 101.482668539000088, 36.058410999000046 ], [ 101.535256486000037, 36.08780011500005 ], [ 101.547468650000042, 36.094166910000069 ], [ 101.569060242000035, 36.104553752000072 ], [ 101.583168501000046, 36.110660282000026 ], [ 101.597449138000059, 36.116345645000024 ], [ 101.611870686000032, 36.121635099000059 ], [ 101.626410380000038, 36.126523717000055 ], [ 101.641053012000043, 36.130974142000071 ], [ 101.655789971000047, 36.134913126000072 ], [ 101.66864939900006, 36.137831728000037 ], [ 101.678823217000058, 36.13974851100005 ], [ 101.68902883800007, 36.141295028000059 ], [ 101.703340621000052, 36.14278661000003 ], [ 101.717658146000076, 36.143468864000056 ], [ 101.73194004800007, 36.143279494000069 ], [ 101.746142467000084, 36.142100973000026 ], [ 101.763182204000032, 36.139236236000045 ], [ 101.78006423800008, 36.135088175000078 ], [ 101.796803933000035, 36.129968992000045 ], [ 101.813401069000065, 36.124091735000036 ], [ 101.829838434000067, 36.117584339000075 ], [ 101.846079474000078, 36.110499244000039 ], [ 101.862064821000047, 36.102818635000062 ], [ 101.877707581000038, 36.094455572000072 ], [ 101.891056558000059, 36.086491767000041 ], [ 101.904091272000073, 36.077996272000064 ], [ 101.916828630000055, 36.069040621000056 ], [ 101.929262105000078, 36.05965905100004 ], [ 101.941360877000079, 36.04985070400005 ], [ 101.953068128000041, 36.039580552000075 ], [ 101.964624510000078, 36.028517388000068 ], [ 101.97574553000004, 36.016998802000046 ], [ 101.986465532000068, 36.005095379000068 ], [ 101.996786802000088, 35.992847796000035 ], [ 102.00667971300004, 35.980270286000064 ], [ 102.016081743000086, 35.967353261000028 ], [ 102.02489548300008, 35.954065288000038 ], [ 102.035873051000067, 35.935274493000065 ], [ 102.043467442000065, 35.920901895000043 ], [ 102.064830925000081, 35.878353258000061 ], [ 102.070217773000081, 35.868327309000051 ], [ 102.075869270000055, 35.858825094000053 ], [ 102.081680709000068, 35.850425280000024 ], [ 102.088039116000061, 35.842855860000043 ], [ 102.098079088000077, 35.834014861000071 ], [ 102.109865134000074, 35.827498826000067 ], [ 102.115474061000043, 35.825552910000056 ], [ 102.127716578000047, 35.823242146000041 ], [ 102.140568041000051, 35.822967518000041 ], [ 102.153779186000065, 35.824482658000079 ], [ 102.164934050000056, 35.826950185000044 ], [ 102.214590894000082, 35.84185423100007 ], [ 102.228399023000065, 35.845564885000044 ], [ 102.242418433000068, 35.848835880000024 ], [ 102.257605909000063, 35.851692958000058 ], [ 102.272513063000076, 35.85384549500003 ], [ 102.287535214000059, 35.855481588000032 ], [ 102.302636138000082, 35.85668834300003 ], [ 102.317787086000067, 35.85752786300003 ], [ 102.34814970900004, 35.85823718000006 ], [ 102.364114559000086, 35.858104488000038 ], [ 102.380048991000081, 35.857602746000055 ], [ 102.395933181000032, 35.856686855000078 ], [ 102.41174518400004, 35.855280535000077 ], [ 102.43572167700006, 35.851999492000061 ], [ 102.451879851000058, 35.848999622000065 ], [ 102.467878291000034, 35.845407621000049 ], [ 102.506824570000049, 35.83496371800004 ], [ 102.529644527000073, 35.829686570000035 ], [ 102.545843944000069, 35.82656238800007 ], [ 102.562153692000038, 35.823808858000064 ], [ 102.578542507000066, 35.82135960800008 ], [ 102.61145530400006, 35.817225328000063 ], [ 102.644402405000051, 35.814089879000051 ], [ 102.660834941000076, 35.812979200000029 ], [ 102.677207329000055, 35.812272120000046 ], [ 102.693489387000056, 35.812084431000073 ], [ 102.709644162000075, 35.812572282000076 ], [ 102.725625832000048, 35.813939408000067 ], [ 102.739737105000074, 35.81606822100008 ], [ 102.756395936000047, 35.819629721000069 ], [ 102.787047326000049, 35.827212774000031 ], [ 102.797110021000037, 35.829181253000058 ], [ 102.807296522000058, 35.830696266000075 ], [ 102.818823168000051, 35.831832271000053 ], [ 102.830453893000083, 35.832408447000034 ], [ 102.842162606000045, 35.832455842000059 ], [ 102.849714529000039, 35.832215223000048 ], [ 102.86534292500005, 35.831103468000038 ], [ 102.881024020000041, 35.829313933000037 ], [ 102.896741621000047, 35.827001341000027 ], [ 102.912482176000083, 35.82428257600003 ], [ 102.94398502100006, 35.817945732000055 ], [ 102.975439142000084, 35.810722664000025 ], [ 103.037363196000058, 35.795265770000071 ], [ 103.064334931000076, 35.789224130000036 ], [ 103.086163186000078, 35.785738514000059 ], [ 103.102735504000066, 35.784387925000033 ], [ 103.11928101500007, 35.784302920000073 ], [ 103.135713550000048, 35.785732268000061 ], [ 103.151191450000056, 35.788697089000038 ], [ 103.166510852000044, 35.792963688000043 ], [ 103.181689187000075, 35.798221949000038 ], [ 103.196724465000045, 35.804238412000075 ], [ 103.211592793000079, 35.810843308000074 ], [ 103.226244447000056, 35.817919880000034 ], [ 103.240598195000075, 35.825395918000027 ], [ 103.253486545000044, 35.832614922000062 ], [ 103.265911648000042, 35.840095947000066 ], [ 103.277722493000056, 35.847810418000051 ], [ 103.288714108000079, 35.855747198000074 ], [ 103.299587063000047, 35.864729444000034 ], [ 103.308800440000084, 35.87378624400003 ], [ 103.315879375000065, 35.882723304000024 ], [ 103.320175215000063, 35.891340867000054 ], [ 103.320830803000035, 35.899421722000056 ], [ 103.320688285000074, 35.90006449200007 ], [ 103.316230679000057, 35.907814090000045 ], [ 103.30789515500004, 35.914874264000048 ], [ 103.296930080000038, 35.921486035000044 ], [ 103.258022999000048, 35.940695378000044 ], [ 103.245925679000038, 35.947565309000026 ], [ 103.235766485000056, 35.955053059000079 ], [ 103.228639074000057, 35.963450656000077 ], [ 103.227240099000085, 35.966293543000063 ], [ 103.226151265000055, 35.969848834000061 ], [ 103.225842624000052, 35.976198178000061 ], [ 103.227886178000063, 35.984159820000059 ], [ 103.232121659000086, 35.992273104000049 ], [ 103.239572316000078, 36.002281759000027 ], [ 103.24859863100005, 36.012316585000065 ], [ 103.258856897000044, 36.02255804300006 ], [ 103.270009579000032, 36.03292871900004 ], [ 103.294074858000045, 36.053781796000067 ], [ 103.31957144200004, 36.074312650000024 ], [ 103.332686078000052, 36.084245195000051 ], [ 103.346024653000086, 36.093805478000036 ], [ 103.359608004000052, 36.10284430300004 ], [ 103.370778811000037, 36.109699891000048 ], [ 103.406799996000075, 36.130624103000059 ], [ 103.418739923000032, 36.137382410000043 ], [ 103.430715683000074, 36.14357367100007 ], [ 103.442938725000033, 36.148772457000064 ], [ 103.447870102000081, 36.150448177000044 ], [ 103.453591292000056, 36.152067019000071 ], [ 103.468334753000079, 36.154750591000038 ], [ 103.483883414000047, 36.155696738000074 ], [ 103.499728452000056, 36.155225299000051 ], [ 103.515776140000071, 36.153688617000057 ], [ 103.531950186000074, 36.151345895000077 ], [ 103.548186262000058, 36.148379018000071 ], [ 103.564426984000079, 36.144904947000043 ], [ 103.580617238000059, 36.140984787000036 ], [ 103.596699685000033, 36.136629757000037 ], [ 103.612610335000056, 36.13180432300004 ], [ 103.628274055000077, 36.126426859000048 ], [ 103.64359997300005, 36.120368201000076 ], [ 103.660179624000079, 36.112656122000033 ], [ 103.669668485000045, 36.107674429000042 ], [ 103.70196057000004, 36.089627058000076 ], [ 103.713174690000073, 36.084163360000048 ], [ 103.728665677000038, 36.077639901000055 ], [ 103.74460033400004, 36.071842307000054 ], [ 103.760874303000037, 36.066605540000069 ], [ 103.777406278000058, 36.061810191000063 ], [ 103.794133307000038, 36.05737842700006 ], [ 103.827986343000077, 36.04948962800006 ], [ 103.845039868000072, 36.046073300000046 ], [ 103.86213560200008, 36.043108280000069 ], [ 103.879239946000041, 36.04073251300008 ], [ 103.896312358000046, 36.039146297000059 ], [ 103.911639029000071, 36.038589541000078 ], [ 103.926824856000053, 36.038947722000046 ], [ 103.940983086000074, 36.040099748000046 ], [ 103.954827167000076, 36.041997236000043 ], [ 103.968234194000047, 36.044637677000026 ], [ 103.980632418000084, 36.047935468000048 ], [ 103.992301973000053, 36.052022991000058 ], [ 104.003023078000069, 36.056999228000052 ], [ 104.012519553000061, 36.06301643300003 ], [ 104.016043507000063, 36.065881097000045 ], [ 104.021786341000052, 36.071750875000077 ], [ 104.026330680000058, 36.07814042900003 ], [ 104.029751315000055, 36.085053326000036 ], [ 104.032427982000058, 36.09422002000008 ], [ 104.033621248000088, 36.103711879000059 ], [ 104.033650390000048, 36.113234700000078 ], [ 104.032343940000032, 36.128006580000033 ], [ 104.031951960000072, 36.139180058000079 ], [ 104.032205834000081, 36.142787854000062 ], [ 104.033621095000058, 36.15109364500006 ], [ 104.03673290100005, 36.16110481700008 ], [ 104.041231364000055, 36.171143099000062 ], [ 104.043339544000048, 36.175056914000038 ], [ 104.051652086000047, 36.188069415000029 ], [ 104.061476931000072, 36.200895829000046 ], [ 104.072408090000067, 36.213562337000042 ], [ 104.084143410000081, 36.226083161000076 ], [ 104.096464380000043, 36.238458527000034 ], [ 104.109220003000075, 36.250672033000058 ], [ 104.122314613000071, 36.262687061000065 ], [ 104.135699354000053, 36.274441852000052 ], [ 104.149367020000057, 36.285842894000041 ], [ 104.163349935000042, 36.296756311000024 ], [ 104.177720639000086, 36.306996935000029 ], [ 104.192595056000073, 36.316314883000075 ], [ 104.19769012200004, 36.319163711000044 ], [ 104.208346650000067, 36.324575708000054 ], [ 104.219264690000045, 36.329432778000069 ], [ 104.230418449000069, 36.333740444000057 ], [ 104.242427666000083, 36.337684090000039 ], [ 104.253515620000087, 36.340752774000066 ], [ 104.264739375000033, 36.343431101000078 ], [ 104.316921715000035, 36.353773950000061 ], [ 104.333824420000042, 36.357544140000073 ], [ 104.350620942000035, 36.361790634000045 ], [ 104.367276839000056, 36.366539771000078 ], [ 104.383747845000073, 36.371855013000072 ], [ 104.39997601400006, 36.377843281000025 ], [ 104.415837999000075, 36.384556346000068 ], [ 104.431468221000046, 36.391882058000078 ], [ 104.446932090000075, 36.399658525000063 ], [ 104.47754892100005, 36.416104963000066 ], [ 104.507948301000056, 36.43326342000006 ], [ 104.538230500000054, 36.450856387000044 ], [ 104.583254870000076, 36.47812179500005 ], [ 104.598004763000063, 36.487595524000028 ], [ 104.612500891000082, 36.497387551000031 ], [ 104.627061903000083, 36.507893284000033 ], [ 104.641195642000071, 36.518808791000026 ], [ 104.654815788000064, 36.530121638000026 ], [ 104.667766852000057, 36.541860976000066 ], [ 104.679808374000061, 36.554100219000077 ], [ 104.690593912000054, 36.566961794000065 ], [ 104.699644283000055, 36.580623872000047 ], [ 104.701921730000038, 36.584893264000073 ], [ 104.707731385000045, 36.598996944000078 ], [ 104.711568808000038, 36.61372099700003 ], [ 104.713561219000042, 36.628793997000059 ], [ 104.713674825000055, 36.643970319000061 ], [ 104.711712247000037, 36.659014371000069 ], [ 104.709016646000066, 36.669140354000035 ], [ 104.703054137000038, 36.683861 ], [ 104.695282305000035, 36.698158295000042 ], [ 104.686192522000056, 36.712116650000041 ], [ 104.676146308000057, 36.725792393000063 ], [ 104.665400487000056, 36.739214666000066 ], [ 104.654126957000074, 36.752385180000033 ], [ 104.642427444000077, 36.76527653100004 ], [ 104.630343653000068, 36.777828808000038 ], [ 104.617863313000043, 36.789944272000071 ], [ 104.604922560000034, 36.801479931000074 ], [ 104.591405094000038, 36.812237893000031 ], [ 104.587106641000048, 36.815353163000054 ], [ 104.573190383000053, 36.824500155000067 ], [ 104.558717633000072, 36.832783431000053 ], [ 104.543782580000084, 36.840268531000049 ], [ 104.528440845000034, 36.846957314000065 ], [ 104.516595537000057, 36.851465015000031 ], [ 104.502289722000057, 36.856249386000059 ], [ 104.487794564000069, 36.860490021000032 ], [ 104.473167341000078, 36.864245197000059 ], [ 104.458459444000084, 36.867544728000041 ], [ 104.443866942000056, 36.870392389000074 ], [ 104.409548575000088, 36.876333007000028 ], [ 104.39297859900006, 36.879528540000024 ], [ 104.378873110000086, 36.882905700000038 ], [ 104.365579611000044, 36.88711491600003 ], [ 104.353398485000071, 36.892524958000024 ], [ 104.342709708000086, 36.899582310000028 ], [ 104.339276292000079, 36.902658243000076 ], [ 104.330218659000082, 36.913908802000037 ], [ 104.32313944100008, 36.927203939000037 ], [ 104.31753543700006, 36.941989576000026 ], [ 104.313046548000045, 36.957839695000075 ], [ 104.309434313000054, 36.974426807000043 ], [ 104.306566406000059, 36.991496038000037 ], [ 104.304407308000066, 37.008842415000061 ], [ 104.303015124000069, 37.026290663000054 ], [ 104.302504712000086, 37.042147709000062 ], [ 104.30272070500007, 37.057808201000057 ], [ 104.303697382000053, 37.073110344000042 ], [ 104.305545540000082, 37.08786243600008 ], [ 104.308459919000086, 37.101828780000062 ], [ 104.312730454000075, 37.114714034000031 ], [ 104.318757328000061, 37.126145819000044 ], [ 104.321313777000057, 37.129643160000057 ], [ 104.324133457000073, 37.13287335900003 ], [ 104.327662385000053, 37.136236203000067 ], [ 104.338586699000075, 37.143835632000048 ], [ 104.347368772000038, 37.148280586000055 ], [ 104.356814055000086, 37.152246663000028 ], [ 104.374963278000052, 37.158811437000054 ], [ 104.424306156000057, 37.175014572000066 ], [ 104.455800047000082, 37.185780998000041 ], [ 104.487120769000057, 37.197603385000036 ], [ 104.503551704000074, 37.204495081000061 ], [ 104.519818626000074, 37.211763589000043 ], [ 104.551932608000072, 37.227150344000052 ], [ 104.583537757000045, 37.243421468000065 ], [ 104.614587231000087, 37.260531498000034 ], [ 104.666422252000075, 37.290897786000073 ], [ 104.679431645000079, 37.298193278000042 ], [ 104.68942478200006, 37.303527333000034 ], [ 104.704878015000077, 37.31119005100004 ], [ 104.720583808000072, 37.318116485000075 ], [ 104.736601575000066, 37.324101236000047 ], [ 104.749448419000032, 37.328042413000048 ], [ 104.762469999000075, 37.331497303000049 ], [ 104.80269779200006, 37.341319389000034 ], [ 104.822414784000046, 37.346624990000066 ], [ 104.839320303000079, 37.351720628000066 ], [ 104.856120334000082, 37.357234418000075 ], [ 104.872809435000079, 37.363115153000024 ], [ 104.889373035000062, 37.369341321000036 ], [ 104.905785735000052, 37.37592115700005 ], [ 104.922009265000042, 37.382893626000055 ], [ 104.937990059000072, 37.390330411000036 ], [ 104.953656495000075, 37.398338770000066 ], [ 104.964507855000079, 37.404384886000059 ], [ 104.995497070000056, 37.422547818000055 ], [ 105.009679792000043, 37.430458345000034 ], [ 105.024060906000045, 37.438039230000072 ], [ 105.038613819000034, 37.445294270000034 ], [ 105.053323445000046, 37.452202252000063 ], [ 105.068186376000085, 37.458713261000071 ], [ 105.083211335000044, 37.464744043000053 ], [ 105.09842, 37.470172180000077 ], [ 105.113848239000049, 37.474828964000039 ], [ 105.120580491000055, 37.476550042000042 ], [ 105.137316547000069, 37.480070505000072 ], [ 105.154260399000066, 37.482785729000057 ], [ 105.171355321000078, 37.484908948000054 ], [ 105.205838222000068, 37.487976838000066 ], [ 105.240540743000054, 37.490091982000024 ], [ 105.29309892100008, 37.492219208000051 ], [ 105.346387450000066, 37.493560369000079 ], [ 105.51243019900005, 37.496762797000031 ], [ 105.528936891000058, 37.497445406000054 ], [ 105.545375384000067, 37.498553904000062 ], [ 105.564723939000032, 37.50072593200008 ], [ 105.575923016000047, 37.502517358000034 ], [ 105.598760954000056, 37.507384732000048 ], [ 105.615023160000078, 37.511607519000052 ], [ 105.631235034000042, 37.516216437000026 ], [ 105.67988996400004, 37.530839154000034 ], [ 105.713539524000055, 37.540413937000039 ], [ 105.747361804000036, 37.549333629000046 ], [ 105.797392115000036, 37.561612886000034 ], [ 105.813671447000047, 37.565882564000049 ], [ 105.82960298200004, 37.570608440000058 ], [ 105.845016323000038, 37.576070135000066 ], [ 105.859689539000044, 37.582615076000025 ], [ 105.865457426000035, 37.585726080000029 ], [ 105.874834950000036, 37.591696309000042 ], [ 105.88663420000006, 37.601278268000044 ], [ 105.893917272000067, 37.608631292000041 ], [ 105.902768217000073, 37.619261149000067 ], [ 105.910828766000066, 37.630715228000042 ], [ 105.918181644000072, 37.642835447000039 ], [ 105.925226384000041, 37.656201033000059 ], [ 105.93163260700004, 37.670035948000077 ], [ 105.937459980000085, 37.68423329500007 ], [ 105.944557554000085, 37.704237988000045 ], [ 105.949028716000043, 37.719016514000032 ], [ 105.952935891000038, 37.733944724000025 ], [ 105.956258867000088, 37.748974779000037 ], [ 105.964554045000057, 37.796917261000033 ], [ 105.967032779000078, 37.808949191000067 ], [ 105.969921499000066, 37.820001923000063 ], [ 105.973648726000079, 37.830908689000069 ], [ 105.978153186000043, 37.841535460000046 ], [ 105.983351661000086, 37.851882395000075 ], [ 105.988594898000088, 37.860985721000077 ], [ 105.994312166000043, 37.869848094000076 ], [ 106.001481201000047, 37.879795910000041 ], [ 106.009198366000078, 37.889391993000061 ], [ 106.017440872000066, 37.898607577000064 ], [ 106.029051612000046, 37.910123425000052 ], [ 106.041369833000033, 37.921016905000045 ], [ 106.054245604000073, 37.931358347000071 ], [ 106.067575626000064, 37.941175681000061 ], [ 106.07716471100008, 37.947757440000032 ], [ 106.097034867000048, 37.960408034000068 ], [ 106.123924904000035, 37.976546130000031 ], [ 106.134748821000073, 37.983479844000044 ], [ 106.147851906000085, 37.992963018000069 ], [ 106.160275615000046, 38.003293876000043 ], [ 106.17178937500006, 38.014348731000041 ], [ 106.182436273000064, 38.026246552000032 ], [ 106.190635851000081, 38.036897771000042 ], [ 106.19820375900008, 38.048074454000073 ], [ 106.205750245000047, 38.060656099000028 ], [ 106.212729099000057, 38.073654422000061 ], [ 106.219215442000063, 38.086987529000055 ], [ 106.22630076300004, 38.102984972000058 ], [ 106.252813640000056, 38.168015018000062 ], [ 106.262240699000074, 38.188363526000046 ], [ 106.268676930000083, 38.20056388200004 ], [ 106.275612284000033, 38.212472842000068 ], [ 106.28308413600007, 38.224044070000048 ], [ 106.29241391000005, 38.236936538000066 ], [ 106.302390675000083, 38.249379999000041 ], [ 106.312904894000042, 38.261429289000034 ], [ 106.323886736000077, 38.273109805000047 ], [ 106.335302126000045, 38.284418735000031 ], [ 106.347149900000034, 38.295325429000059 ], [ 106.359800827000072, 38.306112158000076 ], [ 106.372806676000039, 38.316543126000056 ], [ 106.399460143000056, 38.336749978000057 ], [ 106.439759777000063, 38.366604370000061 ], [ 106.452931712000066, 38.376719597000033 ], [ 106.465789860000086, 38.38705047500008 ], [ 106.478182315000083, 38.397699590000059 ], [ 106.487463078000076, 38.406354134000026 ], [ 106.496255470000051, 38.415310093000073 ], [ 106.504451862000053, 38.424608675000059 ], [ 106.510305069000083, 38.432069120000051 ], [ 106.515674429000057, 38.43976701400004 ], [ 106.52099177100007, 38.44855347400005 ], [ 106.527248694000036, 38.461148716000025 ], [ 106.532160124000086, 38.474086437000039 ], [ 106.535611940000081, 38.487245590000043 ], [ 106.537611782000056, 38.502488786000072 ], [ 106.537569166000083, 38.517572941000026 ], [ 106.532987133000063, 38.554980931000046 ], [ 106.532430614000077, 38.566124884000033 ], [ 106.532512421000035, 38.571506597000052 ], [ 106.53359514300007, 38.583224322000035 ], [ 106.536652527000058, 38.597743382000033 ], [ 106.541124548000084, 38.611609047000059 ], [ 106.546753372000069, 38.625390193000044 ], [ 106.553246195000042, 38.63910915200006 ], [ 106.560371074000045, 38.652784999000062 ], [ 106.575823967000076, 38.680069551000031 ], [ 106.618385658000079, 38.750888221000025 ], [ 106.627817612000058, 38.765529645000072 ], [ 106.637776823000081, 38.779755570000077 ], [ 106.648029686000086, 38.792896462000044 ], [ 106.658912991000079, 38.805507295000041 ], [ 106.670371243000034, 38.817588773000068 ], [ 106.682390823000048, 38.829104964000067 ], [ 106.722365770000067, 38.863720974000046 ], [ 106.747173067000062, 38.886057620000031 ], [ 106.759405248000064, 38.897470245000079 ], [ 106.783333084000049, 38.920812776000048 ], [ 106.794892813000047, 38.932794932000036 ], [ 106.805273183000054, 38.944145269000046 ], [ 106.815257384000063, 38.955714555000043 ], [ 106.82476537000008, 38.96750495200007 ], [ 106.83367622600008, 38.979534734000026 ], [ 106.841820271000074, 38.991839335000066 ], [ 106.848687922000067, 39.003874505000056 ], [ 106.854506040000047, 39.016187002000038 ], [ 106.85906566500006, 39.028771021000068 ], [ 106.860607320000042, 39.034386715000039 ], [ 106.862825633000057, 39.045330754000076 ], [ 106.864357432000077, 39.056400935000056 ], [ 106.86562899200004, 39.069451445000027 ], [ 106.866194958000051, 39.082577055000058 ], [ 106.865737363000051, 39.095721293000054 ], [ 106.865181065000058, 39.101001249000035 ], [ 106.86347343400007, 39.110961363000058 ], [ 106.861018749000038, 39.120889392000038 ], [ 106.857968713000048, 39.130830169000035 ], [ 106.852678282000056, 39.145692976000078 ], [ 106.846780942000066, 39.160645421000027 ], [ 106.833033380000074, 39.193160757000044 ], [ 106.789837203000047, 39.291846795000026 ], [ 106.776233255000079, 39.324927165000076 ], [ 106.769902644000069, 39.341518629000063 ], [ 106.764068153000039, 39.358163249000029 ], [ 106.758928371000081, 39.374882553000077 ], [ 106.754749912000079, 39.39170555100003 ], [ 106.751885936000065, 39.408670442000073 ], [ 106.750656133000064, 39.425028586000053 ], [ 106.750683618000039, 39.441501170000038 ], [ 106.751700955000047, 39.458036356000036 ], [ 106.753519673000085, 39.474587352000071 ], [ 106.756018070000039, 39.491109592000043 ], [ 106.759131049000075, 39.50755803800007 ], [ 106.761904076000064, 39.520102447000056 ], [ 106.772181709000051, 39.562208888000043 ], [ 106.775882387000081, 39.582178333000059 ], [ 106.777996903000087, 39.597813277000057 ], [ 106.779529726000078, 39.613546771000074 ], [ 106.780463508000082, 39.629344435000064 ], [ 106.780739104000077, 39.645176107000054 ], [ 106.780251962000079, 39.661014328000078 ], [ 106.778844188000051, 39.677540286000067 ], [ 106.776698617000079, 39.69405301200004 ], [ 106.774025280000046, 39.710560698000052 ], [ 106.767739443000039, 39.74359490900008 ], [ 106.747282489000042, 39.845293298000058 ], [ 106.737705036000079, 39.896444491000068 ], [ 106.732318317000079, 39.930371583000067 ], [ 106.730242798000063, 39.94720452100006 ], [ 106.728822471000058, 39.96389077200007 ], [ 106.728321642000083, 39.980365167000059 ], [ 106.729092156000036, 39.996540265000078 ], [ 106.731595897000034, 40.012300216000028 ], [ 106.736271832000057, 40.027701239000066 ], [ 106.742756049000036, 40.042631265000068 ], [ 106.750621907000038, 40.057155775000069 ], [ 106.759565919000067, 40.071300170000029 ], [ 106.769389097000044, 40.085050229000046 ], [ 106.779982576000066, 40.09835068700005 ], [ 106.790278614000044, 40.110047003000034 ], [ 106.801055900000051, 40.121316519000061 ], [ 106.812221073000046, 40.132156188000067 ], [ 106.823717699000042, 40.142528406000054 ], [ 106.835521741000036, 40.152359245000071 ], [ 106.847638526000082, 40.161535541000035 ], [ 106.860101035000071, 40.169901002000074 ], [ 106.869396761000075, 40.175392155000054 ], [ 106.917256191000035, 40.201530523000031 ], [ 106.943850919000056, 40.217058579000025 ], [ 106.956913812000039, 40.225242250000065 ], [ 106.969683361000079, 40.233785040000043 ], [ 106.982035744000086, 40.242772819000038 ], [ 106.991201469000089, 40.25008723600007 ], [ 106.999960581000039, 40.257777997000062 ], [ 107.007907224000064, 40.26549751400006 ], [ 107.029948670000067, 40.289079511000068 ], [ 107.041186913000047, 40.300546459000032 ], [ 107.049860570000078, 40.308460148000052 ], [ 107.058915923000086, 40.315911966000044 ], [ 107.065815594000071, 40.321119666000072 ], [ 107.100395865000053, 40.344827285000065 ], [ 107.107343637000042, 40.350069079000036 ], [ 107.113987229000088, 40.355600397000046 ], [ 107.124643929000058, 40.366041443000029 ], [ 107.134006525000075, 40.377424436000069 ], [ 107.141873212000064, 40.389658586000053 ], [ 107.146262228000069, 40.398483390000081 ], [ 107.150302242000066, 40.408973999000068 ], [ 107.151946408000072, 40.414218618000064 ], [ 107.158558089000053, 40.440064085000074 ], [ 107.162407656000084, 40.452760067000042 ], [ 107.166781421000053, 40.463503565000053 ], [ 107.171904151000035, 40.47407206400004 ], [ 107.182959019000066, 40.49527798400004 ], [ 107.187732124000036, 40.505085612000073 ], [ 107.192182477000074, 40.515062875000069 ], [ 107.19623135900008, 40.525161499000035 ], [ 107.205255263000083, 40.549793795000028 ], [ 107.208801748000042, 40.558135809000078 ], [ 107.212840007000068, 40.56627160000005 ], [ 107.215426386000047, 40.570799522000073 ], [ 107.220895099000074, 40.579032622000057 ], [ 107.229941310000072, 40.590037245000076 ], [ 107.240219315000047, 40.600244190000069 ], [ 107.251509240000075, 40.609705922000046 ], [ 107.263660567000045, 40.61842463000005 ], [ 107.277998953000065, 40.62723002000007 ], [ 107.293021889000045, 40.635322196000061 ], [ 107.308529333000081, 40.642899376000059 ], [ 107.324373253000033, 40.650110294000058 ], [ 107.356669100000033, 40.663842995000039 ], [ 107.389367586000049, 40.677079807000041 ], [ 107.537235483000075, 40.735273548000066 ], [ 107.569723241000077, 40.748727910000071 ], [ 107.601676921000035, 40.763020347000065 ], [ 107.617324308000036, 40.770679122000047 ], [ 107.632649837000088, 40.778831789000037 ], [ 107.645252954000057, 40.786152344000072 ], [ 107.669749093000064, 40.801665717000049 ], [ 107.703432976000045, 40.82417188900007 ], [ 107.714766110000085, 40.831106846000068 ], [ 107.729532131000042, 40.838865005000059 ], [ 107.740530180000064, 40.843707824000035 ], [ 107.753599988000076, 40.84851936900003 ], [ 107.767882239000073, 40.852764303000072 ], [ 107.782460436000065, 40.856245882000053 ], [ 107.79726321000004, 40.859088817000043 ], [ 107.81223476200006, 40.861371068000039 ], [ 107.827331969000056, 40.863127311000028 ], [ 107.842521926000074, 40.864350925000053 ], [ 107.865412039000034, 40.865095570000051 ], [ 107.89107414700004, 40.864324535000037 ], [ 107.908731210000042, 40.863060993000033 ], [ 107.926399291000052, 40.861394476000044 ], [ 107.979410248000079, 40.855005345000052 ], [ 108.032362874000057, 40.847571784000024 ], [ 108.083821368000088, 40.839520676000063 ], [ 108.16483422500005, 40.825705169000059 ], [ 108.197261177000087, 40.820455207000066 ], [ 108.229740219000064, 40.815789832000064 ], [ 108.24579428800007, 40.813826973000062 ], [ 108.277923179000084, 40.810706910000079 ], [ 108.293977165000058, 40.809612908000076 ], [ 108.310005964000084, 40.808900488000063 ], [ 108.326558879000061, 40.808638948000066 ], [ 108.369432345000064, 40.809408727000061 ], [ 108.385271535000072, 40.809292458000073 ], [ 108.400885952000067, 40.808415792000062 ], [ 108.416185957000039, 40.806392735000031 ], [ 108.424525827000082, 40.804608296000026 ], [ 108.433540858000072, 40.802017292000073 ], [ 108.442339846000039, 40.798772420000034 ], [ 108.455512657000043, 40.79252096700003 ], [ 108.468212623000056, 40.785048155000027 ], [ 108.480523712000036, 40.776630406000038 ], [ 108.492503027000055, 40.767478894000078 ], [ 108.504183756000089, 40.757750845000032 ], [ 108.515577497000038, 40.747559219000038 ], [ 108.526675924000074, 40.736980906000042 ], [ 108.535883894000051, 40.727720304000059 ], [ 108.572531364000042, 40.689164274000063 ], [ 108.582105545000047, 40.680188915000031 ], [ 108.592145629000072, 40.671821024000053 ], [ 108.599323832000039, 40.666493916000036 ], [ 108.60671951900008, 40.661481871000035 ], [ 108.618914993000033, 40.654007371000034 ], [ 108.65648311800004, 40.633019643000068 ], [ 108.668761262000032, 40.625584538000055 ], [ 108.678985210000064, 40.618771393000031 ], [ 108.707808946000057, 40.598712119000027 ], [ 108.722403103000033, 40.588987735000046 ], [ 108.737273526000081, 40.57958863500005 ], [ 108.752463668000075, 40.570690003000038 ], [ 108.768045093000069, 40.562516261000042 ], [ 108.786347253000088, 40.554398195000033 ], [ 108.799506418000078, 40.549446937000027 ], [ 108.812875978000079, 40.545045396000035 ], [ 108.826417622000065, 40.541173903000072 ], [ 108.842771747000086, 40.537224109000078 ], [ 108.859241740000073, 40.53389710600004 ], [ 108.875747682000053, 40.531097800000055 ], [ 108.892211906000057, 40.52878310300008 ], [ 108.908552737000036, 40.52695919100006 ], [ 108.924677987000052, 40.525681220000081 ], [ 108.940478069000051, 40.525055389000045 ], [ 108.955818534000059, 40.525243169000078 ], [ 108.970701245000043, 40.526469742000074 ], [ 108.980240830000071, 40.527964044000043 ], [ 108.993607145000055, 40.531184255000028 ], [ 109.014573222000081, 40.53753047500004 ], [ 109.024634519000074, 40.539403592000042 ], [ 109.03524193800007, 40.540395022000041 ], [ 109.046269295000059, 40.540504404000046 ], [ 109.057547927000087, 40.539737239000033 ], [ 109.069054408000056, 40.538191012000027 ], [ 109.080721134000044, 40.535961148000069 ], [ 109.096099990000084, 40.532139878000066 ], [ 109.111548909000078, 40.527419239000039 ], [ 109.134253713000078, 40.519148312000027 ], [ 109.177283140000043, 40.501746131000061 ], [ 109.193305679000048, 40.495705446000045 ], [ 109.20955728000007, 40.490375583000059 ], [ 109.225627960000054, 40.486138709000045 ], [ 109.241928392000034, 40.482711205000044 ], [ 109.258391724000035, 40.479922794000061 ], [ 109.274961959000052, 40.477653618000033 ], [ 109.291590113000041, 40.47582972400005 ], [ 109.308230412000057, 40.474420296000062 ], [ 109.324836443000038, 40.473436892000052 ], [ 109.341357139000081, 40.472934880000025 ], [ 109.357732425000052, 40.473017159000051 ], [ 109.373888366000074, 40.473840195000037 ], [ 109.389731685000072, 40.475622308000027 ], [ 109.405203020000044, 40.478570456000057 ], [ 109.420144396000069, 40.482574362000037 ], [ 109.43442138100005, 40.487506899000039 ], [ 109.447854243000052, 40.49330678900003 ], [ 109.457464243000061, 40.498341634000042 ], [ 109.477861887000074, 40.510646775000055 ], [ 109.490822354000045, 40.516905549000057 ], [ 109.504831189000072, 40.522147448000055 ], [ 109.519607070000063, 40.526436982000064 ], [ 109.534914959000048, 40.529764690000036 ], [ 109.550554784000042, 40.532040834000043 ], [ 109.563840298000059, 40.533028615000035 ], [ 109.57712224800008, 40.533079325000074 ], [ 109.590288238000085, 40.532071965000057 ], [ 109.603221832000088, 40.529828131000045 ], [ 109.609655152000073, 40.528150458000027 ], [ 109.623771374000057, 40.523144570000056 ], [ 109.637522629000046, 40.516981265000027 ], [ 109.664874755000085, 40.503630256000065 ], [ 109.678790995000043, 40.497762088000059 ], [ 109.68808049900008, 40.494701884000051 ], [ 109.697531316000038, 40.492527309000025 ], [ 109.710376457000052, 40.491271726000036 ], [ 109.722790818000078, 40.491641048000076 ], [ 109.735402521000083, 40.493139261000067 ], [ 109.748214359000087, 40.495384995000052 ], [ 109.814486363000071, 40.50972665900008 ], [ 109.831537712000056, 40.512785251000025 ], [ 109.846490779000078, 40.514879332000078 ], [ 109.861543429000051, 40.516471123000031 ], [ 109.876666122000074, 40.517612279000048 ], [ 109.891834875000086, 40.518329424000058 ], [ 109.907797647000052, 40.518647558000055 ], [ 109.939732911000078, 40.518225533000077 ], [ 109.95567083800006, 40.517595468000025 ], [ 110.000832744000036, 40.514889280000034 ], [ 110.015779777000034, 40.514403022000067 ], [ 110.045793096000068, 40.514445628000033 ], [ 110.108918284000083, 40.515999599000054 ], [ 110.140872310000077, 40.515883416000065 ], [ 110.156766799000081, 40.515128891000074 ], [ 110.172022316000039, 40.51376207900006 ], [ 110.187174148000054, 40.511758130000032 ], [ 110.202193604000058, 40.509108888000071 ], [ 110.21704266200004, 40.505761696000036 ], [ 110.231672128000071, 40.501616707000039 ], [ 110.245047542000066, 40.496972596000035 ], [ 110.258236336000039, 40.491698431000032 ], [ 110.28423643800005, 40.479852468000047 ], [ 110.312136508000037, 40.46589644800008 ], [ 110.387068041000077, 40.426767511000037 ], [ 110.447898741000074, 40.395859771000062 ], [ 110.509075761000076, 40.365751931000034 ], [ 110.55531060900006, 40.344107927000039 ], [ 110.586528072000078, 40.330744609000078 ], [ 110.602348277000033, 40.324636534000035 ], [ 110.618963585000074, 40.318831488000058 ], [ 110.652642601000082, 40.308433454000067 ], [ 110.703769102000081, 40.294473117000052 ], [ 110.772380295000062, 40.277253081000026 ], [ 110.806781456000067, 40.269310295000025 ], [ 110.824009199000045, 40.265662144000032 ], [ 110.84126131000005, 40.262349601000039 ], [ 110.858544797000036, 40.259503940000059 ], [ 110.875868619000073, 40.257299357000079 ], [ 110.891141944000083, 40.256055523000043 ], [ 110.906539665000082, 40.255541365000056 ], [ 110.921941752000066, 40.255655750000074 ], [ 110.937320729000078, 40.256270076000078 ], [ 110.952646528000059, 40.257284776000063 ], [ 110.967884741000034, 40.258622605000028 ], [ 111.015563719000056, 40.263820521000071 ], [ 111.028514760000064, 40.264540715000066 ], [ 111.041371807000075, 40.264312010000026 ], [ 111.055914347000055, 40.262554806000026 ], [ 111.070369645000085, 40.25943135600005 ], [ 111.084757850000074, 40.255254637000064 ], [ 111.099092823000035, 40.250269315000025 ], [ 111.115066789000082, 40.243973058000051 ], [ 111.131003927000052, 40.23712196300005 ], [ 111.146916748000081, 40.229879091000043 ], [ 111.178687298000057, 40.21464112700005 ], [ 111.210344748000068, 40.198757596000064 ], [ 111.241713286000049, 40.182263737000028 ], [ 111.257175585000084, 40.173681348000059 ], [ 111.272388832000047, 40.164756871000066 ], [ 111.287240939000071, 40.155353065000043 ], [ 111.301580694000052, 40.145283747000065 ], [ 111.314428641000063, 40.135090972000057 ], [ 111.326735778000057, 40.12424711400007 ], [ 111.338540901000044, 40.112850782000066 ], [ 111.349836076000088, 40.100954137000031 ], [ 111.360564517000057, 40.088565515000028 ], [ 111.370616348000055, 40.075650431000042 ], [ 111.379788082000061, 40.062308435000034 ], [ 111.388220411000077, 40.048491290000072 ], [ 111.395939459000033, 40.034278540000059 ], [ 111.402729351000062, 40.020143145000077 ], [ 111.408775866000042, 40.005726715000037 ], [ 111.413983749000067, 39.991161285000032 ], [ 111.418393408000043, 39.976425948000042 ], [ 111.421970634000047, 39.961588981000034 ], [ 111.424612696000054, 39.946709332000069 ], [ 111.426143016000083, 39.931840704000081 ], [ 111.426415482000039, 39.921125794000034 ], [ 111.425852835000057, 39.910466101000054 ], [ 111.425183911000033, 39.904910880000045 ], [ 111.422061315000064, 39.889409049000051 ], [ 111.417503237000062, 39.874072376000072 ], [ 111.411936246000039, 39.858895200000063 ], [ 111.405711292000035, 39.843883858000027 ], [ 111.387774831000058, 39.803843373000063 ], [ 111.381877692000046, 39.789491376000058 ], [ 111.377843048000045, 39.777740407000067 ], [ 111.37499562000005, 39.766067919000079 ], [ 111.374289205000082, 39.761404463000076 ], [ 111.373857477000058, 39.756453694000072 ], [ 111.373905943000068, 39.748439675000043 ], [ 111.374899780000078, 39.740519284000072 ], [ 111.375934165000047, 39.73592251000008 ], [ 111.377249305000078, 39.731521225000051 ], [ 111.382067223000035, 39.720058182000059 ], [ 111.388379717000078, 39.708902115000058 ], [ 111.395719542000052, 39.697952202000067 ], [ 111.414892629000065, 39.67200476000005 ], [ 111.425496588000044, 39.655709073000025 ], [ 111.432126673000084, 39.643268944000056 ], [ 111.437489756000048, 39.630429592000041 ], [ 111.44121343900008, 39.617219232000025 ], [ 111.442090029000042, 39.612227914000073 ], [ 111.442758809000054, 39.606101640000077 ], [ 111.442761306000079, 39.59199807300007 ], [ 111.440970395000079, 39.577784540000039 ], [ 111.437695586000075, 39.563578456000073 ], [ 111.433136918000059, 39.549502618000076 ], [ 111.427394090000064, 39.535693440000045 ], [ 111.420472257000085, 39.522309834000055 ], [ 111.417539837000049, 39.51740888900008 ], [ 111.408831930000076, 39.504753683000047 ], [ 111.399073231000045, 39.492745846000048 ], [ 111.388463839000053, 39.481374894000055 ], [ 111.377132066000058, 39.470682409000062 ], [ 111.36514285700008, 39.460766338000042 ], [ 111.352503622000086, 39.451787401000047 ], [ 111.339167678000081, 39.443977723000046 ], [ 111.331113278000089, 39.440102521000028 ], [ 111.322822140000085, 39.436715288000073 ], [ 111.313682920000076, 39.433618591000027 ], [ 111.304336082000077, 39.43106294100005 ], [ 111.292620216000046, 39.428620772000045 ], [ 111.280717278000054, 39.426834012000029 ], [ 111.265825821000078, 39.425333677000026 ], [ 111.221296980000034, 39.422719259000075 ], [ 111.205136365000044, 39.421375622000028 ], [ 111.189707436000049, 39.419316948000073 ], [ 111.176777299000037, 39.416607168000041 ], [ 111.164808899000036, 39.412838912000041 ], [ 111.154487595000035, 39.408052947000044 ], [ 111.146469017000072, 39.402443789000074 ], [ 111.140937798000039, 39.396109053000032 ], [ 111.138827707000075, 39.391323518000036 ], [ 111.138428288000057, 39.386441560000037 ], [ 111.138924715000087, 39.384018729000047 ], [ 111.140025187000049, 39.381312502000071 ], [ 111.14351804000006, 39.376234124000064 ], [ 111.148463862000085, 39.371179080000047 ], [ 111.167440914000053, 39.355410071000051 ], [ 111.177693182000041, 39.346290407000026 ], [ 111.18761521600004, 39.336252444000024 ], [ 111.196656348000033, 39.325391237000076 ], [ 111.204212381000048, 39.313736268000071 ], [ 111.209582858000033, 39.301253136000071 ], [ 111.210825623000062, 39.296567543000037 ], [ 111.211718814000051, 39.291503856000077 ], [ 111.212210392000088, 39.277413611000043 ], [ 111.210460181000087, 39.262809056000037 ], [ 111.207038800000078, 39.24784106900006 ], [ 111.202382130000046, 39.232625922000068 ], [ 111.196816239000043, 39.21725464900004 ], [ 111.190578109000057, 39.201801188000047 ], [ 111.183832158000087, 39.186329611000076 ], [ 111.176682739000057, 39.170900789000029 ], [ 111.169182929000044, 39.155578830000024 ], [ 111.16133992500005, 39.140437658000053 ], [ 111.15311732400005, 39.125568074000057 ], [ 111.144434576000037, 39.111085631000037 ], [ 111.135163820000059, 39.097139594000055 ], [ 111.125124387000085, 39.083923220000031 ], [ 111.117880423000088, 39.075611044000027 ], [ 111.108312872000056, 39.06600115100008 ], [ 111.098138482000081, 39.057108981000056 ], [ 111.087197188000061, 39.048740783000028 ], [ 111.075852875000066, 39.041070655000055 ], [ 111.068327455000087, 39.036434602000043 ], [ 111.037769704000084, 39.019021813000052 ], [ 111.027051111000048, 39.012182 ], [ 111.020619532000069, 39.007408045000034 ], [ 111.014669488000038, 39.00227742800007 ], [ 111.008167502000049, 38.995443349000027 ], [ 111.001582506000034, 38.986239406000038 ], [ 110.996639044000062, 38.976188298000068 ], [ 110.99366711600004, 38.966308788000049 ], [ 110.991981724000084, 38.954298152000035 ], [ 110.991602453000041, 38.941759579000063 ], [ 110.992438987000071, 38.90297378300005 ], [ 110.991965707000077, 38.889917092000076 ], [ 110.990748145000055, 38.876059531000067 ], [ 110.988775145000034, 38.862164472000075 ], [ 110.986000961000059, 38.848314071000061 ], [ 110.984554561000039, 38.842435275000071 ], [ 110.980602425000086, 38.828906178000068 ], [ 110.975930207000033, 38.815523080000048 ], [ 110.970660230000078, 38.802285901000062 ], [ 110.964882537000051, 38.789200993000065 ], [ 110.957206885000062, 38.77338934900007 ], [ 110.948976796000068, 38.757842824000079 ], [ 110.940263969000057, 38.742596589000073 ], [ 110.919733654000083, 38.709566778000067 ], [ 110.908798010000055, 38.690859377000038 ], [ 110.901384693000068, 38.676391945000034 ], [ 110.894982325000058, 38.66174593900007 ], [ 110.889839473000052, 38.64695120600004 ], [ 110.886293867000063, 38.632029523000028 ], [ 110.885167293000052, 38.623822024000049 ], [ 110.884634496000047, 38.615616470000077 ], [ 110.884722790000069, 38.605975709000063 ], [ 110.88537053500005, 38.596613479000041 ], [ 110.887643009000044, 38.572700103000045 ], [ 110.887845963000075, 38.567923642000039 ], [ 110.887410327000055, 38.552619135000043 ], [ 110.885375420000059, 38.537195260000033 ], [ 110.881734896000069, 38.521861212000033 ], [ 110.876543510000033, 38.507030938000071 ], [ 110.869942974000082, 38.492557219000048 ], [ 110.862091211000063, 38.478524257000061 ], [ 110.85304285400008, 38.465052474000061 ], [ 110.846289158000047, 38.456392469000036 ], [ 110.835117576000073, 38.443879221000032 ], [ 110.823066417000064, 38.431950337000046 ], [ 110.810378442000058, 38.420459415000039 ], [ 110.797232965000035, 38.409300145000032 ], [ 110.770047282000064, 38.38771472600007 ], [ 110.742120115000034, 38.366940144000068 ], [ 110.727953772000035, 38.35688513100007 ], [ 110.713654675000043, 38.347115089000056 ], [ 110.699205706000043, 38.337711157000058 ], [ 110.68457630000006, 38.328785611000058 ], [ 110.66972323400006, 38.320486617000029 ], [ 110.659829585000068, 38.315464877000068 ], [ 110.648632543000076, 38.310284628000034 ], [ 110.621230457000081, 38.298784654000031 ], [ 110.606844844000079, 38.292139191000047 ], [ 110.601382524000087, 38.289223843000059 ], [ 110.592112968000038, 38.283574797000028 ], [ 110.583651587000077, 38.277564197000061 ], [ 110.575542870000049, 38.271016381000038 ], [ 110.563130183000055, 38.25947956300007 ], [ 110.551496133000057, 38.246975858000042 ], [ 110.540629824000064, 38.233684685000071 ], [ 110.530605215000037, 38.21970994000003 ], [ 110.521588575000067, 38.205087096000057 ], [ 110.513850569000056, 38.189787250000052 ], [ 110.509622447000083, 38.179330862000029 ], [ 110.506643299000075, 38.170390116000078 ], [ 110.504106519000061, 38.16127791200006 ], [ 110.500702217000082, 38.145724148000056 ], [ 110.498192218000042, 38.129897190000065 ], [ 110.49646282100008, 38.113897101000077 ], [ 110.495474352000087, 38.097809215000041 ], [ 110.495258799000055, 38.081711040000073 ], [ 110.495792411000082, 38.067062910000061 ], [ 110.496997959000055, 38.052531198000054 ], [ 110.498867734000044, 38.038185313000042 ], [ 110.501445567000076, 38.024107191000041 ], [ 110.505170704000079, 38.009122564000052 ], [ 110.509923583000045, 37.994720065000024 ], [ 110.51585173400008, 37.981083170000034 ], [ 110.523194210000042, 37.968446419000031 ], [ 110.529276107000044, 37.960404236000045 ], [ 110.53785468600006, 37.951211022000052 ], [ 110.547214818000043, 37.942540960000031 ], [ 110.56572163800007, 37.926275191000059 ], [ 110.575404683000045, 37.917219145000047 ], [ 110.584851031000085, 37.907719687000053 ], [ 110.591959127000052, 37.900049079000041 ], [ 110.609582575000047, 37.879297252000072 ], [ 110.638697891000049, 37.842609499000048 ], [ 110.647092698000051, 37.832403547000069 ], [ 110.655733975000089, 37.822473363000029 ], [ 110.664736481000034, 37.812941613000078 ], [ 110.672263848000057, 37.805691799000044 ], [ 110.680760190000058, 37.798230999000054 ], [ 110.710920728000076, 37.77459391900004 ], [ 110.720058668000036, 37.767101118000028 ], [ 110.728816581000046, 37.759227021000072 ], [ 110.736479770000074, 37.751442308000037 ], [ 110.743131060000053, 37.743723682000052 ], [ 110.751886420000062, 37.731818974000078 ], [ 110.759692329000075, 37.719207234000066 ], [ 110.766617022000048, 37.706027644000073 ], [ 110.77266282800008, 37.692383230000075 ], [ 110.777764252000054, 37.678345880000052 ], [ 110.78178384000006, 37.66396061100005 ], [ 110.783935856000085, 37.653222670000048 ], [ 110.785927659000038, 37.636375797000028 ], [ 110.786527694000085, 37.61933421100008 ], [ 110.785921526000038, 37.602226053000038 ], [ 110.784173708000083, 37.585175037000056 ], [ 110.781232214000056, 37.568311435000055 ], [ 110.778080332000059, 37.555604168000059 ], [ 110.773452717000055, 37.541308212000047 ], [ 110.767882150000048, 37.527398156000061 ], [ 110.761486265000087, 37.513933293000036 ], [ 110.75432178300008, 37.501005001000067 ], [ 110.746389042000033, 37.488742290000062 ], [ 110.737634871000068, 37.47731841500007 ], [ 110.730757564000044, 37.469723760000079 ], [ 110.727055504000077, 37.46609169900006 ], [ 110.714882388000035, 37.455889298000045 ], [ 110.702348991000065, 37.447164522000037 ], [ 110.678040864000081, 37.431102039000052 ], [ 110.667676684000071, 37.422552005000057 ], [ 110.664522984000087, 37.419300321000037 ], [ 110.659551351000061, 37.412910872000054 ], [ 110.657381760000078, 37.409301776000063 ], [ 110.653459692000069, 37.399713287000054 ], [ 110.651847177000036, 37.389776142000073 ], [ 110.651917063000042, 37.385196963000055 ], [ 110.653119911000033, 37.377767378000044 ], [ 110.657113586000037, 37.366509774000065 ], [ 110.662078042000076, 37.355888418000063 ], [ 110.666702833000045, 37.344853607000061 ], [ 110.668861126000081, 37.337090466000063 ], [ 110.669986587000039, 37.328133402000049 ], [ 110.669677722000074, 37.317456652000033 ], [ 110.667847773000062, 37.306459988000029 ], [ 110.664631210000039, 37.295317548000071 ], [ 110.660829632000059, 37.285775158000035 ], [ 110.653927025000087, 37.272399025000027 ], [ 110.645627090000062, 37.25919693000003 ], [ 110.636299269000062, 37.24613537700003 ], [ 110.626224299000057, 37.233186700000033 ], [ 110.604619745000036, 37.207545100000061 ], [ 110.58190963800007, 37.182156311000028 ], [ 110.558653224000068, 37.15697670600008 ], [ 110.523255124000059, 37.119671346000075 ], [ 110.489619068000081, 37.085432279000031 ], [ 110.43837218200008, 37.035339363000048 ], [ 110.431651972000054, 37.028023634000078 ], [ 110.425453712000035, 37.020375413000068 ], [ 110.417846213000075, 37.008914397000069 ], [ 110.411526782000067, 36.996687467000072 ], [ 110.406514596000079, 36.983803607000027 ], [ 110.402330376000066, 36.968051875000072 ], [ 110.399628757000073, 36.951721254000063 ], [ 110.398104145000048, 36.934981074000063 ], [ 110.397562352000079, 36.917961605000073 ], [ 110.397907064000037, 36.90076352400007 ], [ 110.399028573000066, 36.884038351000072 ], [ 110.400755957000058, 36.867257557000073 ], [ 110.405454280000072, 36.833635317000073 ], [ 110.41129423700005, 36.800062455000045 ], [ 110.418082470000058, 36.766742824000062 ], [ 110.425954216000036, 36.733743300000071 ], [ 110.430445517000067, 36.717426880000062 ], [ 110.435448015000077, 36.701282155000058 ], [ 110.440831908000064, 36.685912285000029 ], [ 110.446631791000073, 36.670687238000028 ], [ 110.464846228000056, 36.625375910000059 ], [ 110.470651911000061, 36.610240969000074 ], [ 110.476028521000046, 36.595012332000067 ], [ 110.480756972000052, 36.579636042000061 ], [ 110.485252661000061, 36.561124663000044 ], [ 110.487696278000044, 36.54794077400004 ], [ 110.489571372000057, 36.534670659000028 ], [ 110.49087254300008, 36.521335230000034 ], [ 110.491543193000041, 36.508930330000055 ], [ 110.49168343000008, 36.496501315000046 ], [ 110.491401262000068, 36.486480345000075 ], [ 110.490791169000033, 36.476460226000029 ], [ 110.489266513000075, 36.460915843000066 ], [ 110.487153400000068, 36.445400663000044 ], [ 110.484550527000067, 36.429927675000044 ], [ 110.481520214000057, 36.41451167200006 ], [ 110.478093671000067, 36.399170004000041 ], [ 110.466611060000048, 36.354326085000025 ], [ 110.462517066000089, 36.336290322000025 ], [ 110.459350026000038, 36.319267006000075 ], [ 110.456726991000039, 36.30212481600006 ], [ 110.452693760000045, 36.267603457000064 ], [ 110.449922032000075, 36.23291084400006 ], [ 110.448998257000085, 36.215541740000049 ], [ 110.44844458700004, 36.198176449000073 ], [ 110.448355967000055, 36.180829545000051 ], [ 110.448873364000065, 36.16351740500005 ], [ 110.449962399000071, 36.148211287000038 ], [ 110.451662678000048, 36.132962133000035 ], [ 110.453973423000036, 36.117742801000077 ], [ 110.45680395100004, 36.102592126000047 ], [ 110.460073644000033, 36.087507941000069 ], [ 110.463623953000081, 36.072890682000036 ], [ 110.471603535000042, 36.043834612000069 ], [ 110.480587521000075, 36.015028973000028 ], [ 110.485465702000056, 36.000740743000051 ], [ 110.498085056000036, 35.967056817000071 ], [ 110.525035168000045, 35.900281319000044 ], [ 110.538139108000053, 35.866814659000056 ], [ 110.544303679000052, 35.849977548000027 ], [ 110.550048968000056, 35.833027986000047 ], [ 110.555212406000066, 35.815923482000073 ], [ 110.560557366000069, 35.794964188000051 ], [ 110.574892867000074, 35.729438285000072 ], [ 110.578322459000049, 35.715047272000049 ], [ 110.582034269000076, 35.700764649000064 ], [ 110.595113353000045, 35.655729095000027 ], [ 110.599051103000079, 35.640864521000026 ], [ 110.602275914000074, 35.626022965000061 ], [ 110.604414604000056, 35.611180128000058 ], [ 110.605167187000063, 35.594479540000066 ], [ 110.604712200000051, 35.583830220000038 ], [ 110.604132686000071, 35.578203615000064 ], [ 110.601348185000063, 35.56278883400006 ], [ 110.597148698000069, 35.547500405000051 ], [ 110.591883611000071, 35.532320568000046 ], [ 110.585812245000056, 35.517241843000079 ], [ 110.579118833000052, 35.50226718600004 ], [ 110.571924372000069, 35.487410657000055 ], [ 110.564295345000062, 35.472698677000039 ], [ 110.556249499000046, 35.458171896000067 ], [ 110.545109364000041, 35.439739922000058 ], [ 110.535994444000039, 35.426221720000058 ], [ 110.525730366000062, 35.412208174000057 ], [ 110.515023603000088, 35.398477695000054 ], [ 110.503992218000064, 35.384964986000057 ], [ 110.481264036000084, 35.358429921000038 ], [ 110.457924068000068, 35.332434487000057 ], [ 110.434069448000059, 35.307023891000028 ], [ 110.386244157000078, 35.25894412100007 ], [ 110.375745872000039, 35.247458560000041 ], [ 110.365697516000068, 35.235118945000067 ], [ 110.357238327000061, 35.223240446000034 ], [ 110.349496685000076, 35.210878053000044 ], [ 110.342464306000068, 35.198074958000063 ], [ 110.337399994000066, 35.18763117900005 ], [ 110.330513797000037, 35.171462539000061 ], [ 110.324330028000077, 35.15491417700008 ], [ 110.318663077000053, 35.138091 ], [ 110.309318334000068, 35.10736122600008 ], [ 110.269695404000061, 34.968014443000072 ], [ 110.261992114000066, 34.938418771000045 ], [ 110.258047026000042, 34.921878906000074 ], [ 110.250806427000043, 34.888608487000056 ], [ 110.24436528800004, 34.855138227000054 ], [ 110.241514897000059, 34.838342072000046 ], [ 110.23900857600006, 34.821512415000029 ], [ 110.236966198000061, 34.804656985000065 ], [ 110.235729678000041, 34.790722760000051 ], [ 110.234835523000072, 34.774140881000051 ], [ 110.234569915000066, 34.757632186000023 ], [ 110.234974729000044, 34.741264958000045 ], [ 110.236158437000086, 34.725128469000026 ], [ 110.237793692000082, 34.712416058000031 ], [ 110.240351992000058, 34.699167150000051 ], [ 110.243843127000048, 34.686374429000068 ], [ 110.248399926000047, 34.674179712000068 ], [ 110.254218508000065, 34.66276276800005 ], [ 110.262908985000081, 34.650520812000025 ], [ 110.273334070000033, 34.63961949000003 ], [ 110.285233847000086, 34.630108079000024 ], [ 110.290448096000034, 34.626674078000065 ], [ 110.297936850000042, 34.622378249000064 ], [ 110.309551624000051, 34.616929431000074 ], [ 110.324710834000086, 34.611407877000033 ], [ 110.340525932000048, 34.606903249000027 ], [ 110.356799706000061, 34.603136430000063 ], [ 110.373386629000038, 34.599901054000043 ], [ 110.390180761000067, 34.597049585000036 ], [ 110.424108886000056, 34.59214045300007 ], [ 110.458208926000054, 34.588066009000045 ], [ 110.47526276800005, 34.586381368000048 ], [ 110.492300823000051, 34.585018885000068 ], [ 110.50931360800007, 34.584090454000034 ], [ 110.533815934000074, 34.583842950000076 ], [ 110.550780324000073, 34.584648489000074 ], [ 110.56768564500004, 34.586160532000065 ], [ 110.584518641000045, 34.588249828000073 ], [ 110.601259882000079, 34.59084008800005 ], [ 110.617881806000071, 34.593903644000079 ], [ 110.63434639500008, 34.597459189000062 ], [ 110.650602409000044, 34.601571550000074 ], [ 110.66976939500006, 34.607352811000055 ], [ 110.68272778100004, 34.611856604000025 ], [ 110.695432260000075, 34.616761927000027 ], [ 110.707839311000043, 34.622074020000071 ], [ 110.732729260000042, 34.633810677000042 ], [ 110.745231259000036, 34.63925105900006 ], [ 110.755174697000086, 34.642905859000052 ], [ 110.765158477000057, 34.645897870000056 ], [ 110.775327981000089, 34.64835374200004 ], [ 110.789060142000039, 34.650941705000037 ], [ 110.830956391000086, 34.656721161000064 ], [ 110.844895764000057, 34.658896643000048 ], [ 110.855909788000076, 34.661038523000059 ], [ 110.866786789000059, 34.66368708300007 ], [ 110.879513345000078, 34.667685154000026 ], [ 110.889446103000068, 34.671601484000064 ], [ 110.899179363000087, 34.676096526000038 ], [ 110.913500645000056, 34.683722885000066 ], [ 110.926348037000082, 34.691245878000075 ], [ 110.964869682000085, 34.715092800000036 ], [ 110.97993937800004, 34.724105961000078 ], [ 111.010583546000078, 34.741491044000043 ], [ 111.041706779000037, 34.758025288000056 ], [ 111.057416415000034, 34.765899653000076 ], [ 111.073229268000034, 34.77341917800004 ], [ 111.089163030000066, 34.78046891300005 ], [ 111.105248457000073, 34.786886866000032 ], [ 111.121531507000043, 34.792452443000059 ], [ 111.138076172000069, 34.796872739000037 ], [ 111.152169495000066, 34.799512766000078 ], [ 111.166450755000085, 34.801374894000048 ], [ 111.180875607000075, 34.802708018000033 ], [ 111.242577007000079, 34.806838171000038 ], [ 111.291647986000044, 34.810736102000078 ], [ 111.340772780000066, 34.815394849000029 ], [ 111.373435405000066, 34.819174510000039 ], [ 111.396613927000033, 34.822451301000058 ], [ 111.427860501000055, 34.828042169000071 ], [ 111.44332475300007, 34.831378834000077 ], [ 111.458642569000062, 34.835141739000051 ], [ 111.473767612000074, 34.839423239000041 ], [ 111.491566945000045, 34.84539802200004 ], [ 111.503948156000035, 34.850265913000044 ], [ 111.516072260000044, 34.855663209000056 ], [ 111.52790322900006, 34.861613099000067 ], [ 111.539389834000076, 34.868167572000061 ], [ 111.549734182000066, 34.87486292400007 ], [ 111.559737923000057, 34.88209159400003 ], [ 111.569404450000036, 34.889813602000061 ], [ 111.582579956000075, 34.901542087000053 ], [ 111.595276172000069, 34.913925250000034 ], [ 111.64257156900004, 34.963459870000065 ], [ 111.654154314000039, 34.975007670000025 ], [ 111.666072872000086, 34.986127798000041 ], [ 111.682839412000078, 35.000032354000041 ], [ 111.69668882600007, 35.009922761000041 ], [ 111.711063222000064, 35.019111328000065 ], [ 111.725834921000057, 35.027755088000049 ], [ 111.740909527000042, 35.035960509000063 ], [ 111.756220557000063, 35.043787954000038 ], [ 111.771725206000042, 35.051253898000027 ], [ 111.787401222000085, 35.058330638000029 ], [ 111.803244898000059, 35.064943324000069 ], [ 111.819270061000054, 35.070964202000027 ], [ 111.835507953000047, 35.076203934000034 ], [ 111.848238255000069, 35.07958796500003 ], [ 111.863377099000047, 35.082817465000062 ], [ 111.878634859000044, 35.085303392000071 ], [ 111.893962370000054, 35.087079559000074 ], [ 111.909315524000078, 35.088121951000062 ], [ 111.924652493000053, 35.088346951000062 ], [ 111.939931032000061, 35.08760744600005 ], [ 111.955586120000078, 35.08565655700005 ], [ 111.972372705000055, 35.082202011000049 ], [ 111.988998280000089, 35.077652858000079 ], [ 112.005488312000011, 35.072297112000058 ], [ 112.021856076000063, 35.066342924000026 ], [ 112.038102633000108, 35.059933250000029 ], [ 112.07017110400011, 35.046058409000068 ], [ 112.085925253000028, 35.038640201000078 ], [ 112.101417768000033, 35.030868785000052 ], [ 112.116565068000114, 35.022673965000024 ], [ 112.131256528000108, 35.013948374000051 ], [ 112.140375605000031, 35.008027917000049 ], [ 112.149257533000082, 35.001879504000044 ], [ 112.175097606, 34.982578079000064 ], [ 112.183348838000029, 34.97676825700006 ], [ 112.197567823000099, 34.968196329000079 ], [ 112.210654223, 34.961748650000061 ], [ 112.224256419000085, 34.956177142000058 ], [ 112.238286309000046, 34.951424072000066 ], [ 112.258179755000015, 34.946110643000054 ], [ 112.273091800000088, 34.942826249000063 ], [ 112.340133352000066, 34.929324231000066 ], [ 112.392324062000057, 34.918213108000032 ], [ 112.426964405000035, 34.910081071000036 ], [ 112.44417300900011, 34.905645350000043 ], [ 112.461267183000018, 34.900850388000038 ], [ 112.486819895000053, 34.89264765300004 ], [ 112.510597934000089, 34.883881705000078 ], [ 112.540832702000102, 34.871852061000027 ], [ 112.610528281000029, 34.843466719000048 ], [ 112.637974868000015, 34.833018400000071 ], [ 112.666544562000013, 34.823037244000034 ], [ 112.697299084000065, 34.813550379000048 ], [ 112.712756555000055, 34.809326099000032 ], [ 112.728257310000117, 34.805526244000077 ], [ 112.743798193000089, 34.802256044000046 ], [ 112.759379312000078, 34.799665641000047 ], [ 112.77500391600006, 34.797958470000026 ], [ 112.790472615000112, 34.79736403000004 ], [ 112.803403083000035, 34.797763112000041 ], [ 112.816332792000026, 34.798871101000032 ], [ 112.833534174000079, 34.801223523000033 ], [ 112.850730430000112, 34.804277986000045 ], [ 112.919551146000117, 34.818367600000045 ], [ 112.936721477000106, 34.821403258000032 ], [ 112.966626333000022, 34.825639172000024 ], [ 113.026422251000099, 34.831562055000063 ], [ 113.04345215, 34.833752885000024 ], [ 113.060285303000114, 34.83680143600003 ], [ 113.076162560000057, 34.840806628000053 ], [ 113.091849323000019, 34.845717335000074 ], [ 113.107393291000108, 34.85130980100007 ], [ 113.122831052000038, 34.857411249000052 ], [ 113.153490599000065, 34.870649453000055 ], [ 113.199158564000072, 34.891989822000028 ], [ 113.288752377000037, 34.936155555000028 ], [ 113.318491128, 34.950513298000033 ], [ 113.333366040000101, 34.957400263000068 ], [ 113.356724715000041, 34.967530959000044 ], [ 113.379128086000037, 34.976498921000029 ], [ 113.393037327000116, 34.981488472000024 ], [ 113.406988872000056, 34.985583452000071 ], [ 113.421064292000096, 34.988347321000049 ], [ 113.435391879, 34.989423402000057 ], [ 113.44984587700003, 34.988990308000041 ], [ 113.464345162000086, 34.987314292000065 ], [ 113.478810854000017, 34.984577971000078 ], [ 113.490666860000033, 34.981635101000052 ], [ 113.502469761000043, 34.978263698000035 ], [ 113.525171848000014, 34.971185329000036 ], [ 113.53604332000009, 34.967436934000034 ], [ 113.548210649000112, 34.962620616000038 ], [ 113.558330055000056, 34.958053773000074 ], [ 113.570526871000084, 34.951990446000025 ], [ 113.620928328000105, 34.925785543000075 ], [ 113.634999833000052, 34.918992701000036 ], [ 113.649244751000083, 34.912572126000043 ], [ 113.663699659000031, 34.906663430000037 ], [ 113.67891385900009, 34.90121091900005 ], [ 113.694347003000075, 34.896374924000042 ], [ 113.709954481000068, 34.892083703000026 ], [ 113.725703708000083, 34.888307102000056 ], [ 113.740806633000034, 34.885186066000074 ], [ 113.75697651400003, 34.882338281000045 ], [ 113.773200651000025, 34.879939229000058 ], [ 113.789446824000038, 34.877979671000048 ], [ 113.805683932000079, 34.876493482000058 ], [ 113.821879376000084, 34.875560343000075 ], [ 113.837996344000089, 34.875310608000063 ], [ 113.853990847000091, 34.875932336000062 ], [ 113.866756413000076, 34.877197254000066 ], [ 113.881638923000082, 34.879522725000072 ], [ 113.89626596800008, 34.882676637000031 ], [ 113.910563105000051, 34.886635407000028 ], [ 113.924435239000104, 34.89142892600006 ], [ 113.937762770000063, 34.897139134000042 ], [ 113.951179443000115, 34.904232418000049 ], [ 113.978395204000094, 34.920615816000065 ], [ 113.987318987000094, 34.925171802000079 ], [ 113.997541714000022, 34.929406087000075 ], [ 114.012686483000039, 34.933966449000025 ], [ 114.028765425000074, 34.937062796000077 ], [ 114.045328816000051, 34.93893201700007 ], [ 114.062238919000038, 34.939867985000035 ], [ 114.079387279000116, 34.940081811000027 ], [ 114.096687392000035, 34.939714479000031 ], [ 114.114068201, 34.938846436000063 ], [ 114.131468354000049, 34.937504133000061 ], [ 114.148831064000092, 34.935663631000068 ], [ 114.166099446000089, 34.93325161000007 ], [ 114.183212219000097, 34.930144192000057 ], [ 114.190510096000025, 34.928554562000045 ], [ 114.202351049000072, 34.925639415000035 ], [ 114.22997371800011, 34.918214572000068 ], [ 114.24543699700007, 34.914443951000067 ], [ 114.260979350000071, 34.911140662000037 ], [ 114.276575215000094, 34.908409812000059 ], [ 114.292201791000025, 34.906392674000074 ], [ 114.306947896000111, 34.90529723800006 ], [ 114.321669181000061, 34.905119751000029 ], [ 114.328358024000067, 34.905380741000045 ], [ 114.341316153000093, 34.906438070000036 ], [ 114.37950170900001, 34.911107853000033 ], [ 114.391839984000057, 34.912301892000073 ], [ 114.404227983000055, 34.913073625000038 ], [ 114.418282497000064, 34.913264729000048 ], [ 114.426684232000071, 34.912998325000046 ], [ 114.443452196000067, 34.911701031000064 ], [ 114.460261658000036, 34.909686520000037 ], [ 114.522448097000051, 34.900688066000043 ], [ 114.554398902000116, 34.897285178000061 ], [ 114.586442189000081, 34.895170293000035 ], [ 114.602438235000022, 34.894660119000037 ], [ 114.618377327000076, 34.894614832000059 ], [ 114.634220407000043, 34.895160571000076 ], [ 114.64991744800011, 34.896473927000045 ], [ 114.665311443000064, 34.898721231000025 ], [ 114.680436455000063, 34.90194619600004 ], [ 114.695208673000025, 34.906207266000024 ], [ 114.709516183, 34.911640050000074 ], [ 114.719408606000115, 34.916345040000067 ], [ 114.734076644000083, 34.924853427000073 ], [ 114.74812964900002, 34.934554843000058 ], [ 114.761670480000021, 34.94515208100006 ], [ 114.774748804000069, 34.956438741000056 ], [ 114.787362863000112, 34.968284923000056 ], [ 114.799458480000112, 34.980626934000043 ], [ 114.810925145000056, 34.993460838000033 ], [ 114.821589129000017, 35.006839558000024 ], [ 114.831203767000034, 35.020873126000026 ], [ 114.839311686000087, 35.035293205000073 ], [ 114.84443865500009, 35.046282043000076 ], [ 114.850832985000011, 35.062397733000068 ], [ 114.86232446300005, 35.095237682000061 ], [ 114.868424084000026, 35.11147397600007 ], [ 114.875445732000117, 35.127258479000034 ], [ 114.883667998000078, 35.142186782000067 ], [ 114.892983523000112, 35.156585464000045 ], [ 114.903100474000098, 35.170597229000066 ], [ 114.913788028000113, 35.184335696000062 ], [ 114.936178456000107, 35.211337713000034 ], [ 114.970412187000079, 35.251583198000048 ], [ 114.992451586000016, 35.278802691000067 ], [ 115.009368054000106, 35.301694378000036 ], [ 115.030391684000051, 35.331935418000057 ], [ 115.037056882000115, 35.340447085000051 ], [ 115.044138865000036, 35.34856099700005 ], [ 115.051578691000032, 35.356086067000035 ], [ 115.059326763000058, 35.362943612000038 ], [ 115.067526330000078, 35.369258657000046 ], [ 115.081377881000094, 35.378088399000035 ], [ 115.095716695000078, 35.385406381000053 ], [ 115.110714431000019, 35.391669055000079 ], [ 115.126208308000059, 35.397022311000057 ], [ 115.142075237000086, 35.401541892000068 ], [ 115.15595139900006, 35.404808865000064 ], [ 115.204098625000029, 35.414256447000071 ], [ 115.214517929000067, 35.416760292000049 ], [ 115.226609549000045, 35.420203300000026 ], [ 115.238404389000038, 35.424271487000055 ], [ 115.248779161000016, 35.42858288900004 ], [ 115.262912705000076, 35.435713993000036 ], [ 115.27629722000006, 35.443850164000025 ], [ 115.288859822000063, 35.452836496000032 ], [ 115.300459886000112, 35.462586012000031 ], [ 115.31088025400004, 35.473075218000076 ], [ 115.319816219000018, 35.484341796000024 ], [ 115.324696311000025, 35.492218345000026 ], [ 115.326995441, 35.496721314000069 ], [ 115.331468565000023, 35.507801986000061 ], [ 115.339004940000109, 35.530986814000073 ], [ 115.344837836000011, 35.54548240500003 ], [ 115.35116968400007, 35.557999470000027 ], [ 115.358478311000113, 35.570336914000052 ], [ 115.366604739000081, 35.582461794000039 ], [ 115.375438394000071, 35.594328450000035 ], [ 115.384914428000116, 35.605874185000062 ], [ 115.395011940000018, 35.617014578000067 ], [ 115.405753293000089, 35.62763827200007 ], [ 115.418005236000113, 35.63832500400008 ], [ 115.431422830000088, 35.648680883000054 ], [ 115.44540061500004, 35.658424217000061 ], [ 115.459804611000095, 35.667657686000041 ], [ 115.474542445000111, 35.676437213000042 ], [ 115.489556294000067, 35.684775252000065 ], [ 115.504817554000056, 35.692642136000075 ], [ 115.52032301600002, 35.699965619000068 ], [ 115.536092283000016, 35.706628816000034 ], [ 115.551500193000038, 35.712336637000078 ], [ 115.598131426, 35.727699164000057 ], [ 115.613394903000085, 35.733092613000053 ], [ 115.62828525000009, 35.739070735000041 ], [ 115.639203670000029, 35.744165228000043 ], [ 115.64973409400011, 35.749875858000053 ], [ 115.6631469780001, 35.758647778000068 ], [ 115.675660316000062, 35.768484240000078 ], [ 115.687579977000041, 35.779081495000071 ], [ 115.707416843000033, 35.797911977000069 ], [ 115.719228878000081, 35.808624053000074 ], [ 115.731524954000065, 35.818575500000065 ], [ 115.744428683000024, 35.827296472000057 ], [ 115.754184204000012, 35.83274106600004 ], [ 115.764930622000065, 35.837797058000035 ], [ 115.777263944000083, 35.842707761000042 ], [ 115.814037058000054, 35.855136925000068 ], [ 115.825522878000015, 35.85934811900006 ], [ 115.83785746, 35.864803104000032 ], [ 115.848669483000094, 35.871173299000077 ], [ 115.855012092000038, 35.876318285000025 ], [ 115.857683058000021, 35.879053125000041 ], [ 115.862497399000063, 35.88544754600008 ], [ 115.8672541090001, 35.89478534400007 ], [ 115.871532617000071, 35.904685384000061 ], [ 115.875127899000063, 35.911714019000044 ], [ 115.88208424600009, 35.922028600000033 ], [ 115.890743883000027, 35.931823141000052 ], [ 115.90088065000009, 35.941112107000038 ], [ 115.912214558000073, 35.949747942000045 ], [ 115.924543889, 35.957543771000076 ], [ 115.933513086000062, 35.962299617000042 ], [ 115.946105846000023, 35.967896589000077 ], [ 115.959038240000041, 35.972797753000066 ], [ 115.990803432, 35.983833251000078 ], [ 115.99975121600005, 35.987573324000039 ], [ 116.011581586000034, 35.994085105000067 ], [ 116.022556515000019, 36.002118343000063 ], [ 116.032496055000024, 36.011583282000061 ], [ 116.037901666000039, 36.017930953000075 ], [ 116.042959023000094, 36.024688496000067 ], [ 116.050447906000045, 36.035942778000049 ], [ 116.072041466000087, 36.071499191000044 ], [ 116.079854181000087, 36.08305891100008 ], [ 116.088462295000113, 36.094022786000039 ], [ 116.093722596000021, 36.099788176000061 ], [ 116.104377721000105, 36.10991503200006 ], [ 116.11587174400006, 36.119364844000074 ], [ 116.127977811000051, 36.128332582000041 ], [ 116.140506972000026, 36.136986274000037 ], [ 116.187600791000023, 36.168318053000064 ], [ 116.202925390000019, 36.179456075000076 ], [ 116.216710963000082, 36.190290358000027 ], [ 116.230179028000066, 36.201538655000036 ], [ 116.243384232000039, 36.213087486000063 ], [ 116.256365437000113, 36.224841678000075 ], [ 116.29111496500002, 36.257329816000038 ], [ 116.300702827, 36.265902070000038 ], [ 116.310568912, 36.274033539000072 ], [ 116.31951283, 36.280616917000032 ], [ 116.328650983000102, 36.286544997000078 ], [ 116.338120049000054, 36.291946341000028 ], [ 116.349294834000034, 36.29750716500007 ], [ 116.360772471000018, 36.30252848400005 ], [ 116.372473806000016, 36.307127100000059 ], [ 116.41144419200009, 36.32127248900008 ], [ 116.427328611, 36.327931491000072 ], [ 116.442903292000096, 36.335365527000079 ], [ 116.458094781000113, 36.343587944000035 ], [ 116.468098640000107, 36.349627944000076 ], [ 116.477125983000064, 36.355575102000046 ], [ 116.485951194000108, 36.361836769000035 ], [ 116.497230704000117, 36.370452979000049 ], [ 116.508202899000025, 36.37947906200003 ], [ 116.518864257000018, 36.388875839000036 ], [ 116.529190973000027, 36.398628085000041 ], [ 116.539137819000075, 36.408743619000063 ], [ 116.549543982000046, 36.420262377000029 ], [ 116.55942105400004, 36.432192634000046 ], [ 116.568742427000075, 36.444502314000033 ], [ 116.57744441300008, 36.457186891000049 ], [ 116.585424965000016, 36.470267629000034 ], [ 116.593427025000096, 36.485255743000039 ], [ 116.608901205000052, 36.51557299600006 ], [ 116.620418352000115, 36.534752859000037 ], [ 116.629699533, 36.548318369000071 ], [ 116.639579300000037, 36.561558232000039 ], [ 116.649978553000096, 36.574486602000036 ], [ 116.660797836000029, 36.587062986000035 ], [ 116.671983434000026, 36.599382329000036 ], [ 116.683457487000055, 36.611483257000032 ], [ 116.707092619000036, 36.635069366000039 ], [ 116.719224242000109, 36.646514366000076 ], [ 116.731583807000106, 36.657655702000056 ], [ 116.74421493300008, 36.668399596000029 ], [ 116.757187583000018, 36.678612652000027 ], [ 116.770601639, 36.688113370000053 ], [ 116.780556409000042, 36.694387317000064 ], [ 116.790760579000107, 36.700216956000077 ], [ 116.801177347000021, 36.705628900000079 ], [ 116.815583630000106, 36.712310596000066 ], [ 116.830278527000019, 36.718216023000025 ], [ 116.845234102000063, 36.72326053300003 ], [ 116.860443112000098, 36.727294478000033 ], [ 116.872456266000086, 36.729615155000033 ], [ 116.879380584000046, 36.730603120000069 ], [ 116.893069264000019, 36.731895628000075 ], [ 116.906830545000048, 36.732513982000057 ], [ 116.958901502000117, 36.73267329600003 ], [ 116.974342240000055, 36.73375087800008 ], [ 116.986450241000057, 36.735597561000077 ], [ 116.99251459300001, 36.736931995000077 ], [ 117.007959571000015, 36.741568112000039 ], [ 117.023014059000047, 36.747620794000056 ], [ 117.037688721000109, 36.754818856000043 ], [ 117.051958544000058, 36.762986717000047 ], [ 117.065759857000103, 36.772035835000054 ], [ 117.078985665000118, 36.78195945300007 ], [ 117.091479245000073, 36.792830731000038 ], [ 117.095839519000037, 36.797081973000047 ], [ 117.105783928000051, 36.80782821400004 ], [ 117.115131041000041, 36.819225907000032 ], [ 117.12400247100004, 36.831125719000056 ], [ 117.132735773000036, 36.843766092000067 ], [ 117.14117451900006, 36.856696875000068 ], [ 117.182597218000069, 36.924216804000025 ], [ 117.191773593000107, 36.93860787300008 ], [ 117.201252809000039, 36.952656274000049 ], [ 117.211185045000093, 36.966203543000063 ], [ 117.221759212000052, 36.979048455000054 ], [ 117.233215416, 36.990933562000066 ], [ 117.244812985000067, 37.000915001000067 ], [ 117.257198496000115, 37.010034542000028 ], [ 117.270188455000039, 37.01848367000008 ], [ 117.283641479000039, 37.026406765000047 ], [ 117.297451113000079, 37.033908347000079 ], [ 117.31153968000001, 37.041059114000063 ], [ 117.34035713600008, 37.054449858000055 ], [ 117.419464145, 37.087564231000044 ], [ 117.451991714000087, 37.102338944000053 ], [ 117.483791454000084, 37.118158582000035 ], [ 117.499287170000116, 37.126552865000065 ], [ 117.514393269000038, 37.135374019000039 ], [ 117.528976725, 37.144742620000045 ], [ 117.542860194000014, 37.154820858000051 ], [ 117.555028867000033, 37.165055376000055 ], [ 117.562845019000065, 37.172550063000074 ], [ 117.570401582000045, 37.180498467000064 ], [ 117.59022535500003, 37.202656955000066 ], [ 117.601165541000114, 37.213684583000031 ], [ 117.612738120000017, 37.223650930000076 ], [ 117.625078334000023, 37.232135134000032 ], [ 117.63768683100011, 37.238393119000079 ], [ 117.643171848000065, 37.240378109000062 ], [ 117.657339092000029, 37.243730787000061 ], [ 117.671137436000095, 37.245196576000069 ], [ 117.685380525000028, 37.245642873000065 ], [ 117.742768445000024, 37.245170128000041 ], [ 117.758852053000055, 37.245628210000064 ], [ 117.774991301000114, 37.246543313000075 ], [ 117.791143913000042, 37.247880344000066 ], [ 117.807270880000033, 37.249631370000031 ], [ 117.82333311800005, 37.251818268000079 ], [ 117.839288224000029, 37.254496087000064 ], [ 117.855087305000097, 37.25775744200007 ], [ 117.876772935000076, 37.263552879000031 ], [ 117.888701622000099, 37.26758484100003 ], [ 117.90005249100011, 37.272027656000034 ], [ 117.912436550000052, 37.277445714000066 ], [ 117.971528883000019, 37.305262412000047 ], [ 117.985898405000057, 37.311557540000024 ], [ 118.015003918000048, 37.323346509000032 ], [ 118.044516080000108, 37.33401494900005 ], [ 118.059410767000031, 37.338852361000079 ], [ 118.074397308000016, 37.343283414000041 ], [ 118.086621973000092, 37.346538818000056 ], [ 118.098884018000035, 37.349501861000078 ], [ 118.133111409000094, 37.35697209500006 ], [ 118.149891289000038, 37.361095034000073 ], [ 118.162085777000016, 37.364721608000025 ], [ 118.177433356000051, 37.370378860000073 ], [ 118.192023013000039, 37.377250035000031 ], [ 118.199832267000033, 37.381746517000067 ], [ 118.20726877300001, 37.386757647000024 ], [ 118.215470531000051, 37.393382854000038 ], [ 118.226670512000055, 37.404754757000035 ], [ 118.236754812000072, 37.417457949000038 ], [ 118.245991207000088, 37.431137075000038 ], [ 118.254577821000112, 37.445517019000079 ], [ 118.262656916000083, 37.460383203000049 ], [ 118.270326831000034, 37.475563947000069 ], [ 118.277652454000076, 37.490914392000036 ], [ 118.291496177000113, 37.520855334000032 ], [ 118.298676268, 37.535270404000073 ], [ 118.306387513000118, 37.54881808500005 ], [ 118.315151823000065, 37.561232518000054 ], [ 118.320556841000098, 37.56736178500006 ], [ 118.326910237000106, 37.573366341000053 ], [ 118.333790497000109, 37.578758518000029 ], [ 118.343246566000062, 37.584754996000072 ], [ 118.353352144000041, 37.58985419000004 ], [ 118.363992641000095, 37.594134001000043 ], [ 118.37554912600001, 37.597781422000025 ], [ 118.38748673200007, 37.600672214000042 ], [ 118.397910165000098, 37.602588903000026 ], [ 118.408502726000052, 37.604059748000054 ], [ 118.425043905000052, 37.605628917000047 ], [ 118.458546241000022, 37.607908726000062 ], [ 118.475306980000028, 37.609535765000032 ], [ 118.491303684000059, 37.611906802000078 ], [ 118.507146141000021, 37.615101318000029 ], [ 118.52277856, 37.619109177000041 ], [ 118.538131677000024, 37.623975868000059 ], [ 118.553117766000014, 37.629807444000051 ], [ 118.566400124000097, 37.636050782000041 ], [ 118.579348342000117, 37.643051478000075 ], [ 118.592008087000067, 37.650664538000058 ], [ 118.604408902000046, 37.658781622000049 ], [ 118.616565752000042, 37.667325291000054 ], [ 118.664157101000114, 37.703589848000036 ], [ 118.676256847000104, 37.712300626000058 ], [ 118.688668781000047, 37.720500931000061 ], [ 118.702411731000097, 37.728547677000051 ], [ 118.716550122000058, 37.735952215000054 ], [ 118.730983046, 37.742876970000054 ], [ 118.745627500000069, 37.749453580000079 ], [ 118.775282891000074, 37.76197056500007 ], [ 118.819841525000015, 37.78026817600005 ], [ 118.866209318000074, 37.80003339600006 ], [ 118.879319927000097, 37.805255570000043 ], [ 118.893244428000116, 37.809631835000062 ], [ 118.905888908000065, 37.812178153000048 ], [ 118.919460151000067, 37.81357145100003 ], [ 118.934505123, 37.813666471000033 ], [ 118.95211099800008, 37.812398268000038 ], [ 118.996694392000109, 37.807119966000073 ], [ 119.011218650000046, 37.805960786000071 ], [ 119.025414173000058, 37.805690821000042 ], [ 119.035156373000063, 37.806419592000054 ], [ 119.041155081000056, 37.807804185000066 ], [ 119.043220520000091, 37.809627533000025 ] ] } }
]
}
