{
"type": "FeatureCollection",
"name": "Taihu",
"crs": { "type": "name", "properties": { "name": "urn:ogc:def:crs:OGC:1.3:CRS84" } },
"features": [
{ "type": "Feature", "properties": { "osm_id": "1126533", "code": 8200, "fclass": "water", "name": "太湖", "Shape_Leng": 6.3180830279200002, "Shape_Area": 0.22309103484199999 }, "geometry": { "type": "Polygon", "coordinates": [ [ [ 119.892510100000095, 31.229149900000039 ], [ 119.892666900000108, 31.235148800000047 ], [ 119.892839900000013, 31.235273800000073 ], [ 119.892993600000068, 31.235525200000041 ], [ 119.893498400000112, 31.23749040000007 ], [ 119.893981200000098, 31.239771100000041 ], [ 119.8951346, 31.24311240000003 ], [ 119.897175700000048, 31.247925700000053 ], [ 119.898744800000031, 31.251249500000029 ], [ 119.902386800000045, 31.257814200000041 ], [ 119.902384600000119, 31.257959200000073 ], [ 119.902502800000093, 31.258037 ], [ 119.906996800000115, 31.266100700000038 ], [ 119.916804500000012, 31.28381070000006 ], [ 119.924632600000109, 31.297872200000029 ], [ 119.926816800000097, 31.301842900000054 ], [ 119.931191500000068, 31.309059500000046 ], [ 119.931868800000075, 31.310474600000077 ], [ 119.932492400000115, 31.311445100000071 ], [ 119.934823800000117, 31.31502560000007 ], [ 119.936091900000065, 31.317200100000036 ], [ 119.936631, 31.318106400000033 ], [ 119.939627, 31.323031 ], [ 119.939993500000014, 31.323462500000062 ], [ 119.940152800000078, 31.324132600000041 ], [ 119.945736300000021, 31.332810900000027 ], [ 119.946201100000053, 31.333562900000061 ], [ 119.9462823, 31.333688300000063 ], [ 119.949633700000049, 31.338863600000025 ], [ 119.957367200000022, 31.350171300000056 ], [ 119.9576518, 31.35029430000003 ], [ 119.957622, 31.350550400000031 ], [ 119.959879500000056, 31.35393270000003 ], [ 119.960367900000051, 31.354476300000044 ], [ 119.960604600000011, 31.355074200000047 ], [ 119.965796, 31.362339400000053 ], [ 119.966143700000089, 31.362780200000032 ], [ 119.971744100000024, 31.370017400000052 ], [ 119.97219890000008, 31.370602700000063 ], [ 119.9750778, 31.374326200000041 ], [ 119.978130700000065, 31.377970400000038 ], [ 119.984266, 31.385042800000065 ], [ 119.984770700000013, 31.385626400000035 ], [ 119.98778070000003, 31.389131200000065 ], [ 119.989791800000035, 31.391791 ], [ 119.9969301000001, 31.398769900000048 ], [ 119.998110000000111, 31.399310100000037 ], [ 119.999269900000058, 31.40062 ], [ 120.00101, 31.40221 ], [ 120.00115, 31.40247 ], [ 120.00145, 31.40273 ], [ 120.00218, 31.40326 ], [ 120.00333, 31.40458 ], [ 120.00348, 31.40484 ], [ 120.0048, 31.40564 ], [ 120.00493, 31.40615 ], [ 120.0061, 31.40721 ], [ 120.008870000000115, 31.40959 ], [ 120.009010000000103, 31.40985 ], [ 120.013055500000064, 31.413309100000049 ], [ 120.013301500000011, 31.414293900000075 ], [ 120.014017100000046, 31.414888800000028 ], [ 120.019594400000074, 31.41958 ], [ 120.021139700000049, 31.420927600000027 ], [ 120.021270400000049, 31.421200100000078 ], [ 120.021734800000104, 31.421651100000076 ], [ 120.0223267, 31.421869 ], [ 120.024275700000089, 31.423330300000032 ], [ 120.027877900000021, 31.426360900000077 ], [ 120.028502500000059, 31.426082600000029 ], [ 120.028863400000091, 31.426188800000034 ], [ 120.029095100000063, 31.426353100000028 ], [ 120.029169800000091, 31.426879 ], [ 120.028919400000063, 31.427154700000074 ], [ 120.028628600000047, 31.427318300000024 ], [ 120.029989700000101, 31.430043900000044 ], [ 120.029936900000052, 31.430681 ], [ 120.029997300000105, 31.430955800000049 ], [ 120.029330800000025, 31.430970100000025 ], [ 120.02917530000002, 31.430938100000049 ], [ 120.028775600000017, 31.431434700000068 ], [ 120.029253200000085, 31.431908400000054 ], [ 120.029485300000033, 31.432028 ], [ 120.029525900000067, 31.432168 ], [ 120.020171400000095, 31.448103200000048 ], [ 120.017200000000116, 31.44923 ], [ 120.009131800000091, 31.452090800000065 ], [ 120.00923570000009, 31.452961400000049 ], [ 120.0094262, 31.452929200000028 ], [ 120.010691900000097, 31.454092700000047 ], [ 120.010803, 31.454678700000045 ], [ 120.01102, 31.45512 ], [ 120.01114, 31.4559 ], [ 120.01143, 31.45616 ], [ 120.01172, 31.45668 ], [ 120.013874700000088, 31.460958400000038 ], [ 120.015149800000017, 31.463162300000079 ], [ 120.017941200000109, 31.467030300000033 ], [ 120.018185, 31.467113400000073 ], [ 120.017822700000011, 31.467305300000078 ], [ 120.017866900000058, 31.467455700000073 ], [ 120.018863800000076, 31.467275900000061 ], [ 120.018371600000023, 31.467785200000037 ], [ 120.01847690000011, 31.467860600000051 ], [ 120.020010100000036, 31.466748700000039 ], [ 120.02366870000003, 31.470500400000049 ], [ 120.023614400000042, 31.470540600000049 ], [ 120.020008300000086, 31.466820600000062 ], [ 120.01855420000004, 31.467890600000032 ], [ 120.018642600000021, 31.467931500000077 ], [ 120.019019400000047, 31.467750600000045 ], [ 120.019160200000101, 31.467771 ], [ 120.019162400000027, 31.467862700000069 ], [ 120.020815500000026, 31.469668100000035 ], [ 120.020477800000094, 31.469869700000061 ], [ 120.021534700000075, 31.470893600000068 ], [ 120.021992100000034, 31.471432 ], [ 120.022405900000081, 31.472121700000059 ], [ 120.02339690000008, 31.473218 ], [ 120.023279000000116, 31.473489700000073 ], [ 120.023445, 31.47367440000005 ], [ 120.023617500000114, 31.473655700000052 ], [ 120.023838700000056, 31.473748 ], [ 120.02628720000007, 31.475602200000026 ], [ 120.027813100000117, 31.476877700000045 ], [ 120.02874, 31.47789 ], [ 120.02903, 31.47842 ], [ 120.029113200000097, 31.478780700000073 ], [ 120.028972200000112, 31.479411600000049 ], [ 120.02942470000005, 31.479413700000066 ], [ 120.030055, 31.479714200000046 ], [ 120.032849500000111, 31.480317700000057 ], [ 120.033083900000065, 31.480148500000041 ], [ 120.0336, 31.48045 ], [ 120.03389, 31.48072 ], [ 120.03419, 31.48072 ], [ 120.0345, 31.4806 ], [ 120.03464, 31.48085 ], [ 120.034630000000107, 31.48112 ], [ 120.034968700000036, 31.481247100000076 ], [ 120.034935400000109, 31.481509500000072 ], [ 120.035143200000107, 31.48168030000005 ], [ 120.03533450000009, 31.481718500000056 ], [ 120.035756900000024, 31.48209 ], [ 120.0359611, 31.481606900000031 ], [ 120.036119900000017, 31.481708300000037 ], [ 120.036434500000041, 31.481435500000032 ], [ 120.036720500000115, 31.48157260000005 ], [ 120.036723500000107, 31.481923800000061 ], [ 120.037352100000021, 31.482301300000074 ], [ 120.037450400000012, 31.482182900000055 ], [ 120.037957200000051, 31.482816700000058 ], [ 120.03821, 31.48289950000003 ], [ 120.038371600000119, 31.483084600000041 ], [ 120.039088300000117, 31.482611900000052 ], [ 120.039666300000022, 31.482230700000059 ], [ 120.03979460000005, 31.48214610000008 ], [ 120.039698700000031, 31.48176280000007 ], [ 120.039237200000116, 31.481106600000032 ], [ 120.038783600000102, 31.480959300000052 ], [ 120.038446400000112, 31.480721100000039 ], [ 120.039747700000021, 31.480863700000043 ], [ 120.040379500000085, 31.480598300000054 ], [ 120.040700100000095, 31.480615900000032 ], [ 120.040962400000012, 31.480377300000043 ], [ 120.040570900000034, 31.480202500000075 ], [ 120.040516400000115, 31.479900600000065 ], [ 120.041182700000036, 31.479296900000065 ], [ 120.041478400000074, 31.479345600000045 ], [ 120.041710400000056, 31.478772500000048 ], [ 120.041947800000116, 31.478693 ], [ 120.04217820000008, 31.478487900000061 ], [ 120.042259300000069, 31.478107600000044 ], [ 120.041973, 31.477777100000026 ], [ 120.042073100000039, 31.477514300000053 ], [ 120.041973300000109, 31.477218400000027 ], [ 120.042251700000065, 31.47693 ], [ 120.043372700000077, 31.477723200000071 ], [ 120.042791100000045, 31.479365 ], [ 120.042524600000093, 31.479869300000075 ], [ 120.04207370000006, 31.480463100000065 ], [ 120.041566400000079, 31.480958900000076 ], [ 120.039972400000011, 31.482028900000046 ], [ 120.04075320000004, 31.482526900000039 ], [ 120.041484, 31.482935700000041 ], [ 120.0420636, 31.48234350000007 ], [ 120.042334500000038, 31.482141300000023 ], [ 120.042569900000103, 31.481852700000047 ], [ 120.042788400000063, 31.48156780000005 ], [ 120.04297, 31.4814 ], [ 120.04303440000001, 31.481048600000065 ], [ 120.043136700000105, 31.480701400000044 ], [ 120.043223200000057, 31.480612400000041 ], [ 120.043280200000027, 31.480381800000032 ], [ 120.043252300000063, 31.480332400000066 ], [ 120.043366400000082, 31.480004100000031 ], [ 120.043765900000039, 31.479234400000053 ], [ 120.04417490000003, 31.478852200000063 ], [ 120.044428900000071, 31.478842200000031 ], [ 120.044591300000093, 31.478728500000045 ], [ 120.044583800000055, 31.478614900000025 ], [ 120.044693800000118, 31.478526500000044 ], [ 120.04685720000009, 31.478992400000038 ], [ 120.047370900000033, 31.478813100000025 ], [ 120.048871, 31.47838930000006 ], [ 120.051191, 31.478043500000069 ], [ 120.052552700000092, 31.477648100000067 ], [ 120.053489300000024, 31.477270200000078 ], [ 120.055529100000058, 31.47667430000007 ], [ 120.056562700000086, 31.476517200000046 ], [ 120.056720200000086, 31.476274 ], [ 120.05670520000001, 31.476135800000066 ], [ 120.057222900000056, 31.476057100000048 ], [ 120.057246500000019, 31.476126200000067 ], [ 120.05898830000001, 31.476035900000056 ], [ 120.060004700000036, 31.474564900000075 ], [ 120.062074300000063, 31.472078200000055 ], [ 120.062744600000087, 31.471821900000066 ], [ 120.06283, 31.47123 ], [ 120.063130000000115, 31.47098 ], [ 120.06314, 31.47072 ], [ 120.06285, 31.47046 ], [ 120.062725800000067, 31.469248500000049 ], [ 120.0624514000001, 31.469009100000051 ], [ 120.06231420000006, 31.468706800000064 ], [ 120.062363800000071, 31.468271 ], [ 120.062887700000033, 31.46743680000003 ], [ 120.063129900000035, 31.466806100000042 ], [ 120.063009500000021, 31.466636600000072 ], [ 120.063032400000111, 31.466486400000065 ], [ 120.062882400000035, 31.466376600000046 ], [ 120.062684500000046, 31.465697200000079 ], [ 120.063760000000116, 31.46547 ], [ 120.06587, 31.46526 ], [ 120.06676, 31.46541 ], [ 120.06708, 31.46465 ], [ 120.067680000000109, 31.46466 ], [ 120.06784, 31.46441 ], [ 120.068760000000111, 31.46366 ], [ 120.06934590000003, 31.462767600000063 ], [ 120.069180700000061, 31.462396500000068 ], [ 120.069823600000063, 31.461899500000072 ], [ 120.070328200000063, 31.461111300000027 ], [ 120.070505400000116, 31.46116470000004 ], [ 120.070597600000042, 31.461015400000065 ], [ 120.070529900000111, 31.46092 ], [ 120.070699300000115, 31.460823700000049 ], [ 120.070876800000065, 31.460859200000073 ], [ 120.071221100000116, 31.46054520000007 ], [ 120.071443400000021, 31.459988500000065 ], [ 120.071533300000056, 31.460025600000051 ], [ 120.071460700000102, 31.460354 ], [ 120.071549300000015, 31.460423400000025 ], [ 120.071901600000047, 31.460357100000067 ], [ 120.072484300000042, 31.460370800000078 ], [ 120.072675900000036, 31.460185800000033 ], [ 120.07208270000001, 31.460007300000029 ], [ 120.071729800000071, 31.45982070000008 ], [ 120.071365, 31.459467600000039 ], [ 120.07260030000009, 31.458302100000026 ], [ 120.072605300000077, 31.457837600000062 ], [ 120.072736400000053, 31.45782040000006 ], [ 120.072791900000084, 31.458237600000075 ], [ 120.071551500000055, 31.45947620000004 ], [ 120.071854600000052, 31.459758600000043 ], [ 120.072726300000113, 31.460022400000071 ], [ 120.074301900000023, 31.458521400000052 ], [ 120.07301080000002, 31.457756300000028 ], [ 120.0731326, 31.457604700000047 ], [ 120.074445600000104, 31.458362300000033 ], [ 120.074637200000097, 31.458332200000029 ], [ 120.07532290000006, 31.457751600000051 ], [ 120.075353100000029, 31.457657 ], [ 120.074445600000104, 31.456895700000075 ], [ 120.073343400000113, 31.457258100000047 ], [ 120.073275900000112, 31.457171 ], [ 120.074470800000086, 31.456745200000057 ], [ 120.074934700000085, 31.457072 ], [ 120.075302700000066, 31.457072 ], [ 120.075539700000036, 31.457257 ], [ 120.075640500000077, 31.457575200000065 ], [ 120.077758100000096, 31.45573870000004 ], [ 120.078457400000048, 31.455261500000063 ], [ 120.078670700000089, 31.454754600000058 ], [ 120.078772300000082, 31.454539300000079 ], [ 120.078308800000059, 31.454209100000071 ], [ 120.078091100000051, 31.452778800000033 ], [ 120.077977300000043, 31.449728300000061 ], [ 120.078102100000024, 31.447983300000033 ], [ 120.078451800000039, 31.44657710000007 ], [ 120.079169600000114, 31.444441500000039 ], [ 120.08024730000011, 31.442298 ], [ 120.080861, 31.44125930000007 ], [ 120.081082, 31.440973800000052 ], [ 120.081401200000073, 31.440896900000041 ], [ 120.081459400000085, 31.440686200000073 ], [ 120.081529500000102, 31.440418 ], [ 120.08195610000007, 31.439701100000036 ], [ 120.081930600000078, 31.439427600000045 ], [ 120.080699800000048, 31.437402800000029 ], [ 120.08021640000004, 31.437022700000057 ], [ 120.079210300000113, 31.436565200000075 ], [ 120.078841500000067, 31.43627250000003 ], [ 120.078152500000101, 31.43588740000007 ], [ 120.077591100000063, 31.435789200000045 ], [ 120.075977700000067, 31.434873500000037 ], [ 120.075401100000022, 31.43423480000007 ], [ 120.074704200000042, 31.433749900000066 ], [ 120.074159500000064, 31.433524700000078 ], [ 120.073698900000068, 31.433093700000029 ], [ 120.072805800000083, 31.43273830000004 ], [ 120.071955200000048, 31.432701200000054 ], [ 120.071710100000018, 31.432562100000041 ], [ 120.071053200000051, 31.432144400000027 ], [ 120.069795000000113, 31.430604200000062 ], [ 120.069668400000069, 31.430343200000038 ], [ 120.069496700000059, 31.429482900000039 ], [ 120.069569700000102, 31.428550500000028 ], [ 120.069464, 31.428318700000034 ], [ 120.069540700000061, 31.428071700000032 ], [ 120.070108800000071, 31.427481700000044 ], [ 120.070145, 31.427339300000028 ], [ 120.070397900000103, 31.427308 ], [ 120.070514600000024, 31.42717250000004 ], [ 120.070601500000066, 31.426872400000036 ], [ 120.070600400000103, 31.426268400000026 ], [ 120.069491600000106, 31.423876900000039 ], [ 120.068904500000031, 31.423342 ], [ 120.068528700000115, 31.423202100000026 ], [ 120.06795580000005, 31.422750500000063 ], [ 120.067277500000046, 31.422058600000071 ], [ 120.067118900000082, 31.422026100000039 ], [ 120.066967100000056, 31.422140300000024 ], [ 120.066552200000046, 31.422244900000067 ], [ 120.065909300000044, 31.422283800000059 ], [ 120.065615600000115, 31.422371500000054 ], [ 120.06543750000003, 31.422356200000024 ], [ 120.065075900000011, 31.42219730000005 ], [ 120.064923300000032, 31.42226050000005 ], [ 120.064563900000053, 31.422302100000024 ], [ 120.06430290000003, 31.422304 ], [ 120.063927100000114, 31.422138 ], [ 120.063775, 31.422006400000043 ], [ 120.063665300000025, 31.421803600000032 ], [ 120.063705800000093, 31.42164 ], [ 120.063551600000096, 31.421428900000024 ], [ 120.063189200000011, 31.421258200000068 ], [ 120.06316, 31.420760400000063 ], [ 120.063639800000033, 31.419908900000053 ], [ 120.06439730000011, 31.419686200000058 ], [ 120.064553700000033, 31.419700100000057 ], [ 120.064677900000106, 31.41950920000005 ], [ 120.064859200000114, 31.419477400000062 ], [ 120.0652301, 31.41911170000003 ], [ 120.064304200000038, 31.418151 ], [ 120.063852000000111, 31.418057800000042 ], [ 120.063322800000037, 31.417575100000079 ], [ 120.062857200000053, 31.417104900000027 ], [ 120.062381600000094, 31.416433300000051 ], [ 120.062066700000059, 31.41643380000005 ], [ 120.061790500000029, 31.416082 ], [ 120.062033500000098, 31.415407600000037 ], [ 120.061920300000111, 31.414756900000043 ], [ 120.061696100000063, 31.414524300000039 ], [ 120.061037, 31.414201800000058 ], [ 120.060691800000086, 31.413702300000068 ], [ 120.06045, 31.4131 ], [ 120.060128600000098, 31.411863200000028 ], [ 120.059665900000027, 31.411117 ], [ 120.059698300000036, 31.410361800000032 ], [ 120.059788200000071, 31.410178 ], [ 120.060637900000074, 31.409857900000077 ], [ 120.061832600000116, 31.409254500000031 ], [ 120.06299690000003, 31.408957400000077 ], [ 120.063144200000011, 31.408774900000026 ], [ 120.062892, 31.408604400000058 ], [ 120.063119, 31.408234200000038 ], [ 120.062736500000028, 31.407920500000046 ], [ 120.06230220000009, 31.406858 ], [ 120.062302800000111, 31.406556600000044 ], [ 120.062393600000064, 31.40637380000004 ], [ 120.062916300000097, 31.405814200000066 ], [ 120.063263300000017, 31.405681900000047 ], [ 120.063778900000102, 31.405745400000058 ], [ 120.064991300000088, 31.406253100000072 ], [ 120.065363700000034, 31.406137400000034 ], [ 120.065483700000073, 31.406039700000065 ], [ 120.065281600000048, 31.405809400000066 ], [ 120.065962600000034, 31.405260700000042 ], [ 120.066323900000043, 31.404566200000033 ], [ 120.066294400000061, 31.404318900000078 ], [ 120.065547200000083, 31.40213250000005 ], [ 120.064838800000075, 31.40077180000003 ], [ 120.064297300000021, 31.400130600000068 ], [ 120.064345800000069, 31.399843900000064 ], [ 120.064158900000052, 31.399635800000055 ], [ 120.063809600000013, 31.399376200000063 ], [ 120.063233200000013, 31.399110200000052 ], [ 120.062269100000094, 31.398835900000051 ], [ 120.061641100000088, 31.398811200000068 ], [ 120.061251600000105, 31.398518 ], [ 120.060792000000106, 31.39904910000007 ], [ 120.061107000000106, 31.398594 ], [ 120.0612178, 31.398258700000042 ], [ 120.061088500000096, 31.398061400000074 ], [ 120.060666100000049, 31.397790800000053 ], [ 120.060492900000099, 31.397373200000061 ], [ 120.06068120000009, 31.397116400000073 ], [ 120.060964500000068, 31.396995 ], [ 120.061055300000021, 31.396743100000037 ], [ 120.060886200000027, 31.39650290000003 ], [ 120.060834000000114, 31.396093600000029 ], [ 120.0607185, 31.395956700000056 ], [ 120.060455900000079, 31.395927400000062 ], [ 120.059933600000022, 31.395709200000056 ], [ 120.06001910000009, 31.39544 ], [ 120.059979700000099, 31.395278 ], [ 120.05988990000003, 31.395132700000033 ], [ 120.059305700000095, 31.394515400000046 ], [ 120.059071, 31.394312600000035 ], [ 120.058858300000111, 31.394086400000049 ], [ 120.05865760000006, 31.393664600000079 ], [ 120.058621200000061, 31.392459900000063 ], [ 120.0584632, 31.391722100000038 ], [ 120.0584573000001, 31.390923100000066 ], [ 120.058513900000094, 31.390461900000048 ], [ 120.058582900000033, 31.390330300000073 ], [ 120.058709, 31.390217900000039 ], [ 120.058865500000024, 31.39013570000003 ], [ 120.058807400000092, 31.389463700000078 ], [ 120.059410700000058, 31.38939380000005 ], [ 120.059368, 31.389121600000067 ], [ 120.058833900000081, 31.389299300000062 ], [ 120.058796600000051, 31.389213700000028 ], [ 120.058913900000107, 31.389173200000073 ], [ 120.058686200000011, 31.388642600000026 ], [ 120.058590200000026, 31.388677 ], [ 120.058554500000014, 31.388842200000056 ], [ 120.058695900000089, 31.389309700000069 ], [ 120.058594900000116, 31.389278500000046 ], [ 120.0584573000001, 31.388836100000049 ], [ 120.058504, 31.388577600000076 ], [ 120.058346100000108, 31.388360700000078 ], [ 120.058154100000024, 31.388208900000052 ], [ 120.058036300000026, 31.388075900000047 ], [ 120.057952800000066, 31.387821600000052 ], [ 120.057943600000044, 31.387635200000034 ], [ 120.0580347, 31.387339300000065 ], [ 120.0581525, 31.387153 ], [ 120.05845330000011, 31.386766600000044 ], [ 120.058816200000024, 31.386445800000047 ], [ 120.059028700000113, 31.386298500000066 ], [ 120.0593321, 31.386039500000038 ], [ 120.0595164, 31.385789300000056 ], [ 120.059585600000105, 31.385555700000054 ], [ 120.05954040000006, 31.385379400000033 ], [ 120.059424400000012, 31.385167 ], [ 120.059316400000057, 31.385067900000024 ], [ 120.059227300000089, 31.384863400000029 ], [ 120.059147300000063, 31.384747600000026 ], [ 120.0591693, 31.384567600000025 ], [ 120.059292100000107, 31.384376900000063 ], [ 120.059363900000108, 31.38421580000005 ], [ 120.059355, 31.383972400000061 ], [ 120.059290800000099, 31.383866100000034 ], [ 120.059144200000105, 31.383819 ], [ 120.059123000000113, 31.383752700000059 ], [ 120.059227300000089, 31.383445400000028 ], [ 120.059326900000087, 31.383253600000046 ], [ 120.0594446, 31.383124900000041 ], [ 120.059535900000014, 31.383027600000048 ], [ 120.0597993, 31.382565300000067 ], [ 120.060039, 31.382332 ], [ 120.060166700000082, 31.382148700000073 ], [ 120.060342100000071, 31.381970700000068 ], [ 120.060422300000027, 31.38191340000003 ], [ 120.060807, 31.381742300000042 ], [ 120.060879200000045, 31.381684900000039 ], [ 120.06093270000008, 31.381540200000074 ], [ 120.061139800000092, 31.381220900000073 ], [ 120.061561900000015, 31.380582100000026 ], [ 120.061808300000052, 31.380521800000054 ], [ 120.061828300000116, 31.380482 ], [ 120.061349100000029, 31.380490500000064 ], [ 120.061196800000062, 31.380480100000057 ], [ 120.061618800000019, 31.380346 ], [ 120.061741400000074, 31.380211800000041 ], [ 120.061828800000058, 31.379948300000024 ], [ 120.061761900000079, 31.379893700000025 ], [ 120.061638200000061, 31.379765900000052 ], [ 120.061520600000108, 31.379530100000068 ], [ 120.061631700000021, 31.378857500000038 ], [ 120.061695100000065, 31.378769300000044 ], [ 120.0621188, 31.378734500000064 ], [ 120.061473700000079, 31.37866310000004 ], [ 120.061451200000079, 31.378594600000042 ], [ 120.062252200000103, 31.378643900000043 ], [ 120.062216100000114, 31.378539300000057 ], [ 120.061610900000119, 31.378476 ], [ 120.061489200000096, 31.377862600000071 ], [ 120.061418900000035, 31.377878 ], [ 120.061327600000027, 31.377581500000076 ], [ 120.061165, 31.377562300000079 ], [ 120.06103040000005, 31.377196500000025 ], [ 120.060852400000044, 31.376791 ], [ 120.060782900000049, 31.376601 ], [ 120.0606007, 31.376335800000049 ], [ 120.060584100000028, 31.376258800000073 ], [ 120.060596800000098, 31.376130500000045 ], [ 120.060679, 31.375952200000029 ], [ 120.060963700000116, 31.375667400000054 ], [ 120.061382500000036, 31.375365100000067 ], [ 120.061755600000083, 31.375163900000075 ], [ 120.062048700000105, 31.375017800000023 ], [ 120.062347900000077, 31.374866100000077 ], [ 120.062585500000068, 31.374830300000042 ], [ 120.062900100000093, 31.374784500000032 ], [ 120.063181200000031, 31.374855300000036 ], [ 120.063521900000069, 31.374919600000055 ], [ 120.063891200000057, 31.374953300000072 ], [ 120.064223800000036, 31.374987900000065 ], [ 120.064498300000082, 31.374994300000026 ], [ 120.0648155, 31.374948 ], [ 120.065120300000103, 31.374870200000032 ], [ 120.065396700000065, 31.374737400000072 ], [ 120.065529100000049, 31.374720300000035 ], [ 120.06574820000003, 31.374706300000071 ], [ 120.065815600000064, 31.374740900000063 ], [ 120.065895100000034, 31.374734 ], [ 120.065941200000111, 31.374698100000046 ], [ 120.065974200000028, 31.374647800000048 ], [ 120.066544500000077, 31.37486640000003 ], [ 120.066568500000017, 31.374742500000025 ], [ 120.066557700000089, 31.374648300000047 ], [ 120.066389300000083, 31.374585100000047 ], [ 120.066241400000081, 31.374502200000052 ], [ 120.06611810000004, 31.374471 ], [ 120.066037200000096, 31.374474900000052 ], [ 120.065997800000105, 31.374535600000058 ], [ 120.065961200000061, 31.374530600000071 ], [ 120.066001200000073, 31.374459500000057 ], [ 120.066040200000089, 31.374435100000028 ], [ 120.066154300000107, 31.374439400000028 ], [ 120.066244300000108, 31.374462600000072 ], [ 120.066438800000014, 31.374562300000036 ], [ 120.06655, 31.374573600000076 ], [ 120.066578100000015, 31.374491400000068 ], [ 120.066672700000026, 31.374496800000031 ], [ 120.066656, 31.374603300000047 ], [ 120.066644600000018, 31.37484580000006 ], [ 120.066888300000073, 31.374866600000075 ], [ 120.066903300000035, 31.374700500000074 ], [ 120.066867100000081, 31.37455760000006 ], [ 120.066797100000031, 31.374506900000029 ], [ 120.06675180000002, 31.374404300000037 ], [ 120.066748700000062, 31.374351100000069 ], [ 120.066921, 31.374505 ], [ 120.067049600000018, 31.374515900000063 ], [ 120.067244200000118, 31.374473100000046 ], [ 120.067831400000046, 31.374307900000076 ], [ 120.068271500000037, 31.374077900000032 ], [ 120.06871620000004, 31.373790400000075 ], [ 120.069473300000027, 31.37312170000007 ], [ 120.069729600000073, 31.372774600000071 ], [ 120.069729200000097, 31.372522500000059 ], [ 120.069604200000072, 31.372153700000069 ], [ 120.069475300000022, 31.371891600000026 ], [ 120.069483900000023, 31.371768200000076 ], [ 120.069557200000077, 31.37163970000006 ], [ 120.069701800000075, 31.371551200000056 ], [ 120.070018600000026, 31.371424 ], [ 120.07030060000011, 31.371342800000036 ], [ 120.07060510000008, 31.37134750000007 ], [ 120.071003, 31.371415600000034 ], [ 120.071192100000076, 31.371401900000023 ], [ 120.071548400000097, 31.371312100000068 ], [ 120.071858200000065, 31.371141 ], [ 120.0720387, 31.370930700000031 ], [ 120.072250200000099, 31.370811300000071 ], [ 120.072405600000025, 31.370733800000039 ], [ 120.072523200000091, 31.370487600000047 ], [ 120.072616200000084, 31.37024370000006 ], [ 120.07261440000002, 31.370121700000027 ], [ 120.072553900000116, 31.369988700000079 ], [ 120.072538500000064, 31.369629300000042 ], [ 120.072611600000073, 31.369429100000048 ], [ 120.072628800000075, 31.369329400000026 ], [ 120.072666200000072, 31.369290500000034 ], [ 120.072966600000086, 31.369242200000031 ], [ 120.073143, 31.369179 ], [ 120.073321600000099, 31.369186300000024 ], [ 120.073482300000023, 31.369161700000063 ], [ 120.073630900000012, 31.369142600000032 ], [ 120.07369790000007, 31.369123 ], [ 120.073742200000083, 31.369069600000046 ], [ 120.073781200000099, 31.369015600000068 ], [ 120.07402, 31.368894100000034 ], [ 120.074146800000108, 31.36887820000004 ], [ 120.074218, 31.36886910000004 ], [ 120.074467800000093, 31.368755500000077 ], [ 120.074515200000064, 31.36877480000004 ], [ 120.074340200000051, 31.36886590000006 ], [ 120.074381900000049, 31.368955700000072 ], [ 120.074250800000073, 31.369034 ], [ 120.074163700000099, 31.369130900000073 ], [ 120.073975, 31.369187300000078 ], [ 120.073927100000105, 31.369218100000069 ], [ 120.073883100000103, 31.369318900000053 ], [ 120.073784900000078, 31.369414500000062 ], [ 120.07375490000004, 31.369457800000077 ], [ 120.07377560000009, 31.369500200000061 ], [ 120.073730900000101, 31.369538100000057 ], [ 120.073729600000092, 31.369574900000032 ], [ 120.073695500000099, 31.369611600000042 ], [ 120.073626700000091, 31.369609900000057 ], [ 120.073525700000118, 31.369690500000047 ], [ 120.07351570000003, 31.369754 ], [ 120.073535500000048, 31.36980710000006 ], [ 120.073598800000013, 31.369851400000073 ], [ 120.073642900000095, 31.369989600000054 ], [ 120.07362240000009, 31.370079100000055 ], [ 120.073619300000018, 31.370160600000077 ], [ 120.073650800000109, 31.370201500000064 ], [ 120.07366090000005, 31.370365800000059 ], [ 120.073852400000078, 31.370634100000075 ], [ 120.073833400000012, 31.370779900000059 ], [ 120.073969500000089, 31.371040200000039 ], [ 120.07400610000002, 31.37133 ], [ 120.074046700000054, 31.371380100000067 ], [ 120.074108600000045, 31.371424 ], [ 120.074059600000055, 31.371538 ], [ 120.0741858, 31.371831900000075 ], [ 120.074240800000098, 31.371864800000026 ], [ 120.074114300000019, 31.372017400000061 ], [ 120.073999700000059, 31.372305800000049 ], [ 120.073913200000106, 31.372453 ], [ 120.073677500000031, 31.372542600000031 ], [ 120.073494200000027, 31.372723500000063 ], [ 120.073341200000073, 31.372865300000058 ], [ 120.073300300000028, 31.372966800000029 ], [ 120.073280600000089, 31.373105500000065 ], [ 120.073295300000041, 31.373312700000042 ], [ 120.073255700000118, 31.373493900000028 ], [ 120.0732461, 31.373589700000025 ], [ 120.073241300000063, 31.373702200000025 ], [ 120.073048700000072, 31.373870600000032 ], [ 120.073008300000083, 31.374009600000079 ], [ 120.073009800000023, 31.37411910000003 ], [ 120.073065800000109, 31.37445450000007 ], [ 120.073086000000103, 31.374557300000049 ], [ 120.073138, 31.374738800000046 ], [ 120.073200800000109, 31.374868900000024 ], [ 120.073322900000107, 31.375052700000026 ], [ 120.073471, 31.375219900000047 ], [ 120.073587, 31.375380300000074 ], [ 120.073667600000022, 31.375538900000038 ], [ 120.073694800000112, 31.375759400000049 ], [ 120.073652300000049, 31.375866100000053 ], [ 120.07379, 31.37601120000005 ], [ 120.073929800000087, 31.376050200000066 ], [ 120.074018400000114, 31.376135700000077 ], [ 120.074144400000023, 31.37625010000005 ], [ 120.074224200000117, 31.376412300000027 ], [ 120.074302200000034, 31.376641500000062 ], [ 120.074291500000072, 31.376760800000056 ], [ 120.074238600000058, 31.37686240000005 ], [ 120.074085200000013, 31.376988200000028 ], [ 120.073960500000112, 31.377072200000043 ], [ 120.073801400000093, 31.377084 ], [ 120.073515400000019, 31.37737750000008 ], [ 120.073348800000076, 31.377505 ], [ 120.073098600000094, 31.377676200000053 ], [ 120.07302750000008, 31.377777800000047 ], [ 120.073097800000028, 31.377918100000045 ], [ 120.073035100000084, 31.378128400000037 ], [ 120.072758900000053, 31.378138 ], [ 120.072691, 31.378213200000062 ], [ 120.072631700000102, 31.378226400000074 ], [ 120.072525, 31.378195700000049 ], [ 120.072371, 31.379206600000032 ], [ 120.072581200000059, 31.380227900000079 ], [ 120.072783800000025, 31.380994100000066 ], [ 120.0728, 31.381044300000042 ], [ 120.072840800000108, 31.381170600000075 ], [ 120.073454800000036, 31.382160800000065 ], [ 120.073557200000096, 31.382238 ], [ 120.07374080000011, 31.382381200000054 ], [ 120.073766600000113, 31.382384700000046 ], [ 120.073975500000074, 31.382413100000065 ], [ 120.074227600000086, 31.382621700000072 ], [ 120.074364700000046, 31.382810800000073 ], [ 120.074647800000093, 31.383332200000041 ], [ 120.074723600000084, 31.383574 ], [ 120.0747397, 31.38381540000006 ], [ 120.07472, 31.383975500000076 ], [ 120.074706500000048, 31.384094700000048 ], [ 120.074674100000038, 31.384870800000044 ], [ 120.075092700000027, 31.386528300000066 ], [ 120.07609530000002, 31.388339400000064 ], [ 120.0782, 31.3914 ], [ 120.079001300000073, 31.392377300000078 ], [ 120.079265, 31.392500700000028 ], [ 120.079669800000033, 31.39288380000005 ], [ 120.080058, 31.393399200000033 ], [ 120.080546900000058, 31.394320500000049 ], [ 120.08105240000009, 31.394749500000046 ], [ 120.0815076, 31.395290400000079 ], [ 120.08196, 31.3956 ], [ 120.08252850000008, 31.396198900000059 ], [ 120.083165, 31.396727700000042 ], [ 120.083386, 31.397136100000068 ], [ 120.083275300000082, 31.397367 ], [ 120.083804300000111, 31.397913300000027 ], [ 120.083951700000057, 31.397792700000025 ], [ 120.084161900000026, 31.397769900000071 ], [ 120.084491500000013, 31.397907100000054 ], [ 120.085526600000094, 31.398969100000045 ], [ 120.087123600000041, 31.400434800000028 ], [ 120.08851, 31.4018 ], [ 120.089488500000016, 31.402462100000037 ], [ 120.091293300000075, 31.404148300000031 ], [ 120.094631600000071, 31.40671240000006 ], [ 120.096854400000097, 31.408325800000057 ], [ 120.099737100000084, 31.409961600000031 ], [ 120.10186340000007, 31.410802800000056 ], [ 120.10250510000003, 31.411119500000041 ], [ 120.102775700000052, 31.411394500000029 ], [ 120.103448200000116, 31.41151560000003 ], [ 120.104827900000032, 31.411543400000028 ], [ 120.1053280000001, 31.41141470000008 ], [ 120.105493300000035, 31.411311300000079 ], [ 120.105414600000017, 31.410963800000047 ], [ 120.105651500000022, 31.410487200000034 ], [ 120.105611900000099, 31.410829500000034 ], [ 120.106018800000015, 31.411653100000024 ], [ 120.10619, 31.412554900000032 ], [ 120.106338200000096, 31.412594500000068 ], [ 120.10637660000009, 31.411515200000053 ], [ 120.10610250000002, 31.411517500000059 ], [ 120.106116200000088, 31.410168700000042 ], [ 120.10593950000009, 31.410166200000049 ], [ 120.105943700000012, 31.41010440000008 ], [ 120.106350200000065, 31.410119500000064 ], [ 120.106348, 31.410177200000078 ], [ 120.106189700000073, 31.410172600000067 ], [ 120.106179100000077, 31.41078 ], [ 120.106364500000041, 31.410784 ], [ 120.106428400000027, 31.410867500000052 ], [ 120.106614100000115, 31.410833900000057 ], [ 120.107054800000014, 31.410467400000073 ], [ 120.107290600000056, 31.410402800000043 ], [ 120.1076706, 31.410521900000049 ], [ 120.107906400000047, 31.410559700000078 ], [ 120.108540600000083, 31.410606200000075 ], [ 120.108842, 31.410595300000068 ], [ 120.109473600000115, 31.41044850000003 ], [ 120.109599100000082, 31.410406100000046 ], [ 120.109882900000116, 31.410224 ], [ 120.110095900000033, 31.409992400000078 ], [ 120.1105060000001, 31.409295600000064 ], [ 120.110581, 31.409051500000032 ], [ 120.110589900000036, 31.408513200000073 ], [ 120.110643500000037, 31.408417800000052 ], [ 120.111018, 31.408228500000064 ], [ 120.111344300000042, 31.408141500000056 ], [ 120.112374700000032, 31.408357800000033 ], [ 120.112558600000057, 31.408190900000079 ], [ 120.112759900000015, 31.408059900000069 ], [ 120.11289720000002, 31.407920700000034 ], [ 120.112992, 31.407798100000036 ], [ 120.113112900000033, 31.407429800000045 ], [ 120.113254100000063, 31.407219200000043 ], [ 120.113244200000054, 31.407107600000074 ], [ 120.113413800000103, 31.407012 ], [ 120.113494900000092, 31.406903200000045 ], [ 120.113720700000044, 31.40691460000005 ], [ 120.1138, 31.40683260000003 ], [ 120.113984500000015, 31.406852700000059 ], [ 120.114165, 31.406834100000026 ], [ 120.114245100000062, 31.406879 ], [ 120.114382400000068, 31.406918500000074 ], [ 120.114481100000035, 31.406948800000066 ], [ 120.114564400000063, 31.407012 ], [ 120.114626900000076, 31.407032800000025 ], [ 120.114715600000068, 31.407104100000026 ], [ 120.114763400000015, 31.407129100000077 ], [ 120.114848100000017, 31.407741700000031 ], [ 120.115306, 31.407942100000071 ], [ 120.115558100000044, 31.407996500000024 ], [ 120.11622890000001, 31.407893800000068 ], [ 120.116288600000075, 31.408124 ], [ 120.117409100000032, 31.407922600000063 ], [ 120.118366600000058, 31.407610300000044 ], [ 120.118802200000118, 31.407361700000024 ], [ 120.119053200000053, 31.407030400000053 ], [ 120.119038900000078, 31.406733 ], [ 120.119141100000093, 31.406380700000057 ], [ 120.119527400000038, 31.406019300000025 ], [ 120.119583300000045, 31.405674400000066 ], [ 120.11972460000004, 31.405474600000048 ], [ 120.119666, 31.405176 ], [ 120.119477, 31.404922800000065 ], [ 120.119463200000041, 31.404703100000063 ], [ 120.1194623, 31.404586800000061 ], [ 120.119506300000012, 31.404458600000055 ], [ 120.119599000000107, 31.404335900000035 ], [ 120.119599500000049, 31.404297 ], [ 120.119563800000037, 31.404251400000078 ], [ 120.119487900000081, 31.404131800000073 ], [ 120.1193058, 31.403677100000039 ], [ 120.119300900000098, 31.403532400000074 ], [ 120.119280200000048, 31.403467900000066 ], [ 120.119296400000053, 31.403289500000028 ], [ 120.119378300000108, 31.403138200000058 ], [ 120.119466400000078, 31.403086700000074 ], [ 120.119559600000116, 31.402943700000037 ], [ 120.119673700000021, 31.402914300000077 ], [ 120.119777000000113, 31.40285 ], [ 120.119870400000082, 31.402726400000063 ], [ 120.120020400000044, 31.402643900000044 ], [ 120.120200200000113, 31.402612500000032 ], [ 120.120334600000092, 31.402522800000042 ], [ 120.120562, 31.40253690000003 ], [ 120.120756, 31.402625400000034 ], [ 120.120895300000029, 31.402655300000049 ], [ 120.121004500000026, 31.402669400000036 ], [ 120.121076500000072, 31.402770100000055 ], [ 120.121135200000026, 31.402917 ], [ 120.121220400000084, 31.402978900000051 ], [ 120.121392100000094, 31.403043400000058 ], [ 120.121508700000049, 31.403104 ], [ 120.121708400000102, 31.403604100000052 ], [ 120.12172170000008, 31.403711600000065 ], [ 120.1216419000001, 31.404068400000028 ], [ 120.12159, 31.404408900000078 ], [ 120.121496200000024, 31.404766800000061 ], [ 120.121548700000062, 31.404894400000046 ], [ 120.121699700000022, 31.40496580000007 ], [ 120.121781100000021, 31.405000100000052 ], [ 120.122675500000014, 31.405285900000024 ], [ 120.123116600000117, 31.405398600000069 ], [ 120.124499, 31.405153600000062 ], [ 120.124962500000038, 31.405077800000072 ], [ 120.125165400000014, 31.405238 ], [ 120.125338400000032, 31.405349 ], [ 120.125684300000103, 31.404938300000026 ], [ 120.125928300000055, 31.40475710000004 ], [ 120.125998900000013, 31.404807700000049 ], [ 120.125623, 31.405132800000047 ], [ 120.125397900000053, 31.405441900000028 ], [ 120.125458800000047, 31.405463600000076 ], [ 120.12553980000007, 31.405492500000037 ], [ 120.125615500000094, 31.405328800000063 ], [ 120.126151900000082, 31.404825500000072 ], [ 120.125910700000077, 31.404429900000025 ], [ 120.126254400000107, 31.404382300000066 ], [ 120.126277, 31.40456080000007 ], [ 120.126449, 31.404315300000064 ], [ 120.126610200000073, 31.404565 ], [ 120.126881900000058, 31.404468400000042 ], [ 120.126774300000079, 31.404093100000068 ], [ 120.126768, 31.403214600000069 ], [ 120.126672800000051, 31.403126900000075 ], [ 120.126535200000035, 31.403049500000066 ], [ 120.126471600000059, 31.40290710000005 ], [ 120.126477900000054, 31.402763300000061 ], [ 120.12650270000006, 31.402648900000031 ], [ 120.126583300000107, 31.402534200000048 ], [ 120.126771100000042, 31.402337400000079 ], [ 120.126836400000116, 31.402228 ], [ 120.1270101, 31.402019600000074 ], [ 120.127150400000119, 31.401936700000078 ], [ 120.12730160000001, 31.401930400000026 ], [ 120.127461, 31.401963900000055 ], [ 120.127643600000056, 31.402038100000027 ], [ 120.127770500000111, 31.402028900000062 ], [ 120.12790120000011, 31.401943600000038 ], [ 120.128328900000042, 31.401921100000038 ], [ 120.128439600000092, 31.401996500000052 ], [ 120.12855490000004, 31.401991700000053 ], [ 120.128734300000019, 31.402028600000051 ], [ 120.128897700000039, 31.40209980000003 ], [ 120.128952500000082, 31.402175400000033 ], [ 120.1289964, 31.402255400000058 ], [ 120.128984400000036, 31.402306200000055 ], [ 120.1290447, 31.402345100000048 ], [ 120.128846, 31.402520400000071 ], [ 120.128717300000062, 31.40284580000008 ], [ 120.12866740000004, 31.403031500000054 ], [ 120.128656, 31.403244200000074 ], [ 120.128633300000047, 31.403530800000055 ], [ 120.128605300000117, 31.403736900000069 ], [ 120.128581700000041, 31.403827600000056 ], [ 120.12860790000002, 31.403929100000028 ], [ 120.128687700000114, 31.404034700000068 ], [ 120.128839500000026, 31.404173300000025 ], [ 120.129067300000088, 31.404331500000069 ], [ 120.129345100000023, 31.404489700000056 ], [ 120.129502700000103, 31.404541600000073 ], [ 120.129764600000044, 31.404611200000033 ], [ 120.130033200000071, 31.404665400000056 ], [ 120.130159400000025, 31.404672700000049 ], [ 120.13025760000005, 31.404611300000056 ], [ 120.13043, 31.40463120000004 ], [ 120.130513200000109, 31.40458730000006 ], [ 120.130577100000096, 31.404576700000064 ], [ 120.130630100000076, 31.404615200000023 ], [ 120.130691800000022, 31.404572100000053 ], [ 120.130995800000051, 31.404573800000037 ], [ 120.131118500000071, 31.404597800000033 ], [ 120.131142400000044, 31.404540600000075 ], [ 120.131281500000114, 31.404553900000053 ], [ 120.131501600000092, 31.404485600000044 ], [ 120.131563700000015, 31.404522 ], [ 120.131811400000061, 31.404468500000064 ], [ 120.1318725000001, 31.404514500000062 ], [ 120.131967100000111, 31.404533 ], [ 120.13199080000004, 31.404615200000023 ], [ 120.131964500000095, 31.404695200000049 ], [ 120.131880700000011, 31.404825300000027 ], [ 120.13179, 31.404905800000051 ], [ 120.13159870000004, 31.405018 ], [ 120.131503200000111, 31.405077900000038 ], [ 120.13144310000007, 31.405184800000029 ], [ 120.131233700000053, 31.405286300000057 ], [ 120.131121900000039, 31.405389900000046 ], [ 120.131032600000026, 31.405513100000064 ], [ 120.131023300000038, 31.405637800000079 ], [ 120.131054300000073, 31.405746200000067 ], [ 120.131158900000059, 31.405847100000074 ], [ 120.131316200000015, 31.40592840000005 ], [ 120.131543300000089, 31.406026600000075 ], [ 120.131793300000027, 31.406131900000048 ], [ 120.1320981, 31.406293300000073 ], [ 120.132752600000117, 31.406760100000042 ], [ 120.132790500000056, 31.406846600000051 ], [ 120.132726100000014, 31.40690010000003 ], [ 120.132726300000058, 31.406979900000067 ], [ 120.13279250000005, 31.407113100000061 ], [ 120.132876600000031, 31.407271300000048 ], [ 120.132936700000073, 31.407376200000044 ], [ 120.132972000000109, 31.407542 ], [ 120.1329584, 31.407728800000029 ], [ 120.132853300000079, 31.408212400000025 ], [ 120.132756400000062, 31.408367500000054 ], [ 120.132705700000088, 31.40845870000004 ], [ 120.132713800000033, 31.408548400000029 ], [ 120.132573400000069, 31.408772300000066 ], [ 120.132542100000023, 31.40891060000007 ], [ 120.132463800000096, 31.408956100000069 ], [ 120.132330900000056, 31.409011600000042 ], [ 120.132206500000052, 31.409025900000074 ], [ 120.1320124, 31.40904 ], [ 120.131923500000084, 31.408960200000024 ], [ 120.131741500000089, 31.408949100000029 ], [ 120.131537500000036, 31.408918100000051 ], [ 120.13140850000002, 31.408944100000042 ], [ 120.131344, 31.40899950000005 ], [ 120.131269300000099, 31.409086600000023 ], [ 120.131226800000036, 31.409214200000065 ], [ 120.13120210000011, 31.409392600000047 ], [ 120.131164, 31.409542600000066 ], [ 120.131070500000078, 31.409679200000028 ], [ 120.130929300000048, 31.409824300000025 ], [ 120.13079550000009, 31.409923200000037 ], [ 120.130673600000023, 31.40996240000004 ], [ 120.130462500000021, 31.40999510000006 ], [ 120.130369300000098, 31.41005860000007 ], [ 120.130166500000087, 31.41027710000003 ], [ 120.129954700000098, 31.410565500000075 ], [ 120.129733200000032, 31.41081870000005 ], [ 120.129553700000088, 31.411 ], [ 120.129450800000086, 31.411097200000029 ], [ 120.129421800000046, 31.411183100000073 ], [ 120.129421200000024, 31.411290600000029 ], [ 120.129421800000046, 31.411365700000033 ], [ 120.12947720000011, 31.411434700000029 ], [ 120.129708500000106, 31.411668 ], [ 120.129858600000034, 31.411805500000071 ], [ 120.12993890000007, 31.411935600000049 ], [ 120.12996720000001, 31.412038700000039 ], [ 120.129962700000078, 31.412146500000063 ], [ 120.129910600000017, 31.412245700000028 ], [ 120.129755700000032, 31.412447200000031 ], [ 120.129621600000064, 31.412606800000049 ], [ 120.129492100000107, 31.412715800000058 ], [ 120.129435500000113, 31.412776400000041 ], [ 120.129411700000105, 31.412834600000053 ], [ 120.129411100000084, 31.412920700000029 ], [ 120.129431300000078, 31.413063400000055 ], [ 120.129469300000096, 31.413154100000042 ], [ 120.129476600000089, 31.413229900000033 ], [ 120.129447700000014, 31.413342300000068 ], [ 120.129394700000034, 31.413396700000078 ], [ 120.129163800000015, 31.413431500000058 ], [ 120.12901260000001, 31.413516 ], [ 120.128874900000028, 31.413636600000075 ], [ 120.128714200000104, 31.413883600000077 ], [ 120.128463300000021, 31.414286700000048 ], [ 120.12841010000011, 31.414410300000043 ], [ 120.128340700000081, 31.414479400000062 ], [ 120.128261900000098, 31.414536800000064 ], [ 120.12811940000006, 31.414548800000034 ], [ 120.127937400000064, 31.414532500000064 ], [ 120.127883900000029, 31.414595900000052 ], [ 120.127906500000108, 31.414754100000039 ], [ 120.127892800000041, 31.414973400000065 ], [ 120.127835800000071, 31.41525960000007 ], [ 120.12776980000001, 31.415392700000041 ], [ 120.127774900000077, 31.415523 ], [ 120.127812500000118, 31.415619200000037 ], [ 120.127926700000103, 31.415697500000078 ], [ 120.128146500000071, 31.415741100000048 ], [ 120.128358300000059, 31.415754500000048 ], [ 120.128648100000078, 31.415745600000037 ], [ 120.128827700000102, 31.415828500000032 ], [ 120.12887610000007, 31.415913300000057 ], [ 120.128856200000087, 31.415994900000044 ], [ 120.128792800000042, 31.416052100000059 ], [ 120.128709, 31.416080300000033 ], [ 120.1284908, 31.416099700000075 ], [ 120.128360500000099, 31.416126900000052 ], [ 120.128244600000016, 31.416182500000048 ], [ 120.128235800000084, 31.416285600000037 ], [ 120.128310700000043, 31.416344700000025 ], [ 120.128361900000073, 31.416511800000023 ], [ 120.128363500000091, 31.41665160000008 ], [ 120.128354700000045, 31.416888500000027 ], [ 120.128410200000076, 31.417084100000068 ], [ 120.128462800000079, 31.417201400000067 ], [ 120.128489200000104, 31.417298200000062 ], [ 120.128360200000088, 31.417413 ], [ 120.128272800000104, 31.417713700000036 ], [ 120.128237300000023, 31.417935800000066 ], [ 120.128269600000067, 31.418064800000025 ], [ 120.128244700000096, 31.418409 ], [ 120.128236500000071, 31.418584600000031 ], [ 120.128274600000054, 31.418958300000043 ], [ 120.128239600000029, 31.419078200000058 ], [ 120.128335000000106, 31.419543400000066 ], [ 120.128308, 31.419641800000079 ], [ 120.128345100000047, 31.419824400000039 ], [ 120.128304800000024, 31.420150600000056 ], [ 120.128259400000047, 31.42038320000006 ], [ 120.128267, 31.420485400000075 ], [ 120.128292500000043, 31.42064750000003 ], [ 120.128294800000049, 31.420837300000073 ], [ 120.128257300000087, 31.420968100000039 ], [ 120.128177400000027, 31.421278100000052 ], [ 120.128166800000031, 31.421431900000073 ], [ 120.128178300000059, 31.421549900000059 ], [ 120.128096100000107, 31.421681600000056 ], [ 120.127996, 31.421816200000023 ], [ 120.127983, 31.421905800000047 ], [ 120.12801950000005, 31.422011100000077 ], [ 120.127988300000084, 31.422188100000028 ], [ 120.12805190000006, 31.42227360000004 ], [ 120.128105600000026, 31.422313100000054 ], [ 120.128172100000029, 31.422362100000043 ], [ 120.128287300000011, 31.422357600000055 ], [ 120.128488100000027, 31.422330500000044 ], [ 120.128692500000056, 31.422479900000042 ], [ 120.128707400000053, 31.423241400000052 ], [ 120.129064200000016, 31.424019800000053 ], [ 120.129007100000081, 31.424413900000047 ], [ 120.129244400000061, 31.424756100000025 ], [ 120.129126600000063, 31.425481400000024 ], [ 120.129342900000097, 31.42637 ], [ 120.128803900000094, 31.426958400000046 ], [ 120.1288025, 31.427252 ], [ 120.128732300000024, 31.427292900000054 ], [ 120.128791600000113, 31.427520500000071 ], [ 120.128605900000025, 31.427821800000061 ], [ 120.128502600000047, 31.427918500000033 ], [ 120.128261300000077, 31.427877500000079 ], [ 120.12807440000006, 31.428098400000067 ], [ 120.12753280000004, 31.428313400000036 ], [ 120.127298400000086, 31.428487600000039 ], [ 120.127256400000078, 31.428988100000026 ], [ 120.127359700000056, 31.429351300000064 ], [ 120.127990600000089, 31.429309 ], [ 120.127999800000111, 31.429402700000026 ], [ 120.127365900000086, 31.429465300000061 ], [ 120.127391500000044, 31.429803500000048 ], [ 120.127461800000106, 31.429949600000043 ], [ 120.1275961, 31.429900200000077 ], [ 120.127987100000041, 31.430067600000029 ], [ 120.128057100000092, 31.429934400000036 ], [ 120.128191600000036, 31.429907 ], [ 120.128345100000047, 31.430700500000057 ], [ 120.128048800000101, 31.430915500000026 ], [ 120.127610600000025, 31.431523300000038 ], [ 120.127638, 31.432008 ], [ 120.127512900000056, 31.432305700000029 ], [ 120.126923600000055, 31.432552500000043 ], [ 120.126383500000088, 31.43261380000007 ], [ 120.126181300000098, 31.432744200000059 ], [ 120.125947800000063, 31.433098900000061 ], [ 120.126066900000069, 31.433232600000053 ], [ 120.125488300000029, 31.433683600000052 ], [ 120.125209200000086, 31.433804200000054 ], [ 120.1251046000001, 31.434108800000047 ], [ 120.124969600000099, 31.434195200000033 ], [ 120.125099300000102, 31.434548 ], [ 120.125123700000017, 31.435775100000058 ], [ 120.125143, 31.435857400000032 ], [ 120.12563380000006, 31.437203900000043 ], [ 120.126207200000067, 31.438089500000046 ], [ 120.127004200000101, 31.437690700000076 ], [ 120.127133500000014, 31.437838300000067 ], [ 120.127064800000085, 31.437893 ], [ 120.126907500000016, 31.437850300000036 ], [ 120.126525800000081, 31.438047200000028 ], [ 120.126523800000086, 31.438330900000039 ], [ 120.127336600000035, 31.439383700000064 ], [ 120.127743400000099, 31.439580900000067 ], [ 120.1279277000001, 31.439752500000054 ], [ 120.129355700000019, 31.440420200000062 ], [ 120.129690700000083, 31.440333600000031 ], [ 120.129943300000036, 31.440027600000064 ], [ 120.130678100000068, 31.439933300000064 ], [ 120.130974400000014, 31.440095 ], [ 120.130922900000087, 31.441094100000043 ], [ 120.130760200000054, 31.441245700000024 ], [ 120.130635100000063, 31.441649200000029 ], [ 120.130702900000074, 31.442054800000051 ], [ 120.130542700000092, 31.442186500000048 ], [ 120.13045360000001, 31.442445200000066 ], [ 120.130209500000092, 31.444099700000038 ], [ 120.130523200000084, 31.44465740000004 ], [ 120.130557600000088, 31.444934600000067 ], [ 120.130525100000114, 31.445052800000042 ], [ 120.13007170000003, 31.445456500000034 ], [ 120.129823000000101, 31.446865700000046 ], [ 120.12980790000006, 31.447310100000038 ], [ 120.130144900000118, 31.447414900000069 ], [ 120.130127100000095, 31.447568300000057 ], [ 120.129935800000112, 31.447646200000065 ], [ 120.129731300000117, 31.447870200000068 ], [ 120.129062600000111, 31.447973400000024 ], [ 120.128773200000069, 31.448323600000037 ], [ 120.128458600000044, 31.448488600000076 ], [ 120.1281308, 31.448529500000063 ], [ 120.12795170000004, 31.448481500000071 ], [ 120.12789680000003, 31.448411400000055 ], [ 120.128011300000026, 31.448269400000072 ], [ 120.127840500000048, 31.448069900000064 ], [ 120.127323900000079, 31.448158500000034 ], [ 120.127206300000012, 31.448467900000026 ], [ 120.127054900000076, 31.448491400000023 ], [ 120.126837500000079, 31.44868960000008 ], [ 120.126672400000075, 31.448657500000024 ], [ 120.126738400000022, 31.449196 ], [ 120.126450700000078, 31.449465700000076 ], [ 120.126124700000105, 31.449723900000038 ], [ 120.126510200000098, 31.450327300000026 ], [ 120.126733500000114, 31.450513800000067 ], [ 120.12691790000008, 31.455309700000043 ], [ 120.128006, 31.459285800000032 ], [ 120.130958300000088, 31.466342500000053 ], [ 120.132520400000089, 31.470769400000052 ], [ 120.132520900000031, 31.474834800000053 ], [ 120.132678700000042, 31.475191600000073 ], [ 120.132543900000087, 31.475551 ], [ 120.132314700000052, 31.479035200000055 ], [ 120.131953, 31.482171200000039 ], [ 120.131911100000025, 31.483198600000037 ], [ 120.131511200000091, 31.484967500000039 ], [ 120.130985200000055, 31.486534400000039 ], [ 120.13050730000009, 31.488407600000073 ], [ 120.128314200000091, 31.493379300000072 ], [ 120.126902500000028, 31.495854400000042 ], [ 120.122971600000028, 31.501889200000051 ], [ 120.122964900000056, 31.502379800000028 ], [ 120.123603500000058, 31.503383400000075 ], [ 120.123413100000107, 31.503493500000047 ], [ 120.122991300000081, 31.502855200000056 ], [ 120.122677, 31.502979 ], [ 120.122828, 31.504063200000076 ], [ 120.123020900000029, 31.503990100000067 ], [ 120.124431, 31.506127900000024 ], [ 120.124509300000113, 31.506229900000051 ], [ 120.124781, 31.506671 ], [ 120.124933100000021, 31.506911600000024 ], [ 120.125733500000024, 31.506662500000061 ], [ 120.1260651, 31.507168500000034 ], [ 120.126863500000013, 31.50801830000006 ], [ 120.127209600000015, 31.508738600000072 ], [ 120.127061600000047, 31.508806100000072 ], [ 120.127118500000051, 31.508891800000072 ], [ 120.127164200000038, 31.508960800000068 ], [ 120.127748500000052, 31.508805400000028 ], [ 120.128634, 31.508902900000066 ], [ 120.129205900000102, 31.509099100000071 ], [ 120.129191100000071, 31.509252600000025 ], [ 120.129057000000103, 31.509295300000076 ], [ 120.129068800000027, 31.509496800000079 ], [ 120.129182, 31.509599700000024 ], [ 120.129610100000036, 31.509661 ], [ 120.129810200000065, 31.509913400000073 ], [ 120.130996500000037, 31.510418600000037 ], [ 120.131800400000088, 31.510478900000066 ], [ 120.13301540000009, 31.510981800000025 ], [ 120.135328800000025, 31.511743200000069 ], [ 120.136490500000036, 31.511889600000075 ], [ 120.137940500000013, 31.512468100000035 ], [ 120.140224000000103, 31.512733200000071 ], [ 120.140842600000042, 31.512616800000046 ], [ 120.141696800000091, 31.512281500000029 ], [ 120.142881100000068, 31.511958400000026 ], [ 120.143180700000016, 31.511914300000058 ], [ 120.143232300000022, 31.511970800000029 ], [ 120.143354600000066, 31.511945900000057 ], [ 120.1436443, 31.511070800000027 ], [ 120.143912000000114, 31.510686300000032 ], [ 120.144392700000026, 31.510428 ], [ 120.14505290000011, 31.510434200000077 ], [ 120.1453629, 31.510536200000047 ], [ 120.145620200000053, 31.51073260000004 ], [ 120.146173200000021, 31.512017200000059 ], [ 120.146305200000029, 31.512022700000045 ], [ 120.146227300000078, 31.512083800000028 ], [ 120.14632, 31.512208300000054 ], [ 120.146706900000027, 31.512384200000042 ], [ 120.147119700000076, 31.512765800000068 ], [ 120.148267800000099, 31.513447400000075 ], [ 120.148815500000069, 31.513649800000053 ], [ 120.149110700000051, 31.513666600000079 ], [ 120.149688400000059, 31.513652100000058 ], [ 120.150474300000042, 31.513448400000073 ], [ 120.150891800000068, 31.513596800000073 ], [ 120.151198500000078, 31.513813900000059 ], [ 120.151299300000119, 31.513947300000041 ], [ 120.151454400000034, 31.51461340000003 ], [ 120.151412400000027, 31.514784800000029 ], [ 120.151599100000112, 31.515724100000057 ], [ 120.151901900000098, 31.516275600000029 ], [ 120.152114900000015, 31.51702830000005 ], [ 120.15246060000004, 31.517833100000075 ], [ 120.152423200000044, 31.517900100000077 ], [ 120.152536900000086, 31.518013 ], [ 120.153187300000013, 31.519471500000066 ], [ 120.153289100000052, 31.520259700000054 ], [ 120.154056900000114, 31.521078100000068 ], [ 120.154580800000076, 31.521362300000078 ], [ 120.155021600000055, 31.521355400000061 ], [ 120.155041200000028, 31.521437 ], [ 120.1548295, 31.521507400000075 ], [ 120.154882, 31.521761100000049 ], [ 120.154721700000096, 31.522002300000054 ], [ 120.154836900000078, 31.522095900000068 ], [ 120.15473970000005, 31.522241800000074 ], [ 120.154654800000117, 31.522889100000043 ], [ 120.154528100000107, 31.523059600000067 ], [ 120.154545900000016, 31.523257300000068 ], [ 120.154736300000081, 31.523410100000035 ], [ 120.155037100000072, 31.523393200000044 ], [ 120.155705700000112, 31.524507500000027 ], [ 120.156510900000058, 31.524931500000037 ], [ 120.156571900000017, 31.525138500000025 ], [ 120.156470200000058, 31.525434400000051 ], [ 120.156504600000062, 31.526357300000029 ], [ 120.157722100000115, 31.527987300000063 ], [ 120.157944500000099, 31.528275700000052 ], [ 120.158816300000012, 31.529366700000026 ], [ 120.158752600000071, 31.529787700000043 ], [ 120.158860300000015, 31.530131200000028 ], [ 120.158963, 31.530217200000038 ], [ 120.15908330000002, 31.530178200000023 ], [ 120.159268800000063, 31.530246500000032 ], [ 120.159931400000119, 31.53022720000007 ], [ 120.160058800000115, 31.530249600000047 ], [ 120.160580500000037, 31.530718900000068 ], [ 120.160672600000112, 31.530967500000031 ], [ 120.161459600000057, 31.531800300000043 ], [ 120.1615064, 31.531860800000061 ], [ 120.161712100000045, 31.532124 ], [ 120.1617218, 31.532344800000033 ], [ 120.162049300000035, 31.532403200000033 ], [ 120.162489100000016, 31.532642100000032 ], [ 120.162710300000072, 31.533008400000028 ], [ 120.162543100000107, 31.533210500000052 ], [ 120.162316700000019, 31.533379100000047 ], [ 120.162219100000016, 31.533541400000047 ], [ 120.16891360000011, 31.538346 ], [ 120.169040400000085, 31.53853 ], [ 120.172856900000056, 31.540918500000032 ], [ 120.173016400000051, 31.541021800000067 ], [ 120.182380400000056, 31.546961800000076 ], [ 120.182586900000047, 31.547241600000063 ], [ 120.183216200000061, 31.54756210000005 ], [ 120.18448310000008, 31.548737200000062 ], [ 120.18472220000001, 31.548761200000058 ], [ 120.185672300000078, 31.549006700000064 ], [ 120.186426200000028, 31.549529800000073 ], [ 120.186711600000081, 31.54988620000006 ], [ 120.18700530000001, 31.549820400000044 ], [ 120.18575, 31.547849600000063 ], [ 120.184923900000058, 31.545953 ], [ 120.184454500000015, 31.54433240000003 ], [ 120.184341900000049, 31.543012500000032 ], [ 120.184518600000047, 31.541091600000073 ], [ 120.185191300000042, 31.538851900000054 ], [ 120.185387100000071, 31.538360400000045 ], [ 120.186567300000092, 31.536585200000047 ], [ 120.187017600000104, 31.536037500000077 ], [ 120.188640900000109, 31.53453920000004 ], [ 120.190053400000011, 31.533493300000032 ], [ 120.190510400000107, 31.533269400000052 ], [ 120.19338120000009, 31.532269300000053 ], [ 120.194221, 31.532064700000035 ], [ 120.194978700000092, 31.531995900000027 ], [ 120.195662700000071, 31.532114800000045 ], [ 120.196317100000101, 31.532325100000037 ], [ 120.196950100000095, 31.532633800000042 ], [ 120.197744100000023, 31.533136700000057 ], [ 120.198516500000096, 31.533742500000074 ], [ 120.19845220000002, 31.533820300000059 ], [ 120.198755500000061, 31.534460300000035 ], [ 120.198781300000064, 31.53484480000003 ], [ 120.198859600000105, 31.534855100000073 ], [ 120.199057100000118, 31.534881100000064 ], [ 120.1991954, 31.534899200000041 ], [ 120.199227600000086, 31.534643200000062 ], [ 120.199152500000082, 31.533902500000067 ], [ 120.198481900000047, 31.532750300000032 ], [ 120.19745730000011, 31.531684900000073 ], [ 120.19757960000004, 31.531034700000077 ], [ 120.197487100000103, 31.530811400000061 ], [ 120.198347800000079, 31.53107250000005 ], [ 120.199324200000092, 31.53158 ], [ 120.200032300000089, 31.532073800000035 ], [ 120.200826200000051, 31.532302400000049 ], [ 120.201107600000114, 31.532375100000024 ], [ 120.201525200000106, 31.532356400000026 ], [ 120.202705400000013, 31.532594200000062 ], [ 120.203615700000114, 31.532659100000046 ], [ 120.204185400000028, 31.532869400000038 ], [ 120.204561400000102, 31.53290510000005 ], [ 120.205439600000091, 31.533107200000074 ], [ 120.205675600000063, 31.533043200000066 ], [ 120.206662700000038, 31.533244300000035 ], [ 120.207124, 31.53346380000005 ], [ 120.207469, 31.53348120000004 ], [ 120.207681900000011, 31.533399800000041 ], [ 120.208175400000073, 31.533537 ], [ 120.208284300000059, 31.533636600000079 ], [ 120.208872800000108, 31.533710700000029 ], [ 120.208947900000112, 31.533866200000034 ], [ 120.208851400000071, 31.534076500000026 ], [ 120.209151800000086, 31.534670900000037 ], [ 120.209162500000048, 31.53496350000006 ], [ 120.209151800000086, 31.535265300000049 ], [ 120.208947900000112, 31.535823100000073 ], [ 120.208971, 31.536864600000058 ], [ 120.208325100000025, 31.536673 ], [ 120.207576800000083, 31.536623200000065 ], [ 120.207587000000103, 31.536812 ], [ 120.2083401000001, 31.536855900000035 ], [ 120.208891100000073, 31.537231700000063 ], [ 120.210508400000094, 31.537746100000049 ], [ 120.212393, 31.537947700000075 ], [ 120.213657300000023, 31.537884600000041 ], [ 120.21438640000008, 31.538017700000069 ], [ 120.21652250000011, 31.537781300000063 ], [ 120.217140500000028, 31.538046 ], [ 120.217550900000106, 31.538394900000071 ], [ 120.217631500000039, 31.538381700000059 ], [ 120.217714500000056, 31.538451700000053 ], [ 120.217752500000074, 31.538801300000046 ], [ 120.217936300000019, 31.53904620000003 ], [ 120.218151100000114, 31.539397800000074 ], [ 120.218320400000039, 31.539555500000063 ], [ 120.218542500000012, 31.539838300000042 ], [ 120.21876, 31.540210900000034 ], [ 120.219398100000035, 31.541601 ], [ 120.219454900000073, 31.541778800000031 ], [ 120.219456800000103, 31.541915300000028 ], [ 120.219391100000053, 31.542013100000077 ], [ 120.219067900000027, 31.542323800000077 ], [ 120.218839100000082, 31.54253360000007 ], [ 120.218884200000048, 31.54289620000003 ], [ 120.219027400000073, 31.543079300000045 ], [ 120.219202000000109, 31.543302600000061 ], [ 120.219235500000082, 31.543591800000058 ], [ 120.219445600000086, 31.544024500000035 ], [ 120.219571400000063, 31.544340200000079 ], [ 120.219711400000051, 31.544518200000027 ], [ 120.219934, 31.544633700000077 ], [ 120.220060600000011, 31.544801900000039 ], [ 120.220241100000067, 31.544967900000074 ], [ 120.220486500000106, 31.54512150000005 ], [ 120.220640500000059, 31.545272800000077 ], [ 120.220728500000064, 31.545506900000078 ], [ 120.220731400000091, 31.545680400000037 ], [ 120.2206963000001, 31.545829900000058 ], [ 120.220596500000056, 31.545998600000075 ], [ 120.220513600000118, 31.546188500000028 ], [ 120.220538800000099, 31.546322900000064 ], [ 120.220588200000066, 31.546546900000067 ], [ 120.220698200000015, 31.546715900000038 ], [ 120.220771400000103, 31.546965500000056 ], [ 120.220835500000021, 31.547126200000037 ], [ 120.221335400000044, 31.547638600000028 ], [ 120.221257900000069, 31.547698300000036 ], [ 120.22148940000011, 31.54783290000006 ], [ 120.221558600000094, 31.547964400000069 ], [ 120.221576600000049, 31.548161200000038 ], [ 120.221701600000074, 31.548267700000054 ], [ 120.2217362, 31.548402800000076 ], [ 120.221854200000053, 31.548546100000067 ], [ 120.222066300000051, 31.548629100000028 ], [ 120.222577800000067, 31.548001600000077 ], [ 120.223329700000022, 31.547597500000052 ], [ 120.223934, 31.547375800000054 ], [ 120.223923200000058, 31.547161600000038 ], [ 120.223823500000094, 31.547032700000045 ], [ 120.223229600000082, 31.547123900000031 ], [ 120.222836100000109, 31.546695 ], [ 120.222857600000111, 31.546155600000077 ], [ 120.223206300000015, 31.545671 ], [ 120.22299170000008, 31.545652700000062 ], [ 120.222816600000101, 31.545532900000069 ], [ 120.222884400000112, 31.545465300000046 ], [ 120.223041900000112, 31.545564900000045 ], [ 120.223460300000056, 31.545583200000067 ], [ 120.223528100000067, 31.545053800000062 ], [ 120.223077500000045, 31.545040100000051 ], [ 120.22277710000003, 31.544903 ], [ 120.222830800000111, 31.544829800000059 ], [ 120.223133100000041, 31.544952300000034 ], [ 120.22353350000003, 31.544953200000066 ], [ 120.22353350000003, 31.544738400000028 ], [ 120.223469100000102, 31.544742900000074 ], [ 120.223302800000056, 31.544326900000044 ], [ 120.223436900000024, 31.54424460000007 ], [ 120.223415500000101, 31.543485700000076 ], [ 120.222548300000085, 31.54179780000004 ], [ 120.22257860000002, 31.541684400000065 ], [ 120.222714600000018, 31.541733800000031 ], [ 120.2238393, 31.5436 ], [ 120.22413430000006, 31.543545100000074 ], [ 120.224552700000118, 31.543664 ], [ 120.224821, 31.54390630000006 ], [ 120.224951600000054, 31.543846 ], [ 120.224810200000093, 31.543545100000074 ], [ 120.224976500000025, 31.543467400000054 ], [ 120.225169700000038, 31.543554300000039 ], [ 120.225349500000107, 31.543807900000047 ], [ 120.225526500000115, 31.543727900000079 ], [ 120.2253306, 31.543389700000034 ], [ 120.225470100000052, 31.543220500000075 ], [ 120.222328400000038, 31.538263700000073 ], [ 120.221915300000092, 31.537779 ], [ 120.221934900000065, 31.537702200000069 ], [ 120.222119200000066, 31.537632700000074 ], [ 120.222146, 31.537481800000023 ], [ 120.221908100000064, 31.537363900000059 ], [ 120.222154900000078, 31.537171900000033 ], [ 120.222242600000072, 31.536956 ], [ 120.2222997, 31.536394600000051 ], [ 120.221532600000046, 31.535237800000061 ], [ 120.221704400000021, 31.535109800000043 ], [ 120.221527300000048, 31.534835500000042 ], [ 120.221282300000098, 31.534926 ], [ 120.221141000000102, 31.534853800000064 ], [ 120.221180400000094, 31.534734 ], [ 120.220910300000014, 31.534364500000038 ], [ 120.220739700000081, 31.533879200000058 ], [ 120.220685000000117, 31.533340400000043 ], [ 120.220454300000029, 31.533061400000065 ], [ 120.219190200000071, 31.533476600000029 ], [ 120.219893500000012, 31.534594100000049 ], [ 120.219841700000075, 31.53461690000006 ], [ 120.218678200000113, 31.53283760000005 ], [ 120.218371900000079, 31.532815500000027 ], [ 120.21813880000002, 31.532714200000044 ], [ 120.217868700000054, 31.532605100000069 ], [ 120.217544700000076, 31.532493100000067 ], [ 120.2172604000001, 31.532348600000034 ], [ 120.217165900000055, 31.532256700000062 ], [ 120.217080100000089, 31.532133300000055 ], [ 120.216946, 31.532019 ], [ 120.216769000000113, 31.531854300000077 ], [ 120.216634900000031, 31.531735500000025 ], [ 120.216475, 31.531592400000079 ], [ 120.2163739, 31.531432800000061 ], [ 120.216283500000031, 31.531269800000075 ], [ 120.216112100000032, 31.530999800000075 ], [ 120.215733600000021, 31.530491600000062 ], [ 120.21565360000011, 31.529974200000026 ], [ 120.21554070000002, 31.529853200000048 ], [ 120.214912600000048, 31.530198700000028 ], [ 120.214728900000068, 31.530204200000071 ], [ 120.214549500000089, 31.530123500000059 ], [ 120.214399800000024, 31.529940300000078 ], [ 120.213464, 31.529661 ], [ 120.213057100000015, 31.529723600000068 ], [ 120.212957, 31.529921400000035 ], [ 120.212638800000036, 31.529784800000073 ], [ 120.2127451, 31.529585500000053 ], [ 120.212692800000013, 31.529483800000037 ], [ 120.21187610000004, 31.529016 ], [ 120.211749, 31.528593900000033 ], [ 120.211739700000066, 31.528553 ], [ 120.211715700000013, 31.528397600000062 ], [ 120.211919500000022, 31.528123200000039 ], [ 120.211855200000059, 31.528013500000043 ], [ 120.211726400000089, 31.527986100000078 ], [ 120.211529800000108, 31.528209200000049 ], [ 120.211291900000106, 31.528324400000031 ], [ 120.21104170000001, 31.528296100000034 ], [ 120.210643100000084, 31.528082100000063 ], [ 120.210471400000074, 31.528013500000043 ], [ 120.210328200000049, 31.527921100000071 ], [ 120.210213900000099, 31.527812300000051 ], [ 120.210165600000096, 31.527752900000053 ], [ 120.210160300000098, 31.527643100000034 ], [ 120.210364100000106, 31.527615700000069 ], [ 120.210392600000091, 31.527651300000059 ], [ 120.2106109, 31.52757 ], [ 120.210714400000029, 31.527500400000065 ], [ 120.210718200000088, 31.527423600000077 ], [ 120.210830800000053, 31.527382500000044 ], [ 120.210895200000095, 31.527377900000033 ], [ 120.211095300000011, 31.527399900000034 ], [ 120.211308, 31.527409900000066 ], [ 120.211442100000113, 31.527391600000044 ], [ 120.211678100000086, 31.527313900000024 ], [ 120.211678100000086, 31.527222400000028 ], [ 120.211753200000089, 31.527195 ], [ 120.21186780000005, 31.527212400000053 ], [ 120.211973200000102, 31.527144700000065 ], [ 120.212085800000068, 31.527016700000047 ], [ 120.212157500000103, 31.526874 ], [ 120.21215, 31.52674 ], [ 120.212196500000118, 31.526544300000069 ], [ 120.212300300000038, 31.52643130000007 ], [ 120.21240750000004, 31.526399300000037 ], [ 120.212504100000046, 31.526458800000057 ], [ 120.212600700000053, 31.526449600000035 ], [ 120.212724, 31.526445100000046 ], [ 120.212858200000028, 31.526440500000035 ], [ 120.2130108, 31.52643450000005 ], [ 120.213110300000039, 31.52634450000005 ], [ 120.213239, 31.526289600000041 ], [ 120.213448200000016, 31.526083800000038 ], [ 120.213528700000097, 31.525987800000053 ], [ 120.213526300000012, 31.525843300000076 ], [ 120.213698500000078, 31.525520200000074 ], [ 120.213799600000016, 31.525253900000052 ], [ 120.213970500000073, 31.524748800000054 ], [ 120.2140415, 31.524557700000059 ], [ 120.214301200000023, 31.524478400000078 ], [ 120.214424300000019, 31.524353500000075 ], [ 120.214743200000044, 31.524257500000033 ], [ 120.215143900000044, 31.524149100000045 ], [ 120.215463600000021, 31.524020900000039 ], [ 120.21563290000006, 31.523896900000068 ], [ 120.21564740000008, 31.523781900000074 ], [ 120.215477300000089, 31.523606600000051 ], [ 120.215502300000026, 31.523423 ], [ 120.215668300000061, 31.523279200000047 ], [ 120.21603390000007, 31.523148800000058 ], [ 120.21677980000004, 31.522726100000057 ], [ 120.217055800000026, 31.52251890000008 ], [ 120.217200100000014, 31.522347900000057 ], [ 120.217084000000114, 31.522107600000027 ], [ 120.217020100000013, 31.521907100000078 ], [ 120.217095200000017, 31.521750700000041 ], [ 120.21738890000006, 31.521736300000043 ], [ 120.217778700000054, 31.521841700000039 ], [ 120.218204600000035, 31.522067500000048 ], [ 120.218357500000025, 31.52237180000003 ], [ 120.218425400000115, 31.522374600000035 ], [ 120.219211100000052, 31.522144300000036 ], [ 120.219266100000027, 31.522159100000067 ], [ 120.219365400000015, 31.522136300000057 ], [ 120.219385500000044, 31.522072200000025 ], [ 120.219433800000047, 31.522062 ], [ 120.219472600000017, 31.522088200000042 ], [ 120.219510200000059, 31.522155700000042 ], [ 120.219897300000071, 31.52197110000003 ], [ 120.220241500000043, 31.521731900000077 ], [ 120.220539200000076, 31.521489600000052 ], [ 120.22079, 31.521070700000053 ], [ 120.220901300000037, 31.520717700000034 ], [ 120.2208356000001, 31.520578200000045 ], [ 120.220514500000036, 31.520302 ], [ 120.220847100000015, 31.51995450000004 ], [ 120.220950600000037, 31.519989900000041 ], [ 120.221414100000061, 31.519649900000047 ], [ 120.221730400000069, 31.519340100000079 ], [ 120.2224036, 31.518816 ], [ 120.222904900000117, 31.518583200000023 ], [ 120.223287100000107, 31.518534100000068 ], [ 120.223680300000069, 31.518569100000036 ], [ 120.223976700000094, 31.51833380000005 ], [ 120.224242000000118, 31.51804750000008 ], [ 120.224449600000071, 31.517706800000042 ], [ 120.2244617, 31.517620400000055 ], [ 120.224590400000011, 31.517520500000046 ], [ 120.224569700000075, 31.517444800000078 ], [ 120.224271200000089, 31.517102500000078 ], [ 120.224284600000033, 31.516845500000045 ], [ 120.224440700000059, 31.516562400000055 ], [ 120.224895900000092, 31.516393200000039 ], [ 120.225442200000089, 31.516124700000034 ], [ 120.225477400000045, 31.516107400000067 ], [ 120.226057, 31.515882200000078 ], [ 120.226229200000034, 31.51571 ], [ 120.226469, 31.515483200000062 ], [ 120.226569300000051, 31.514943500000072 ], [ 120.2266624, 31.514529 ], [ 120.22679810000011, 31.51432090000003 ], [ 120.226766700000098, 31.514043700000059 ], [ 120.226896, 31.513623 ], [ 120.226800500000081, 31.513488500000051 ], [ 120.226799700000015, 31.513178 ], [ 120.22688990000006, 31.513128400000028 ], [ 120.226898300000016, 31.513044 ], [ 120.226912900000116, 31.512897200000054 ], [ 120.226792, 31.512798700000076 ], [ 120.226840200000083, 31.512612100000069 ], [ 120.226749600000062, 31.512505100000055 ], [ 120.22657120000008, 31.512369500000034 ], [ 120.226344800000106, 31.512223600000027 ], [ 120.226285300000086, 31.511888800000065 ], [ 120.226332500000012, 31.511620100000073 ], [ 120.226568500000099, 31.511201 ], [ 120.22686920000001, 31.510879500000044 ], [ 120.227158600000053, 31.510346 ], [ 120.227126200000043, 31.51024220000005 ], [ 120.227058, 31.510136500000044 ], [ 120.2271353000001, 31.509902400000044 ], [ 120.227089700000079, 31.509684700000037 ], [ 120.227282500000115, 31.509500600000024 ], [ 120.227289200000087, 31.509287500000028 ], [ 120.227205200000071, 31.50912610000006 ], [ 120.227126200000043, 31.508974200000068 ], [ 120.226907600000118, 31.50875620000005 ], [ 120.226688400000057, 31.50845030000005 ], [ 120.226590800000054, 31.508211500000073 ], [ 120.226563700000042, 31.507972800000061 ], [ 120.226613600000064, 31.507644 ], [ 120.226776100000052, 31.507587900000033 ], [ 120.226763300000016, 31.507445200000063 ], [ 120.226899200000048, 31.507201900000041 ], [ 120.226884500000097, 31.507003900000029 ], [ 120.227111700000023, 31.506769 ], [ 120.227403300000105, 31.506607200000076 ], [ 120.227559400000018, 31.506628 ], [ 120.227855600000112, 31.506534300000055 ], [ 120.228089100000034, 31.506425300000046 ], [ 120.22832290000008, 31.506205800000032 ], [ 120.228471300000024, 31.505945600000075 ], [ 120.228648600000042, 31.505833700000039 ], [ 120.228541300000074, 31.505556600000034 ], [ 120.228546700000038, 31.505326500000024 ], [ 120.228604300000029, 31.505145 ], [ 120.229388600000107, 31.504632800000024 ], [ 120.229405500000098, 31.504537600000049 ], [ 120.230141200000048, 31.504207100000031 ], [ 120.230241, 31.50423980000005 ], [ 120.230739600000106, 31.503919 ], [ 120.231179500000053, 31.503611800000044 ], [ 120.231489, 31.502969200000052 ], [ 120.231569800000102, 31.502714 ], [ 120.231606400000032, 31.502363800000069 ], [ 120.231628500000056, 31.502152100000046 ], [ 120.231483700000013, 31.502012600000057 ], [ 120.231440200000065, 31.501278400000047 ], [ 120.231471300000067, 31.500330800000029 ], [ 120.231022900000085, 31.498487500000067 ], [ 120.231534600000032, 31.498371100000043 ], [ 120.231394900000055, 31.498059600000033 ], [ 120.230870500000037, 31.497940500000027 ], [ 120.230680100000086, 31.497726200000045 ], [ 120.230648400000064, 31.497557200000074 ], [ 120.230689200000029, 31.497436200000038 ], [ 120.230763, 31.497366200000045 ], [ 120.230816100000084, 31.496856 ], [ 120.230587600000035, 31.496710300000075 ], [ 120.23046690000001, 31.496532800000068 ], [ 120.230436, 31.496295600000053 ], [ 120.230623800000103, 31.495968400000038 ], [ 120.230590200000051, 31.495489 ], [ 120.230389100000025, 31.495119400000078 ], [ 120.23036900000011, 31.494705200000055 ], [ 120.230147100000067, 31.494166100000029 ], [ 120.22975120000001, 31.494187900000043 ], [ 120.2295047, 31.494021600000053 ], [ 120.229388100000051, 31.493844100000047 ], [ 120.229184500000088, 31.493031500000029 ], [ 120.229270300000053, 31.492787200000066 ], [ 120.22941220000007, 31.492691 ], [ 120.230104800000049, 31.492221400000062 ], [ 120.230403, 31.491746100000057 ], [ 120.230910000000108, 31.49091 ], [ 120.230964900000117, 31.490587700000049 ], [ 120.230691600000114, 31.488793100000066 ], [ 120.231543500000043, 31.488812600000074 ], [ 120.231728, 31.487653200000068 ], [ 120.230671800000096, 31.48759780000006 ], [ 120.230443300000047, 31.487468800000045 ], [ 120.2302515, 31.487268400000062 ], [ 120.230217100000118, 31.487092800000028 ], [ 120.230341, 31.486977100000047 ], [ 120.230201500000021, 31.486821600000042 ], [ 120.2299815, 31.486272600000063 ], [ 120.229742800000054, 31.486018700000045 ], [ 120.229753600000095, 31.48579 ], [ 120.229563100000064, 31.485682500000053 ], [ 120.229498700000022, 31.485492700000066 ], [ 120.228737, 31.484962 ], [ 120.227616700000112, 31.484755200000052 ], [ 120.227074400000106, 31.485029600000075 ], [ 120.227081100000078, 31.485109500000078 ], [ 120.226865500000031, 31.485295200000053 ], [ 120.226598800000033, 31.485247600000037 ], [ 120.226454800000056, 31.485045400000047 ], [ 120.22668950000002, 31.484747800000036 ], [ 120.227036800000064, 31.484573300000079 ], [ 120.2274327, 31.484230400000058 ], [ 120.22750950000011, 31.483973800000058 ], [ 120.227684300000078, 31.483842 ], [ 120.228141400000027, 31.484028900000055 ], [ 120.228358400000047, 31.484311200000036 ], [ 120.228683200000091, 31.48445890000005 ], [ 120.228779700000018, 31.484372 ], [ 120.2290987, 31.484379800000056 ], [ 120.229313200000092, 31.484260900000038 ], [ 120.22990870000001, 31.483780500000023 ], [ 120.22990870000001, 31.483615800000052 ], [ 120.229597600000034, 31.483560900000043 ], [ 120.229157700000087, 31.483821700000078 ], [ 120.229211300000088, 31.484055 ], [ 120.228986, 31.484187700000064 ], [ 120.228077, 31.483868800000039 ], [ 120.227948300000094, 31.483781900000054 ], [ 120.227886600000033, 31.482783500000039 ], [ 120.227723500000025, 31.48228430000006 ], [ 120.22755, 31.482007600000031 ], [ 120.227389300000027, 31.482088300000044 ], [ 120.227101500000117, 31.481992200000036 ], [ 120.227059100000019, 31.481893700000057 ], [ 120.227298100000098, 31.481741300000067 ], [ 120.226621900000055, 31.480950600000028 ], [ 120.226455700000088, 31.481034 ], [ 120.226226600000018, 31.480865 ], [ 120.226236200000017, 31.480665700000031 ], [ 120.225731500000052, 31.48041390000003 ], [ 120.224914500000068, 31.480608700000062 ], [ 120.2242989, 31.480807300000038 ], [ 120.223962800000095, 31.48078170000008 ], [ 120.223778800000105, 31.480848300000048 ], [ 120.223746900000037, 31.480665300000055 ], [ 120.223489400000062, 31.480519100000038 ], [ 120.223440800000049, 31.48041 ], [ 120.222991300000103, 31.480254 ], [ 120.222892600000023, 31.480137300000024 ], [ 120.223380500000076, 31.479173600000024 ], [ 120.223358500000018, 31.479027 ], [ 120.224743300000114, 31.478322500000047 ], [ 120.225144600000021, 31.478188900000077 ], [ 120.225153400000067, 31.477856300000042 ], [ 120.225719200000071, 31.475742300000036 ], [ 120.22575350000011, 31.475610400000051 ], [ 120.225832100000048, 31.474880700000028 ], [ 120.225781900000015, 31.474399600000027 ], [ 120.225447700000018, 31.473835300000076 ], [ 120.225018800000043, 31.472842200000059 ], [ 120.224887400000057, 31.472281300000077 ], [ 120.224518300000113, 31.47175720000007 ], [ 120.22423480000009, 31.471297200000038 ], [ 120.223939, 31.471070200000042 ], [ 120.223591600000077, 31.470879700000069 ], [ 120.223234600000069, 31.470794600000033 ], [ 120.222905800000035, 31.470531 ], [ 120.22234380000009, 31.470261600000072 ], [ 120.222370400000045, 31.469807700000047 ], [ 120.222086700000091, 31.469359300000065 ], [ 120.221492500000068, 31.468967400000054 ], [ 120.22133620000011, 31.468754500000045 ], [ 120.221263800000088, 31.468656 ], [ 120.221117, 31.468014500000038 ], [ 120.221015400000056, 31.467795800000033 ], [ 120.220443, 31.467571900000053 ], [ 120.220057600000018, 31.467332300000066 ], [ 120.219676700000036, 31.466825100000051 ], [ 120.219795500000032, 31.46675920000007 ], [ 120.218410500000118, 31.464895400000046 ], [ 120.21973550000007, 31.463966600000049 ], [ 120.219842800000038, 31.463767500000074 ], [ 120.219722100000013, 31.463584500000024 ], [ 120.219451200000094, 31.463483800000063 ], [ 120.219140100000118, 31.463497600000039 ], [ 120.218775300000061, 31.462584700000036 ], [ 120.218246900000054, 31.462122600000043 ], [ 120.218024300000025, 31.46203330000003 ], [ 120.217777500000011, 31.462095100000056 ], [ 120.21741, 31.462362800000051 ], [ 120.216951400000085, 31.462392500000078 ], [ 120.216516800000022, 31.462694500000055 ], [ 120.216452300000014, 31.462644400000045 ], [ 120.216508800000042, 31.462497800000051 ], [ 120.21687390000011, 31.462320400000067 ], [ 120.216778, 31.462158500000044 ], [ 120.21684, 31.461964100000046 ], [ 120.217158500000096, 31.461925400000041 ], [ 120.217165300000033, 31.461725800000067 ], [ 120.217571200000066, 31.461322700000039 ], [ 120.217561900000078, 31.461192400000073 ], [ 120.217044800000053, 31.460348700000054 ], [ 120.216853700000115, 31.45998730000008 ], [ 120.21659000000011, 31.459740600000032 ], [ 120.2161033000001, 31.459526400000072 ], [ 120.215197500000045, 31.459033500000032 ], [ 120.214566300000115, 31.458767 ], [ 120.214310500000011, 31.458790400000055 ], [ 120.214149600000042, 31.458834200000069 ], [ 120.214106500000071, 31.458914600000071 ], [ 120.214093300000059, 31.459069800000066 ], [ 120.214007300000048, 31.459175 ], [ 120.21384020000005, 31.459254800000053 ], [ 120.213619700000095, 31.459271100000024 ], [ 120.213484000000108, 31.459225700000047 ], [ 120.213421400000016, 31.459167 ], [ 120.213404300000093, 31.459001200000046 ], [ 120.213458, 31.458788100000049 ], [ 120.213374400000021, 31.458557600000063 ], [ 120.213256400000091, 31.45841340000004 ], [ 120.212275800000043, 31.457973400000071 ], [ 120.212102700000059, 31.457725 ], [ 120.212038300000017, 31.457297100000062 ], [ 120.212123900000051, 31.457029500000033 ], [ 120.212269500000048, 31.456827200000077 ], [ 120.212491500000056, 31.456654 ], [ 120.212414500000023, 31.456424600000048 ], [ 120.212492000000111, 31.45633330000004 ], [ 120.212256400000115, 31.455510300000071 ], [ 120.211942300000032, 31.455128100000024 ], [ 120.211678200000051, 31.454958400000066 ], [ 120.21090120000008, 31.45487410000004 ], [ 120.210611400000062, 31.454754800000046 ], [ 120.210576100000026, 31.454575500000033 ], [ 120.210609300000101, 31.454481600000065 ], [ 120.210670100000016, 31.454366100000072 ], [ 120.210692000000108, 31.45418090000004 ], [ 120.210603600000013, 31.453942600000062 ], [ 120.210449200000085, 31.45369450000004 ], [ 120.210477200000014, 31.453554300000064 ], [ 120.210346200000117, 31.453377 ], [ 120.210336600000119, 31.453102400000034 ], [ 120.209287600000039, 31.452667900000051 ], [ 120.209398100000044, 31.451196300000049 ], [ 120.209452, 31.451203700000065 ], [ 120.2093403, 31.452641600000049 ], [ 120.210166800000025, 31.452990300000067 ], [ 120.210300700000062, 31.452807 ], [ 120.210493700000029, 31.452542900000026 ], [ 120.21069470000009, 31.45226770000005 ], [ 120.210897900000077, 31.451989600000047 ], [ 120.210990800000104, 31.451862400000039 ], [ 120.210818400000107, 31.451482400000032 ], [ 120.210093200000074, 31.451251 ], [ 120.209472700000106, 31.450755400000048 ], [ 120.209376800000086, 31.450826100000029 ], [ 120.209288700000116, 31.450736300000074 ], [ 120.209385700000098, 31.450678 ], [ 120.208950900000104, 31.450409600000057 ], [ 120.208657200000061, 31.450233400000059 ], [ 120.208312100000057, 31.450091800000052 ], [ 120.208007700000053, 31.449988100000041 ], [ 120.207738500000119, 31.449948800000072 ], [ 120.2074262000001, 31.45004670000003 ], [ 120.206256300000064, 31.450556300000073 ], [ 120.206106700000078, 31.450522800000044 ], [ 120.205839300000093, 31.450524100000052 ], [ 120.205719900000076, 31.450513600000079 ], [ 120.205604300000118, 31.450383200000033 ], [ 120.205532, 31.450190100000043 ], [ 120.205445, 31.449933900000076 ], [ 120.2054554, 31.449761100000046 ], [ 120.205566200000021, 31.449524200000042 ], [ 120.205617300000085, 31.449272700000051 ], [ 120.205608400000074, 31.449005800000066 ], [ 120.205498700000021, 31.448805 ], [ 120.205322700000011, 31.448604700000033 ], [ 120.205110200000036, 31.448508500000059 ], [ 120.205023600000118, 31.448334800000055 ], [ 120.204889100000059, 31.44818790000005 ], [ 120.204405300000076, 31.448023500000033 ], [ 120.204408, 31.447655100000077 ], [ 120.204535400000054, 31.447561300000075 ], [ 120.20499940000002, 31.447593400000073 ], [ 120.20538230000011, 31.447400200000061 ], [ 120.205665600000088, 31.447359800000072 ], [ 120.205683400000112, 31.447204900000031 ], [ 120.205517100000066, 31.447019400000045 ], [ 120.205844800000023, 31.446370700000045 ], [ 120.205654400000071, 31.446001900000056 ], [ 120.2053697, 31.445843600000046 ], [ 120.20508980000011, 31.445657200000028 ], [ 120.204934300000104, 31.445497600000067 ], [ 120.204757400000062, 31.445226700000035 ], [ 120.2044949000001, 31.445041200000048 ], [ 120.204308900000115, 31.444715100000053 ], [ 120.204317800000013, 31.44450020000005 ], [ 120.204323800000111, 31.444294500000069 ], [ 120.204182900000092, 31.444115200000056 ], [ 120.204079200000024, 31.444000800000026 ], [ 120.204003300000068, 31.443689400000039 ], [ 120.204071900000031, 31.443523700000071 ], [ 120.204063900000051, 31.443308600000023 ], [ 120.203975300000025, 31.443018600000073 ], [ 120.203841100000091, 31.442910100000063 ], [ 120.20364440000003, 31.442738800000029 ], [ 120.20353190000003, 31.442579700000067 ], [ 120.203435200000058, 31.442349 ], [ 120.203417500000114, 31.442190100000062 ], [ 120.203438500000061, 31.442107500000077 ], [ 120.203587500000026, 31.442025700000045 ], [ 120.203903, 31.441868500000055 ], [ 120.204071900000031, 31.441753600000027 ], [ 120.204487300000096, 31.441735200000039 ], [ 120.204863200000091, 31.441911900000036 ], [ 120.205151900000033, 31.442184300000065 ], [ 120.205107700000099, 31.443039500000054 ], [ 120.206486500000096, 31.443127100000027 ], [ 120.20733610000002, 31.443030700000065 ], [ 120.208916900000077, 31.442569800000058 ], [ 120.210415300000022, 31.441869300000064 ], [ 120.210580600000071, 31.44168970000004 ], [ 120.210982800000011, 31.44052460000006 ], [ 120.211014300000102, 31.439884500000062 ], [ 120.211404800000082, 31.438016600000026 ], [ 120.2112945, 31.43725180000007 ], [ 120.211330500000031, 31.436494 ], [ 120.211305100000118, 31.436390600000038 ], [ 120.210868100000084, 31.436178900000073 ], [ 120.210213700000054, 31.435666300000037 ], [ 120.209816700000033, 31.435455700000034 ], [ 120.209716200000116, 31.435297400000024 ], [ 120.209684, 31.43464750000004 ], [ 120.209512300000029, 31.434308700000031 ], [ 120.2086653, 31.43357350000008 ], [ 120.2086471, 31.433261500000071 ], [ 120.208706300000017, 31.433149200000059 ], [ 120.209200900000042, 31.433011400000055 ], [ 120.209911700000021, 31.432687100000066 ], [ 120.210403600000063, 31.432596700000033 ], [ 120.21200680000004, 31.432687100000066 ], [ 120.212244400000031, 31.432840900000031 ], [ 120.212732900000105, 31.432733300000052 ], [ 120.212926500000094, 31.433165900000063 ], [ 120.21434510000006, 31.432763500000078 ], [ 120.214741300000014, 31.432563500000072 ], [ 120.215713900000083, 31.431201600000065 ], [ 120.215627, 31.43116260000005 ], [ 120.216391, 31.429881700000067 ], [ 120.216502200000036, 31.429568400000051 ], [ 120.216733600000111, 31.426637300000039 ], [ 120.215794, 31.42704180000004 ], [ 120.215315800000099, 31.427122100000076 ], [ 120.215058900000031, 31.426118700000075 ], [ 120.214684300000044, 31.426226900000074 ], [ 120.214483300000097, 31.426392100000044 ], [ 120.21441690000006, 31.426322500000026 ], [ 120.215010600000028, 31.425856 ], [ 120.216583400000104, 31.425630100000035 ], [ 120.216860200000042, 31.425452 ], [ 120.216856800000073, 31.425434600000074 ], [ 120.216854100000091, 31.425423100000046 ], [ 120.216719900000044, 31.425262800000041 ], [ 120.216123800000105, 31.42525530000006 ], [ 120.214292200000045, 31.423418200000071 ], [ 120.213423800000101, 31.42314650000003 ], [ 120.213195, 31.423180600000023 ], [ 120.212875100000019, 31.423374100000046 ], [ 120.212334, 31.423419600000045 ], [ 120.212118, 31.423344 ], [ 120.212261700000113, 31.422834 ], [ 120.212598100000037, 31.422562600000049 ], [ 120.21273460000009, 31.422335200000077 ], [ 120.212720000000104, 31.422075600000028 ], [ 120.212595400000055, 31.421920200000045 ], [ 120.212622500000066, 31.421722100000068 ], [ 120.213025900000048, 31.421603600000026 ], [ 120.21350080000002, 31.421676200000036 ], [ 120.214000100000021, 31.421503700000073 ], [ 120.214118100000064, 31.421232400000065 ], [ 120.214074500000038, 31.420874600000047 ], [ 120.214153500000066, 31.420710800000052 ], [ 120.214749900000015, 31.420531 ], [ 120.215299100000038, 31.420176100000049 ], [ 120.215445100000011, 31.419636300000036 ], [ 120.215944300000046, 31.41955 ], [ 120.215973800000029, 31.419435400000054 ], [ 120.216082400000118, 31.419394900000043 ], [ 120.216406400000096, 31.419689600000027 ], [ 120.216979100000117, 31.418107100000043 ], [ 120.216904400000089, 31.417525100000034 ], [ 120.21643430000006, 31.416236100000049 ], [ 120.215925200000015, 31.415635400000042 ], [ 120.2158114, 31.415593400000034 ], [ 120.21563720000006, 31.415547400000037 ], [ 120.215462000000116, 31.415534300000047 ], [ 120.215206800000033, 31.415596100000073 ], [ 120.214908, 31.415762100000052 ], [ 120.214669600000093, 31.41573 ], [ 120.214470300000016, 31.415785 ], [ 120.214351400000055, 31.415791100000035 ], [ 120.214262, 31.415753100000074 ], [ 120.214212, 31.415671 ], [ 120.21423290000007, 31.415505 ], [ 120.214342300000112, 31.415177800000038 ], [ 120.214414900000065, 31.414942600000074 ], [ 120.214376400000106, 31.414797700000065 ], [ 120.214451100000019, 31.414556300000072 ], [ 120.214541100000019, 31.414410600000053 ], [ 120.214544600000067, 31.414269300000058 ], [ 120.21458610000002, 31.41419460000003 ], [ 120.214654400000086, 31.41412710000003 ], [ 120.214819600000055, 31.413798800000052 ], [ 120.214864300000045, 31.413365900000031 ], [ 120.214816800000108, 31.413105200000075 ], [ 120.214698800000065, 31.412784300000055 ], [ 120.214740200000051, 31.412389300000029 ], [ 120.214820300000042, 31.412203700000077 ], [ 120.215066300000103, 31.411915 ], [ 120.215458500000068, 31.411536900000044 ], [ 120.215481200000113, 31.411382100000026 ], [ 120.215447700000027, 31.411170800000036 ], [ 120.215325600000028, 31.410841 ], [ 120.215118300000086, 31.410474700000066 ], [ 120.214952100000119, 31.410292600000048 ], [ 120.21479110000007, 31.410221200000024 ], [ 120.2145451, 31.410182100000043 ], [ 120.214316200000098, 31.410079600000074 ], [ 120.214091300000064, 31.409958300000028 ], [ 120.213751400000092, 31.409729700000071 ], [ 120.2135, 31.409417500000075 ], [ 120.213380200000074, 31.409158600000069 ], [ 120.21334360000003, 31.409123300000033 ], [ 120.213172200000031, 31.408957900000075 ], [ 120.213035300000115, 31.408853300000033 ], [ 120.212849500000061, 31.408797800000059 ], [ 120.2124119, 31.40879220000005 ], [ 120.212122900000054, 31.408760100000052 ], [ 120.212074900000061, 31.408709 ], [ 120.212030200000072, 31.40859770000003 ], [ 120.211993200000052, 31.408505400000024 ], [ 120.211961300000098, 31.408307100000059 ], [ 120.212011800000028, 31.408217600000057 ], [ 120.2121767000001, 31.408077700000035 ], [ 120.212782400000037, 31.407729 ], [ 120.213006300000075, 31.407533900000033 ], [ 120.213117400000101, 31.407489200000043 ], [ 120.213213100000075, 31.407486600000027 ], [ 120.213536100000056, 31.407644400000038 ], [ 120.213903200000118, 31.407704800000033 ], [ 120.214055500000086, 31.407809900000075 ], [ 120.214286900000047, 31.407832400000075 ], [ 120.214364900000078, 31.40776470000003 ], [ 120.21466630000009, 31.407686800000079 ], [ 120.215318800000091, 31.407551100000035 ], [ 120.216724100000079, 31.406464300000039 ], [ 120.217255100000102, 31.406084900000053 ], [ 120.217425100000014, 31.405908900000043 ], [ 120.217454500000031, 31.405755400000032 ], [ 120.218186100000025, 31.404614700000025 ], [ 120.218344700000102, 31.40404360000008 ], [ 120.218561, 31.403659400000038 ], [ 120.218513800000096, 31.403505100000075 ], [ 120.218426100000102, 31.40338760000003 ], [ 120.218288500000085, 31.40329330000003 ], [ 120.218134, 31.403129400000068 ], [ 120.218033000000105, 31.402974800000038 ], [ 120.217873600000075, 31.40264250000007 ], [ 120.21782840000003, 31.402544500000033 ], [ 120.217943200000036, 31.402371100000039 ], [ 120.218127500000037, 31.402231400000062 ], [ 120.218626200000017, 31.401985100000047 ], [ 120.218998100000022, 31.402006700000072 ], [ 120.219103, 31.401733300000046 ], [ 120.220049300000028, 31.401013300000045 ], [ 120.220961200000033, 31.400463600000023 ], [ 120.2218454, 31.400056800000073 ], [ 120.223014600000056, 31.399950300000057 ], [ 120.225807, 31.400225 ], [ 120.228262300000097, 31.401141900000027 ], [ 120.232303700000102, 31.404666900000052 ], [ 120.233132400000045, 31.40520760000004 ], [ 120.233451800000012, 31.405337200000076 ], [ 120.233461700000021, 31.405250400000057 ], [ 120.233631500000115, 31.40523410000003 ], [ 120.234812200000079, 31.405785800000046 ], [ 120.23486180000009, 31.405882400000053 ], [ 120.234631500000091, 31.406056400000068 ], [ 120.234564400000068, 31.406323600000064 ], [ 120.234852700000033, 31.407246 ], [ 120.2348359, 31.40741330000003 ], [ 120.234977900000104, 31.407614600000045 ], [ 120.234887600000093, 31.408021500000075 ], [ 120.235153200000013, 31.409426100000076 ], [ 120.2352419, 31.409609 ], [ 120.236925900000074, 31.41126330000003 ], [ 120.236861700000077, 31.411405 ], [ 120.237320200000113, 31.411694 ], [ 120.237491, 31.411982500000079 ], [ 120.237495300000091, 31.41223350000007 ], [ 120.237379100000112, 31.412464600000078 ], [ 120.237435400000095, 31.412528700000053 ], [ 120.237591, 31.412663700000053 ], [ 120.237910100000022, 31.412313500000039 ], [ 120.238055, 31.412334100000066 ], [ 120.239597100000083, 31.413750600000071 ], [ 120.239718, 31.413890700000024 ], [ 120.239704500000016, 31.414039500000058 ], [ 120.23995130000003, 31.414186 ], [ 120.240068900000097, 31.414116700000079 ], [ 120.240287900000112, 31.414202700000033 ], [ 120.2412518000001, 31.414837300000045 ], [ 120.242109, 31.415503 ], [ 120.242216800000051, 31.415743 ], [ 120.24319950000006, 31.416281100000049 ], [ 120.243353300000081, 31.416627900000037 ], [ 120.244148000000109, 31.41721380000007 ], [ 120.246935200000053, 31.418335400000046 ], [ 120.248099, 31.418683500000043 ], [ 120.249217, 31.418856600000026 ], [ 120.249423700000079, 31.418995600000073 ], [ 120.249291400000061, 31.419460300000026 ], [ 120.249576, 31.419552200000055 ], [ 120.249966400000062, 31.419574400000045 ], [ 120.250073800000109, 31.419474 ], [ 120.250273600000014, 31.419442200000049 ], [ 120.250851800000078, 31.419526900000051 ], [ 120.253934600000093, 31.420376400000066 ], [ 120.254599800000051, 31.420358200000067 ], [ 120.256117800000084, 31.42078680000003 ], [ 120.257088600000088, 31.420633900000041 ], [ 120.25935370000002, 31.42046270000003 ], [ 120.25989960000004, 31.420692600000052 ], [ 120.260028, 31.420413200000041 ], [ 120.260646400000041, 31.420279700000037 ], [ 120.264169800000104, 31.420059900000069 ], [ 120.265303400000107, 31.42005080000007 ], [ 120.266367800000012, 31.42009 ], [ 120.266551700000036, 31.420238200000028 ], [ 120.269474900000091, 31.420613600000024 ], [ 120.270594600000095, 31.421043800000064 ], [ 120.271056600000065, 31.421101 ], [ 120.271913400000017, 31.421072800000047 ], [ 120.272302, 31.421457700000076 ], [ 120.272959800000081, 31.421867700000064 ], [ 120.272910300000035, 31.422083100000066 ], [ 120.273062, 31.422274500000071 ], [ 120.27312, 31.422543800000028 ], [ 120.273324400000092, 31.422561 ], [ 120.273493700000017, 31.422678800000028 ], [ 120.273463000000106, 31.422544500000072 ], [ 120.273599100000069, 31.422543200000064 ], [ 120.273699400000055, 31.422360100000049 ], [ 120.273963700000081, 31.422291900000062 ], [ 120.274589100000071, 31.422348800000066 ], [ 120.274675700000103, 31.422293700000068 ], [ 120.275059700000043, 31.422444400000074 ], [ 120.275295, 31.422732 ], [ 120.276444, 31.423466500000075 ], [ 120.276546300000064, 31.423447900000042 ], [ 120.276289100000099, 31.42319370000007 ], [ 120.276470900000049, 31.423096900000075 ], [ 120.276967700000114, 31.423389500000042 ], [ 120.277158400000076, 31.423610200000041 ], [ 120.277173900000093, 31.423781100000042 ], [ 120.277960600000029, 31.424201 ], [ 120.278357700000015, 31.424494400000071 ], [ 120.278334100000052, 31.424637700000062 ], [ 120.278800600000068, 31.424839100000042 ], [ 120.278920800000037, 31.425032100000067 ], [ 120.279133800000068, 31.425143600000069 ], [ 120.279644400000052, 31.425247 ], [ 120.280338300000039, 31.425569800000062 ], [ 120.281393800000046, 31.426205100000061 ], [ 120.2820762, 31.426480300000037 ], [ 120.28236830000003, 31.426881700000024 ], [ 120.282481500000017, 31.426880100000062 ], [ 120.283342500000117, 31.42755 ], [ 120.283476700000051, 31.427574 ], [ 120.283655100000033, 31.427741100000048 ], [ 120.283782200000019, 31.428013700000065 ], [ 120.284331, 31.428295500000047 ], [ 120.28508260000001, 31.42852570000008 ], [ 120.285124100000075, 31.428709400000059 ], [ 120.286479200000031, 31.429317900000058 ], [ 120.286552800000095, 31.42944220000004 ], [ 120.286966, 31.42940770000007 ], [ 120.287232300000028, 31.429530900000032 ], [ 120.287350200000105, 31.429734600000074 ], [ 120.287520700000073, 31.429821700000048 ], [ 120.289564, 31.430687 ], [ 120.2898834, 31.430751500000042 ], [ 120.290066, 31.430955 ], [ 120.290783200000078, 31.431358400000079 ], [ 120.291280900000061, 31.431537900000023 ], [ 120.292006, 31.43222 ], [ 120.292269100000112, 31.432258500000046 ], [ 120.292335900000012, 31.432363900000041 ], [ 120.292198900000017, 31.432629700000064 ], [ 120.29189, 31.432799200000034 ], [ 120.291926100000069, 31.432839100000024 ], [ 120.291986800000018, 31.432923 ], [ 120.292556700000091, 31.432658600000025 ], [ 120.292638400000101, 31.432690200000025 ], [ 120.292788400000063, 31.433282100000042 ], [ 120.292751400000043, 31.433414900000059 ], [ 120.292834, 31.433534300000076 ], [ 120.29512370000009, 31.434467200000029 ], [ 120.296448100000021, 31.434794400000044 ], [ 120.296635500000093, 31.43511170000005 ], [ 120.29679520000002, 31.435148800000036 ], [ 120.297829200000024, 31.435471800000073 ], [ 120.298179800000071, 31.435730900000067 ], [ 120.299140900000111, 31.436849400000028 ], [ 120.2993844, 31.437460700000031 ], [ 120.29950180000003, 31.437582300000031 ], [ 120.299722, 31.437556100000052 ], [ 120.299967300000048, 31.437641500000041 ], [ 120.300168400000075, 31.437837200000047 ], [ 120.300527100000068, 31.438464200000055 ], [ 120.301286000000118, 31.438895700000046 ], [ 120.301435800000036, 31.439125 ], [ 120.302942700000017, 31.439784200000076 ], [ 120.30346, 31.4399 ], [ 120.303701900000078, 31.44006360000003 ], [ 120.30433, 31.44108 ], [ 120.304934400000093, 31.441515600000059 ], [ 120.307510100000059, 31.442937200000074 ], [ 120.308788200000095, 31.443372100000033 ], [ 120.311302400000045, 31.444389600000079 ], [ 120.311516, 31.444568500000059 ], [ 120.311556400000086, 31.444781900000066 ], [ 120.311406300000044, 31.445225500000049 ], [ 120.31166230000008, 31.44520330000006 ], [ 120.311826500000052, 31.444930300000067 ], [ 120.312093300000015, 31.444849700000077 ], [ 120.313276200000018, 31.444816200000048 ], [ 120.314038100000062, 31.44496440000006 ], [ 120.314655200000061, 31.445292 ], [ 120.314746400000104, 31.445502700000077 ], [ 120.31556020000005, 31.445867100000044 ], [ 120.316042200000084, 31.446281 ], [ 120.3162082, 31.446678900000052 ], [ 120.31646, 31.44686 ], [ 120.316690600000015, 31.446923200000072 ], [ 120.317121800000109, 31.44728710000004 ], [ 120.317492100000095, 31.447410800000057 ], [ 120.31752090000009, 31.447607300000072 ], [ 120.3173514, 31.447779500000024 ], [ 120.317721200000051, 31.448017700000037 ], [ 120.319428400000106, 31.449146100000064 ], [ 120.319634900000096, 31.449209300000064 ], [ 120.319782600000053, 31.449170400000071 ], [ 120.320025800000053, 31.44880930000005 ], [ 120.3201477, 31.448797200000058 ], [ 120.322150800000031, 31.449825 ], [ 120.324767300000076, 31.451177800000039 ], [ 120.324706300000116, 31.451329200000032 ], [ 120.325010300000031, 31.451464200000032 ], [ 120.327725200000032, 31.447713400000055 ], [ 120.327771200000029, 31.447720500000059 ], [ 120.329779700000017, 31.449088400000051 ], [ 120.330795900000112, 31.449766600000032 ], [ 120.343455200000108, 31.458522400000049 ], [ 120.344962200000055, 31.460099300000024 ], [ 120.345121400000039, 31.460129800000061 ], [ 120.345335700000078, 31.460331300000064 ], [ 120.3453498, 31.460486700000047 ], [ 120.34782210000003, 31.46305730000006 ], [ 120.347403400000076, 31.464697900000033 ], [ 120.347961300000065, 31.464797500000032 ], [ 120.348058400000014, 31.464429100000075 ], [ 120.348164400000087, 31.464448200000049 ], [ 120.348054, 31.464887 ], [ 120.349676900000077, 31.465255 ], [ 120.349654100000066, 31.465122100000031 ], [ 120.348563500000068, 31.463992900000051 ], [ 120.34829470000011, 31.46392510000004 ], [ 120.348178, 31.464333200000056 ], [ 120.348083200000019, 31.464313 ], [ 120.348201, 31.463879 ], [ 120.348661000000106, 31.463937700000031 ], [ 120.350715100000116, 31.466026800000066 ], [ 120.351080600000046, 31.466015 ], [ 120.351131100000089, 31.465760400000079 ], [ 120.351321200000029, 31.465788300000042 ], [ 120.353708300000108, 31.46496650000006 ], [ 120.354039300000068, 31.464710500000024 ], [ 120.355241200000023, 31.464209500000038 ], [ 120.355910800000061, 31.463740100000052 ], [ 120.356238500000018, 31.463637 ], [ 120.357076400000096, 31.463800300000059 ], [ 120.358259700000076, 31.46340680000003 ], [ 120.358384800000067, 31.463287900000068 ], [ 120.359133500000098, 31.463027 ], [ 120.35925920000011, 31.463056 ], [ 120.369114800000034, 31.459668 ], [ 120.369891900000084, 31.461026700000048 ], [ 120.3727546, 31.466565200000048 ], [ 120.372910800000113, 31.466515900000047 ], [ 120.372927300000015, 31.466783600000042 ], [ 120.374036300000057, 31.46634540000008 ], [ 120.374284100000068, 31.46689420000007 ], [ 120.37448710000001, 31.466918 ], [ 120.374612300000081, 31.466932600000064 ], [ 120.374799500000108, 31.466689400000064 ], [ 120.374845, 31.466283 ], [ 120.37468350000006, 31.466067500000065 ], [ 120.374945800000091, 31.466158800000073 ], [ 120.377018200000066, 31.465752800000075 ], [ 120.379583300000036, 31.464799800000037 ], [ 120.3798203, 31.464838800000052 ], [ 120.38027790000001, 31.464693900000043 ], [ 120.380384800000115, 31.464413600000057 ], [ 120.382123400000069, 31.46374 ], [ 120.382496100000026, 31.463837200000057 ], [ 120.382964800000082, 31.464258100000052 ], [ 120.383009600000037, 31.464384600000074 ], [ 120.38308870000003, 31.464389800000049 ], [ 120.38315040000009, 31.464354400000047 ], [ 120.383024600000113, 31.463674 ], [ 120.383067500000038, 31.46357080000007 ], [ 120.38381430000004, 31.46316580000007 ], [ 120.3847048, 31.46283180000006 ], [ 120.385595300000091, 31.462328500000069 ], [ 120.386308700000086, 31.461893800000041 ], [ 120.387015900000051, 31.461271900000042 ], [ 120.387830300000019, 31.46072520000007 ], [ 120.388857900000062, 31.460749900000053 ], [ 120.389806800000088, 31.460439700000052 ], [ 120.39040220000004, 31.459396800000036 ], [ 120.391869700000029, 31.458402600000056 ], [ 120.392767900000081, 31.457981700000062 ], [ 120.392960300000027, 31.458023500000024 ], [ 120.393108400000074, 31.458241400000077 ], [ 120.393194200000039, 31.45823340000004 ], [ 120.393290600000114, 31.45822430000004 ], [ 120.393265400000018, 31.457852400000036 ], [ 120.393507000000113, 31.457567600000061 ], [ 120.393548800000076, 31.457390700000076 ], [ 120.395006200000012, 31.456332100000054 ], [ 120.395029800000088, 31.456073400000037 ], [ 120.395592800000031, 31.455534700000044 ], [ 120.395821700000056, 31.455415600000038 ], [ 120.395928, 31.455443700000046 ], [ 120.395946400000071, 31.455596300000025 ], [ 120.396061900000063, 31.455667700000049 ], [ 120.396447500000022, 31.455467100000078 ], [ 120.396599500000093, 31.455035400000043 ], [ 120.397031100000049, 31.454699800000071 ], [ 120.3969356, 31.454473600000028 ], [ 120.396782200000075, 31.454463400000066 ], [ 120.396699600000034, 31.454311200000063 ], [ 120.396883000000116, 31.454328200000077 ], [ 120.397020800000064, 31.45447130000008 ], [ 120.397324800000092, 31.454452600000025 ], [ 120.398155600000109, 31.453661800000077 ], [ 120.397977100000048, 31.453449800000044 ], [ 120.39798810000002, 31.453316200000074 ], [ 120.39827, 31.45304 ], [ 120.39857, 31.45279 ], [ 120.399031200000081, 31.452628400000037 ], [ 120.4003212, 31.451518900000053 ], [ 120.400398800000062, 31.45138680000008 ], [ 120.400333200000091, 31.451190100000076 ], [ 120.399765900000034, 31.450603800000067 ], [ 120.3983895, 31.449470100000042 ], [ 120.400995100000046, 31.445648100000028 ], [ 120.403451100000098, 31.446363600000041 ], [ 120.403652100000045, 31.446289 ], [ 120.40371540000001, 31.446119 ], [ 120.403879700000061, 31.446037700000034 ], [ 120.404664500000081, 31.446187200000054 ], [ 120.404735200000118, 31.446237900000028 ], [ 120.404466700000057, 31.446861200000058 ], [ 120.404511900000102, 31.446986500000037 ], [ 120.404626400000097, 31.44694190000007 ], [ 120.405016400000022, 31.446448800000042 ], [ 120.405317400000058, 31.446390700000052 ], [ 120.409027, 31.448283100000026 ], [ 120.409341800000107, 31.447823200000073 ], [ 120.409713700000111, 31.447266100000036 ], [ 120.4092597, 31.447097500000041 ], [ 120.40649570000005, 31.44568780000003 ], [ 120.405548600000088, 31.445216200000061 ], [ 120.405366100000037, 31.445106800000076 ], [ 120.405227100000047, 31.444998500000054 ], [ 120.405148100000019, 31.444914600000061 ], [ 120.405147500000112, 31.444812500000069 ], [ 120.405160200000068, 31.444675400000051 ], [ 120.405212100000085, 31.444553 ], [ 120.405425600000058, 31.444349200000033 ], [ 120.404041200000052, 31.443328 ], [ 120.402794400000062, 31.442375200000072 ], [ 120.402728100000104, 31.442314200000055 ], [ 120.402692300000012, 31.442246 ], [ 120.402695300000119, 31.442158500000062 ], [ 120.402788100000066, 31.441895100000067 ], [ 120.402851100000021, 31.441863900000044 ], [ 120.402932, 31.441717600000061 ], [ 120.402904100000114, 31.44155260000008 ], [ 120.403663400000028, 31.439796900000033 ], [ 120.403892500000097, 31.439782900000068 ], [ 120.406433300000117, 31.440353600000037 ], [ 120.4069985000001, 31.440021300000069 ], [ 120.407441, 31.439074600000026 ], [ 120.407338800000048, 31.438785400000029 ], [ 120.406711500000029, 31.438494700000035 ], [ 120.40647, 31.43856 ], [ 120.40545, 31.43764 ], [ 120.40524860000005, 31.437606800000026 ], [ 120.404540000000111, 31.43749 ], [ 120.404622, 31.437143700000036 ], [ 120.404720000000111, 31.43673 ], [ 120.407570600000099, 31.436993600000051 ], [ 120.407688600000029, 31.434842400000036 ], [ 120.407865600000036, 31.434753200000046 ], [ 120.407983700000045, 31.43436870000005 ], [ 120.407736900000032, 31.434371 ], [ 120.40779590000011, 31.433377700000051 ], [ 120.4080212, 31.433222100000023 ], [ 120.407995700000015, 31.431985700000041 ], [ 120.406608600000027, 31.43197820000006 ], [ 120.406401100000039, 31.431592600000045 ], [ 120.4043699, 31.431619600000033 ], [ 120.401678200000106, 31.431707800000027 ], [ 120.40081, 31.43176 ], [ 120.40068, 31.43099 ], [ 120.4005376, 31.42993430000007 ], [ 120.40045, 31.42842 ], [ 120.40023, 31.42584 ], [ 120.400184200000012, 31.425362 ], [ 120.403515, 31.425175100000047 ], [ 120.404008600000111, 31.425312400000053 ], [ 120.404255400000011, 31.425642 ], [ 120.404557, 31.427338500000076 ], [ 120.407900300000051, 31.427616400000034 ], [ 120.408225, 31.427088500000025 ], [ 120.406149, 31.421847100000036 ], [ 120.40652990000001, 31.42171890000003 ], [ 120.40631, 31.42126120000006 ], [ 120.406299200000035, 31.420986500000026 ], [ 120.406261700000073, 31.42065690000004 ], [ 120.406111500000065, 31.420661500000051 ], [ 120.405392600000027, 31.420634 ], [ 120.404931300000044, 31.420743900000048 ], [ 120.405204900000058, 31.421906600000057 ], [ 120.404893800000082, 31.421924900000079 ], [ 120.404807900000037, 31.42156790000007 ], [ 120.404679200000032, 31.420510400000069 ], [ 120.405221, 31.420505800000058 ], [ 120.4057467, 31.419745900000066 ], [ 120.405784200000085, 31.419091300000048 ], [ 120.405516, 31.418427500000064 ], [ 120.405156600000055, 31.418290100000036 ], [ 120.40471140000011, 31.418345100000067 ], [ 120.404743500000109, 31.417328800000064 ], [ 120.404400200000055, 31.417044900000064 ], [ 120.404142700000079, 31.416582600000027 ], [ 120.404164200000082, 31.416216300000031 ], [ 120.403976400000033, 31.415735600000062 ], [ 120.403651800000034, 31.415408300000024 ], [ 120.403622400000017, 31.415158800000029 ], [ 120.403665300000057, 31.414174500000058 ], [ 120.4037833000001, 31.414101300000027 ], [ 120.403772600000025, 31.413854 ], [ 120.403466800000047, 31.41382660000005 ], [ 120.403434600000082, 31.413387100000079 ], [ 120.40360720000001, 31.413356700000065 ], [ 120.403708700000038, 31.413349400000072 ], [ 120.40375, 31.41203 ], [ 120.403794, 31.411702300000059 ], [ 120.403337800000031, 31.411708700000077 ], [ 120.40332, 31.41151 ], [ 120.40363, 31.411 ], [ 120.403640000000109, 31.41075 ], [ 120.40335, 31.41023 ], [ 120.40307, 31.40945 ], [ 120.4025, 31.40841 ], [ 120.40192, 31.40788 ], [ 120.40163, 31.40711 ], [ 120.40135, 31.40684 ], [ 120.40137, 31.40607 ], [ 120.40153, 31.40556 ], [ 120.400940000000105, 31.40542 ], [ 120.40079, 31.40528 ], [ 120.40081, 31.40478 ], [ 120.40097, 31.40426 ], [ 120.40037, 31.40425 ], [ 120.40011, 31.40295 ], [ 120.39951, 31.40295 ], [ 120.39937, 31.40243 ], [ 120.39908, 31.40217 ], [ 120.39879, 31.40164 ], [ 120.3985, 31.40139 ], [ 120.39822, 31.40087 ], [ 120.39763, 31.40033 ], [ 120.39767, 31.39906 ], [ 120.397380000000112, 31.3988 ], [ 120.3974, 31.39777 ], [ 120.397110000000112, 31.39751 ], [ 120.39671, 31.39595 ], [ 120.396649400000115, 31.395629 ], [ 120.39630580000005, 31.395715100000075 ], [ 120.395877600000063, 31.395553100000029 ], [ 120.39597, 31.39543 ], [ 120.39648770000008, 31.395219200000042 ], [ 120.396546400000034, 31.39435050000003 ], [ 120.396772, 31.394170600000052 ], [ 120.396702300000015, 31.393557 ], [ 120.396793500000058, 31.393428800000038 ], [ 120.39664, 31.39287 ], [ 120.396580700000072, 31.392614600000059 ], [ 120.396274400000038, 31.392076300000042 ], [ 120.396187300000065, 31.391853600000047 ], [ 120.395910400000048, 31.391855600000042 ], [ 120.39577, 31.39182 ], [ 120.395988800000055, 31.391441400000076 ], [ 120.396270900000104, 31.390813700000024 ], [ 120.39611, 31.39028 ], [ 120.396001700000056, 31.389760800000033 ], [ 120.395653400000015, 31.389088700000059 ], [ 120.39556, 31.38873 ], [ 120.395441600000026, 31.388602300000059 ], [ 120.395372700000053, 31.388355500000046 ], [ 120.395253900000057, 31.388167200000055 ], [ 120.39517150000006, 31.387738700000057 ], [ 120.395098300000086, 31.387585700000045 ], [ 120.395028600000046, 31.387288 ], [ 120.394899800000076, 31.387201 ], [ 120.394808600000033, 31.386926200000062 ], [ 120.394651900000099, 31.386831100000052 ], [ 120.39443, 31.38614 ], [ 120.393909700000108, 31.385386400000073 ], [ 120.393569600000092, 31.384654100000034 ], [ 120.393472700000075, 31.384156 ], [ 120.393031400000041, 31.383366800000033 ], [ 120.39268770000001, 31.382758800000033 ], [ 120.392354800000021, 31.382367 ], [ 120.39196830000003, 31.381933 ], [ 120.391666800000053, 31.381567800000028 ], [ 120.3915492000001, 31.381308700000034 ], [ 120.391301400000089, 31.380995800000051 ], [ 120.390828700000043, 31.380520800000056 ], [ 120.390044200000034, 31.379827600000056 ], [ 120.388822000000118, 31.379823200000033 ], [ 120.388549, 31.379662 ], [ 120.388222600000063, 31.379064600000049 ], [ 120.38811510000005, 31.378844 ], [ 120.387575500000025, 31.378213900000048 ], [ 120.387441700000068, 31.37820860000005 ], [ 120.387314500000116, 31.378059400000041 ], [ 120.387498500000106, 31.377993700000047 ], [ 120.388067800000044, 31.377845100000059 ], [ 120.388140100000101, 31.377377 ], [ 120.388030500000013, 31.377306100000055 ], [ 120.388054600000032, 31.377216700000076 ], [ 120.388159600000108, 31.377190900000073 ], [ 120.38807630000008, 31.37709140000004 ], [ 120.38062780000007, 31.379323700000043 ], [ 120.379359900000054, 31.376721100000054 ], [ 120.37936250000007, 31.376545600000043 ], [ 120.377444, 31.372788400000047 ], [ 120.382793700000093, 31.370073500000046 ], [ 120.382689600000049, 31.369841800000074 ], [ 120.382398100000046, 31.369243300000051 ], [ 120.379935800000112, 31.368034100000045 ], [ 120.379149900000016, 31.367825700000026 ], [ 120.378173600000082, 31.367232600000079 ], [ 120.377578100000051, 31.36664630000007 ], [ 120.377159700000107, 31.366412700000069 ], [ 120.37508, 31.36557 ], [ 120.37449, 31.36504 ], [ 120.373409200000083, 31.364522400000055 ], [ 120.372712600000114, 31.364282700000047 ], [ 120.367831, 31.361781700000051 ], [ 120.365266800000086, 31.361369500000023 ], [ 120.36495570000011, 31.361277900000061 ], [ 120.36474110000006, 31.360911400000077 ], [ 120.364483600000085, 31.360801500000036 ], [ 120.363389200000029, 31.360920600000043 ], [ 120.362423600000056, 31.360609100000033 ], [ 120.362005200000112, 31.36038 ], [ 120.3617263000001, 31.360077700000033 ], [ 120.361254200000076, 31.359857800000043 ], [ 120.3602135000001, 31.359793700000068 ], [ 120.359730700000114, 31.359692900000027 ], [ 120.359183500000086, 31.35939060000004 ], [ 120.358283400000118, 31.358651100000031 ], [ 120.358175, 31.358621 ], [ 120.357381100000111, 31.358905 ], [ 120.356984100000091, 31.358905 ], [ 120.356125800000086, 31.358492800000079 ], [ 120.355664500000103, 31.358419500000025 ], [ 120.354634500000088, 31.358511100000044 ], [ 120.353894200000013, 31.358346200000028 ], [ 120.352638900000102, 31.358666800000037 ], [ 120.351040400000102, 31.358831700000053 ], [ 120.349602700000105, 31.359189 ], [ 120.348733700000025, 31.359179900000072 ], [ 120.348326, 31.359271500000034 ], [ 120.347768100000053, 31.359271500000034 ], [ 120.346587900000031, 31.359024100000056 ], [ 120.345965600000113, 31.359097400000053 ], [ 120.345397, 31.359335600000065 ], [ 120.344131, 31.360068500000068 ], [ 120.341309300000034, 31.36038 ], [ 120.340461700000105, 31.360618200000033 ], [ 120.339635600000065, 31.361360300000058 ], [ 120.337747300000046, 31.362303900000029 ], [ 120.336746, 31.362316100000044 ], [ 120.336413800000059, 31.362296400000048 ], [ 120.335405700000024, 31.362872700000025 ], [ 120.335213400000043, 31.363245800000072 ], [ 120.33380000000011, 31.36369 ], [ 120.33227270000009, 31.363673200000051 ], [ 120.331645900000012, 31.363534500000071 ], [ 120.3312601, 31.363543100000072 ], [ 120.331125600000064, 31.363824800000032 ], [ 120.331087600000046, 31.363684 ], [ 120.330963200000042, 31.363610300000062 ], [ 120.3307297, 31.363705700000025 ], [ 120.33023490000005, 31.363463 ], [ 120.329770500000109, 31.363380600000028 ], [ 120.3294634, 31.363114100000075 ], [ 120.328851800000052, 31.362778200000037 ], [ 120.328765500000031, 31.362568 ], [ 120.328793400000109, 31.362121600000023 ], [ 120.328717300000108, 31.361969900000076 ], [ 120.328400100000067, 31.361839900000064 ], [ 120.328392500000064, 31.361486700000057 ], [ 120.328521900000055, 31.361413 ], [ 120.328151400000024, 31.360706600000071 ], [ 120.327796100000114, 31.360268800000028 ], [ 120.327841800000101, 31.360067300000026 ], [ 120.327580400000102, 31.359456200000068 ], [ 120.327948300000116, 31.358871100000044 ], [ 120.328054900000097, 31.358528700000079 ], [ 120.328316300000097, 31.35840950000005 ], [ 120.329209600000013, 31.357677 ], [ 120.329666400000065, 31.357057200000042 ], [ 120.329727300000059, 31.356740800000068 ], [ 120.329641, 31.355982300000051 ], [ 120.329707, 31.355574900000079 ], [ 120.329331400000115, 31.354521700000078 ], [ 120.329229900000087, 31.353637500000048 ], [ 120.328260500000056, 31.352800900000034 ], [ 120.327570200000082, 31.352770600000042 ], [ 120.32707, 31.35263 ], [ 120.3268, 31.35184 ], [ 120.32651, 31.35133 ], [ 120.32652, 31.35082 ], [ 120.32623, 31.35055 ], [ 120.32611, 31.34951 ], [ 120.32671, 31.34954 ], [ 120.32687, 31.34902 ], [ 120.32689, 31.34825 ], [ 120.3272, 31.348 ], [ 120.32722, 31.34698 ], [ 120.32696, 31.34594 ], [ 120.32667, 31.34568 ], [ 120.3267, 31.34465 ], [ 120.3264, 31.34439 ], [ 120.32644, 31.3431 ], [ 120.3266, 31.34285 ], [ 120.3257, 31.34283 ], [ 120.32571, 31.34232 ], [ 120.32512, 31.34218 ], [ 120.32497, 31.34205 ], [ 120.3247, 31.34127 ], [ 120.32382, 31.34048 ], [ 120.32325, 31.33944 ], [ 120.32251, 31.33904 ], [ 120.32222, 31.33877 ], [ 120.32163, 31.33851 ], [ 120.31777000000011, 31.33765 ], [ 120.315970000000107, 31.33736 ], [ 120.31315, 31.3364 ], [ 120.308125, 31.333129900000074 ], [ 120.30816470000002, 31.332839300000046 ], [ 120.31361, 31.33628 ], [ 120.314510300000052, 31.336641600000064 ], [ 120.316075100000035, 31.337125300000025 ], [ 120.318746800000099, 31.337505300000032 ], [ 120.32017, 31.33706 ], [ 120.31981, 31.33397 ], [ 120.31983, 31.3332 ], [ 120.319351900000015, 31.330560100000071 ], [ 120.319332700000018, 31.330468500000052 ], [ 120.31933, 31.32985 ], [ 120.31907, 31.3283 ], [ 120.31879, 31.32778 ], [ 120.31881, 31.32701 ], [ 120.31826, 31.32546 ], [ 120.31782, 31.32505 ], [ 120.31708, 31.32466 ], [ 120.3168, 31.32388 ], [ 120.316510000000108, 31.32362 ], [ 120.31623, 31.3231 ], [ 120.31608, 31.32297 ], [ 120.3149, 31.32243 ], [ 120.31461, 31.32217 ], [ 120.31401, 31.32203 ], [ 120.31388, 31.32151 ], [ 120.31373, 31.32138 ], [ 120.312507400000072, 31.320759200000055 ], [ 120.31197, 31.32031 ], [ 120.31137, 31.32004 ], [ 120.31049, 31.319869800000049 ], [ 120.31033, 31.31989 ], [ 120.31018, 31.32002 ], [ 120.30778, 31.31997 ], [ 120.306755300000077, 31.319518400000049 ], [ 120.305357, 31.318246200000033 ], [ 120.304048, 31.317971200000045 ], [ 120.302546, 31.318154500000048 ], [ 120.301923700000089, 31.318374500000061 ], [ 120.301773500000081, 31.318594500000074 ], [ 120.301827200000048, 31.31937350000004 ], [ 120.30227780000007, 31.320867500000077 ], [ 120.304868500000111, 31.326980900000024 ], [ 120.30474, 31.32697 ], [ 120.302016600000115, 31.32075830000008 ], [ 120.30139, 31.31842 ], [ 120.30125, 31.31829 ], [ 120.30065, 31.31802 ], [ 120.29947, 31.31774 ], [ 120.29797, 31.31758 ], [ 120.29813, 31.31732 ], [ 120.297685800000068, 31.317389200000036 ], [ 120.296850100000029, 31.316204900000059 ], [ 120.296515800000066, 31.31625310000004 ], [ 120.29645, 31.316539900000066 ], [ 120.295962900000063, 31.316438700000049 ], [ 120.296502600000053, 31.315825800000027 ], [ 120.29623, 31.31561 ], [ 120.29609, 31.31548 ], [ 120.296044300000062, 31.315249 ], [ 120.295153800000094, 31.314772300000072 ], [ 120.293544500000053, 31.314176600000053 ], [ 120.292986600000063, 31.314066600000046 ], [ 120.292321400000105, 31.314130700000078 ], [ 120.290862300000072, 31.313754900000049 ], [ 120.290089800000032, 31.31420410000004 ], [ 120.28946760000008, 31.314112400000056 ], [ 120.28742370000009, 31.314327800000058 ], [ 120.28715550000004, 31.314240700000028 ], [ 120.286919500000067, 31.31395660000004 ], [ 120.284848800000077, 31.312173800000039 ], [ 120.284516200000098, 31.312077500000044 ], [ 120.284012, 31.312288300000034 ], [ 120.283851, 31.312242500000025 ], [ 120.283470100000045, 31.311729200000059 ], [ 120.282708400000047, 31.31144050000006 ], [ 120.28207, 31.310895100000039 ], [ 120.281850100000042, 31.310546800000054 ], [ 120.281361900000093, 31.310546800000054 ], [ 120.281136600000082, 31.310436800000048 ], [ 120.280991800000038, 31.310005900000078 ], [ 120.2810723, 31.309735500000045 ], [ 120.281297600000016, 31.30954760000003 ], [ 120.28241340000011, 31.309579700000029 ], [ 120.284349900000052, 31.309203900000057 ], [ 120.284934600000042, 31.308750100000054 ], [ 120.287096500000075, 31.308745600000066 ], [ 120.287547100000097, 31.309061800000052 ], [ 120.288139900000033, 31.309153500000036 ], [ 120.288094300000012, 31.309410100000036 ], [ 120.28791990000002, 31.309378 ], [ 120.287820700000111, 31.309485800000061 ], [ 120.288043300000027, 31.309758500000044 ], [ 120.288346400000023, 31.309689700000035 ], [ 120.2883974, 31.309602600000062 ], [ 120.288287400000058, 31.309462800000063 ], [ 120.28829810000002, 31.309332200000028 ], [ 120.288569, 31.309091600000045 ], [ 120.288888200000088, 31.309064100000057 ], [ 120.289505100000042, 31.30943080000003 ], [ 120.289754600000037, 31.309483500000056 ], [ 120.289867200000117, 31.309465100000068 ], [ 120.289934300000027, 31.308951800000045 ], [ 120.290229300000078, 31.30888310000006 ], [ 120.290425100000107, 31.308958700000062 ], [ 120.2903473, 31.309098500000061 ], [ 120.290046900000107, 31.309252 ], [ 120.290020100000106, 31.309446800000046 ], [ 120.290186400000039, 31.309513200000026 ], [ 120.290578, 31.309508700000038 ], [ 120.291087600000083, 31.309410100000036 ], [ 120.291811800000119, 31.309148900000025 ], [ 120.292037100000016, 31.308750100000054 ], [ 120.292455500000074, 31.308456800000044 ], [ 120.292772, 31.308392600000047 ], [ 120.292970500000024, 31.308773100000053 ], [ 120.293152900000109, 31.308832600000073 ], [ 120.294258, 31.308557600000029 ], [ 120.294858800000043, 31.308035200000063 ], [ 120.294966100000011, 31.307741800000031 ], [ 120.294874900000082, 31.307187200000044 ], [ 120.2952504000001, 31.307063500000027 ], [ 120.295856600000093, 31.307159700000057 ], [ 120.296682700000019, 31.307916 ], [ 120.29794, 31.30819 ], [ 120.298230000000103, 31.30845 ], [ 120.29882, 31.30873 ], [ 120.29894180000008, 31.308878700000037 ], [ 120.299080600000025, 31.309048100000041 ], [ 120.2995419, 31.309341400000051 ], [ 120.300636300000065, 31.309740100000056 ], [ 120.301725300000044, 31.31035890000004 ], [ 120.302100800000062, 31.310413800000049 ], [ 120.302889300000061, 31.310335900000041 ], [ 120.30400510000004, 31.310610900000029 ], [ 120.304713200000037, 31.31056970000003 ], [ 120.305432100000075, 31.310280900000066 ], [ 120.305544700000041, 31.310166400000071 ], [ 120.305458900000076, 31.309850100000062 ], [ 120.30587730000002, 31.309456 ], [ 120.306467400000088, 31.308672200000046 ], [ 120.306692700000099, 31.308585100000073 ], [ 120.306724900000063, 31.308718100000078 ], [ 120.305668100000048, 31.310060900000053 ], [ 120.305780800000093, 31.310239700000068 ], [ 120.305984600000102, 31.310271800000066 ], [ 120.306274300000041, 31.310152600000038 ], [ 120.307599300000106, 31.308892200000059 ], [ 120.307663700000035, 31.308754700000065 ], [ 120.307293500000014, 31.308191 ], [ 120.306950200000074, 31.308420100000035 ], [ 120.306413800000087, 31.308420100000035 ], [ 120.306483500000013, 31.308273500000041 ], [ 120.306891200000109, 31.308236800000032 ], [ 120.307025300000078, 31.308044300000063 ], [ 120.3082591000001, 31.308058100000039 ], [ 120.309058400000026, 31.308475100000067 ], [ 120.309246200000075, 31.308653900000024 ], [ 120.30969140000002, 31.308736400000043 ], [ 120.310608700000103, 31.309181 ], [ 120.310914500000081, 31.309226800000033 ], [ 120.31088770000008, 31.309011400000031 ], [ 120.311332900000025, 31.308768500000042 ], [ 120.311601200000041, 31.308759300000077 ], [ 120.311772800000085, 31.308631 ], [ 120.311805, 31.308507200000065 ], [ 120.311595800000077, 31.307787700000063 ], [ 120.311767500000087, 31.307416400000079 ], [ 120.312008900000023, 31.307123100000069 ], [ 120.312207300000068, 31.307026800000074 ], [ 120.312598900000012, 31.307109300000036 ], [ 120.312786700000061, 31.307251400000041 ], [ 120.312861800000064, 31.30762720000007 ], [ 120.312652600000092, 31.307842700000037 ], [ 120.312776, 31.308039700000052 ], [ 120.312475600000084, 31.308172700000057 ], [ 120.31193380000002, 31.30888310000006 ], [ 120.311338300000102, 31.309346 ], [ 120.311440200000106, 31.309538500000031 ], [ 120.3117138, 31.309643900000026 ], [ 120.311853300000053, 31.309808900000064 ], [ 120.311923, 31.310134300000072 ], [ 120.311794300000088, 31.31035890000004 ], [ 120.311799600000086, 31.310514700000056 ], [ 120.312116100000026, 31.311069200000077 ], [ 120.312824200000023, 31.31161 ], [ 120.313521600000058, 31.311765900000069 ], [ 120.314304800000059, 31.312205900000038 ], [ 120.3148963000001, 31.312310800000034 ], [ 120.315345500000035, 31.312361700000054 ], [ 120.315892700000063, 31.31263210000003 ], [ 120.316386200000011, 31.313035400000047 ], [ 120.317325, 31.31325540000006 ], [ 120.317630800000074, 31.313168300000029 ], [ 120.318011600000091, 31.313205 ], [ 120.318537300000116, 31.31341580000003 ], [ 120.318925100000115, 31.313396300000079 ], [ 120.31905, 31.31339 ], [ 120.31907, 31.31262 ], [ 120.31936, 31.31276 ], [ 120.31994, 31.31328 ], [ 120.320250000000101, 31.31342 ], [ 120.3204, 31.31316 ], [ 120.32066, 31.313 ], [ 120.32085, 31.31304 ], [ 120.321150000000102, 31.31318 ], [ 120.32148, 31.31216 ], [ 120.322680000000105, 31.31205 ], [ 120.324019900000053, 31.312975200000039 ], [ 120.323838200000068, 31.313874400000032 ], [ 120.32359150000002, 31.313958100000036 ], [ 120.32356, 31.314063700000077 ], [ 120.3242457, 31.314542600000038 ], [ 120.324493, 31.314042200000074 ], [ 120.324603100000104, 31.314097700000048 ], [ 120.324437800000055, 31.314561300000037 ], [ 120.325002, 31.31496 ], [ 120.326102800000058, 31.31532 ], [ 120.32707, 31.31549 ], [ 120.32827, 31.31551 ], [ 120.33066, 31.31582 ], [ 120.33095, 31.31595 ], [ 120.331921600000101, 31.315716400000042 ], [ 120.33246, 31.31547 ], [ 120.33261, 31.31522 ], [ 120.33323, 31.31471 ], [ 120.33428, 31.31461 ], [ 120.33548, 31.31463 ], [ 120.337709800000084, 31.31424990000005 ], [ 120.338214000000107, 31.314245300000039 ], [ 120.338627100000053, 31.314359900000056 ], [ 120.338932900000032, 31.314355300000045 ], [ 120.339431800000057, 31.314121600000078 ], [ 120.339930600000116, 31.313727400000062 ], [ 120.343459100000018, 31.310456200000033 ], [ 120.343401400000062, 31.310395500000027 ], [ 120.343636700000047, 31.31017380000003 ], [ 120.343735700000025, 31.310200900000041 ], [ 120.344018800000072, 31.310427600000025 ], [ 120.343933600000014, 31.310579800000028 ], [ 120.344250400000078, 31.310825 ], [ 120.343968400000108, 31.311271600000055 ], [ 120.34571040000003, 31.312198400000057 ], [ 120.34727260000011, 31.313282800000025 ], [ 120.349323100000106, 31.31542040000005 ], [ 120.348214900000016, 31.316958700000043 ], [ 120.346897700000113, 31.318366800000035 ], [ 120.346857800000066, 31.319120400000031 ], [ 120.346292500000118, 31.320288600000026 ], [ 120.346195600000101, 31.320773100000054 ], [ 120.346474900000089, 31.320943200000045 ], [ 120.3440031, 31.324749600000075 ], [ 120.34297760000004, 31.324643500000036 ], [ 120.34295080000004, 31.324712200000079 ], [ 120.34295080000004, 31.324808500000074 ], [ 120.343798400000082, 31.324891 ], [ 120.343943200000012, 31.324996400000032 ], [ 120.343680400000039, 31.325605800000062 ], [ 120.343288800000096, 31.325834900000075 ], [ 120.343803800000046, 31.325894500000061 ], [ 120.351072900000077, 31.314362200000062 ], [ 120.352007500000013, 31.312801400000069 ], [ 120.351814200000035, 31.312737800000036 ], [ 120.34688, 31.310887700000023 ], [ 120.346584100000086, 31.310484700000075 ], [ 120.346714600000041, 31.310140100000069 ], [ 120.346642700000075, 31.30983690000005 ], [ 120.346408800000063, 31.309644500000047 ], [ 120.346118200000092, 31.309535100000062 ], [ 120.345856300000037, 31.309574400000031 ], [ 120.345675500000084, 31.309710500000051 ], [ 120.34536710000009, 31.310318400000028 ], [ 120.345032400000036, 31.310192400000062 ], [ 120.344699500000047, 31.310701800000061 ], [ 120.344337500000051, 31.310226100000079 ], [ 120.344113800000059, 31.310376800000029 ], [ 120.34379110000009, 31.310126500000024 ], [ 120.343789, 31.310000400000035 ], [ 120.344527900000116, 31.30933680000004 ], [ 120.343498, 31.308557700000051 ], [ 120.343219, 31.307989300000031 ], [ 120.34222120000004, 31.307402700000068 ], [ 120.34005, 31.30638 ], [ 120.33976, 31.30611 ], [ 120.339790000000107, 31.30509 ], [ 120.33935, 31.30456 ], [ 120.34056, 31.30433 ], [ 120.34058, 31.30356 ], [ 120.3418, 31.3032 ], [ 120.34239, 31.30295 ], [ 120.3427, 31.3027 ], [ 120.3439, 31.30247 ], [ 120.345100000000116, 31.30237 ], [ 120.34526, 31.30211 ], [ 120.34552, 31.30195 ], [ 120.34692, 31.30175 ], [ 120.34782, 31.30152 ], [ 120.34843, 31.30128 ], [ 120.34933, 31.30117 ], [ 120.34948, 31.30092 ], [ 120.351328900000112, 31.300719700000059 ], [ 120.352646800000116, 31.301063500000055 ], [ 120.352079200000048, 31.301579700000048 ], [ 120.350834300000088, 31.301402400000029 ], [ 120.350748900000099, 31.301689200000055 ], [ 120.353690300000039, 31.303488100000038 ], [ 120.354202900000018, 31.302539200000069 ], [ 120.353883100000076, 31.301879700000029 ], [ 120.353951200000097, 31.301707900000054 ], [ 120.353301900000019, 31.300522900000033 ], [ 120.352812900000117, 31.300719800000024 ], [ 120.353420200000073, 31.301841500000023 ], [ 120.353369500000099, 31.301860500000032 ], [ 120.352750300000025, 31.300706500000047 ], [ 120.35331670000005, 31.300469100000043 ], [ 120.353325600000062, 31.300346 ], [ 120.353453400000035, 31.300349900000072 ], [ 120.353444100000047, 31.300266600000043 ], [ 120.353406800000016, 31.299932700000056 ], [ 120.350974300000075, 31.299142900000049 ], [ 120.35035710000011, 31.298139500000048 ], [ 120.345421500000043, 31.294973200000072 ], [ 120.344154900000035, 31.297780300000056 ], [ 120.34254, 31.29769 ], [ 120.33926, 31.29725 ], [ 120.33807, 31.29696 ], [ 120.33793, 31.29682 ], [ 120.33765, 31.29605 ], [ 120.337360000000103, 31.29578 ], [ 120.33707, 31.29526 ], [ 120.3362, 31.29447 ], [ 120.33608, 31.29319 ], [ 120.33549, 31.29304 ], [ 120.335586600000056, 31.292687400000034 ], [ 120.335381700000084, 31.292111400000067 ], [ 120.335160200000018, 31.291899100000023 ], [ 120.334519000000114, 31.291734900000051 ], [ 120.333428600000047, 31.291301400000066 ], [ 120.33286, 31.29081 ], [ 120.33226, 31.29066 ], [ 120.33167, 31.29041 ], [ 120.330750200000011, 31.289482400000054 ], [ 120.329731200000083, 31.288897200000065 ], [ 120.32918, 31.28867 ], [ 120.32874, 31.28828 ], [ 120.32814, 31.28814 ], [ 120.32801, 31.28762 ], [ 120.32757, 31.28723 ], [ 120.32698, 31.28709 ], [ 120.32686, 31.2858 ], [ 120.326910000000112, 31.284 ], [ 120.32722, 31.28349 ], [ 120.32725, 31.28272 ], [ 120.327860000000101, 31.28222 ], [ 120.32818, 31.28146 ], [ 120.328490000000102, 31.28121 ], [ 120.32865, 31.28069 ], [ 120.32955, 31.28071 ], [ 120.329570000000103, 31.27994 ], [ 120.33048, 31.27958 ], [ 120.33108, 31.27946 ], [ 120.33094, 31.2792 ], [ 120.330650000000105, 31.27894 ], [ 120.330600000000118, 31.27877 ], [ 120.3308, 31.27868 ], [ 120.33081, 31.27843 ], [ 120.330510000000118, 31.27842 ], [ 120.33041, 31.27859 ], [ 120.33021, 31.27867 ], [ 120.330380000000105, 31.2779 ], [ 120.33009, 31.27738 ], [ 120.329970000000117, 31.27661 ], [ 120.32977, 31.27652 ], [ 120.32968, 31.27609 ], [ 120.329341900000031, 31.275424800000053 ], [ 120.328594700000053, 31.27172070000006 ], [ 120.328501300000084, 31.270922400000075 ], [ 120.328258500000061, 31.270826600000078 ], [ 120.327959600000099, 31.270331700000042 ], [ 120.327399200000059, 31.270076200000062 ], [ 120.326876200000015, 31.269948500000055 ], [ 120.326782800000046, 31.27045940000005 ], [ 120.32646520000003, 31.270794700000067 ], [ 120.326203700000065, 31.270794700000067 ], [ 120.325923500000044, 31.270682900000054 ], [ 120.325811400000021, 31.270235900000046 ], [ 120.325867400000106, 31.269980400000065 ], [ 120.324634600000081, 31.270028300000035 ], [ 120.324559800000088, 31.269517400000041 ], [ 120.324388500000055, 31.269517400000041 ], [ 120.323800600000027, 31.269465 ], [ 120.323650900000075, 31.269451600000025 ], [ 120.323454, 31.270097500000077 ], [ 120.321685600000023, 31.270415 ], [ 120.32120210000005, 31.270565200000078 ], [ 120.321180700000014, 31.270989400000076 ], [ 120.321882200000118, 31.271311600000047 ], [ 120.323439, 31.271561100000042 ], [ 120.322729200000026, 31.271640900000079 ], [ 120.322019400000045, 31.271561100000042 ], [ 120.320506300000034, 31.270794700000067 ], [ 120.319254700000101, 31.270443400000033 ], [ 120.318171300000017, 31.27069890000007 ], [ 120.315942100000029, 31.272756400000048 ], [ 120.314867600000071, 31.273618800000065 ], [ 120.314120700000103, 31.273618100000078 ], [ 120.312283100000059, 31.273423500000035 ], [ 120.310526800000048, 31.273798800000066 ], [ 120.310104, 31.274007300000051 ], [ 120.309372300000064, 31.275564 ], [ 120.309843900000033, 31.276370100000065 ], [ 120.30880860000002, 31.277595700000063 ], [ 120.308879300000058, 31.277765100000067 ], [ 120.310609100000079, 31.279353100000037 ], [ 120.3148198, 31.281796800000052 ], [ 120.31681, 31.28222930000004 ], [ 120.316712500000108, 31.282375200000047 ], [ 120.314905600000088, 31.281943500000068 ], [ 120.310523300000114, 31.279452800000058 ], [ 120.307069200000115, 31.276608 ], [ 120.306275200000073, 31.276974700000039 ], [ 120.305631500000118, 31.276663 ], [ 120.30528, 31.27635 ], [ 120.30531, 31.27558 ], [ 120.305424, 31.275248600000054 ], [ 120.305937700000072, 31.27460990000003 ], [ 120.305694900000049, 31.274194800000032 ], [ 120.305517400000099, 31.273644 ], [ 120.305975100000069, 31.272917600000028 ], [ 120.30643, 31.27303 ], [ 120.30658, 31.27279 ], [ 120.30689, 31.27253 ], [ 120.3069, 31.27202 ], [ 120.30661, 31.27175 ], [ 120.306470000000104, 31.27149 ], [ 120.30677, 31.27137 ], [ 120.30767, 31.27152 ], [ 120.30753, 31.271 ], [ 120.30724, 31.27075 ], [ 120.30667, 31.2697 ], [ 120.306380000000104, 31.26944 ], [ 120.30639, 31.26892 ], [ 120.30671, 31.26842 ], [ 120.306706700000063, 31.268201 ], [ 120.30641710000009, 31.267650100000026 ], [ 120.30614, 31.26737 ], [ 120.305875400000104, 31.267251 ], [ 120.306146300000023, 31.266891700000031 ], [ 120.30661, 31.26661 ], [ 120.30781, 31.26637 ], [ 120.308000000000106, 31.2651 ], [ 120.30892, 31.26435 ], [ 120.3088, 31.26306 ], [ 120.31001, 31.26283 ], [ 120.31028, 31.2636 ], [ 120.31058, 31.26374 ], [ 120.313731700000062, 31.263749400000052 ], [ 120.314893200000029, 31.264113500000065 ], [ 120.314952800000015, 31.263974500000074 ], [ 120.315066600000023, 31.263667700000042 ], [ 120.314707200000043, 31.263415500000065 ], [ 120.314839400000096, 31.263253500000076 ], [ 120.315042600000083, 31.262954600000057 ], [ 120.315311, 31.26282260000005 ], [ 120.315700000000106, 31.26243 ], [ 120.3163, 31.26257 ], [ 120.31659, 31.26284 ], [ 120.316981700000042, 31.26304870000007 ], [ 120.317217100000107, 31.263044300000047 ], [ 120.31844220000005, 31.262604500000066 ], [ 120.31899, 31.26263 ], [ 120.3198900000001, 31.26239 ], [ 120.321690000000103, 31.26217 ], [ 120.322000000000116, 31.26192 ], [ 120.3232, 31.26169 ], [ 120.3253, 31.26173 ], [ 120.32589, 31.262 ], [ 120.329160000000115, 31.26284 ], [ 120.329750000000104, 31.26285 ], [ 120.33124, 31.26327 ], [ 120.33125, 31.26276 ], [ 120.33185, 31.26277 ], [ 120.33199, 31.26302 ], [ 120.33287, 31.26382 ], [ 120.333, 31.26433 ], [ 120.333373, 31.264429500000062 ], [ 120.334071000000108, 31.264592800000059 ], [ 120.33393070000011, 31.264838100000077 ], [ 120.33387, 31.26538 ], [ 120.33476, 31.2658 ], [ 120.33563, 31.26657 ], [ 120.335773300000028, 31.266574800000058 ], [ 120.33593, 31.26658 ], [ 120.33624, 31.26633 ], [ 120.33774, 31.2661 ], [ 120.33915740000009, 31.265644700000053 ], [ 120.340016100000071, 31.265582300000062 ], [ 120.340755500000114, 31.265843100000041 ], [ 120.340906100000097, 31.266130900000064 ], [ 120.341105500000026, 31.266125500000044 ], [ 120.341291800000022, 31.266397400000074 ], [ 120.341786900000102, 31.266378700000075 ], [ 120.342260200000055, 31.266487100000063 ], [ 120.342529700000114, 31.266625100000056 ], [ 120.342669500000056, 31.266959 ], [ 120.342693300000064, 31.267363500000044 ], [ 120.344374100000095, 31.268085 ], [ 120.344593100000111, 31.268290300000046 ], [ 120.344622400000048, 31.268648400000075 ], [ 120.345995600000037, 31.268648600000063 ], [ 120.347515900000076, 31.268775400000038 ], [ 120.347875300000055, 31.268684 ], [ 120.348565500000063, 31.26815380000005 ], [ 120.348866200000089, 31.267807 ], [ 120.349197000000117, 31.266781 ], [ 120.349677800000109, 31.266100800000061 ], [ 120.350641500000052, 31.265640200000064 ], [ 120.353576800000042, 31.265392700000064 ], [ 120.355817500000057, 31.26540360000007 ], [ 120.356504, 31.265207 ], [ 120.357500100000038, 31.264761200000066 ], [ 120.358131400000048, 31.264296800000068 ], [ 120.359202900000014, 31.263090600000055 ], [ 120.359647700000096, 31.262107700000058 ], [ 120.359367900000052, 31.261942700000077 ], [ 120.359870500000056, 31.260976500000027 ], [ 120.360126300000047, 31.260937800000079 ], [ 120.360125500000095, 31.260398400000042 ], [ 120.360305600000061, 31.259415100000069 ], [ 120.360578300000043, 31.259238100000061 ], [ 120.36134, 31.259073 ], [ 120.362037400000077, 31.259073 ], [ 120.36277, 31.2593 ], [ 120.363282, 31.25977 ], [ 120.363603800000078, 31.260512900000037 ], [ 120.363979300000096, 31.260888900000054 ], [ 120.36461230000009, 31.261237400000027 ], [ 120.364977100000033, 31.261200700000074 ], [ 120.368388900000014, 31.26278730000007 ], [ 120.369719300000042, 31.26179680000007 ], [ 120.370132300000023, 31.261618 ], [ 120.370347200000083, 31.261616400000037 ], [ 120.370529300000044, 31.261741800000038 ], [ 120.370631200000048, 31.261989400000061 ], [ 120.370652700000051, 31.262613100000067 ], [ 120.3705668, 31.263255 ], [ 120.376403300000106, 31.266941700000075 ], [ 120.376617900000042, 31.267180100000076 ], [ 120.376714500000048, 31.267592800000045 ], [ 120.378130700000042, 31.267638600000055 ], [ 120.378420300000016, 31.26795960000004 ], [ 120.379418100000066, 31.267858700000033 ], [ 120.380244200000107, 31.266794900000036 ], [ 120.381960800000115, 31.265309300000069 ], [ 120.386381100000108, 31.260026800000048 ], [ 120.387110700000107, 31.258486 ], [ 120.387357400000042, 31.257513900000049 ], [ 120.387314500000116, 31.257073600000069 ], [ 120.386906900000099, 31.256413300000077 ], [ 120.386884800000075, 31.255984600000033 ], [ 120.387258200000019, 31.254131700000073 ], [ 120.388067200000023, 31.251747500000079 ], [ 120.388271300000042, 31.251535700000034 ], [ 120.388517, 31.251414100000034 ], [ 120.38947, 31.2511 ], [ 120.389898600000038, 31.251051 ], [ 120.390605900000082, 31.251116 ], [ 120.390872500000114, 31.250814600000069 ], [ 120.390882800000099, 31.250051 ], [ 120.390999900000111, 31.249715200000026 ], [ 120.39140580000003, 31.249070800000027 ], [ 120.391782800000101, 31.248608500000046 ], [ 120.391934200000037, 31.248316 ], [ 120.392178700000045, 31.246778400000039 ], [ 120.393399, 31.24692390000007 ], [ 120.393089500000087, 31.246361300000046 ], [ 120.392519100000072, 31.246282200000053 ], [ 120.391750000000116, 31.24421 ], [ 120.391480000000115, 31.24318 ], [ 120.39119, 31.24291 ], [ 120.39093, 31.24163 ], [ 120.39064, 31.24136 ], [ 120.39052, 31.24033 ], [ 120.38893, 31.23799 ], [ 120.386340100000098, 31.234712700000046 ], [ 120.385415200000011, 31.233818800000051 ], [ 120.384140000000116, 31.233 ], [ 120.38354, 31.23286 ], [ 120.38294, 31.23285 ], [ 120.38176, 31.23257 ], [ 120.38115, 31.23281 ], [ 120.38084, 31.23306 ], [ 120.38025, 31.23305 ], [ 120.3801, 31.23292 ], [ 120.379820000000109, 31.23214 ], [ 120.37968, 31.23202 ], [ 120.379157900000109, 31.231861500000036 ], [ 120.376980000000117, 31.23234 ], [ 120.37605, 31.23322 ], [ 120.375450000000114, 31.23346 ], [ 120.37216, 31.2334 ], [ 120.370277800000054, 31.232613800000024 ], [ 120.369960400000082, 31.231802400000049 ], [ 120.36923, 31.23129 ], [ 120.36863, 31.23127 ], [ 120.368201100000078, 31.231160500000044 ], [ 120.367982100000063, 31.231395300000031 ], [ 120.36741, 31.23176 ], [ 120.36711, 31.231850300000076 ], [ 120.366488000000118, 31.231846200000064 ], [ 120.366220000000112, 31.23174 ], [ 120.365963300000089, 31.231374500000072 ], [ 120.365876200000116, 31.230798700000037 ], [ 120.365779700000076, 31.230625900000064 ], [ 120.36547870000004, 31.230431700000054 ], [ 120.364653100000055, 31.230362700000057 ], [ 120.364444700000035, 31.23019830000004 ], [ 120.364088400000014, 31.229260800000077 ], [ 120.364067, 31.229003100000057 ], [ 120.363927000000103, 31.228813400000035 ], [ 120.362725400000045, 31.228775800000051 ], [ 120.362318300000084, 31.228521100000023 ], [ 120.362312200000019, 31.228079900000068 ], [ 120.362657600000034, 31.227365 ], [ 120.362594400000035, 31.226936100000046 ], [ 120.361570200000074, 31.226604800000075 ], [ 120.361375300000077, 31.226160500000049 ], [ 120.361442600000032, 31.22568 ], [ 120.361599700000056, 31.225281900000027 ], [ 120.361040000000116, 31.22456 ], [ 120.360992500000066, 31.224339 ], [ 120.360663800000111, 31.223853400000053 ], [ 120.360320900000033, 31.223455 ], [ 120.360122900000079, 31.223309 ], [ 120.359093500000085, 31.223071700000048 ], [ 120.358202700000106, 31.222692400000028 ], [ 120.357965400000012, 31.222567 ], [ 120.35738, 31.22192 ], [ 120.35681000000011, 31.22088 ], [ 120.356722900000022, 31.220517500000028 ], [ 120.356799, 31.220048700000063 ], [ 120.356721900000025, 31.219226700000036 ], [ 120.356646200000114, 31.219051600000057 ], [ 120.356291900000087, 31.2188 ], [ 120.356736200000114, 31.218461300000058 ], [ 120.35674, 31.21805 ], [ 120.356960800000024, 31.21791920000004 ], [ 120.356858300000113, 31.217405300000053 ], [ 120.35661, 31.21702 ], [ 120.357219900000018, 31.21675920000007 ], [ 120.357605300000046, 31.217012400000044 ], [ 120.358735700000011, 31.21624550000007 ], [ 120.358965200000057, 31.215860200000066 ], [ 120.3598, 31.21542 ], [ 120.3604, 31.21517 ], [ 120.361310000000117, 31.21493 ], [ 120.36161, 31.21493 ], [ 120.362818, 31.214578500000073 ], [ 120.36282, 31.21432 ], [ 120.363058300000034, 31.214004200000034 ], [ 120.363430000000108, 31.21394 ], [ 120.36434, 31.21345 ], [ 120.364939600000071, 31.212966600000073 ], [ 120.365248, 31.212964300000067 ], [ 120.365488600000049, 31.213039500000036 ], [ 120.365964300000087, 31.213037300000053 ], [ 120.366060500000117, 31.213363300000026 ], [ 120.366428200000087, 31.213730500000054 ], [ 120.366908300000091, 31.21348050000006 ], [ 120.367385700000114, 31.213482800000065 ], [ 120.368807300000071, 31.213774100000023 ], [ 120.369322300000022, 31.213781 ], [ 120.370955800000047, 31.213707600000077 ], [ 120.371438600000033, 31.213496500000076 ], [ 120.372659000000112, 31.21365940000004 ], [ 120.3732222000001, 31.213572200000044 ], [ 120.3751105, 31.21390260000004 ], [ 120.3766984, 31.214572400000065 ], [ 120.377009500000099, 31.214604500000064 ], [ 120.37833, 31.21579 ], [ 120.37893, 31.2158 ], [ 120.37952, 31.21607 ], [ 120.37981, 31.21633 ], [ 120.379750700000045, 31.216513 ], [ 120.38077, 31.217091100000061 ], [ 120.380990000000111, 31.21713 ], [ 120.38128, 31.21739 ], [ 120.382153500000072, 31.217734200000052 ], [ 120.384373800000049, 31.218313200000068 ], [ 120.386741100000108, 31.218209700000045 ], [ 120.388889100000029, 31.217889500000069 ], [ 120.389950000000113, 31.2173 ], [ 120.39116, 31.21682 ], [ 120.39146, 31.21683 ], [ 120.392140400000017, 31.216447800000026 ], [ 120.392627100000027, 31.216979200000026 ], [ 120.393413600000031, 31.21687460000004 ], [ 120.39507, 31.21613 ], [ 120.395735100000024, 31.215602500000045 ], [ 120.396414200000095, 31.215230800000029 ], [ 120.397399700000051, 31.214925600000072 ], [ 120.397989700000039, 31.214622800000029 ], [ 120.398129200000085, 31.214398 ], [ 120.398113100000046, 31.214058500000078 ], [ 120.397855600000071, 31.213567600000033 ], [ 120.398815900000045, 31.213636500000064 ], [ 120.39914310000006, 31.214012700000069 ], [ 120.399679500000047, 31.214187 ], [ 120.400795300000027, 31.213971400000048 ], [ 120.40111, 31.21407 ], [ 120.402571, 31.212535400000036 ], [ 120.403367600000024, 31.212193600000035 ], [ 120.40386, 31.21168 ], [ 120.404665800000089, 31.211397500000032 ], [ 120.40521, 31.21158 ], [ 120.405883500000073, 31.212115600000061 ], [ 120.407758300000069, 31.212943700000039 ], [ 120.408031900000083, 31.212971200000027 ], [ 120.408638100000076, 31.213214400000027 ], [ 120.409642600000097, 31.21348160000008 ], [ 120.409720400000083, 31.213544700000057 ], [ 120.409681500000033, 31.213924300000031 ], [ 120.410071800000082, 31.21403330000004 ], [ 120.410309100000063, 31.213725900000043 ], [ 120.410451300000091, 31.213799300000062 ], [ 120.410668500000043, 31.213606600000048 ], [ 120.410928700000113, 31.213764900000058 ], [ 120.410770500000012, 31.21399660000003 ], [ 120.410877800000094, 31.214072300000055 ], [ 120.410805300000106, 31.214260400000057 ], [ 120.41127, 31.2144 ], [ 120.41278490000002, 31.214604300000076 ], [ 120.413167600000065, 31.214768800000058 ], [ 120.414774400000056, 31.215035200000045 ], [ 120.41498, 31.21513 ], [ 120.415182700000059, 31.215405300000043 ], [ 120.415580600000112, 31.215660200000059 ], [ 120.4169, 31.21631 ], [ 120.417375100000072, 31.216365800000062 ], [ 120.417857500000082, 31.216519500000061 ], [ 120.418556900000112, 31.216336400000046 ], [ 120.419458100000043, 31.216414400000076 ], [ 120.419629800000052, 31.216453400000034 ], [ 120.41997050000009, 31.216712600000051 ], [ 120.4209843000001, 31.216790600000024 ], [ 120.42137, 31.21692 ], [ 120.422183300000029, 31.217024500000036 ], [ 120.422261100000014, 31.217281400000047 ], [ 120.422438100000022, 31.217474100000061 ], [ 120.422400500000094, 31.21846510000006 ], [ 120.422754600000076, 31.218861900000036 ], [ 120.423468100000036, 31.219222 ], [ 120.42488, 31.21956 ], [ 120.42606, 31.2201 ], [ 120.42636, 31.22037 ], [ 120.42785, 31.22065 ], [ 120.430541, 31.220467600000063 ], [ 120.430852200000118, 31.220554700000037 ], [ 120.431656800000042, 31.22056850000007 ], [ 120.43263, 31.22074 ], [ 120.43353, 31.22102 ], [ 120.43681, 31.22108 ], [ 120.43711, 31.22083 ], [ 120.437410000000114, 31.22084 ], [ 120.438000000000102, 31.22111 ], [ 120.4386, 31.22112 ], [ 120.43919, 31.22139 ], [ 120.43979, 31.22152 ], [ 120.439800000000105, 31.22101 ], [ 120.44039, 31.22141 ], [ 120.44098, 31.22168 ], [ 120.44246, 31.22196 ], [ 120.44396, 31.22212 ], [ 120.443940000000111, 31.22264 ], [ 120.44454, 31.22278 ], [ 120.446330000000103, 31.22281 ], [ 120.44933, 31.22262 ], [ 120.45082, 31.22265 ], [ 120.45292, 31.22243 ], [ 120.45562, 31.22196 ], [ 120.456486900000073, 31.221741400000042 ], [ 120.456700500000011, 31.221508300000039 ], [ 120.45660620000001, 31.219428500000049 ], [ 120.45708680000007, 31.219274700000028 ], [ 120.458353800000054, 31.219095100000061 ], [ 120.460593900000049, 31.218899 ], [ 120.461389300000064, 31.218604800000037 ], [ 120.461633600000027, 31.218769800000075 ], [ 120.461660400000028, 31.218981700000029 ], [ 120.460768900000062, 31.219216900000049 ], [ 120.46177380000006, 31.221163600000068 ], [ 120.462999500000024, 31.220661200000052 ], [ 120.463224800000035, 31.220667100000071 ], [ 120.46330880000005, 31.220754500000055 ], [ 120.463371500000108, 31.220739300000048 ], [ 120.463448900000117, 31.220703400000048 ], [ 120.463431900000046, 31.220554 ], [ 120.463561800000093, 31.220423600000061 ], [ 120.463745300000028, 31.220418800000061 ], [ 120.4638893, 31.22053470000003 ], [ 120.463944900000115, 31.220510200000035 ], [ 120.464014600000041, 31.220479700000055 ], [ 120.463988100000051, 31.220344 ], [ 120.464075600000115, 31.220223200000078 ], [ 120.464469500000064, 31.22005310000003 ], [ 120.463265, 31.217984200000046 ], [ 120.463290100000108, 31.217882800000041 ], [ 120.463569200000052, 31.21776 ], [ 120.463790800000083, 31.217777100000035 ], [ 120.464017900000044, 31.217917200000045 ], [ 120.465023600000109, 31.220079500000054 ], [ 120.46510950000004, 31.220042100000057 ], [ 120.465184500000078, 31.22000950000006 ], [ 120.465094100000101, 31.219751100000053 ], [ 120.46512610000002, 31.219325400000059 ], [ 120.465335400000072, 31.219360700000038 ], [ 120.466025200000104, 31.219083200000057 ], [ 120.466406900000038, 31.219118200000025 ], [ 120.466590500000052, 31.219234500000027 ], [ 120.466876500000012, 31.219101100000046 ], [ 120.466725100000076, 31.218908700000043 ], [ 120.4668067, 31.218777300000056 ], [ 120.466960800000038, 31.218730900000025 ], [ 120.46760340000003, 31.219466300000079 ], [ 120.467786300000057, 31.219546200000025 ], [ 120.46781180000005, 31.219667500000071 ], [ 120.467982100000086, 31.219719200000043 ], [ 120.46804330000009, 31.219509200000061 ], [ 120.468567300000018, 31.219378500000062 ], [ 120.468683600000077, 31.21899460000003 ], [ 120.468792500000063, 31.218976500000053 ], [ 120.468868600000064, 31.21918560000006 ], [ 120.468819900000085, 31.219360900000027 ], [ 120.469209200000023, 31.219382900000028 ], [ 120.470199500000035, 31.219700500000044 ], [ 120.470573, 31.220149400000025 ], [ 120.471046800000067, 31.22036520000006 ], [ 120.472703600000045, 31.220669200000032 ], [ 120.4729575, 31.220528100000024 ], [ 120.472994700000072, 31.220348100000024 ], [ 120.473373600000059, 31.220235500000058 ], [ 120.4738542, 31.219844 ], [ 120.474147300000027, 31.219253400000071 ], [ 120.476116400000024, 31.216597900000068 ], [ 120.476193600000101, 31.216353100000049 ], [ 120.476953200000025, 31.215338 ], [ 120.477228600000103, 31.214800300000036 ], [ 120.477597500000115, 31.214420300000029 ], [ 120.477539200000024, 31.214348800000039 ], [ 120.478613200000041, 31.212662800000032 ], [ 120.478624700000069, 31.211846900000069 ], [ 120.478790000000117, 31.21125 ], [ 120.4789273, 31.210227200000077 ], [ 120.479118700000072, 31.209811400000035 ], [ 120.479392100000041, 31.208510200000035 ], [ 120.479579200000103, 31.208371900000031 ], [ 120.479612300000099, 31.208174 ], [ 120.479458600000044, 31.208148400000027 ], [ 120.479623, 31.207588800000053 ], [ 120.479567600000109, 31.207441200000062 ], [ 120.479611200000022, 31.20736050000005 ], [ 120.479905600000052, 31.207351300000028 ], [ 120.480090100000098, 31.207217200000059 ], [ 120.480271500000072, 31.207223800000065 ], [ 120.480255400000033, 31.207168100000047 ], [ 120.480294400000048, 31.207128500000067 ], [ 120.480132500000082, 31.207074600000055 ], [ 120.480064, 31.206778400000076 ], [ 120.479924200000028, 31.206618500000047 ], [ 120.479911400000105, 31.205975800000033 ], [ 120.480235100000073, 31.205482200000063 ], [ 120.480549500000052, 31.205397900000037 ], [ 120.480550700000094, 31.204801800000041 ], [ 120.480312600000047, 31.203182500000025 ], [ 120.480192700000089, 31.203066900000067 ], [ 120.48005790000002, 31.203189300000076 ], [ 120.479924600000118, 31.203111900000067 ], [ 120.479609900000014, 31.202681400000074 ], [ 120.479228900000066, 31.202524600000061 ], [ 120.479194300000017, 31.202338600000076 ], [ 120.479393200000118, 31.202114400000028 ], [ 120.479246500000045, 31.201889700000038 ], [ 120.479348800000025, 31.201682800000071 ], [ 120.479735800000071, 31.201283400000079 ], [ 120.48032790000002, 31.201118800000074 ], [ 120.480842300000063, 31.200448600000072 ], [ 120.480778100000066, 31.19843 ], [ 120.480603500000029, 31.197614500000043 ], [ 120.480155, 31.196383100000048 ], [ 120.479544500000088, 31.19549440000003 ], [ 120.478883200000041, 31.19415870000006 ], [ 120.47860860000003, 31.193974200000071 ], [ 120.47852290000003, 31.19377540000005 ], [ 120.47781980000002, 31.193438900000046 ], [ 120.477703900000051, 31.193379800000059 ], [ 120.477754200000049, 31.193207900000061 ], [ 120.477471900000069, 31.192923700000051 ], [ 120.477366400000051, 31.192976400000077 ], [ 120.477631300000098, 31.193302200000062 ], [ 120.477472200000079, 31.19339640000004 ], [ 120.477322300000083, 31.193145600000037 ], [ 120.476979200000073, 31.192924400000038 ], [ 120.476656100000014, 31.192494800000077 ], [ 120.476786600000082, 31.19176420000008 ], [ 120.477040100000067, 31.191442300000062 ], [ 120.47705330000008, 31.190739200000053 ], [ 120.47728630000006, 31.190203100000076 ], [ 120.477097400000048, 31.188435 ], [ 120.476262500000075, 31.186501100000044 ], [ 120.476008, 31.186124900000038 ], [ 120.475646500000039, 31.18585360000003 ], [ 120.474676300000056, 31.184486800000059 ], [ 120.473311100000046, 31.182255200000043 ], [ 120.47241, 31.1813 ], [ 120.472130000000107, 31.18053 ], [ 120.47184, 31.18027 ], [ 120.47155, 31.17975 ], [ 120.471393400000011, 31.178992700000038 ], [ 120.471077900000068, 31.178769100000068 ], [ 120.470925800000032, 31.178513600000031 ], [ 120.470733800000062, 31.178401500000064 ], [ 120.46935, 31.17829 ], [ 120.46919, 31.17816 ], [ 120.468504200000098, 31.176990800000056 ], [ 120.468359400000054, 31.176427500000045 ], [ 120.468124700000089, 31.175940700000069 ], [ 120.46748, 31.17555 ], [ 120.46734, 31.17504 ], [ 120.466821500000037, 31.174562900000069 ], [ 120.466492700000117, 31.174391600000035 ], [ 120.466219900000056, 31.173847500000079 ], [ 120.465626600000064, 31.173509100000047 ], [ 120.465055500000062, 31.172947800000031 ], [ 120.465021800000045, 31.172692700000027 ], [ 120.464793800000052, 31.172403900000063 ], [ 120.463430400000107, 31.17157190000006 ], [ 120.463109500000087, 31.171565700000031 ], [ 120.462656200000083, 31.171173200000055 ], [ 120.462322400000062, 31.170582500000023 ], [ 120.461761100000103, 31.170314800000028 ], [ 120.460707600000092, 31.168623900000057 ], [ 120.460359500000095, 31.168304800000044 ], [ 120.45992, 31.16769 ], [ 120.459716800000024, 31.167579 ], [ 120.458343, 31.166227 ], [ 120.458006800000021, 31.166265200000055 ], [ 120.457486, 31.165623200000027 ], [ 120.457259900000054, 31.165508900000077 ], [ 120.45708680000007, 31.164831200000037 ], [ 120.456887500000107, 31.164655300000049 ], [ 120.456251700000053, 31.164666400000044 ], [ 120.455272500000092, 31.163278500000047 ], [ 120.455104600000027, 31.163404600000035 ], [ 120.454917600000044, 31.163356 ], [ 120.455255800000032, 31.162967200000026 ], [ 120.455131900000083, 31.162792300000035 ], [ 120.454913500000089, 31.162852100000066 ], [ 120.454275900000084, 31.162825500000054 ], [ 120.454219200000011, 31.162744600000053 ], [ 120.454965, 31.16230980000006 ], [ 120.455532600000083, 31.161873300000025 ], [ 120.455496, 31.16180890000004 ], [ 120.454948500000114, 31.162058 ], [ 120.454299000000105, 31.161908100000062 ], [ 120.454157400000099, 31.162076600000034 ], [ 120.453654, 31.16201280000007 ], [ 120.453228, 31.162141200000065 ], [ 120.453096300000084, 31.16192060000003 ], [ 120.452852300000018, 31.160919800000045 ], [ 120.452630000000113, 31.16061 ], [ 120.452617900000064, 31.160293100000047 ], [ 120.452476700000034, 31.160185900000045 ], [ 120.452296800000113, 31.159839800000043 ], [ 120.451987, 31.158716600000048 ], [ 120.452023600000075, 31.158471800000029 ], [ 120.450978300000088, 31.157329200000049 ], [ 120.45070510000005, 31.156934 ], [ 120.450665, 31.156347700000026 ], [ 120.449296300000015, 31.154785300000071 ], [ 120.449156500000072, 31.154752200000075 ], [ 120.44862210000008, 31.15491570000006 ], [ 120.446749800000021, 31.152559 ], [ 120.44619200000011, 31.152489900000035 ], [ 120.44579130000011, 31.152293100000065 ], [ 120.444840000000113, 31.15043 ], [ 120.44454, 31.15017 ], [ 120.444365700000048, 31.149741 ], [ 120.444066900000053, 31.149537600000031 ], [ 120.443325900000104, 31.148302100000024 ], [ 120.443022600000063, 31.148061 ], [ 120.442604700000061, 31.147561600000074 ], [ 120.441842600000086, 31.146965600000044 ], [ 120.440473400000087, 31.144859 ], [ 120.43977, 31.14429 ], [ 120.43947, 31.14428 ], [ 120.438724400000069, 31.143806600000062 ], [ 120.438718400000084, 31.143396500000051 ], [ 120.438182700000084, 31.142815900000073 ], [ 120.43787060000011, 31.142651800000067 ], [ 120.43720380000002, 31.141767300000026 ], [ 120.436767600000053, 31.141499700000054 ], [ 120.436220100000014, 31.141367700000046 ], [ 120.435765900000092, 31.140548200000069 ], [ 120.435283400000117, 31.139942500000075 ], [ 120.434586900000113, 31.139682400000027 ], [ 120.434500200000116, 31.139350100000058 ], [ 120.43435640000007, 31.139359900000045 ], [ 120.434129700000085, 31.13898990000007 ], [ 120.43395750000002, 31.139005 ], [ 120.433714, 31.138847500000054 ], [ 120.433587700000089, 31.138522600000044 ], [ 120.432900500000073, 31.138477700000067 ], [ 120.431577300000072, 31.137712700000066 ], [ 120.431747800000039, 31.137304300000039 ], [ 120.431456, 31.137221600000032 ], [ 120.43135790000008, 31.137526300000047 ], [ 120.430779100000109, 31.137576300000035 ], [ 120.4305309, 31.137513300000023 ], [ 120.429170400000089, 31.136824600000068 ], [ 120.429287700000032, 31.136806900000067 ], [ 120.429328100000021, 31.136708 ], [ 120.429476100000102, 31.136717800000042 ], [ 120.429171800000063, 31.136436900000035 ], [ 120.428983900000048, 31.13640840000005 ], [ 120.428981400000112, 31.13628680000005 ], [ 120.429634700000065, 31.135582800000066 ], [ 120.429782500000101, 31.135590100000059 ], [ 120.429831700000022, 31.135518900000079 ], [ 120.429602700000032, 31.135240900000042 ], [ 120.429106100000013, 31.135145700000066 ], [ 120.429098900000099, 31.135248900000079 ], [ 120.429446200000029, 31.135309900000038 ], [ 120.429516600000056, 31.135445400000037 ], [ 120.428659300000049, 31.136330200000032 ], [ 120.428288100000032, 31.136380600000052 ], [ 120.427372700000092, 31.13568870000006 ], [ 120.42738630000008, 31.135153900000034 ], [ 120.4272214, 31.13499870000004 ], [ 120.426808400000027, 31.134867300000053 ], [ 120.426682, 31.135136500000044 ], [ 120.426183700000024, 31.13505420000007 ], [ 120.425789500000064, 31.135182100000065 ], [ 120.425723400000038, 31.135144400000058 ], [ 120.425715, 31.135065300000065 ], [ 120.426062600000023, 31.134695800000031 ], [ 120.426010100000099, 31.134562900000049 ], [ 120.425792200000046, 31.13463820000004 ], [ 120.425758700000074, 31.134473200000059 ], [ 120.425235500000099, 31.134170700000027 ], [ 120.425211600000011, 31.133947500000033 ], [ 120.425116000000116, 31.133721200000025 ], [ 120.424806000000103, 31.133555700000045 ], [ 120.424714700000095, 31.133256200000062 ], [ 120.424987900000019, 31.132884500000046 ], [ 120.425142500000106, 31.132986800000026 ], [ 120.425613200000043, 31.13359760000003 ], [ 120.425754200000029, 31.133603400000027 ], [ 120.426145, 31.13331050000005 ], [ 120.426176900000087, 31.132990800000073 ], [ 120.426173100000028, 31.132890900000064 ], [ 120.42695910000009, 31.132423800000026 ], [ 120.427002300000026, 31.132433800000058 ], [ 120.428020600000082, 31.131808500000034 ], [ 120.42796450000003, 31.131601900000078 ], [ 120.427989500000081, 31.131517 ], [ 120.427911100000074, 31.13145030000004 ], [ 120.427874400000064, 31.13137480000006 ], [ 120.427849700000024, 31.131295600000044 ], [ 120.427722200000062, 31.131180100000051 ], [ 120.427648600000111, 31.131132900000068 ], [ 120.427536600000053, 31.131122400000038 ], [ 120.427456700000107, 31.13110480000006 ], [ 120.4274967, 31.130992800000058 ], [ 120.427647300000103, 31.130785200000048 ], [ 120.427705600000081, 31.130593 ], [ 120.427615500000115, 31.130417700000066 ], [ 120.427737200000024, 31.13019440000005 ], [ 120.428133500000058, 31.129906100000028 ], [ 120.428602400000045, 31.12933090000007 ], [ 120.429329700000039, 31.128931700000066 ], [ 120.430435200000034, 31.128046200000028 ], [ 120.430783400000109, 31.127203500000064 ], [ 120.430808400000046, 31.126790800000038 ], [ 120.430981700000075, 31.126423800000055 ], [ 120.431847400000038, 31.125727900000072 ], [ 120.432396600000061, 31.125445700000057 ], [ 120.432900500000073, 31.125069600000074 ], [ 120.433051100000057, 31.124673400000063 ], [ 120.433407400000078, 31.124593100000027 ], [ 120.43384930000002, 31.124212500000056 ], [ 120.434290200000078, 31.123651400000028 ], [ 120.43467540000006, 31.123353200000054 ], [ 120.4348764, 31.122864700000036 ], [ 120.435192, 31.122614700000042 ], [ 120.435245200000054, 31.122337900000048 ], [ 120.435417500000085, 31.122278300000062 ], [ 120.43546850000007, 31.122176500000023 ], [ 120.435428200000047, 31.121986100000072 ], [ 120.435594800000104, 31.121841700000061 ], [ 120.435564200000044, 31.121681100000046 ], [ 120.435710800000038, 31.12166 ], [ 120.435976800000049, 31.121421100000077 ], [ 120.436681600000043, 31.120637400000078 ], [ 120.436779600000023, 31.12031090000005 ], [ 120.4372141, 31.119963600000062 ], [ 120.43823, 31.11843 ], [ 120.43855, 31.1174 ], [ 120.43861, 31.11535 ], [ 120.438313500000049, 31.112503700000048 ], [ 120.43800130000011, 31.111347900000055 ], [ 120.437167800000111, 31.110037400000067 ], [ 120.43724480000003, 31.109860900000058 ], [ 120.43695630000002, 31.109304500000064 ], [ 120.435457800000108, 31.107671400000072 ], [ 120.43539, 31.10732 ], [ 120.434777500000109, 31.106613100000061 ], [ 120.434724800000026, 31.106410500000038 ], [ 120.43483040000001, 31.106173600000034 ], [ 120.435025500000052, 31.106016900000043 ], [ 120.434870500000102, 31.105926100000033 ], [ 120.434714400000075, 31.105865600000072 ], [ 120.434342600000036, 31.105954800000063 ], [ 120.4341703, 31.105867900000078 ], [ 120.434105700000032, 31.105647200000078 ], [ 120.433361900000023, 31.105481400000031 ], [ 120.433197100000029, 31.105331400000068 ], [ 120.432309600000053, 31.10519910000005 ], [ 120.432175200000074, 31.105082700000025 ], [ 120.43219160000001, 31.104832100000067 ], [ 120.431371400000103, 31.104521400000067 ], [ 120.430987500000015, 31.104164100000048 ], [ 120.4292259, 31.103237500000034 ], [ 120.429254400000104, 31.103145 ], [ 120.428983200000062, 31.103078100000062 ], [ 120.428218500000071, 31.10262240000003 ], [ 120.42697540000006, 31.101561100000026 ], [ 120.426393800000028, 31.101388200000031 ], [ 120.425557100000105, 31.100919600000054 ], [ 120.424927500000081, 31.10026270000003 ], [ 120.424637800000028, 31.10009 ], [ 120.424548200000118, 31.099787100000071 ], [ 120.424161100000106, 31.099575500000071 ], [ 120.423429400000032, 31.099342200000024 ], [ 120.423176900000044, 31.09917420000005 ], [ 120.42313, 31.099093500000038 ], [ 120.423208800000111, 31.099026900000069 ], [ 120.422847800000113, 31.098909100000071 ], [ 120.422694800000045, 31.098767700000053 ], [ 120.422373000000107, 31.098275700000045 ], [ 120.422338800000034, 31.09815320000007 ], [ 120.422422200000028, 31.09805840000007 ], [ 120.422222, 31.097926900000061 ], [ 120.421428400000082, 31.097036500000058 ], [ 120.421198700000105, 31.096978500000034 ], [ 120.420919700000013, 31.096729200000027 ], [ 120.42030960000011, 31.096597700000075 ], [ 120.419106, 31.096607300000073 ], [ 120.419139400000063, 31.096427600000027 ], [ 120.418318200000044, 31.096478300000058 ], [ 120.417967700000077, 31.096491300000025 ], [ 120.417933600000083, 31.09605490000007 ], [ 120.417706100000032, 31.095570400000042 ], [ 120.417622800000117, 31.095461400000033 ], [ 120.417452300000036, 31.095428100000049 ], [ 120.412586300000044, 31.096934300000044 ], [ 120.412198100000069, 31.097054900000046 ], [ 120.412177200000087, 31.097140800000034 ], [ 120.41105970000001, 31.097442300000068 ], [ 120.41106, 31.097652 ], [ 120.411450400000035, 31.097816900000055 ], [ 120.411568400000078, 31.098082600000055 ], [ 120.410804700000085, 31.09913430000006 ], [ 120.4103632, 31.099027600000056 ], [ 120.409078400000112, 31.100903300000027 ], [ 120.408925200000112, 31.101465100000041 ], [ 120.4087872, 31.101658800000052 ], [ 120.408753, 31.102028700000062 ], [ 120.408525900000086, 31.102400800000055 ], [ 120.408505600000012, 31.102645300000063 ], [ 120.408601500000032, 31.102936100000079 ], [ 120.408433100000025, 31.103478400000029 ], [ 120.4091237, 31.103794 ], [ 120.409196700000052, 31.103824300000042 ], [ 120.409145, 31.104090800000051 ], [ 120.40890980000006, 31.104673200000036 ], [ 120.408810900000049, 31.10470760000004 ], [ 120.408430100000032, 31.104653700000028 ], [ 120.408133500000076, 31.104790500000036 ], [ 120.407703400000059, 31.104662800000028 ], [ 120.407428400000072, 31.104887500000075 ], [ 120.407289800000058, 31.104838800000039 ], [ 120.407014000000117, 31.105076 ], [ 120.407101700000112, 31.105248300000028 ], [ 120.406862400000023, 31.105461800000057 ], [ 120.40679010000008, 31.105940600000054 ], [ 120.406452500000114, 31.106065500000057 ], [ 120.406349100000057, 31.106558900000039 ], [ 120.406150500000081, 31.106720600000074 ], [ 120.405925800000091, 31.106756 ], [ 120.405771, 31.10697730000004 ], [ 120.4057295, 31.107278700000052 ], [ 120.40558580000004, 31.107546200000058 ], [ 120.405281900000091, 31.107669300000055 ], [ 120.404932, 31.10822150000007 ], [ 120.404733100000044, 31.108249400000034 ], [ 120.404539900000032, 31.108498800000064 ], [ 120.40430630000003, 31.108986100000038 ], [ 120.404325, 31.10927 ], [ 120.40422070000011, 31.109477600000048 ], [ 120.403727700000104, 31.109883400000058 ], [ 120.402984900000092, 31.110151100000053 ], [ 120.402304900000104, 31.110537 ], [ 120.40171040000007, 31.111521300000049 ], [ 120.400954200000115, 31.112437400000033 ], [ 120.400878900000066, 31.112744600000042 ], [ 120.400103700000045, 31.113317100000074 ], [ 120.400096100000042, 31.113399300000026 ], [ 120.400561700000026, 31.113805200000058 ], [ 120.400584400000071, 31.113944400000037 ], [ 120.400506900000096, 31.114024200000074 ], [ 120.3999467000001, 31.114274400000056 ], [ 120.399346400000013, 31.11434330000003 ], [ 120.398776600000019, 31.114296300000035 ], [ 120.39869490000001, 31.11390270000004 ], [ 120.398498200000063, 31.113921 ], [ 120.398474400000055, 31.114217900000028 ], [ 120.398203200000012, 31.114177700000027 ], [ 120.398144200000047, 31.113900500000057 ], [ 120.397430200000031, 31.113905800000055 ], [ 120.397111100000075, 31.114099700000054 ], [ 120.39673520000008, 31.114484600000026 ], [ 120.396283, 31.114741300000048 ], [ 120.395570400000111, 31.11492080000005 ], [ 120.394990900000039, 31.114932200000055 ], [ 120.394945700000108, 31.11512 ], [ 120.394508200000018, 31.115125400000068 ], [ 120.394498200000044, 31.114893 ], [ 120.393615400000044, 31.114893 ], [ 120.393375200000037, 31.114969100000053 ], [ 120.392942100000027, 31.114922900000067 ], [ 120.391985100000056, 31.114620600000023 ], [ 120.391555800000106, 31.114575400000035 ], [ 120.391069800000082, 31.114726400000052 ], [ 120.3902352, 31.11519190000007 ], [ 120.389535600000045, 31.115176800000029 ], [ 120.389051600000016, 31.114616200000057 ], [ 120.388739200000032, 31.114099200000055 ], [ 120.388618300000076, 31.113616200000024 ], [ 120.387877800000069, 31.112290200000075 ], [ 120.387592400000017, 31.112077600000077 ], [ 120.387287600000036, 31.111666800000023 ], [ 120.387148400000115, 31.111666200000059 ], [ 120.386573100000078, 31.111121400000059 ], [ 120.386057600000072, 31.110416500000042 ], [ 120.385536700000102, 31.110256800000059 ], [ 120.384525, 31.110107600000049 ], [ 120.384019900000112, 31.109874500000046 ], [ 120.38379, 31.109689 ], [ 120.383479200000011, 31.109166400000049 ], [ 120.383558700000094, 31.108777700000076 ], [ 120.383307900000091, 31.108644600000048 ], [ 120.383289200000036, 31.108538600000031 ], [ 120.382798, 31.108310200000062 ], [ 120.382335, 31.108297700000037 ], [ 120.38157010000009, 31.107102300000065 ], [ 120.381393700000103, 31.10647890000007 ], [ 120.381349800000066, 31.105389100000025 ], [ 120.3811022000001, 31.104352800000072 ], [ 120.380777800000033, 31.103921400000047 ], [ 120.380416800000035, 31.103618400000073 ], [ 120.380141200000025, 31.103203200000053 ], [ 120.38000430000011, 31.102826700000037 ], [ 120.379968900000108, 31.102253900000051 ], [ 120.379328100000066, 31.100422600000059 ], [ 120.378882100000055, 31.099927500000035 ], [ 120.378476700000078, 31.099818300000038 ], [ 120.378149900000039, 31.098848600000053 ], [ 120.378152700000101, 31.09839450000004 ], [ 120.378046200000085, 31.098393900000076 ], [ 120.37769830000002, 31.097825300000068 ], [ 120.377867700000024, 31.097750700000063 ], [ 120.377580200000011, 31.09724360000007 ], [ 120.377589400000033, 31.09658150000007 ], [ 120.3775051, 31.096140400000024 ], [ 120.37760250000008, 31.096025800000064 ], [ 120.377499300000068, 31.095547600000032 ], [ 120.377396400000066, 31.095505200000048 ], [ 120.377313900000104, 31.095208800000023 ], [ 120.377395300000103, 31.09512790000008 ], [ 120.3772212, 31.094931400000064 ], [ 120.376, 31.09404 ], [ 120.375210400000014, 31.09379320000005 ], [ 120.375058500000023, 31.093684200000041 ], [ 120.374945100000105, 31.09349270000007 ], [ 120.37471, 31.09247 ], [ 120.374595800000066, 31.09080780000005 ], [ 120.374471600000106, 31.090428900000063 ], [ 120.37390490000007, 31.089642800000036 ], [ 120.371921, 31.088212400000032 ], [ 120.371823900000095, 31.087859800000047 ], [ 120.371626300000116, 31.087636400000065 ], [ 120.371414400000049, 31.087491 ], [ 120.37091, 31.087424100000078 ], [ 120.36979, 31.08672 ], [ 120.368160000000103, 31.08604 ], [ 120.36787, 31.08578 ], [ 120.367240400000014, 31.085580900000025 ], [ 120.366618800000083, 31.085254600000042 ], [ 120.364612800000032, 31.084448900000041 ], [ 120.363606300000015, 31.084218200000066 ], [ 120.36328, 31.08399890000004 ], [ 120.360933800000112, 31.083642 ], [ 120.360774700000093, 31.083835700000066 ], [ 120.360681200000045, 31.084459200000026 ], [ 120.3607326, 31.08487690000004 ], [ 120.359344, 31.084966300000076 ], [ 120.359401500000104, 31.083993200000066 ], [ 120.359146200000055, 31.083714900000075 ], [ 120.359028600000102, 31.083452400000056 ], [ 120.358624500000019, 31.083194800000058 ], [ 120.358291800000075, 31.083083100000067 ], [ 120.35811990000002, 31.083174600000063 ], [ 120.357703700000116, 31.083148600000072 ], [ 120.357371400000034, 31.082969500000047 ], [ 120.356818700000076, 31.08291040000006 ], [ 120.356121900000062, 31.082979600000044 ], [ 120.3556430000001, 31.083122600000024 ], [ 120.355265700000018, 31.082990700000039 ], [ 120.354788300000109, 31.082580800000073 ], [ 120.354407100000117, 31.081820700000037 ], [ 120.354014300000017, 31.081442400000071 ], [ 120.35367, 31.080899900000077 ], [ 120.353366, 31.080829900000026 ], [ 120.353105300000038, 31.080382500000042 ], [ 120.353298500000051, 31.079915 ], [ 120.353348900000015, 31.079420300000038 ], [ 120.353165900000022, 31.079239 ], [ 120.353174100000047, 31.078923 ], [ 120.353309500000023, 31.078660300000024 ], [ 120.353465300000039, 31.078600200000039 ], [ 120.353521500000056, 31.078463100000079 ], [ 120.353252400000088, 31.078340400000059 ], [ 120.353164300000117, 31.078136100000052 ], [ 120.353593700000033, 31.076738400000067 ], [ 120.353526800000054, 31.076634400000046 ], [ 120.353591600000073, 31.07655520000003 ], [ 120.353961500000082, 31.076454200000057 ], [ 120.354255900000112, 31.076147200000037 ], [ 120.354358100000013, 31.076165 ], [ 120.354498600000056, 31.076047700000061 ], [ 120.354623300000071, 31.076105400000074 ], [ 120.354684, 31.076003600000035 ], [ 120.354737100000079, 31.075914500000067 ], [ 120.354503800000089, 31.07572760000005 ], [ 120.354397600000084, 31.075485 ], [ 120.354460900000049, 31.075297500000033 ], [ 120.355481, 31.074422 ], [ 120.355543800000078, 31.074212300000056 ], [ 120.355356100000108, 31.074052800000061 ], [ 120.355329600000118, 31.073901300000045 ], [ 120.355434500000115, 31.073382200000026 ], [ 120.355539500000077, 31.073290400000076 ], [ 120.355752700000039, 31.073290800000052 ], [ 120.3562114, 31.073493 ], [ 120.356340700000032, 31.073425800000052 ], [ 120.356543400000078, 31.073498100000052 ], [ 120.356717700000104, 31.072875200000055 ], [ 120.356668900000045, 31.072612500000048 ], [ 120.356000000000108, 31.072567800000058 ], [ 120.35599840000009, 31.07238 ], [ 120.355910600000016, 31.072317800000064 ], [ 120.356172400000105, 31.072152800000026 ], [ 120.355986100000109, 31.07208810000003 ], [ 120.355866000000105, 31.071390300000076 ], [ 120.356058600000097, 31.07129180000004 ], [ 120.355917500000032, 31.071147400000029 ], [ 120.355145400000083, 31.071227100000044 ], [ 120.355039300000044, 31.071115200000065 ], [ 120.354465900000037, 31.068577 ], [ 120.354493600000069, 31.068309800000065 ], [ 120.354961000000117, 31.066976900000043 ], [ 120.35510940000006, 31.066974300000027 ], [ 120.355140500000061, 31.067031600000064 ], [ 120.354678100000115, 31.068287800000064 ], [ 120.355187500000056, 31.071067300000038 ], [ 120.355965200000014, 31.07101490000008 ], [ 120.3561889, 31.071248300000036 ], [ 120.35706950000008, 31.071056100000078 ], [ 120.357013900000084, 31.070892900000047 ], [ 120.356728800000042, 31.070945100000074 ], [ 120.35667, 31.070900900000026 ], [ 120.35616610000011, 31.069121600000074 ], [ 120.356569100000115, 31.066741200000024 ], [ 120.356616300000042, 31.066663900000037 ], [ 120.356982300000027, 31.066585900000064 ], [ 120.357010200000104, 31.066373400000032 ], [ 120.356769800000052, 31.066421100000071 ], [ 120.3566336, 31.06652790000004 ], [ 120.35653990000003, 31.066504900000041 ], [ 120.356517100000019, 31.066187900000045 ], [ 120.356171, 31.066331300000058 ], [ 120.356193900000108, 31.066517800000042 ], [ 120.355979600000069, 31.066463 ], [ 120.355995800000073, 31.066241400000024 ], [ 120.356392800000094, 31.066065700000024 ], [ 120.356213400000115, 31.065727800000047 ], [ 120.355667200000084, 31.066011200000048 ], [ 120.355335, 31.066007600000034 ], [ 120.355173700000023, 31.065927400000078 ], [ 120.354433600000107, 31.064986 ], [ 120.354241200000047, 31.06503680000003 ], [ 120.35421980000001, 31.064939300000049 ], [ 120.354442300000073, 31.06484080000007 ], [ 120.354474600000117, 31.06472320000006 ], [ 120.35465940000006, 31.064606900000058 ], [ 120.35450870000011, 31.064422 ], [ 120.35383980000006, 31.064017 ], [ 120.35322050000002, 31.063789200000031 ], [ 120.352191800000014, 31.062991900000043 ], [ 120.352068700000018, 31.063009600000044 ], [ 120.351608600000077, 31.062611700000048 ], [ 120.351488900000049, 31.062445300000036 ], [ 120.351528, 31.062259400000073 ], [ 120.351063400000044, 31.062034200000028 ], [ 120.349836600000117, 31.061639500000069 ], [ 120.349780100000089, 31.061739500000044 ], [ 120.348167400000079, 31.06125140000006 ], [ 120.347515900000076, 31.060894800000028 ], [ 120.347268500000041, 31.060671900000045 ], [ 120.347078800000077, 31.060625100000038 ], [ 120.346747200000095, 31.060267700000054 ], [ 120.346233900000016, 31.06012 ], [ 120.345476300000087, 31.060113 ], [ 120.345311600000059, 31.060229900000024 ], [ 120.345140100000094, 31.060212600000057 ], [ 120.344986100000028, 31.060047 ], [ 120.344505700000013, 31.059952300000077 ], [ 120.343789500000071, 31.059690200000034 ], [ 120.343469100000107, 31.059260300000062 ], [ 120.339842800000042, 31.057962800000041 ], [ 120.338921400000118, 31.057509700000026 ], [ 120.3386177000001, 31.057261600000061 ], [ 120.338372800000116, 31.057285100000058 ], [ 120.33821260000002, 31.057194300000049 ], [ 120.338037, 31.056911800000023 ], [ 120.337831100000017, 31.056925600000056 ], [ 120.337370300000089, 31.056423100000075 ], [ 120.337251700000024, 31.056106400000033 ], [ 120.337044900000024, 31.055844900000068 ], [ 120.336630400000104, 31.055589500000053 ], [ 120.336518200000114, 31.055377400000054 ], [ 120.33654080000008, 31.05514990000006 ], [ 120.33681630000001, 31.054983400000026 ], [ 120.336899500000072, 31.05459 ], [ 120.336791500000118, 31.054077900000038 ], [ 120.336465200000021, 31.053797400000064 ], [ 120.336425300000087, 31.053504300000043 ], [ 120.336217100000113, 31.053329800000029 ], [ 120.335855800000104, 31.053252400000076 ], [ 120.33568230000003, 31.053117500000042 ], [ 120.335675900000069, 31.052938900000072 ], [ 120.335522100000048, 31.052913300000057 ], [ 120.335227900000064, 31.052687200000037 ], [ 120.333599400000026, 31.052075 ], [ 120.333566800000085, 31.051910100000043 ], [ 120.333405400000061, 31.051812700000028 ], [ 120.333137700000066, 31.051811500000042 ], [ 120.3330482, 31.052012600000069 ], [ 120.3327461, 31.052134100000046 ], [ 120.332519500000103, 31.052102700000034 ], [ 120.332388800000103, 31.051991300000054 ], [ 120.332050400000071, 31.052119300000072 ], [ 120.332085300000017, 31.052296200000058 ], [ 120.331980200000089, 31.05237470000003 ], [ 120.331798100000015, 31.052400800000044 ], [ 120.331700800000021, 31.052320700000053 ], [ 120.331513400000063, 31.052407600000038 ], [ 120.331561100000044, 31.052539500000023 ], [ 120.331322000000114, 31.052652800000033 ], [ 120.331199800000036, 31.05255180000006 ], [ 120.330445700000041, 31.052808600000049 ], [ 120.329970600000024, 31.052799600000071 ], [ 120.329137700000047, 31.053540400000031 ], [ 120.328442000000109, 31.053439600000047 ], [ 120.328184, 31.053221500000063 ], [ 120.328015800000117, 31.052896900000064 ], [ 120.328185300000086, 31.052594800000065 ], [ 120.328205300000036, 31.05235760000005 ], [ 120.328074100000094, 31.052201500000024 ], [ 120.32813770000007, 31.051550700000064 ], [ 120.3283963, 31.051416600000039 ], [ 120.32940270000006, 31.050361400000043 ], [ 120.329681600000072, 31.049815900000056 ], [ 120.329635300000064, 31.04908770000003 ], [ 120.329831100000092, 31.048515800000075 ], [ 120.3296299000001, 31.048511700000063 ], [ 120.329115400000092, 31.047122300000069 ], [ 120.329249000000118, 31.046839100000057 ], [ 120.328469, 31.045529 ], [ 120.328186200000118, 31.045335800000032 ], [ 120.327972500000101, 31.045009500000049 ], [ 120.327911100000051, 31.044627 ], [ 120.328047300000094, 31.044191200000057 ], [ 120.327884400000016, 31.043811400000038 ], [ 120.3279142, 31.04358730000007 ], [ 120.327052600000115, 31.042381 ], [ 120.326853600000049, 31.042272800000035 ], [ 120.3265679000001, 31.041831500000058 ], [ 120.326061600000116, 31.041513700000053 ], [ 120.325934400000051, 31.041255700000079 ], [ 120.32599550000009, 31.041093600000067 ], [ 120.325925700000084, 31.040992500000073 ], [ 120.325597400000106, 31.040896400000065 ], [ 120.325468800000067, 31.040743600000042 ], [ 120.3254971, 31.040395500000045 ], [ 120.325414500000079, 31.040265800000043 ], [ 120.325446600000078, 31.040132600000049 ], [ 120.325650900000028, 31.040033100000073 ], [ 120.326033, 31.039996700000074 ], [ 120.326114, 31.03986 ], [ 120.32688840000003, 31.039836500000035 ], [ 120.327192200000013, 31.039687900000047 ], [ 120.327390300000047, 31.039478200000076 ], [ 120.327674800000068, 31.039489200000048 ], [ 120.327954300000101, 31.03941 ], [ 120.32836850000001, 31.039471100000071 ], [ 120.329002500000115, 31.039094800000044 ], [ 120.329322600000069, 31.038940800000034 ], [ 120.329457500000103, 31.038961800000038 ], [ 120.32983610000008, 31.038725600000078 ], [ 120.330383, 31.038729300000057 ], [ 120.330484400000046, 31.038690600000052 ], [ 120.330407600000058, 31.038416300000051 ], [ 120.330502700000011, 31.038264800000036 ], [ 120.3300676, 31.037622800000065 ], [ 120.330000300000052, 31.037307400000032 ], [ 120.330070400000068, 31.036810900000035 ], [ 120.33056810000005, 31.037152400000025 ], [ 120.33057210000004, 31.037377400000025 ], [ 120.330939300000068, 31.038047300000073 ], [ 120.331081700000027, 31.038097400000026 ], [ 120.331605800000034, 31.038037600000052 ], [ 120.331813500000067, 31.037923600000056 ], [ 120.330886, 31.036952400000075 ], [ 120.330738400000087, 31.036663900000065 ], [ 120.330776200000059, 31.036527700000079 ], [ 120.330908900000054, 31.036487500000078 ], [ 120.331032, 31.036884500000042 ], [ 120.332189700000072, 31.038077800000053 ], [ 120.332294500000103, 31.037959200000046 ], [ 120.332902300000114, 31.037719600000059 ], [ 120.332635500000038, 31.037213 ], [ 120.332121500000085, 31.036744400000032 ], [ 120.332141600000114, 31.036501100000066 ], [ 120.332848700000113, 31.035821600000077 ], [ 120.332856700000093, 31.035673 ], [ 120.33329690000005, 31.03566040000004 ], [ 120.334019800000078, 31.035830900000065 ], [ 120.33419, 31.035814300000027 ], [ 120.334324600000059, 31.035801100000072 ], [ 120.334711700000071, 31.034659500000032 ], [ 120.334897900000101, 31.034654200000034 ], [ 120.33495, 31.034563200000036 ], [ 120.33517740000002, 31.034567600000059 ], [ 120.335212, 31.034445100000028 ], [ 120.334969800000067, 31.034367700000075 ], [ 120.334924800000067, 31.034258 ], [ 120.335006500000077, 31.034075900000062 ], [ 120.335484900000097, 31.034156100000075 ], [ 120.335740000000101, 31.033742500000074 ], [ 120.336000500000068, 31.033847500000036 ], [ 120.339280600000052, 31.031995600000073 ], [ 120.339430800000059, 31.03184710000005 ], [ 120.339365200000088, 31.031752600000061 ], [ 120.341561700000057, 31.030421 ], [ 120.341635900000028, 31.030519900000058 ], [ 120.342571500000076, 31.02986 ], [ 120.342790100000116, 31.029786100000024 ], [ 120.3449587, 31.026899700000058 ], [ 120.346406100000081, 31.025282400000037 ], [ 120.346229100000073, 31.025163100000043 ], [ 120.346630400000095, 31.024875300000076 ], [ 120.346737500000017, 31.024938300000031 ], [ 120.347495800000047, 31.02459390000007 ], [ 120.348595100000011, 31.023865200000046 ], [ 120.3489518, 31.023517100000049 ], [ 120.349969000000101, 31.022945400000026 ], [ 120.34977420000007, 31.022709600000042 ], [ 120.349895500000116, 31.02244950000005 ], [ 120.350249600000097, 31.022285900000043 ], [ 120.350509200000033, 31.022292300000061 ], [ 120.351091500000052, 31.021980300000052 ], [ 120.351301600000056, 31.021733400000073 ], [ 120.351275700000087, 31.021528800000056 ], [ 120.351644, 31.021430200000054 ], [ 120.351979200000073, 31.021155600000043 ], [ 120.351993900000025, 31.021062700000073 ], [ 120.352344500000072, 31.020840600000042 ], [ 120.352323, 31.020732900000041 ], [ 120.352727400000049, 31.020445100000074 ], [ 120.352856, 31.020491700000036 ], [ 120.353538800000024, 31.019848300000035 ], [ 120.35359660000006, 31.019757200000072 ], [ 120.353409500000112, 31.019689 ], [ 120.35359, 31.01956 ], [ 120.353867300000047, 31.019013 ], [ 120.354295200000024, 31.01875810000007 ], [ 120.35435, 31.01854 ], [ 120.354703200000017, 31.018345500000066 ], [ 120.354744400000072, 31.018237300000067 ], [ 120.35454070000003, 31.018222200000025 ], [ 120.354479, 31.01807320000006 ], [ 120.354654500000038, 31.01804130000005 ], [ 120.354704900000115, 31.017921800000067 ], [ 120.354539700000032, 31.017874600000027 ], [ 120.354355100000021, 31.017637100000059 ], [ 120.354530200000113, 31.017699500000049 ], [ 120.354715200000101, 31.017599800000028 ], [ 120.355130900000063, 31.016658200000052 ], [ 120.355415700000094, 31.016491300000041 ], [ 120.355651100000046, 31.016468200000077 ], [ 120.355751900000087, 31.016554300000053 ], [ 120.355847, 31.016494700000067 ], [ 120.355925600000091, 31.016084 ], [ 120.3563421, 31.01590120000003 ], [ 120.356452000000104, 31.01574910000005 ], [ 120.3579813, 31.015312200000039 ], [ 120.358885200000032, 31.01479020000005 ], [ 120.359386600000107, 31.014722800000072 ], [ 120.360615500000108, 31.013833800000043 ], [ 120.361299, 31.013574400000039 ], [ 120.361571700000013, 31.013343100000043 ], [ 120.361696300000062, 31.013015400000029 ], [ 120.362605300000041, 31.012741500000061 ], [ 120.363554300000033, 31.012165500000037 ], [ 120.363641700000016, 31.011966700000073 ], [ 120.363336200000049, 31.011752400000034 ], [ 120.363932, 31.010903900000073 ], [ 120.363711100000046, 31.010495500000047 ], [ 120.363827800000081, 31.010321200000078 ], [ 120.364850900000079, 31.009786 ], [ 120.367249400000105, 31.009313500000076 ], [ 120.369548100000088, 31.009113100000036 ], [ 120.370017100000041, 31.009288300000037 ], [ 120.37020480000001, 31.010112700000036 ], [ 120.370234100000062, 31.010982700000056 ], [ 120.370137600000021, 31.011932 ], [ 120.367712900000015, 31.013587100000052 ], [ 120.366296700000021, 31.014396300000044 ], [ 120.365180900000041, 31.015260600000033 ], [ 120.361962300000073, 31.020207400000061 ], [ 120.366813300000103, 31.024538200000052 ], [ 120.379686300000117, 31.026863900000023 ], [ 120.383933700000057, 31.025452 ], [ 120.38466440000002, 31.025209100000041 ], [ 120.390415100000041, 31.020575200000053 ], [ 120.395567700000015, 31.012620300000037 ], [ 120.39679, 31.01093 ], [ 120.397624800000017, 31.00994680000008 ], [ 120.3978800000001, 31.00941 ], [ 120.401791500000058, 31.003753900000049 ], [ 120.40208, 31.00345 ], [ 120.405229600000098, 31.001350500000058 ], [ 120.40572, 31.00121 ], [ 120.406374, 31.00122870000007 ], [ 120.411948200000097, 31.004647300000045 ], [ 120.418753500000093, 31.008283600000027 ], [ 120.421168200000011, 31.027086900000029 ], [ 120.424540500000035, 31.031867400000067 ], [ 120.423499700000093, 31.033651100000043 ], [ 120.4259422, 31.039730800000029 ], [ 120.426573700000063, 31.040755200000035 ], [ 120.427313700000013, 31.041689 ], [ 120.428805700000112, 31.043222700000058 ], [ 120.429908300000079, 31.04473420000005 ], [ 120.432534100000112, 31.049382 ], [ 120.44125960000008, 31.063335900000027 ], [ 120.445706200000018, 31.069648900000061 ], [ 120.446090200000071, 31.069633400000043 ], [ 120.44918830000006, 31.068474 ], [ 120.449400100000048, 31.068575900000042 ], [ 120.453271, 31.07548920000005 ], [ 120.453208, 31.075624 ], [ 120.450964000000113, 31.076658500000065 ], [ 120.450921500000049, 31.076797600000077 ], [ 120.455614, 31.083156600000052 ], [ 120.457039400000099, 31.084676 ], [ 120.458802700000092, 31.086350100000061 ], [ 120.46032230000003, 31.088730700000042 ], [ 120.460469300000113, 31.089860100000067 ], [ 120.461032200000091, 31.090740800000049 ], [ 120.46091, 31.091036900000063 ], [ 120.461620800000105, 31.092408100000057 ], [ 120.460972900000115, 31.092611400000067 ], [ 120.460860700000012, 31.092871 ], [ 120.461886900000081, 31.094632700000034 ], [ 120.462555600000087, 31.095494600000052 ], [ 120.463694900000064, 31.096593200000029 ], [ 120.467121500000076, 31.095754800000066 ], [ 120.467685300000085, 31.096499700000038 ], [ 120.468530300000111, 31.096284600000047 ], [ 120.46882370000003, 31.096475800000064 ], [ 120.468928800000072, 31.096674500000063 ], [ 120.466253600000073, 31.097731300000078 ], [ 120.4646623000001, 31.098606300000029 ], [ 120.464351300000089, 31.098043 ], [ 120.463899600000104, 31.09817460000005 ], [ 120.463804300000106, 31.098444 ], [ 120.466630800000075, 31.104331100000024 ], [ 120.468754900000022, 31.108001700000045 ], [ 120.471099300000105, 31.112049100000036 ], [ 120.471745, 31.112972500000069 ], [ 120.472450300000105, 31.112692700000025 ], [ 120.473172200000022, 31.112192100000073 ], [ 120.482011300000067, 31.107500100000038 ], [ 120.482823900000085, 31.107583700000077 ], [ 120.487506600000074, 31.109158300000047 ], [ 120.487661600000024, 31.109587100000056 ], [ 120.48685480000006, 31.116761200000042 ], [ 120.486315300000115, 31.117492800000036 ], [ 120.486697900000081, 31.117576900000074 ], [ 120.486832900000081, 31.117696400000057 ], [ 120.486961700000052, 31.119134300000042 ], [ 120.4871137, 31.119136500000025 ], [ 120.487604100000112, 31.119292300000041 ], [ 120.503840700000069, 31.12032860000005 ], [ 120.504395900000077, 31.120281300000045 ], [ 120.504445700000019, 31.120096900000078 ], [ 120.504063500000029, 31.115006600000072 ], [ 120.5041437000001, 31.114625200000035 ], [ 120.504300600000079, 31.114646400000026 ], [ 120.504820000000109, 31.120128800000032 ], [ 120.504946200000063, 31.120398700000067 ], [ 120.516907900000092, 31.120674700000052 ], [ 120.517515600000024, 31.120616900000073 ], [ 120.515768200000025, 31.114547300000027 ], [ 120.515903900000012, 31.113737700000058 ], [ 120.523386300000084, 31.111689300000023 ], [ 120.532048500000087, 31.108239300000037 ], [ 120.535238600000071, 31.10811590000003 ], [ 120.536948700000039, 31.108769400000028 ], [ 120.54125160000001, 31.109141 ], [ 120.545314100000041, 31.112177900000063 ], [ 120.546158200000036, 31.112102700000037 ], [ 120.547715900000071, 31.111628800000062 ], [ 120.555128400000058, 31.120947 ], [ 120.555361900000094, 31.121632300000044 ], [ 120.554890000000114, 31.122535900000059 ], [ 120.55104510000001, 31.125941100000034 ], [ 120.549654300000043, 31.126771400000052 ], [ 120.540937500000041, 31.134907500000054 ], [ 120.540529600000013, 31.135570200000075 ], [ 120.550819500000102, 31.148237400000028 ], [ 120.558346300000039, 31.156474700000047 ], [ 120.564724100000035, 31.16373550000003 ], [ 120.570818, 31.169610900000066 ], [ 120.5716734, 31.170000200000061 ], [ 120.572697800000014, 31.170466500000032 ], [ 120.573194500000113, 31.17069250000003 ], [ 120.575033300000086, 31.171516600000075 ], [ 120.575995, 31.171957600000042 ], [ 120.577492100000086, 31.172462600000074 ], [ 120.578991300000098, 31.173090200000047 ], [ 120.580627400000026, 31.173462100000052 ], [ 120.583485900000028, 31.174388100000044 ], [ 120.583770900000104, 31.174479500000075 ], [ 120.58396520000008, 31.174479100000042 ], [ 120.584507500000086, 31.174537100000066 ], [ 120.585006600000042, 31.174953600000038 ], [ 120.585592, 31.174990500000035 ], [ 120.585943300000054, 31.175238300000046 ], [ 120.586286300000097, 31.175286800000038 ], [ 120.586661, 31.175234500000045 ], [ 120.586875100000043, 31.175645800000041 ], [ 120.587250200000085, 31.175805700000069 ], [ 120.588112200000069, 31.175559700000065 ], [ 120.588884900000039, 31.175648100000046 ], [ 120.589231700000028, 31.175824 ], [ 120.589697900000033, 31.176356600000076 ], [ 120.589801700000066, 31.17668690000005 ], [ 120.589703200000031, 31.177268300000037 ], [ 120.589550800000097, 31.177503700000045 ], [ 120.588926900000047, 31.177989700000069 ], [ 120.588837, 31.178167500000029 ], [ 120.588655700000118, 31.180391400000076 ], [ 120.588789100000099, 31.180608200000052 ], [ 120.588931000000116, 31.180806800000028 ], [ 120.589179500000114, 31.180641800000046 ], [ 120.589332900000045, 31.180365100000074 ], [ 120.589351700000066, 31.180167800000049 ], [ 120.589438800000039, 31.180209300000058 ], [ 120.589499300000057, 31.180190800000048 ], [ 120.591042800000082, 31.18030170000003 ], [ 120.591073700000038, 31.180247400000042 ], [ 120.593456600000081, 31.180496900000037 ], [ 120.594364800000108, 31.180592 ], [ 120.594530400000053, 31.180385600000079 ], [ 120.594793400000071, 31.178712400000052 ], [ 120.595034100000021, 31.178362 ], [ 120.595348300000069, 31.178095400000075 ], [ 120.59568210000009, 31.177961900000071 ], [ 120.596093900000028, 31.177916100000061 ], [ 120.596473100000026, 31.177940200000023 ], [ 120.60131970000009, 31.179389100000037 ], [ 120.6017749, 31.179259300000069 ], [ 120.602457600000093, 31.179259300000069 ], [ 120.60300390000009, 31.179506 ], [ 120.603474200000051, 31.179856500000028 ], [ 120.603683800000113, 31.180366 ], [ 120.606050100000061, 31.181733 ], [ 120.608199700000114, 31.181691800000067 ], [ 120.609937400000035, 31.181827600000076 ], [ 120.610698100000036, 31.181777400000044 ], [ 120.612125000000106, 31.182058900000072 ], [ 120.612624300000107, 31.182314900000051 ], [ 120.613075800000047, 31.183624900000041 ], [ 120.614784400000076, 31.186303700000053 ], [ 120.615247, 31.187354800000037 ], [ 120.615435700000035, 31.18831 ], [ 120.615552300000104, 31.189435300000071 ], [ 120.615469600000097, 31.190539400000034 ], [ 120.615179700000112, 31.191948500000024 ], [ 120.614634700000011, 31.193391200000065 ], [ 120.613865500000088, 31.194887200000039 ], [ 120.6137893, 31.195054500000026 ], [ 120.6131898000001, 31.19637060000008 ], [ 120.611266200000046, 31.199319800000069 ], [ 120.610099900000023, 31.201564900000051 ], [ 120.609526500000015, 31.202802 ], [ 120.60917720000009, 31.203932500000064 ], [ 120.609211500000015, 31.204978900000071 ], [ 120.609507400000098, 31.206281 ], [ 120.613724400000024, 31.210796400000049 ], [ 120.614474900000118, 31.211012200000027 ], [ 120.614651900000013, 31.21112 ], [ 120.614727, 31.21114410000007 ], [ 120.614819500000067, 31.211168100000066 ], [ 120.615036800000098, 31.211139500000058 ], [ 120.616027, 31.211543300000073 ], [ 120.618933700000071, 31.21185150000008 ], [ 120.621091300000103, 31.212259800000027 ], [ 120.622352200000023, 31.21233790000008 ], [ 120.622685, 31.21186240000003 ], [ 120.624731200000042, 31.212084800000071 ], [ 120.62566240000001, 31.212255200000072 ], [ 120.62574660000007, 31.212194400000044 ], [ 120.625559600000088, 31.211746 ], [ 120.625343500000099, 31.211546700000042 ], [ 120.623822500000074, 31.207991400000026 ], [ 120.623238900000047, 31.20563930000003 ], [ 120.623352800000021, 31.204019600000038 ], [ 120.6236411000001, 31.202698100000077 ], [ 120.624206600000093, 31.201433400000042 ], [ 120.624884300000076, 31.200243400000033 ], [ 120.625815100000068, 31.199446600000044 ], [ 120.627180200000112, 31.19866490000004 ], [ 120.628424800000062, 31.198132600000065 ], [ 120.629821400000083, 31.197894 ], [ 120.631836500000077, 31.19776550000006 ], [ 120.633166900000106, 31.197930700000029 ], [ 120.63402520000011, 31.198132600000065 ], [ 120.63542, 31.198683300000027 ], [ 120.63621390000003, 31.19824280000006 ], [ 120.640312300000119, 31.197104800000034 ], [ 120.641330400000015, 31.197236800000042 ], [ 120.641340400000104, 31.197182100000077 ], [ 120.641376, 31.196992500000079 ], [ 120.641380100000106, 31.196971500000075 ], [ 120.641397700000084, 31.196868 ], [ 120.641426400000114, 31.196656300000029 ], [ 120.641451700000061, 31.196401200000025 ], [ 120.641320800000017, 31.196113600000047 ], [ 120.638724400000115, 31.193929400000059 ], [ 120.63949690000004, 31.190056300000037 ], [ 120.639791900000091, 31.18948830000005 ], [ 120.640062900000089, 31.18931 ], [ 120.6403739000001, 31.189337100000046 ], [ 120.640400600000021, 31.188944100000072 ], [ 120.640021400000023, 31.188096600000051 ], [ 120.639743100000032, 31.187820300000055 ], [ 120.638896100000011, 31.187908600000071 ], [ 120.638598600000023, 31.188126700000055 ], [ 120.638682300000028, 31.188938200000052 ], [ 120.638445500000103, 31.190239900000051 ], [ 120.638075500000014, 31.190827700000057 ], [ 120.637436100000059, 31.191171900000029 ], [ 120.636876800000095, 31.191282 ], [ 120.63302740000006, 31.190607 ], [ 120.63264, 31.19033010000004 ], [ 120.631771300000082, 31.189157100000045 ], [ 120.631024600000046, 31.188303800000028 ], [ 120.630256800000097, 31.18822380000006 ], [ 120.627946, 31.188247600000068 ], [ 120.627238, 31.188171200000056 ], [ 120.624757800000111, 31.186983400000031 ], [ 120.623596800000087, 31.185965200000055 ], [ 120.622743600000035, 31.184901900000057 ], [ 120.620587300000011, 31.181018900000026 ], [ 120.620433, 31.180031700000029 ], [ 120.620656500000109, 31.179912800000068 ], [ 120.620782100000042, 31.177949900000044 ], [ 120.62047060000009, 31.177427 ], [ 120.620551600000113, 31.177351400000077 ], [ 120.620469100000037, 31.177255700000046 ], [ 120.620329300000094, 31.17728070000004 ], [ 120.6200311, 31.177114500000073 ], [ 120.618583700000045, 31.176599800000076 ], [ 120.61792580000008, 31.176723400000071 ], [ 120.61594070000001, 31.17512030000006 ], [ 120.615329100000054, 31.175496700000053 ], [ 120.6158656, 31.175974 ], [ 120.615680500000053, 31.175971700000048 ], [ 120.612440400000082, 31.173507 ], [ 120.60990670000001, 31.170921800000031 ], [ 120.604751700000065, 31.164272500000038 ], [ 120.60404050000011, 31.162852100000066 ], [ 120.6038072, 31.162128 ], [ 120.603696300000024, 31.162121900000045 ], [ 120.602688700000044, 31.161421700000062 ], [ 120.602342900000053, 31.16099040000006 ], [ 120.601325, 31.160786400000063 ], [ 120.600176200000078, 31.160282900000027 ], [ 120.598930400000086, 31.158780700000079 ], [ 120.597668500000054, 31.157535800000062 ], [ 120.596191, 31.156391900000074 ], [ 120.595716700000025, 31.155659 ], [ 120.595327400000087, 31.155259200000046 ], [ 120.594966400000089, 31.155022900000063 ], [ 120.594676200000094, 31.154592900000068 ], [ 120.594010800000092, 31.154180900000028 ], [ 120.593638300000066, 31.153697600000044 ], [ 120.59332930000005, 31.153488800000048 ], [ 120.592678500000034, 31.152796700000067 ], [ 120.591648500000019, 31.151915300000041 ], [ 120.59135880000008, 31.151401100000044 ], [ 120.590554200000042, 31.150749200000064 ], [ 120.587995800000044, 31.148276900000042 ], [ 120.585887100000036, 31.145818400000053 ], [ 120.58374, 31.145656600000052 ], [ 120.583752000000118, 31.14552 ], [ 120.585082500000112, 31.145561300000054 ], [ 120.585071700000071, 31.145001200000024 ], [ 120.584674800000016, 31.144615500000043 ], [ 120.584728400000017, 31.144229900000028 ], [ 120.583441000000107, 31.142494400000032 ], [ 120.583151300000054, 31.142347400000062 ], [ 120.581842400000028, 31.142255600000055 ], [ 120.581863800000065, 31.142154600000026 ], [ 120.58307620000005, 31.142246400000033 ], [ 120.582883100000117, 31.141998500000057 ], [ 120.582818700000075, 31.141603600000053 ], [ 120.581509800000049, 31.139629300000024 ], [ 120.581305900000075, 31.139684400000078 ], [ 120.581037700000024, 31.139620200000024 ], [ 120.580694400000084, 31.139730300000053 ], [ 120.580395100000032, 31.139449300000024 ], [ 120.581381, 31.139473200000054 ], [ 120.580436900000109, 31.138343700000064 ], [ 120.580608500000039, 31.137958 ], [ 120.580211800000029, 31.136996800000077 ], [ 120.580210900000111, 31.136918300000048 ], [ 120.580702600000109, 31.136933800000065 ], [ 120.580630300000053, 31.136550100000079 ], [ 120.580677300000048, 31.136262300000055 ], [ 120.580923100000064, 31.135723900000073 ], [ 120.5811834000001, 31.134637700000042 ], [ 120.581310600000052, 31.133935100000031 ], [ 120.581230300000016, 31.133875600000067 ], [ 120.581143800000063, 31.13387240000003 ], [ 120.581066600000099, 31.134526200000039 ], [ 120.580842, 31.135335800000064 ], [ 120.580436500000019, 31.136005400000045 ], [ 120.580150300000014, 31.136299400000041 ], [ 120.579985500000021, 31.13628 ], [ 120.579773900000077, 31.135227300000054 ], [ 120.579744300000016, 31.134574400000076 ], [ 120.579868600000054, 31.133208700000068 ], [ 120.58036960000004, 31.131613700000059 ], [ 120.580545800000095, 31.131541500000026 ], [ 120.580637, 31.131596600000023 ], [ 120.580985700000042, 31.132363500000054 ], [ 120.581134500000076, 31.133144900000048 ], [ 120.581145900000024, 31.13355880000006 ], [ 120.581132300000036, 31.133731700000055 ], [ 120.581323100000077, 31.133735900000033 ], [ 120.581320000000119, 31.133493700000031 ], [ 120.581323600000019, 31.133263400000033 ], [ 120.581303600000069, 31.132435500000042 ], [ 120.581093, 31.131601200000034 ], [ 120.58111980000001, 31.131293600000049 ], [ 120.5814309000001, 31.131059400000026 ], [ 120.583096400000045, 31.131147400000032 ], [ 120.583107700000028, 31.130706900000064 ], [ 120.5831826000001, 31.130580300000076 ], [ 120.583387700000117, 31.130510900000047 ], [ 120.583384400000114, 31.130482900000061 ], [ 120.583254400000101, 31.130458500000032 ], [ 120.583161100000098, 31.130379700000049 ], [ 120.58310060000008, 31.130254 ], [ 120.581158900000105, 31.130107200000054 ], [ 120.581006900000034, 31.130053900000064 ], [ 120.5809729, 31.129890300000056 ], [ 120.580990700000029, 31.129572400000029 ], [ 120.582644900000105, 31.127693900000054 ], [ 120.584859500000107, 31.125170700000069 ], [ 120.5855616, 31.124530500000049 ], [ 120.586078300000054, 31.123881700000027 ], [ 120.586458700000094, 31.123501300000044 ], [ 120.587517800000114, 31.122612700000047 ], [ 120.588762300000099, 31.121244700000034 ], [ 120.589421700000116, 31.120917400000053 ], [ 120.589618500000029, 31.120081200000072 ], [ 120.589982600000099, 31.119743600000049 ], [ 120.5905371, 31.119531300000062 ], [ 120.590754, 31.118188800000041 ], [ 120.591226100000085, 31.117228200000056 ], [ 120.591323800000055, 31.117081600000063 ], [ 120.591442800000095, 31.116903 ], [ 120.591624900000056, 31.116834800000049 ], [ 120.593138, 31.113423200000057 ], [ 120.593539, 31.112302400000033 ], [ 120.593755200000032, 31.111698 ], [ 120.594303100000047, 31.109713100000079 ], [ 120.59334960000001, 31.109069400000067 ], [ 120.592356500000051, 31.108778700000073 ], [ 120.58516110000005, 31.108728400000075 ], [ 120.584828800000082, 31.108253600000069 ], [ 120.577396, 31.108778700000073 ], [ 120.576303600000074, 31.104803400000037 ], [ 120.586469400000055, 31.096479900000077 ], [ 120.586226900000042, 31.095177500000034 ], [ 120.586083800000097, 31.095007300000077 ], [ 120.585969600000112, 31.094871600000033 ], [ 120.581184300000018, 31.095011900000031 ], [ 120.580870200000049, 31.094947700000034 ], [ 120.580614700000069, 31.094821400000058 ], [ 120.580590700000016, 31.092592700000068 ], [ 120.580682300000035, 31.089557400000047 ], [ 120.580768100000114, 31.08904810000007 ], [ 120.581131600000049, 31.088536 ], [ 120.5814722, 31.088301500000057 ], [ 120.582136600000013, 31.088116500000069 ], [ 120.582169800000088, 31.087931600000047 ], [ 120.582053600000108, 31.087554600000033 ], [ 120.581879100000037, 31.087312800000063 ], [ 120.581688100000065, 31.087163400000065 ], [ 120.580840900000112, 31.086893100000054 ], [ 120.580434, 31.086430800000073 ], [ 120.580209700000069, 31.086039600000049 ], [ 120.580126700000051, 31.085577300000068 ], [ 120.580292800000052, 31.084944200000052 ], [ 120.580292800000052, 31.08422580000007 ], [ 120.580027, 31.083763500000032 ], [ 120.579138300000068, 31.083450500000026 ], [ 120.578939000000105, 31.083208600000034 ], [ 120.578664900000035, 31.082404900000029 ], [ 120.578482100000087, 31.082241200000055 ], [ 120.578673200000026, 31.08196380000004 ], [ 120.578581800000052, 31.081914 ], [ 120.578390800000079, 31.082035 ], [ 120.578191400000037, 31.081935400000077 ], [ 120.578008700000055, 31.081935400000077 ], [ 120.577452200000039, 31.081629500000076 ], [ 120.575708100000043, 31.081266700000072 ], [ 120.575118400000065, 31.081017800000041 ], [ 120.574686500000098, 31.080655 ], [ 120.574321, 31.07980850000007 ], [ 120.572942300000022, 31.078627700000027 ], [ 120.572477200000094, 31.077774100000056 ], [ 120.57225290000008, 31.077518 ], [ 120.571439, 31.077318800000057 ], [ 120.570915700000114, 31.077333100000033 ], [ 120.569811100000038, 31.076579 ], [ 120.568100100000038, 31.07512070000007 ], [ 120.567942300000027, 31.07478640000005 ], [ 120.566771200000062, 31.073783300000059 ], [ 120.56644730000005, 31.073214200000052 ], [ 120.566252400000053, 31.072678600000074 ], [ 120.566255900000101, 31.072210300000052 ], [ 120.565316800000119, 31.071209200000055 ], [ 120.565332500000068, 31.070754600000043 ], [ 120.564604500000087, 31.070582700000045 ], [ 120.559476300000028, 31.067856400000039 ], [ 120.55577930000004, 31.066189100000031 ], [ 120.555398400000058, 31.065514800000074 ], [ 120.55412380000007, 31.064652600000045 ], [ 120.552150300000108, 31.062837900000034 ], [ 120.545888500000046, 31.058736200000055 ], [ 120.543828900000108, 31.057184800000073 ], [ 120.536997900000074, 31.053814400000078 ], [ 120.535821600000077, 31.051327100000037 ], [ 120.53152840000007, 31.047848300000055 ], [ 120.531704000000104, 31.047312700000077 ], [ 120.531592300000057, 31.047252300000025 ], [ 120.531640500000094, 31.047137900000052 ], [ 120.531517, 31.047069400000055 ], [ 120.531416300000046, 31.047201200000075 ], [ 120.53123590000007, 31.047172400000079 ], [ 120.530600100000015, 31.047893600000066 ], [ 120.530067, 31.047172300000057 ], [ 120.528624400000012, 31.047083800000053 ], [ 120.526277300000061, 31.046582200000046 ], [ 120.524405400000092, 31.045960100000059 ], [ 120.523079800000119, 31.045279300000061 ], [ 120.518985500000099, 31.042673400000069 ], [ 120.512097800000106, 31.037500900000055 ], [ 120.511965500000088, 31.037536600000067 ], [ 120.506383300000039, 31.043514300000027 ], [ 120.506106, 31.044015900000034 ], [ 120.505862500000035, 31.043833 ], [ 120.506216400000085, 31.04354520000004 ], [ 120.511836700000117, 31.037492600000064 ], [ 120.504438100000016, 31.03230730000007 ], [ 120.490582100000097, 31.022666700000059 ], [ 120.486918, 31.027270300000055 ], [ 120.48673030000009, 31.02760580000006 ], [ 120.486483500000077, 31.027463300000079 ], [ 120.486794600000053, 31.027210500000024 ], [ 120.490549900000019, 31.022482500000024 ], [ 120.490337400000044, 31.022346700000071 ], [ 120.488975100000062, 31.021476200000052 ], [ 120.486786100000018, 31.01939260000006 ], [ 120.485559300000091, 31.018567700000062 ], [ 120.484294700000078, 31.018082400000026 ], [ 120.479555000000119, 31.017611400000078 ], [ 120.478764800000022, 31.017475800000057 ], [ 120.477967700000022, 31.017079300000034 ], [ 120.474916600000029, 31.014563600000031 ], [ 120.474669500000118, 31.014659 ], [ 120.474550800000088, 31.014933400000075 ], [ 120.473327700000027, 31.015408 ], [ 120.472713800000065, 31.015813700000024 ], [ 120.470873600000118, 31.016332100000056 ], [ 120.470643800000062, 31.016340100000036 ], [ 120.46969700000011, 31.016695200000072 ], [ 120.4690256, 31.016838100000029 ], [ 120.468773400000032, 31.016910700000039 ], [ 120.468599, 31.017153500000063 ], [ 120.4669004000001, 31.017804600000034 ], [ 120.466597200000024, 31.017785500000059 ], [ 120.465957300000014, 31.017895400000043 ], [ 120.462597300000084, 31.019089300000076 ], [ 120.462365100000056, 31.019077400000072 ], [ 120.462230100000056, 31.018775300000073 ], [ 120.461980800000106, 31.018685100000027 ], [ 120.461511600000108, 31.018940800000053 ], [ 120.461469800000032, 31.019090500000061 ], [ 120.46158980000007, 31.019403200000056 ], [ 120.461444, 31.019410200000038 ], [ 120.461270600000034, 31.019115300000067 ], [ 120.460642900000039, 31.019172300000037 ], [ 120.46050630000002, 31.019024200000047 ], [ 120.460336700000084, 31.019037900000058 ], [ 120.459958500000084, 31.018710400000032 ], [ 120.459808, 31.01838980000008 ], [ 120.460123100000033, 31.017743800000062 ], [ 120.460153300000115, 31.017435900000066 ], [ 120.460338400000069, 31.017283100000043 ], [ 120.460124400000041, 31.017003600000066 ], [ 120.460165900000106, 31.016478300000074 ], [ 120.460447400000021, 31.016402500000027 ], [ 120.460674, 31.016175100000055 ], [ 120.460909, 31.01575710000003 ], [ 120.461056500000041, 31.015797100000043 ], [ 120.462346800000091, 31.015163600000051 ], [ 120.464589, 31.014536600000042 ], [ 120.464788500000054, 31.01455530000004 ], [ 120.465600600000016, 31.013070400000061 ], [ 120.469670800000017, 31.009282700000028 ], [ 120.468505100000016, 31.008105200000045 ], [ 120.46475810000004, 31.005179100000078 ], [ 120.462260100000094, 31.001931700000057 ], [ 120.463602700000024, 31.001522800000032 ], [ 120.462815700000078, 31.000169200000073 ], [ 120.463015400000018, 30.999870600000065 ], [ 120.463439300000118, 30.999908300000072 ], [ 120.463591700000052, 30.999758100000065 ], [ 120.462537500000053, 30.998987100000079 ], [ 120.462488600000029, 30.999028800000076 ], [ 120.462427100000014, 30.999081100000069 ], [ 120.462578300000018, 30.999847600000066 ], [ 120.462509, 30.999875400000064 ], [ 120.4623348, 30.999172100000067 ], [ 120.458077400000093, 30.996653600000059 ], [ 120.457450000000108, 30.996607800000049 ], [ 120.456877600000098, 30.99640990000006 ], [ 120.456390600000077, 30.995982500000025 ], [ 120.455698600000119, 30.994141800000079 ], [ 120.455525700000067, 30.993934100000047 ], [ 120.452479, 30.992165500000056 ], [ 120.451665400000024, 30.992640100000074 ], [ 120.451460900000029, 30.992789600000037 ], [ 120.451394800000116, 30.992695400000059 ], [ 120.451458900000034, 30.992665600000066 ], [ 120.451310700000022, 30.992479400000036 ], [ 120.450931700000069, 30.992523 ], [ 120.4507489, 30.992444400000068 ], [ 120.450649700000099, 30.992099600000074 ], [ 120.4496689, 30.991391100000044 ], [ 120.4493662000001, 30.991298500000028 ], [ 120.449163400000089, 30.991075 ], [ 120.449191500000097, 30.990739100000042 ], [ 120.44691540000008, 30.989310900000078 ], [ 120.446090700000013, 30.988379500000065 ], [ 120.445488200000113, 30.988032100000055 ], [ 120.445121600000107, 30.988134500000058 ], [ 120.445027800000048, 30.988027200000033 ], [ 120.445430500000043, 30.987821100000076 ], [ 120.445446800000013, 30.98767 ], [ 120.444056100000012, 30.987099 ], [ 120.444073300000014, 30.986949200000026 ], [ 120.443769700000075, 30.986827900000037 ], [ 120.443637700000068, 30.986624 ], [ 120.443024200000082, 30.986082600000032 ], [ 120.442660600000067, 30.985886500000049 ], [ 120.441719900000066, 30.985116 ], [ 120.44160880000004, 30.984887700000058 ], [ 120.4406709000001, 30.984110800000053 ], [ 120.440598800000089, 30.983885300000054 ], [ 120.440255, 30.983476500000052 ], [ 120.439973500000065, 30.983297200000038 ], [ 120.439377100000115, 30.982634 ], [ 120.439090800000031, 30.982499400000052 ], [ 120.438479800000096, 30.981703100000061 ], [ 120.437570800000117, 30.981009200000074 ], [ 120.436014500000056, 30.980506600000069 ], [ 120.435571700000082, 30.980494400000055 ], [ 120.435361600000078, 30.980189100000075 ], [ 120.434122500000058, 30.97954070000003 ], [ 120.4333282, 30.979290300000059 ], [ 120.430011900000068, 30.977415700000051 ], [ 120.429015100000015, 30.977221400000076 ], [ 120.426944400000025, 30.976620800000035 ], [ 120.424990600000115, 30.975684900000033 ], [ 120.423123900000064, 30.975161300000025 ], [ 120.422290500000031, 30.974669500000061 ], [ 120.422080700000038, 30.974442 ], [ 120.421381600000018, 30.974375400000042 ], [ 120.420799800000054, 30.974424300000067 ], [ 120.420461500000101, 30.974315500000046 ], [ 120.419350200000054, 30.973651100000041 ], [ 120.418544800000063, 30.973404800000026 ], [ 120.418580100000099, 30.973136 ], [ 120.417938800000115, 30.972792200000072 ], [ 120.4174451, 30.972378700000036 ], [ 120.416957700000012, 30.971806300000026 ], [ 120.416176700000051, 30.971384600000079 ], [ 120.415729100000021, 30.970850400000074 ], [ 120.415061400000013, 30.970397100000071 ], [ 120.4147441, 30.970561800000041 ], [ 120.414337900000078, 30.970609 ], [ 120.413900300000023, 30.970479 ], [ 120.413467400000059, 30.970230300000026 ], [ 120.413466200000016, 30.969901800000059 ], [ 120.413309600000048, 30.969708100000048 ], [ 120.412052600000038, 30.969364300000052 ], [ 120.411559300000022, 30.969054700000072 ], [ 120.411374300000034, 30.968763400000057 ], [ 120.409863700000074, 30.967989500000044 ], [ 120.409692900000096, 30.967637 ], [ 120.4091108, 30.967318400000067 ], [ 120.408817400000089, 30.96737950000005 ], [ 120.40845760000002, 30.967223600000068 ], [ 120.408234600000014, 30.96723570000006 ], [ 120.406520900000032, 30.966389200000037 ], [ 120.40590080000004, 30.966427600000031 ], [ 120.405656800000088, 30.966637200000037 ], [ 120.405369700000051, 30.966592300000059 ], [ 120.40279790000011, 30.96547030000005 ], [ 120.402752, 30.965259700000047 ], [ 120.402850300000068, 30.964962800000023 ], [ 120.402324900000053, 30.964678500000048 ], [ 120.402235400000109, 30.964427600000079 ], [ 120.40135, 30.96423 ], [ 120.40104, 30.96436 ], [ 120.39955, 30.96433 ], [ 120.39897, 30.96381 ], [ 120.399043600000027, 30.963438600000075 ], [ 120.39897950000011, 30.963224 ], [ 120.3991641, 30.96301040000003 ], [ 120.397282400000108, 30.962168800000029 ], [ 120.397224600000072, 30.962370100000044 ], [ 120.396663500000045, 30.962191 ], [ 120.39631, 30.96272 ], [ 120.39483, 30.96231 ], [ 120.39484, 30.96179 ], [ 120.39454, 30.9619 ], [ 120.39424, 30.9619 ], [ 120.39366, 30.96164 ], [ 120.39218, 30.96135 ], [ 120.39158, 30.96108 ], [ 120.39128, 30.96108 ], [ 120.39098, 30.9612 ], [ 120.391, 30.96069 ], [ 120.390400000000113, 30.96055 ], [ 120.39011, 30.96028 ], [ 120.3898200000001, 30.96028 ], [ 120.38951, 30.9604 ], [ 120.38938, 30.95988 ], [ 120.389230000000111, 30.95975 ], [ 120.38744, 30.95971 ], [ 120.38685, 30.95957 ], [ 120.38687, 30.95906 ], [ 120.38656, 30.95918 ], [ 120.38627, 30.95918 ], [ 120.38612, 30.95905 ], [ 120.385990000000106, 30.95853 ], [ 120.38539, 30.95864 ], [ 120.384671900000058, 30.958138800000029 ], [ 120.385151200000109, 30.957605200000046 ], [ 120.384729100000072, 30.957449700000041 ], [ 120.384412600000019, 30.957222900000033 ], [ 120.383954, 30.957213200000069 ], [ 120.383773, 30.957057 ], [ 120.383318600000052, 30.956980700000031 ], [ 120.38326, 30.956802100000061 ], [ 120.382212400000071, 30.956463800000051 ], [ 120.38170070000001, 30.956248 ], [ 120.381553100000019, 30.956057800000053 ], [ 120.38126520000003, 30.955982300000073 ], [ 120.381115400000112, 30.95586220000007 ], [ 120.380922100000021, 30.955877 ], [ 120.379999600000019, 30.955572200000063 ], [ 120.379139, 30.955142 ], [ 120.37894760000006, 30.955141100000048 ], [ 120.378607400000078, 30.95500590000006 ], [ 120.378402500000107, 30.955233300000032 ], [ 120.377967400000102, 30.95513150000005 ], [ 120.378141, 30.954938600000048 ], [ 120.377964900000052, 30.95482880000003 ], [ 120.377825, 30.954967300000078 ], [ 120.377730500000098, 30.95488830000005 ], [ 120.377747000000113, 30.954555700000071 ], [ 120.377602600000046, 30.95485 ], [ 120.376269100000059, 30.954545500000052 ], [ 120.375719100000083, 30.954510300000038 ], [ 120.375314400000093, 30.954403400000047 ], [ 120.374859700000115, 30.954031300000054 ], [ 120.374496400000112, 30.953856400000063 ], [ 120.374607100000048, 30.953705 ], [ 120.373660200000018, 30.953580300000056 ], [ 120.373353600000087, 30.953614100000038 ], [ 120.37286030000007, 30.95324370000003 ], [ 120.372479800000065, 30.953235900000038 ], [ 120.37255760000005, 30.952985400000046 ], [ 120.371968, 30.952981 ], [ 120.371462300000076, 30.95268150000004 ], [ 120.369949600000041, 30.952326 ], [ 120.36917, 30.95228 ], [ 120.36885, 30.9524 ], [ 120.36826, 30.95239 ], [ 120.36768, 30.95187 ], [ 120.36738, 30.95185 ], [ 120.36678, 30.95197 ], [ 120.36679, 30.95146 ], [ 120.3656, 30.9513 ], [ 120.36545, 30.95142 ], [ 120.36529, 30.95194 ], [ 120.36499, 30.95193 ], [ 120.36485, 30.95142 ], [ 120.36471, 30.95127 ], [ 120.363520000000108, 30.951 ], [ 120.362350000000106, 30.95047 ], [ 120.36206, 30.9502 ], [ 120.36146, 30.95006 ], [ 120.361501100000055, 30.949567300000069 ], [ 120.361180000000104, 30.94967 ], [ 120.36102, 30.9498 ], [ 120.36087, 30.95031 ], [ 120.36027, 30.95017 ], [ 120.359830000000102, 30.94977 ], [ 120.35984, 30.94951 ], [ 120.36, 30.94926 ], [ 120.35822, 30.94884 ], [ 120.357620000000111, 30.94883 ], [ 120.356720000000109, 30.94894 ], [ 120.356450000000109, 30.9479 ], [ 120.35585, 30.94802 ], [ 120.355550000000108, 30.94827 ], [ 120.35495, 30.94826 ], [ 120.354510000000118, 30.94786 ], [ 120.354470000000106, 30.94769 ], [ 120.35467, 30.94761 ], [ 120.35468, 30.94734 ], [ 120.354380000000106, 30.94734 ], [ 120.35427, 30.94751 ], [ 120.35408, 30.94747 ], [ 120.3535, 30.94694 ], [ 120.352310000000102, 30.94666 ], [ 120.35113, 30.94612 ], [ 120.35084, 30.94586 ], [ 120.34937, 30.94532 ], [ 120.348480000000109, 30.94504 ], [ 120.34255, 30.94363 ], [ 120.34197, 30.94336 ], [ 120.34137, 30.94335 ], [ 120.33989, 30.94306 ], [ 120.33974, 30.94293 ], [ 120.3396, 30.94216 ], [ 120.33912, 30.94206 ], [ 120.33903, 30.94163 ], [ 120.33874, 30.94163 ], [ 120.33872, 30.94214 ], [ 120.33891, 30.94223 ], [ 120.33885, 30.94266 ], [ 120.3387, 30.94278 ], [ 120.3384, 30.94278 ], [ 120.33811, 30.94251 ], [ 120.33573, 30.94221 ], [ 120.33514, 30.9422 ], [ 120.33485, 30.94193 ], [ 120.33426, 30.94166 ], [ 120.33397, 30.9414 ], [ 120.33337, 30.94139 ], [ 120.33249, 30.94111 ], [ 120.3319, 30.94084 ], [ 120.331025100000033, 30.940106 ], [ 120.326031900000089, 30.939553500000045 ], [ 120.321627700000022, 30.938312300000064 ], [ 120.316871900000024, 30.936696900000072 ], [ 120.315395800000033, 30.936394600000028 ], [ 120.313751700000012, 30.936178200000029 ], [ 120.311262400000032, 30.93531310000003 ], [ 120.31061550000004, 30.935388500000045 ], [ 120.30198960000007, 30.933590500000037 ], [ 120.301424700000098, 30.933449100000075 ], [ 120.301339, 30.933338200000037 ], [ 120.3002308, 30.933147800000029 ], [ 120.29961, 30.93311 ], [ 120.299657, 30.933356900000035 ], [ 120.299493200000029, 30.933509600000036 ], [ 120.297905600000036, 30.933608900000024 ], [ 120.295606, 30.933398900000043 ], [ 120.291926900000021, 30.932372600000065 ], [ 120.289196600000082, 30.932659400000034 ], [ 120.286575900000116, 30.932509 ], [ 120.283640100000071, 30.93206310000005 ], [ 120.28191, 30.93171 ], [ 120.28176, 30.93157 ], [ 120.281557200000066, 30.931626900000026 ], [ 120.277972300000101, 30.931284500000061 ], [ 120.27685990000009, 30.930733700000076 ], [ 120.273872400000073, 30.930789600000026 ], [ 120.270095, 30.929825 ], [ 120.266944, 30.930348700000025 ], [ 120.265640600000097, 30.930399900000054 ], [ 120.263359100000116, 30.930244900000048 ], [ 120.261512900000071, 30.930041 ], [ 120.261202, 30.930015300000036 ], [ 120.260986900000034, 30.92990670000006 ], [ 120.259589900000037, 30.929622900000027 ], [ 120.258080900000095, 30.929348900000036 ], [ 120.257627800000023, 30.929338900000062 ], [ 120.256649200000084, 30.929206200000067 ], [ 120.256560200000081, 30.929205100000047 ], [ 120.256218500000045, 30.929200900000069 ], [ 120.25140470000008, 30.928532100000041 ], [ 120.250576200000069, 30.928438700000072 ], [ 120.249688700000092, 30.928493500000059 ], [ 120.249263, 30.928617 ], [ 120.248147800000083, 30.928640400000063 ], [ 120.24749010000005, 30.928606800000068 ], [ 120.247054500000104, 30.928558 ], [ 120.24667850000003, 30.928452700000037 ], [ 120.246614500000078, 30.928393100000051 ], [ 120.246565200000077, 30.928346 ], [ 120.246538200000032, 30.928200700000048 ], [ 120.245933, 30.927728600000023 ], [ 120.24564, 30.927422700000079 ], [ 120.24555620000001, 30.926553400000046 ], [ 120.245345900000075, 30.926466900000037 ], [ 120.245200800000021, 30.926407300000051 ], [ 120.24494, 30.9263 ], [ 120.24494, 30.92655 ], [ 120.244951900000046, 30.926713900000038 ], [ 120.245050000000106, 30.92758 ], [ 120.245050000000106, 30.92783 ], [ 120.245137000000113, 30.928338800000063 ], [ 120.242447500000026, 30.92846220000007 ], [ 120.240946600000029, 30.928468300000077 ], [ 120.23981630000003, 30.928549900000064 ], [ 120.236991800000055, 30.928342200000031 ], [ 120.236154100000022, 30.92843380000005 ], [ 120.233021, 30.928229 ], [ 120.23280520000003, 30.928315 ], [ 120.231324200000017, 30.928260500000079 ], [ 120.230966200000012, 30.928085700000054 ], [ 120.2306837000001, 30.92827120000004 ], [ 120.22549, 30.92884 ], [ 120.220987700000023, 30.928799900000058 ], [ 120.220632800000089, 30.928713400000049 ], [ 120.22046110000008, 30.928888700000073 ], [ 120.218925500000068, 30.92893 ], [ 120.218851700000073, 30.929034300000069 ], [ 120.21774, 30.92918 ], [ 120.21715190000009, 30.92916230000003 ], [ 120.216600900000117, 30.929452900000058 ], [ 120.215121400000044, 30.929633100000046 ], [ 120.214931700000079, 30.929584300000045 ], [ 120.214096500000096, 30.929763100000059 ], [ 120.213304400000084, 30.930020300000024 ], [ 120.212341400000014, 30.930213700000024 ], [ 120.21143, 30.93059 ], [ 120.210830000000101, 30.93058 ], [ 120.21068, 30.9307 ], [ 120.208883700000115, 30.931057800000076 ], [ 120.20844000000011, 30.93091 ], [ 120.20842, 30.93142 ], [ 120.20753, 30.93128 ], [ 120.20604, 30.93124 ], [ 120.20575, 30.93111 ], [ 120.20573, 30.93163 ], [ 120.203940000000102, 30.93171 ], [ 120.202450000000113, 30.93194 ], [ 120.199949900000092, 30.931891500000063 ], [ 120.198584300000107, 30.931690500000059 ], [ 120.197708900000066, 30.931474 ], [ 120.196132100000113, 30.930826700000068 ], [ 120.195088700000042, 30.930537500000071 ], [ 120.194307700000081, 30.930598100000054 ], [ 120.193665900000042, 30.930905 ], [ 120.193014100000028, 30.931215200000054 ], [ 120.192671100000098, 30.931395100000032 ], [ 120.192692500000021, 30.931540900000073 ], [ 120.192578200000071, 30.931762900000024 ], [ 120.191591600000038, 30.931951600000048 ], [ 120.190818, 30.932510200000024 ], [ 120.18538, 30.93414 ], [ 120.17311, 30.93592 ], [ 120.17011, 30.93612 ], [ 120.16383, 30.93702 ], [ 120.16234, 30.93697 ], [ 120.16204, 30.93722 ], [ 120.16144, 30.93721 ], [ 120.16084, 30.93744 ], [ 120.15935, 30.93768 ], [ 120.15815, 30.93765 ], [ 120.15784, 30.9379 ], [ 120.15635, 30.93787 ], [ 120.15456, 30.93809 ], [ 120.15395, 30.93833 ], [ 120.15306, 30.93831 ], [ 120.15156, 30.93854 ], [ 120.15066, 30.93877 ], [ 120.148460600000021, 30.938837400000068 ], [ 120.146867300000054, 30.939226800000029 ], [ 120.145777200000111, 30.939400400000068 ], [ 120.144652800000017, 30.939739700000075 ], [ 120.144431300000065, 30.939829100000054 ], [ 120.144272000000115, 30.939978800000063 ], [ 120.144087400000103, 30.940061100000037 ], [ 120.143590800000084, 30.940203600000075 ], [ 120.142560000000117, 30.94052 ], [ 120.14226090000011, 30.940788400000031 ], [ 120.141872300000045, 30.940968200000043 ], [ 120.141512, 30.941266100000064 ], [ 120.141347700000097, 30.941377700000032 ], [ 120.14109110000004, 30.94172210000005 ], [ 120.140830400000027, 30.941858800000034 ], [ 120.140543200000025, 30.942456400000026 ], [ 120.141017500000089, 30.943239100000028 ], [ 120.140935400000103, 30.943381 ], [ 120.13956660000008, 30.943616900000052 ], [ 120.13829910000004, 30.943993300000045 ], [ 120.13781, 30.94479 ], [ 120.13705, 30.94515 ], [ 120.13675, 30.94515 ], [ 120.1350112, 30.945476500000041 ], [ 120.134426500000018, 30.945422500000063 ], [ 120.132774900000072, 30.945032600000047 ], [ 120.131405, 30.944375800000046 ], [ 120.128963700000099, 30.944491800000037 ], [ 120.127388700000097, 30.944584500000076 ], [ 120.127620200000024, 30.945201800000063 ], [ 120.127609800000073, 30.94557750000007 ], [ 120.12734660000001, 30.945927500000039 ], [ 120.123917700000106, 30.947631100000024 ], [ 120.122460100000012, 30.94867940000006 ], [ 120.1214496, 30.949248300000079 ], [ 120.121536000000106, 30.949358 ], [ 120.119418600000017, 30.950577200000055 ], [ 120.119576300000062, 30.950787300000059 ], [ 120.11945280000009, 30.950852900000029 ], [ 120.119275600000037, 30.950635800000043 ], [ 120.119188700000109, 30.950674400000025 ], [ 120.119119500000011, 30.95058320000004 ], [ 120.118857100000014, 30.950729500000079 ], [ 120.118701900000019, 30.950875500000052 ], [ 120.11879870000007, 30.951027300000078 ], [ 120.117891800000052, 30.951534200000026 ], [ 120.117004600000087, 30.952211 ], [ 120.1168599, 30.952075900000068 ], [ 120.116594300000088, 30.952257100000054 ], [ 120.116704700000014, 30.952377700000056 ], [ 120.114803300000062, 30.953843200000051 ], [ 120.114079100000026, 30.953624400000024 ], [ 120.113106500000072, 30.954372400000068 ], [ 120.113153800000077, 30.954429900000036 ], [ 120.112859100000037, 30.954640400000073 ], [ 120.112774100000024, 30.95456820000004 ], [ 120.111754800000085, 30.955369500000074 ], [ 120.110310800000093, 30.955915800000071 ], [ 120.110622300000045, 30.956213300000059 ], [ 120.111330100000032, 30.956061500000033 ], [ 120.111386700000025, 30.956231500000058 ], [ 120.111231, 30.956401400000061 ], [ 120.1097416, 30.956961400000068 ], [ 120.10964910000007, 30.956913800000052 ], [ 120.10967380000011, 30.956792300000075 ], [ 120.110283800000047, 30.956554500000038 ], [ 120.110345500000108, 30.956459400000028 ], [ 120.110025, 30.956041900000059 ], [ 120.110055800000055, 30.956258600000069 ], [ 120.109901800000102, 30.956522800000073 ], [ 120.10964910000007, 30.956628500000079 ], [ 120.10964910000007, 30.956575600000065 ], [ 120.109482800000023, 30.956575600000065 ], [ 120.109347200000116, 30.956824 ], [ 120.109575200000108, 30.95715690000003 ], [ 120.107900700000073, 30.957772800000043 ], [ 120.10757250000006, 30.957838600000059 ], [ 120.10756640000011, 30.958171500000049 ], [ 120.107326, 30.958240200000034 ], [ 120.107091900000114, 30.957960100000037 ], [ 120.1067776000001, 30.958108100000061 ], [ 120.106284600000095, 30.958102800000063 ], [ 120.106191800000033, 30.958213500000056 ], [ 120.106130600000029, 30.958113400000059 ], [ 120.105884100000026, 30.958240200000034 ], [ 120.105754700000034, 30.958150400000079 ], [ 120.105502100000081, 30.958155600000055 ], [ 120.105458900000031, 30.958240200000034 ], [ 120.105169300000057, 30.958171500000049 ], [ 120.105121500000109, 30.958275100000037 ], [ 120.104929, 30.958134500000028 ], [ 120.104627, 30.958171500000049 ], [ 120.104405200000087, 30.958108100000061 ], [ 120.104257300000086, 30.957976 ], [ 120.10413410000001, 30.957452800000056 ], [ 120.103653400000098, 30.95738410000007 ], [ 120.103474700000106, 30.957183300000054 ], [ 120.103647300000034, 30.955682600000046 ], [ 120.103789, 30.955185800000038 ], [ 120.103579500000023, 30.95514890000004 ], [ 120.103678100000025, 30.954530600000055 ], [ 120.103240600000049, 30.954472400000043 ], [ 120.102628600000116, 30.957157100000074 ], [ 120.10264230000007, 30.957385100000067 ], [ 120.102455900000109, 30.957694400000037 ], [ 120.102096500000016, 30.957914100000039 ], [ 120.10166920000006, 30.959878300000071 ], [ 120.101496700000098, 30.960237600000028 ], [ 120.101786300000072, 30.960295700000074 ], [ 120.102026600000045, 30.959397400000057 ], [ 120.10223, 30.958969400000058 ], [ 120.102340900000058, 30.958932400000037 ], [ 120.102556600000071, 30.95896410000006 ], [ 120.102722900000117, 30.959080400000062 ], [ 120.1031666, 30.95908570000006 ], [ 120.104041600000073, 30.959756800000036 ], [ 120.104121700000064, 30.95989940000004 ], [ 120.10397660000001, 30.960320800000034 ], [ 120.103758200000016, 30.960338 ], [ 120.102735300000063, 30.961299700000041 ], [ 120.102217700000097, 30.961674900000048 ], [ 120.10250110000004, 30.96163260000003 ], [ 120.102778400000034, 30.961738300000036 ], [ 120.103098800000112, 30.96198140000007 ], [ 120.102994100000046, 30.962187500000027 ], [ 120.102704500000073, 30.962277300000039 ], [ 120.102673700000082, 30.96221920000005 ], [ 120.102458, 30.962240300000076 ], [ 120.10247650000008, 30.962668300000075 ], [ 120.103554800000097, 30.963180800000032 ], [ 120.103517900000043, 30.963265400000068 ], [ 120.103228200000103, 30.963365800000076 ], [ 120.103203600000029, 30.963571900000034 ], [ 120.103123500000038, 30.963635300000078 ], [ 120.102815400000054, 30.963360500000078 ], [ 120.101527500000088, 30.962578500000063 ], [ 120.101355, 30.962731700000063 ], [ 120.101921900000093, 30.963180800000032 ], [ 120.102008100000035, 30.96334470000005 ], [ 120.101995800000054, 30.963503200000048 ], [ 120.101441200000068, 30.964227100000073 ], [ 120.100603200000023, 30.964401400000042 ], [ 120.100270400000113, 30.964126700000065 ], [ 120.100054800000066, 30.963741 ], [ 120.099894600000084, 30.96371890000006 ], [ 120.100399800000105, 30.964570500000036 ], [ 120.099574100000041, 30.965305 ], [ 120.099358400000028, 30.965415900000039 ], [ 120.099155100000075, 30.965389500000072 ], [ 120.099038, 30.965537500000039 ], [ 120.099346100000048, 30.965511100000072 ], [ 120.099494, 30.96586510000003 ], [ 120.100251900000103, 30.966441 ], [ 120.100399800000105, 30.966422500000078 ], [ 120.100301200000104, 30.966552300000046 ], [ 120.100241100000062, 30.966895200000067 ], [ 120.100421600000118, 30.96709240000007 ], [ 120.100524200000109, 30.967147100000034 ], [ 120.101012600000104, 30.966995300000065 ], [ 120.101295800000116, 30.967089400000077 ], [ 120.101387800000111, 30.967226 ], [ 120.101610700000037, 30.967219900000032 ], [ 120.101706300000046, 30.966943700000058 ], [ 120.102095600000098, 30.96669490000005 ], [ 120.102088500000036, 30.966512800000032 ], [ 120.102223, 30.966267 ], [ 120.102534500000047, 30.966033300000049 ], [ 120.102994600000102, 30.965308 ], [ 120.10325290000003, 30.964704100000063 ], [ 120.103132600000094, 30.96430040000007 ], [ 120.103284800000097, 30.964206400000023 ], [ 120.103458200000091, 30.963884700000051 ], [ 120.103656400000091, 30.963866500000051 ], [ 120.10405280000009, 30.964118400000075 ], [ 120.104289900000026, 30.964109300000075 ], [ 120.104459800000086, 30.96372690000004 ], [ 120.104785400000083, 30.963541700000064 ], [ 120.104866800000082, 30.963107800000046 ], [ 120.105245500000024, 30.962758700000052 ], [ 120.105627700000014, 30.962679800000046 ], [ 120.106307300000026, 30.961775400000079 ], [ 120.106296600000064, 30.961280800000054 ], [ 120.106455900000014, 30.960992400000066 ], [ 120.106417, 30.960783 ], [ 120.105960400000072, 30.960767900000064 ], [ 120.105686100000071, 30.960355900000025 ], [ 120.10539110000002, 30.960461700000053 ], [ 120.10521940000001, 30.959905 ], [ 120.10503170000004, 30.959587600000077 ], [ 120.104827800000066, 30.959412800000052 ], [ 120.104457700000012, 30.959270200000049 ], [ 120.104286000000116, 30.95943120000004 ], [ 120.103878300000019, 30.959422 ], [ 120.1035726, 30.959017200000062 ], [ 120.103636900000083, 30.958934400000032 ], [ 120.104060700000105, 30.958920600000056 ], [ 120.104162600000109, 30.959026400000027 ], [ 120.104752700000063, 30.959210400000075 ], [ 120.105332100000055, 30.959707200000025 ], [ 120.105584200000067, 30.959780800000033 ], [ 120.105627100000106, 30.960194900000033 ], [ 120.1059007, 30.960208700000067 ], [ 120.105884600000081, 30.960277700000063 ], [ 120.106662500000084, 30.960599700000046 ], [ 120.10670540000001, 30.96158870000005 ], [ 120.1062869000001, 30.962246500000049 ], [ 120.106812700000091, 30.962632900000074 ], [ 120.106780500000013, 30.962954900000057 ], [ 120.106646400000045, 30.963037700000029 ], [ 120.106297700000027, 30.96306990000005 ], [ 120.105836300000078, 30.962839900000063 ], [ 120.105729100000076, 30.962867500000073 ], [ 120.105230200000051, 30.963594300000068 ], [ 120.104554200000052, 30.96409570000003 ], [ 120.103797900000018, 30.964859300000057 ], [ 120.101544800000056, 30.967876800000056 ], [ 120.100691900000015, 30.967324800000029 ], [ 120.100488, 30.967476600000055 ], [ 120.099897900000087, 30.967016600000079 ], [ 120.099136200000089, 30.967251200000078 ], [ 120.097494700000084, 30.965949400000056 ], [ 120.097280100000035, 30.965871200000038 ], [ 120.096911100000057, 30.96611 ], [ 120.09478700000011, 30.968011300000057 ], [ 120.093310400000064, 30.969645900000046 ], [ 120.090348100000028, 30.972361100000057 ], [ 120.08923, 30.97326 ], [ 120.08891, 30.97402 ], [ 120.08845, 30.97439 ], [ 120.08768, 30.97528 ], [ 120.08676, 30.97604 ], [ 120.0863, 30.97666 ], [ 120.0853800000001, 30.97741 ], [ 120.084927900000025, 30.977615100000037 ], [ 120.084610000000112, 30.97829 ], [ 120.08415, 30.97867 ], [ 120.083623900000021, 30.978906800000061 ], [ 120.0822237000001, 30.980381300000033 ], [ 120.0796074000001, 30.982518900000059 ], [ 120.07909, 30.98305 ], [ 120.0774100000001, 30.98443 ], [ 120.07681, 30.98467 ], [ 120.07634, 30.98504 ], [ 120.07618, 30.98555 ], [ 120.07558, 30.98567 ], [ 120.07498, 30.98591 ], [ 120.073760000000107, 30.98691 ], [ 120.073260000000118, 30.98694 ], [ 120.072540000000117, 30.98766 ], [ 120.07194, 30.9879 ], [ 120.07132, 30.9884 ], [ 120.07012, 30.98889 ], [ 120.06981, 30.98913 ], [ 120.06861, 30.98924 ], [ 120.0686, 30.98975 ], [ 120.068, 30.98986 ], [ 120.06754, 30.99024 ], [ 120.06691, 30.99125 ], [ 120.06629, 30.99175 ], [ 120.06598, 30.99226 ], [ 120.06568, 30.99251 ], [ 120.06536, 30.99302 ], [ 120.06445, 30.99377 ], [ 120.06428, 30.99428 ], [ 120.06308, 30.99451 ], [ 120.06307, 30.99502 ], [ 120.06247, 30.99514 ], [ 120.0617, 30.99576 ], [ 120.06139, 30.99628 ], [ 120.06063, 30.99664 ], [ 120.06017, 30.99701 ], [ 120.05986, 30.99752 ], [ 120.058581600000025, 30.998154600000078 ], [ 120.05828710000003, 30.998703700000078 ], [ 120.057410000000118, 30.99926 ], [ 120.0574, 30.99978 ], [ 120.05694, 31.00015 ], [ 120.05634, 31.00039 ], [ 120.055880000000116, 31.00077 ], [ 120.05556, 31.00128 ], [ 120.05466, 31.00203 ], [ 120.05402, 31.00304 ], [ 120.05311, 31.00353 ], [ 120.05279, 31.0043 ], [ 120.05202, 31.00492 ], [ 120.05142, 31.00504 ], [ 120.05126, 31.00555 ], [ 120.0508, 31.00592 ], [ 120.05019, 31.00618 ], [ 120.04898, 31.00717 ], [ 120.048360000000116, 31.00741 ], [ 120.04775, 31.00791 ], [ 120.04565, 31.00837 ], [ 120.04505, 31.00887 ], [ 120.044130000000109, 31.00911 ], [ 120.04383, 31.00936 ], [ 120.042330000000106, 31.00971 ], [ 120.04231, 31.01023 ], [ 120.0411, 31.01033 ], [ 120.04081, 31.01058 ], [ 120.03961, 31.01081 ], [ 120.0378, 31.01128 ], [ 120.0375, 31.01153 ], [ 120.03629, 31.01176 ], [ 120.03178, 31.01294 ], [ 120.03029, 31.01303 ], [ 120.03027, 31.01355 ], [ 120.02907, 31.01365 ], [ 120.02877, 31.0139 ], [ 120.02727, 31.01412 ], [ 120.02696, 31.01437 ], [ 120.02455, 31.01534 ], [ 120.02424, 31.01559 ], [ 120.02304, 31.01582 ], [ 120.02273, 31.01607 ], [ 120.01972, 31.01703 ], [ 120.01942, 31.01728 ], [ 120.018510000000106, 31.01752 ], [ 120.0182, 31.01777 ], [ 120.0176, 31.01801 ], [ 120.017, 31.01799 ], [ 120.016710000000103, 31.01786 ], [ 120.01669, 31.01863 ], [ 120.0152, 31.01872 ], [ 120.01488, 31.01897 ], [ 120.01428, 31.01922 ], [ 120.01217, 31.01994 ], [ 120.01157, 31.01992 ], [ 120.011452800000029, 31.019624200000067 ], [ 120.01128, 31.01966 ], [ 120.011049700000058, 31.019745600000078 ], [ 120.010775500000022, 31.019850900000051 ], [ 120.010985500000061, 31.020127800000068 ], [ 120.01073620000011, 31.020799600000032 ], [ 120.00881, 31.02243 ], [ 120.00821, 31.02267 ], [ 120.00792, 31.02267 ], [ 120.007610000000113, 31.02253 ], [ 120.00745, 31.02304 ], [ 120.00729, 31.02317 ], [ 120.00669, 31.02341 ], [ 120.00609, 31.02352 ], [ 120.00592, 31.02403 ], [ 120.00577, 31.02416 ], [ 120.00457, 31.02465 ], [ 120.003785600000015, 31.025231400000052 ], [ 120.003200000000106, 31.02526 ], [ 120.002430000000118, 31.02588 ], [ 120.00031, 31.02686 ], [ 119.999849900000072, 31.027229900000066 ], [ 119.998840300000097, 31.027555200000052 ], [ 119.998049900000069, 31.027993200000026 ], [ 119.997537800000032, 31.028547500000059 ], [ 119.997209000000112, 31.028717500000027 ], [ 119.996858700000075, 31.028552600000069 ], [ 119.996761000000106, 31.028591500000061 ], [ 119.995504400000073, 31.029550800000038 ], [ 119.991669800000068, 31.032991300000049 ], [ 119.9913, 31.03346 ], [ 119.990556300000094, 31.033739800000035 ], [ 119.990032800000108, 31.03435 ], [ 119.989255700000058, 31.034708200000068 ], [ 119.988195200000064, 31.034606 ], [ 119.988041100000032, 31.034939400000042 ], [ 119.98792190000006, 31.035262100000068 ], [ 119.987933600000019, 31.035363700000062 ], [ 119.989205100000049, 31.036395500000026 ], [ 119.989403800000105, 31.038255900000024 ], [ 119.989303900000095, 31.039081700000054 ], [ 119.989713200000097, 31.039430200000027 ], [ 119.989358800000105, 31.03990680000004 ], [ 119.988940400000047, 31.040721700000063 ], [ 119.989137600000049, 31.041243300000076 ], [ 119.988969000000111, 31.042397100000073 ], [ 119.988642, 31.043003200000044 ], [ 119.988384900000028, 31.043286400000056 ], [ 119.98754560000009, 31.043842100000063 ], [ 119.986987800000065, 31.043989200000055 ], [ 119.986140100000057, 31.045679900000039 ], [ 119.984910100000093, 31.04719 ], [ 119.982683100000031, 31.053462600000046 ], [ 119.983036700000071, 31.053717400000039 ], [ 119.983158700000104, 31.054112 ], [ 119.983049500000106, 31.054627400000072 ], [ 119.982389100000091, 31.055255100000068 ], [ 119.981959, 31.057290400000056 ], [ 119.980800800000111, 31.06117770000003 ], [ 119.98008510000011, 31.061888500000066 ], [ 119.980175300000042, 31.062007900000026 ], [ 119.979826400000093, 31.062008800000058 ], [ 119.978075300000114, 31.064515300000039 ], [ 119.97574730000008, 31.066498800000033 ], [ 119.974043900000083, 31.067451600000027 ], [ 119.9727358, 31.068404300000054 ], [ 119.97069230000011, 31.069589800000074 ], [ 119.970042500000091, 31.069665800000053 ], [ 119.968022800000085, 31.071954900000037 ], [ 119.965594300000021, 31.074395400000071 ], [ 119.964447, 31.07649390000006 ], [ 119.962835, 31.078827500000045 ], [ 119.958016, 31.087443400000041 ], [ 119.957630000000108, 31.087919900000031 ], [ 119.95761, 31.088689900000077 ], [ 119.956683100000078, 31.089509500000077 ], [ 119.95621, 31.090330100000074 ], [ 119.950790100000063, 31.0965 ], [ 119.950039900000093, 31.09675 ], [ 119.949176500000021, 31.09767510000006 ], [ 119.94864, 31.098249900000042 ], [ 119.947037200000068, 31.10037 ], [ 119.947240700000066, 31.100546100000031 ], [ 119.946652400000062, 31.101292 ], [ 119.945830000000115, 31.102029900000048 ], [ 119.9445799, 31.103800100000058 ], [ 119.942557700000066, 31.107790700000066 ], [ 119.942287800000031, 31.108610100000078 ], [ 119.941992800000094, 31.109549300000026 ], [ 119.942489, 31.113042200000052 ], [ 119.941477, 31.116524500000025 ], [ 119.940385900000024, 31.118025500000044 ], [ 119.939136900000108, 31.120792700000038 ], [ 119.938869600000089, 31.121028800000033 ], [ 119.938688300000081, 31.121479200000067 ], [ 119.938729800000033, 31.121549800000025 ], [ 119.937011900000016, 31.127717100000041 ], [ 119.935807600000089, 31.131438900000035 ], [ 119.93561980000004, 31.137672100000032 ], [ 119.936152600000014, 31.140865900000051 ], [ 119.935367700000029, 31.145275500000025 ], [ 119.9341875, 31.147024700000031 ], [ 119.933550900000114, 31.147805100000028 ], [ 119.932878600000095, 31.148363 ], [ 119.931553200000053, 31.14937690000005 ], [ 119.928528800000095, 31.15162040000007 ], [ 119.92537510000011, 31.153923700000064 ], [ 119.922667400000023, 31.156367100000068 ], [ 119.9200174, 31.159114600000066 ], [ 119.917828700000086, 31.162109800000053 ], [ 119.917131400000017, 31.163041700000065 ], [ 119.915706500000056, 31.16558340000006 ], [ 119.915707100000077, 31.165709800000059 ], [ 119.915999500000112, 31.167739800000049 ], [ 119.9161765, 31.16922 ], [ 119.916243500000064, 31.17145540000007 ], [ 119.916509100000098, 31.171799600000043 ], [ 119.916234200000076, 31.17248230000007 ], [ 119.916113100000075, 31.172608400000058 ], [ 119.9154684, 31.172756600000071 ], [ 119.915186800000015, 31.173270600000023 ], [ 119.9148394, 31.17369640000004 ], [ 119.914697300000057, 31.173734200000069 ], [ 119.914482500000076, 31.173624800000027 ], [ 119.9133, 31.175270100000034 ], [ 119.90758, 31.18541010000007 ], [ 119.906835500000057, 31.188511300000073 ], [ 119.90658140000005, 31.188708400000053 ], [ 119.906614600000012, 31.189042 ], [ 119.906800700000076, 31.189218100000062 ], [ 119.9093047, 31.196632300000033 ], [ 119.911179500000117, 31.200143700000069 ], [ 119.911429000000112, 31.201080900000079 ], [ 119.914450500000044, 31.206421400000067 ], [ 119.91614, 31.20746 ], [ 119.916119900000012, 31.207970100000068 ], [ 119.914889900000048, 31.208970100000045 ], [ 119.912179200000082, 31.213153100000056 ], [ 119.911679900000081, 31.21583 ], [ 119.910726200000113, 31.216008400000078 ], [ 119.907053, 31.216100100000062 ], [ 119.905410800000027, 31.216748100000075 ], [ 119.90516290000005, 31.217266700000039 ], [ 119.903484300000059, 31.218341200000054 ], [ 119.901655, 31.219289700000047 ], [ 119.898776800000064, 31.221065500000066 ], [ 119.898610400000052, 31.221269300000074 ], [ 119.895131200000037, 31.224504600000046 ], [ 119.895107100000018, 31.224913600000036 ], [ 119.892877400000089, 31.228139 ], [ 119.892692400000101, 31.22865470000005 ], [ 119.892510100000095, 31.229149900000039 ] ], [ [ 120.010874800000011, 31.126640100000031 ], [ 120.010881600000062, 31.126512500000047 ], [ 120.01092, 31.12643 ], [ 120.011187, 31.126344800000027 ], [ 120.01135320000003, 31.126357700000028 ], [ 120.011535, 31.126446400000077 ], [ 120.011622800000055, 31.126448400000072 ], [ 120.011936700000092, 31.126624200000037 ], [ 120.012046700000042, 31.126783300000056 ], [ 120.012087800000018, 31.126942400000075 ], [ 120.012088200000107, 31.127046500000063 ], [ 120.012025300000118, 31.127132300000028 ], [ 120.012028800000053, 31.127230700000041 ], [ 120.01214420000008, 31.127299200000039 ], [ 120.012185400000021, 31.127399 ], [ 120.01209, 31.12749 ], [ 120.011871900000074, 31.127544200000045 ], [ 120.011665000000107, 31.127541300000075 ], [ 120.0114, 31.127397600000052 ], [ 120.0110333, 31.12710560000005 ], [ 120.0109122, 31.126995200000067 ], [ 120.010902400000077, 31.126865800000076 ], [ 120.010874800000011, 31.126640100000031 ] ], [ [ 120.049555100000021, 31.397177 ], [ 120.049574900000039, 31.397100100000046 ], [ 120.049623500000052, 31.397078600000043 ], [ 120.049618100000089, 31.396980300000052 ], [ 120.049667800000066, 31.3969 ], [ 120.049781900000085, 31.396757500000035 ], [ 120.049980400000095, 31.396668600000055 ], [ 120.04999, 31.396591600000079 ], [ 120.050176100000044, 31.396508600000061 ], [ 120.050201400000105, 31.396381200000064 ], [ 120.050622500000031, 31.39631810000003 ], [ 120.050868800000103, 31.396304600000065 ], [ 120.050975300000118, 31.396267400000056 ], [ 120.051076400000056, 31.396385400000042 ], [ 120.051184100000114, 31.39641030000007 ], [ 120.05125790000011, 31.396321200000045 ], [ 120.051311, 31.396311100000048 ], [ 120.051371300000028, 31.396398 ], [ 120.051533300000074, 31.396487100000058 ], [ 120.051547700000015, 31.396517800000026 ], [ 120.051468500000055, 31.396574700000031 ], [ 120.051384400000074, 31.396567100000027 ], [ 120.051443300000074, 31.396677600000032 ], [ 120.051563900000019, 31.396622300000047 ], [ 120.051641300000028, 31.396637700000042 ], [ 120.051614300000097, 31.396697600000039 ], [ 120.051554900000042, 31.396743700000059 ], [ 120.05155220000006, 31.396795900000029 ], [ 120.051592700000015, 31.396797500000048 ], [ 120.051659300000097, 31.396831300000031 ], [ 120.05164220000006, 31.396868100000063 ], [ 120.051600800000074, 31.396873500000027 ], [ 120.051539600000069, 31.396839700000044 ], [ 120.05148650000001, 31.397121700000071 ], [ 120.051553100000092, 31.397140100000058 ], [ 120.051533600000084, 31.397194600000034 ], [ 120.051450500000101, 31.397243 ], [ 120.051452300000051, 31.397356700000046 ], [ 120.051365900000064, 31.397421300000076 ], [ 120.051241700000105, 31.397370600000045 ], [ 120.051140900000064, 31.397418200000061 ], [ 120.051124400000049, 31.397486100000037 ], [ 120.050977100000068, 31.397490400000038 ], [ 120.050735900000063, 31.397493500000053 ], [ 120.050310800000034, 31.397395600000038 ], [ 120.050223100000039, 31.397413300000039 ], [ 120.050189, 31.397420200000056 ], [ 120.049719, 31.397282500000074 ], [ 120.0496865, 31.397192300000029 ], [ 120.049555100000021, 31.397177 ] ], [ [ 120.06792, 31.341416300000049 ], [ 120.068214400000102, 31.341156800000078 ], [ 120.06844870000009, 31.341033400000072 ], [ 120.068709, 31.340949200000068 ], [ 120.069101500000102, 31.340915300000063 ], [ 120.06973, 31.34084 ], [ 120.069911100000013, 31.340904800000033 ], [ 120.070067900000026, 31.341164 ], [ 120.069879300000025, 31.341377900000055 ], [ 120.069519900000046, 31.341570900000079 ], [ 120.069453800000019, 31.341764100000034 ], [ 120.068932400000108, 31.341860100000076 ], [ 120.068661900000052, 31.341753500000038 ], [ 120.068194200000107, 31.34186660000006 ], [ 120.06807, 31.341799700000024 ], [ 120.06792, 31.34157 ], [ 120.06792, 31.341416300000049 ] ], [ [ 120.081791, 31.342198900000028 ], [ 120.081928500000117, 31.341799600000058 ], [ 120.0818680000001, 31.341428400000041 ], [ 120.082132000000115, 31.340949200000068 ], [ 120.082374100000038, 31.340681400000051 ], [ 120.082535600000028, 31.340620900000033 ], [ 120.08263450000004, 31.340522800000031 ], [ 120.082759700000111, 31.340442 ], [ 120.082811100000072, 31.340454 ], [ 120.082823400000052, 31.340404500000034 ], [ 120.082803200000058, 31.340316900000062 ], [ 120.08284, 31.340198900000075 ], [ 120.082911500000023, 31.340136400000063 ], [ 120.082907, 31.340103500000055 ], [ 120.082873300000074, 31.340091400000063 ], [ 120.082855800000061, 31.340067200000078 ], [ 120.082865100000049, 31.340039600000068 ], [ 120.08289590000004, 31.340012300000069 ], [ 120.082957400000055, 31.340030500000069 ], [ 120.0830075, 31.339997600000061 ], [ 120.083022100000107, 31.339910800000041 ], [ 120.083115, 31.339843600000052 ], [ 120.083138800000029, 31.339856300000065 ], [ 120.082855000000109, 31.340470100000061 ], [ 120.08372010000005, 31.340680700000064 ], [ 120.084125500000027, 31.340349900000035 ], [ 120.08441670000002, 31.340112300000044 ], [ 120.084387700000093, 31.34002090000007 ], [ 120.084330200000068, 31.339905100000067 ], [ 120.084319, 31.339527800000042 ], [ 120.084278300000051, 31.339433100000065 ], [ 120.084110600000031, 31.339358 ], [ 120.084049900000082, 31.33936 ], [ 120.08388350000007, 31.339421100000038 ], [ 120.083908700000052, 31.339400800000078 ], [ 120.0840071, 31.339338800000064 ], [ 120.08407370000009, 31.339305100000047 ], [ 120.084068300000013, 31.339256700000078 ], [ 120.084081100000049, 31.339227300000061 ], [ 120.084203400000092, 31.339174600000035 ], [ 120.084246500000063, 31.339179200000046 ], [ 120.084285900000054, 31.33919510000004 ], [ 120.08433320000006, 31.339197600000034 ], [ 120.084377200000063, 31.339171 ], [ 120.084396800000036, 31.339137500000049 ], [ 120.08425550000004, 31.338811400000054 ], [ 120.084349, 31.338393200000041 ], [ 120.084266500000012, 31.338214700000037 ], [ 120.084354500000018, 31.337580400000036 ], [ 120.084084900000107, 31.337176300000067 ], [ 120.083947400000056, 31.336711200000025 ], [ 120.083694300000047, 31.336424500000078 ], [ 120.08369980000009, 31.335475400000064 ], [ 120.083908900000097, 31.334972700000037 ], [ 120.084172900000112, 31.334977400000071 ], [ 120.084349, 31.335235800000078 ], [ 120.084805600000095, 31.33554120000008 ], [ 120.084921100000088, 31.336006400000031 ], [ 120.08509150000009, 31.336544300000071 ], [ 120.08528, 31.33682 ], [ 120.085476700000072, 31.336922600000037 ], [ 120.0857132000001, 31.336993100000029 ], [ 120.085856300000046, 31.337190400000054 ], [ 120.085927800000036, 31.337383 ], [ 120.0859388, 31.337542800000051 ], [ 120.086131300000034, 31.337726 ], [ 120.086389900000086, 31.33782 ], [ 120.08665940000003, 31.338040800000044 ], [ 120.086763900000051, 31.338473100000044 ], [ 120.086774900000023, 31.338778500000046 ], [ 120.08658790000004, 31.338994600000035 ], [ 120.08644490000006, 31.339224900000033 ], [ 120.086400900000058, 31.339492700000051 ], [ 120.086252300000069, 31.33962420000006 ], [ 120.086125800000104, 31.33982160000005 ], [ 120.085927800000036, 31.339849800000025 ], [ 120.08560870000008, 31.339915500000075 ], [ 120.08510810000007, 31.340169300000071 ], [ 120.084849600000098, 31.340502800000024 ], [ 120.0848936000001, 31.340676700000074 ], [ 120.084701000000109, 31.340686100000028 ], [ 120.084508500000084, 31.340972700000066 ], [ 120.084073900000021, 31.341061900000057 ], [ 120.083952900000099, 31.341202900000042 ], [ 120.083903400000054, 31.341447200000061 ], [ 120.084134400000039, 31.341884200000038 ], [ 120.0842004000001, 31.342368100000044 ], [ 120.084211400000072, 31.34265 ], [ 120.084283, 31.34293660000003 ], [ 120.084194900000057, 31.343152700000076 ], [ 120.084464500000081, 31.343787 ], [ 120.085025600000108, 31.344153400000039 ], [ 120.086010300000112, 31.344510500000069 ], [ 120.0861863, 31.345154100000059 ], [ 120.086131300000034, 31.345581700000025 ], [ 120.086114800000018, 31.346028 ], [ 120.085949800000094, 31.346220600000038 ], [ 120.085779200000047, 31.346215900000061 ], [ 120.08575170000006, 31.34611730000006 ], [ 120.085586700000022, 31.346042100000034 ], [ 120.085102600000027, 31.345121300000073 ], [ 120.08482210000011, 31.344759500000066 ], [ 120.083897900000011, 31.343876200000068 ], [ 120.08359530000007, 31.343641300000058 ], [ 120.083116700000119, 31.343246700000066 ], [ 120.082924200000093, 31.343058700000029 ], [ 120.082330100000036, 31.342950700000074 ], [ 120.082231100000058, 31.342706400000054 ], [ 120.081994500000064, 31.342499600000053 ], [ 120.081791, 31.342198900000028 ] ], [ [ 120.1068, 31.23528 ], [ 120.10681000000011, 31.23502 ], [ 120.106860800000049, 31.23481350000003 ], [ 120.107287, 31.234115700000075 ], [ 120.10743, 31.233857300000068 ], [ 120.107574900000031, 31.233840400000076 ], [ 120.10811440000009, 31.234041700000034 ], [ 120.108613000000105, 31.234115600000052 ], [ 120.10874560000002, 31.234225400000071 ], [ 120.10876, 31.23481 ], [ 120.108979800000043, 31.235113600000034 ], [ 120.108991200000105, 31.235226200000056 ], [ 120.10886620000008, 31.235427100000038 ], [ 120.108683, 31.235531900000069 ], [ 120.108401300000082, 31.235536700000068 ], [ 120.10769, 31.23543 ], [ 120.10739, 31.23542 ], [ 120.10709, 31.23542 ], [ 120.1068, 31.23528 ] ], [ [ 120.1236288, 31.503823700000055 ], [ 120.123830700000099, 31.503731500000072 ], [ 120.124582700000019, 31.504908500000056 ], [ 120.125370800000042, 31.506077100000027 ], [ 120.125121100000115, 31.506197200000031 ], [ 120.1236288, 31.503823700000055 ] ], [ [ 120.15687760000003, 31.402503700000068 ], [ 120.156894500000021, 31.402377 ], [ 120.157174900000086, 31.402240300000074 ], [ 120.157356100000015, 31.402218800000071 ], [ 120.15741550000007, 31.402251500000034 ], [ 120.157721800000104, 31.402282300000024 ], [ 120.157806500000106, 31.402231800000038 ], [ 120.157879800000046, 31.402232500000025 ], [ 120.158029400000032, 31.402307200000052 ], [ 120.158176200000071, 31.402299500000026 ], [ 120.158305200000086, 31.402243300000066 ], [ 120.159147400000052, 31.402260200000057 ], [ 120.159380700000042, 31.402186500000028 ], [ 120.159660800000097, 31.402009700000065 ], [ 120.159833800000115, 31.401813100000027 ], [ 120.159940300000017, 31.40158880000007 ], [ 120.159878100000014, 31.401323400000024 ], [ 120.1598007, 31.401114900000039 ], [ 120.159791400000017, 31.400935100000027 ], [ 120.159998800000039, 31.400726 ], [ 120.160145200000102, 31.40064540000003 ], [ 120.16046520000009, 31.400471800000048 ], [ 120.1606504, 31.400479 ], [ 120.160717500000032, 31.400428500000032 ], [ 120.160946100000046, 31.400422100000071 ], [ 120.161051500000099, 31.400371 ], [ 120.161199600000032, 31.400375 ], [ 120.16125420000003, 31.400338900000065 ], [ 120.161478000000102, 31.400286100000073 ], [ 120.161581100000035, 31.400285600000075 ], [ 120.161733900000058, 31.400234900000044 ], [ 120.161871900000051, 31.400272700000073 ], [ 120.1620507, 31.400220900000079 ], [ 120.162223300000051, 31.400304600000027 ], [ 120.162291300000106, 31.400272900000061 ], [ 120.16233950000003, 31.400285100000076 ], [ 120.162368800000081, 31.400334500000042 ], [ 120.162549, 31.400362600000051 ], [ 120.162628800000107, 31.400304900000037 ], [ 120.162849600000072, 31.400443500000051 ], [ 120.162920900000017, 31.400447300000053 ], [ 120.16291, 31.400555800000063 ], [ 120.16298780000011, 31.400581300000056 ], [ 120.16300990000002, 31.40064110000003 ], [ 120.162818, 31.400941100000068 ], [ 120.162762600000065, 31.401067700000056 ], [ 120.162766900000065, 31.401191900000072 ], [ 120.162824200000045, 31.401314 ], [ 120.162918400000081, 31.401441600000055 ], [ 120.163049200000046, 31.401571 ], [ 120.1630818000001, 31.401698900000042 ], [ 120.163181300000019, 31.40177570000003 ], [ 120.163248400000043, 31.401915200000076 ], [ 120.163255100000015, 31.402012600000035 ], [ 120.163299200000097, 31.402084200000047 ], [ 120.163554, 31.402252300000043 ], [ 120.163775300000111, 31.402370500000075 ], [ 120.16388290000009, 31.40238590000007 ], [ 120.164024900000072, 31.402432800000042 ], [ 120.164222400000085, 31.402437200000065 ], [ 120.164952700000072, 31.402581400000031 ], [ 120.165084200000024, 31.402594600000043 ], [ 120.1652937, 31.402550100000042 ], [ 120.16545520000011, 31.402478100000053 ], [ 120.165682600000082, 31.402490900000032 ], [ 120.165816200000108, 31.402433500000029 ], [ 120.165869600000065, 31.402472200000034 ], [ 120.166059400000108, 31.402484100000038 ], [ 120.166110700000104, 31.402452800000049 ], [ 120.166259300000092, 31.402468300000066 ], [ 120.166353600000093, 31.402433500000029 ], [ 120.166518700000097, 31.402458600000045 ], [ 120.166643800000088, 31.40243090000007 ], [ 120.166708700000072, 31.402498800000046 ], [ 120.166799200000014, 31.402502900000059 ], [ 120.166977600000109, 31.402585300000055 ], [ 120.167048, 31.402634900000066 ], [ 120.167005100000097, 31.402765500000044 ], [ 120.167050700000118, 31.402947300000051 ], [ 120.167123100000026, 31.403126900000075 ], [ 120.16723740000009, 31.403281 ], [ 120.167442800000117, 31.40347040000006 ], [ 120.16787110000007, 31.403776400000027 ], [ 120.167888200000107, 31.403835300000026 ], [ 120.167797, 31.404000200000041 ], [ 120.167741600000113, 31.404078500000026 ], [ 120.167636500000071, 31.404117800000051 ], [ 120.167559100000062, 31.404221 ], [ 120.167510000000107, 31.404322300000047 ], [ 120.1675136, 31.404523400000073 ], [ 120.167483300000072, 31.404618600000049 ], [ 120.167292800000041, 31.404896 ], [ 120.16716150000002, 31.40501 ], [ 120.16699170000004, 31.405034100000023 ], [ 120.166455400000018, 31.404910500000028 ], [ 120.166177200000106, 31.404905400000075 ], [ 120.165320700000052, 31.405120600000032 ], [ 120.164990100000068, 31.405201300000044 ], [ 120.164596300000085, 31.405183700000066 ], [ 120.164278200000012, 31.405163300000027 ], [ 120.1640182000001, 31.405159900000058 ], [ 120.163868100000059, 31.40508520000003 ], [ 120.163778900000011, 31.404976500000032 ], [ 120.163673400000107, 31.404834300000061 ], [ 120.163403, 31.404596200000071 ], [ 120.163133100000096, 31.404414400000064 ], [ 120.162913700000104, 31.404222300000072 ], [ 120.1628081, 31.404117800000051 ], [ 120.162648900000022, 31.404052500000034 ], [ 120.162095, 31.403768100000036 ], [ 120.162065300000108, 31.40372 ], [ 120.162101800000073, 31.403673900000058 ], [ 120.162169600000084, 31.40366860000006 ], [ 120.16263, 31.403915100000063 ], [ 120.162684100000092, 31.403786500000024 ], [ 120.162559700000088, 31.403743600000041 ], [ 120.16258, 31.40353250000004 ], [ 120.162571300000081, 31.403336100000047 ], [ 120.162542800000097, 31.403089 ], [ 120.162685300000021, 31.403072700000052 ], [ 120.162656300000094, 31.402877300000057 ], [ 120.16249520000008, 31.402871900000036 ], [ 120.162445100000014, 31.402955800000029 ], [ 120.162107400000082, 31.402807200000041 ], [ 120.162149800000066, 31.402749800000038 ], [ 120.162145500000065, 31.402673900000025 ], [ 120.161910800000101, 31.402525200000071 ], [ 120.161620800000037, 31.402452400000072 ], [ 120.161243400000103, 31.402445600000078 ], [ 120.16101320000007, 31.402461 ], [ 120.160838200000057, 31.402507900000046 ], [ 120.160683, 31.402573300000029 ], [ 120.160449900000117, 31.402659800000038 ], [ 120.159914100000037, 31.402695700000038 ], [ 120.1593679, 31.402661200000068 ], [ 120.159129500000063, 31.402690100000029 ], [ 120.1589212, 31.40276730000005 ], [ 120.158769900000038, 31.402813600000059 ], [ 120.158643400000074, 31.402855800000054 ], [ 120.158505900000023, 31.402887 ], [ 120.158413200000041, 31.402971600000058 ], [ 120.158299600000078, 31.403056900000024 ], [ 120.158242700000073, 31.403139600000031 ], [ 120.158210100000019, 31.403249 ], [ 120.158170400000017, 31.403315600000042 ], [ 120.158094800000072, 31.403343800000073 ], [ 120.157829900000024, 31.403273 ], [ 120.15762390000009, 31.403203 ], [ 120.157440700000052, 31.403090300000031 ], [ 120.157327, 31.402987200000041 ], [ 120.157265200000097, 31.402887500000077 ], [ 120.1571378000001, 31.402829700000041 ], [ 120.157035600000086, 31.402759500000059 ], [ 120.15687760000003, 31.402503700000068 ] ], [ [ 120.164997500000027, 31.407365 ], [ 120.165010500000108, 31.407271500000036 ], [ 120.165046400000051, 31.407235800000024 ], [ 120.165086200000019, 31.407250500000032 ], [ 120.165099300000065, 31.407327600000031 ], [ 120.1651442000001, 31.407379200000037 ], [ 120.165253300000018, 31.407509700000048 ], [ 120.165387500000065, 31.40767610000006 ], [ 120.165485800000056, 31.40774650000003 ], [ 120.165531400000077, 31.407892700000048 ], [ 120.165517900000054, 31.407984900000031 ], [ 120.1654469, 31.408023600000035 ], [ 120.165331700000024, 31.408050500000058 ], [ 120.165269300000091, 31.408029 ], [ 120.16522590000011, 31.407966100000067 ], [ 120.165176, 31.407832900000074 ], [ 120.165073, 31.407660100000044 ], [ 120.1650098, 31.407493200000033 ], [ 120.164997500000027, 31.407365 ] ], [ [ 120.1705429000001, 31.010555700000054 ], [ 120.170559300000036, 31.010485300000028 ], [ 120.170658000000117, 31.010391300000038 ], [ 120.170778600000062, 31.010325500000079 ], [ 120.170866300000057, 31.010325500000079 ], [ 120.17092660000003, 31.010283300000026 ], [ 120.170954, 31.010189300000036 ], [ 120.17092660000003, 31.010076500000025 ], [ 120.170970400000101, 31.009954400000026 ], [ 120.170964900000058, 31.00985570000006 ], [ 120.171052600000053, 31.009827500000029 ], [ 120.171140300000047, 31.009851 ], [ 120.171156800000063, 31.009926200000052 ], [ 120.171195200000057, 31.009977900000024 ], [ 120.17130480000003, 31.010010800000032 ], [ 120.171414400000117, 31.010071800000048 ], [ 120.171485700000062, 31.010151700000051 ], [ 120.171644600000036, 31.010236300000031 ], [ 120.171694000000116, 31.010316100000068 ], [ 120.171743300000117, 31.01046180000003 ], [ 120.171842, 31.01049 ], [ 120.171842, 31.010536900000034 ], [ 120.171743300000117, 31.010588600000062 ], [ 120.171765200000095, 31.010673200000042 ], [ 120.171831000000111, 31.010795300000041 ], [ 120.171891300000084, 31.011039600000061 ], [ 120.171858400000019, 31.011157100000048 ], [ 120.171748800000046, 31.011255700000049 ], [ 120.171622700000057, 31.011288600000057 ], [ 120.171507600000041, 31.011349700000039 ], [ 120.171392500000024, 31.011420100000066 ], [ 120.1712774, 31.011401400000068 ], [ 120.17120060000002, 31.011354400000073 ], [ 120.171156800000063, 31.011260400000026 ], [ 120.171167700000069, 31.011152400000071 ], [ 120.17120060000002, 31.011091300000032 ], [ 120.1709978, 31.01102080000004 ], [ 120.170964900000058, 31.010969100000068 ], [ 120.170970400000101, 31.010879900000077 ], [ 120.171003300000052, 31.010804700000051 ], [ 120.170959500000095, 31.010753 ], [ 120.170833400000106, 31.010734300000024 ], [ 120.170789500000069, 31.010687300000029 ], [ 120.170778600000062, 31.010616800000037 ], [ 120.17071830000009, 31.010588600000062 ], [ 120.1706196, 31.010593300000039 ], [ 120.1705429000001, 31.010555700000054 ] ], [ [ 120.173675200000048, 31.448351 ], [ 120.174781600000074, 31.447782500000073 ], [ 120.175697100000093, 31.449079400000073 ], [ 120.174590700000067, 31.449647800000037 ], [ 120.173675200000048, 31.448351 ] ], [ [ 120.185403400000041, 31.522116800000049 ], [ 120.185513100000094, 31.522037700000055 ], [ 120.185639200000082, 31.52190870000004 ], [ 120.185754300000099, 31.521933900000079 ], [ 120.18608340000003, 31.521720300000027 ], [ 120.186168700000053, 31.521734300000048 ], [ 120.186249400000065, 31.521704600000078 ], [ 120.186258800000019, 31.52153190000007 ], [ 120.186127100000022, 31.521506800000054 ], [ 120.186076900000103, 31.521454900000037 ], [ 120.186112900000012, 31.521368700000039 ], [ 120.18632690000004, 31.521344900000031 ], [ 120.186501, 31.521393600000067 ], [ 120.186655200000018, 31.521412100000077 ], [ 120.186739700000089, 31.521373900000071 ], [ 120.1867625000001, 31.521261400000071 ], [ 120.186972800000035, 31.521212300000059 ], [ 120.187113900000099, 31.521171100000061 ], [ 120.187231400000087, 31.521115800000075 ], [ 120.187365200000045, 31.521078800000055 ], [ 120.187452900000039, 31.521120800000062 ], [ 120.187473300000079, 31.521260300000051 ], [ 120.187517800000023, 31.521323400000028 ], [ 120.187449100000094, 31.52149170000007 ], [ 120.18732250000005, 31.521609400000045 ], [ 120.187318000000118, 31.521747800000071 ], [ 120.187404600000036, 31.521843800000056 ], [ 120.187583500000073, 31.521931800000061 ], [ 120.187779600000113, 31.521999 ], [ 120.187844500000097, 31.522230400000069 ], [ 120.18749390000005, 31.522386400000073 ], [ 120.187463900000012, 31.522517100000073 ], [ 120.187326, 31.522625300000072 ], [ 120.187001200000054, 31.522785600000077 ], [ 120.186626500000102, 31.522860600000058 ], [ 120.186291500000038, 31.522813700000029 ], [ 120.186088700000028, 31.522646100000031 ], [ 120.185899900000095, 31.522419100000036 ], [ 120.185741900000039, 31.522323300000039 ], [ 120.185464600000046, 31.52233190000004 ], [ 120.185403400000041, 31.522116800000049 ] ], [ [ 120.186276500000076, 31.518458200000055 ], [ 120.186459700000114, 31.518057600000077 ], [ 120.186617900000101, 31.517863500000033 ], [ 120.186743200000024, 31.517799500000024 ], [ 120.186814, 31.517700900000079 ], [ 120.186661700000059, 31.517631400000027 ], [ 120.186771600000043, 31.517473700000039 ], [ 120.186873000000105, 31.517513700000052 ], [ 120.187001200000054, 31.517436200000077 ], [ 120.187162400000034, 31.517391300000043 ], [ 120.187466, 31.517123800000036 ], [ 120.1877713, 31.516970600000036 ], [ 120.188122600000042, 31.516833 ], [ 120.188505100000043, 31.516790200000059 ], [ 120.188812200000029, 31.516792 ], [ 120.189002400000049, 31.516924200000062 ], [ 120.189021500000081, 31.517122400000062 ], [ 120.189149900000075, 31.517293500000051 ], [ 120.189215600000011, 31.517459200000076 ], [ 120.189470700000015, 31.517608600000074 ], [ 120.189761500000031, 31.517678800000056 ], [ 120.189907400000038, 31.517891900000052 ], [ 120.189915400000018, 31.518240100000071 ], [ 120.189968800000088, 31.518340900000055 ], [ 120.190069900000026, 31.518374300000062 ], [ 120.190119600000116, 31.518618300000071 ], [ 120.18971190000002, 31.518813800000032 ], [ 120.18937690000007, 31.518962600000066 ], [ 120.18860410000002, 31.519392700000026 ], [ 120.1879963, 31.519793500000048 ], [ 120.187741500000016, 31.519997900000078 ], [ 120.187654100000032, 31.520253300000036 ], [ 120.18752690000008, 31.520234100000039 ], [ 120.187479200000098, 31.520047600000055 ], [ 120.187350400000014, 31.519863500000042 ], [ 120.187057, 31.519830100000036 ], [ 120.186733300000014, 31.519569900000079 ], [ 120.186523200000011, 31.519470500000068 ], [ 120.1864203, 31.519240700000069 ], [ 120.186419700000101, 31.519074700000033 ], [ 120.18649, 31.518903400000056 ], [ 120.186300900000106, 31.518579400000078 ], [ 120.186276500000076, 31.518458200000055 ] ], [ [ 120.187673, 31.13556710000006 ], [ 120.187748200000101, 31.135374 ], [ 120.187920100000042, 31.135061200000052 ], [ 120.188049100000057, 31.13496 ], [ 120.188124300000027, 31.134812900000043 ], [ 120.188135000000102, 31.134573700000033 ], [ 120.188167300000032, 31.13443570000004 ], [ 120.188253200000077, 31.134316200000058 ], [ 120.188317700000084, 31.134215 ], [ 120.188511200000107, 31.134104600000057 ], [ 120.188683100000048, 31.134031 ], [ 120.188812, 31.134040200000072 ], [ 120.188941000000113, 31.134104600000057 ], [ 120.188887300000033, 31.134261 ], [ 120.188898000000108, 31.134398900000065 ], [ 120.188790600000061, 31.13449090000006 ], [ 120.188758300000018, 31.134656500000062 ], [ 120.188715300000013, 31.13496 ], [ 120.188683100000048, 31.13516240000007 ], [ 120.188661600000046, 31.13538310000007 ], [ 120.188715300000013, 31.13559470000007 ], [ 120.188822800000025, 31.135760300000072 ], [ 120.188833500000101, 31.135889 ], [ 120.18869380000001, 31.13597180000005 ], [ 120.188683100000048, 31.136091400000055 ], [ 120.188468200000102, 31.136146600000075 ], [ 120.188178000000107, 31.136165 ], [ 120.187952400000086, 31.136100600000077 ], [ 120.187844900000073, 31.136008600000025 ], [ 120.187780400000065, 31.135889 ], [ 120.187694500000021, 31.135732700000062 ], [ 120.187673, 31.13556710000006 ] ], [ [ 120.190250400000082, 31.518542600000046 ], [ 120.19034570000008, 31.518435400000044 ], [ 120.190447300000073, 31.518413200000055 ], [ 120.190533200000118, 31.518345300000078 ], [ 120.190662700000075, 31.518344400000046 ], [ 120.190745000000106, 31.518405200000075 ], [ 120.190836500000046, 31.518414800000073 ], [ 120.190956100000108, 31.518361300000038 ], [ 120.191393600000083, 31.518358500000033 ], [ 120.191403, 31.518580600000064 ], [ 120.19091190000006, 31.518775400000038 ], [ 120.190518100000077, 31.518718900000067 ], [ 120.190299800000048, 31.518638200000055 ], [ 120.190250400000082, 31.518542600000046 ] ], [ [ 120.190775, 31.123601800000074 ], [ 120.190809300000069, 31.12293180000006 ], [ 120.191364, 31.122619300000053 ], [ 120.191713700000037, 31.122278800000061 ], [ 120.192370900000014, 31.121933 ], [ 120.19264720000001, 31.121619800000076 ], [ 120.19257, 31.12127 ], [ 120.192618700000025, 31.120864800000049 ], [ 120.192055500000038, 31.120081800000037 ], [ 120.191646600000013, 31.119811700000071 ], [ 120.191440200000102, 31.119675400000062 ], [ 120.191552300000012, 31.118913 ], [ 120.191833400000064, 31.118680600000062 ], [ 120.191920300000106, 31.118261800000028 ], [ 120.1922078, 31.118111200000044 ], [ 120.192531800000097, 31.11781540000004 ], [ 120.193141200000014, 31.117869600000063 ], [ 120.194350900000018, 31.119262 ], [ 120.194542900000101, 31.119282700000042 ], [ 120.194814900000097, 31.119193600000074 ], [ 120.195998300000042, 31.119236800000067 ], [ 120.196605600000112, 31.119455800000026 ], [ 120.196808300000043, 31.119201900000064 ], [ 120.197314700000106, 31.118013800000028 ], [ 120.197905400000081, 31.117553600000065 ], [ 120.198750200000063, 31.116734300000076 ], [ 120.199221200000011, 31.116657600000053 ], [ 120.199695500000075, 31.116874400000029 ], [ 120.200441700000056, 31.117366700000048 ], [ 120.202174900000045, 31.117008 ], [ 120.202605100000028, 31.115864900000076 ], [ 120.202942, 31.115635300000065 ], [ 120.202958100000046, 31.115218800000036 ], [ 120.202688300000091, 31.114709400000038 ], [ 120.20265, 31.11377 ], [ 120.203177500000038, 31.112085200000024 ], [ 120.20347, 31.11149 ], [ 120.204221400000051, 31.110731700000031 ], [ 120.205978800000025, 31.109366200000068 ], [ 120.207370300000093, 31.108832500000062 ], [ 120.2082421, 31.10868830000004 ], [ 120.208176600000115, 31.108259700000076 ], [ 120.20834, 31.10799 ], [ 120.208891700000095, 31.107633700000065 ], [ 120.2098138, 31.107200600000056 ], [ 120.2105659, 31.106963600000029 ], [ 120.2110149, 31.106914900000049 ], [ 120.212445600000024, 31.107218100000068 ], [ 120.212767500000041, 31.107212100000027 ], [ 120.21337850000009, 31.107546900000045 ], [ 120.213872, 31.107633700000065 ], [ 120.214430400000083, 31.107557900000074 ], [ 120.214778600000045, 31.107401300000049 ], [ 120.215364900000054, 31.106917700000054 ], [ 120.216119700000036, 31.106893800000023 ], [ 120.216616400000021, 31.107021900000063 ], [ 120.216881400000034, 31.106716400000039 ], [ 120.219092100000012, 31.104199900000026 ], [ 120.219026100000065, 31.103823700000078 ], [ 120.219240700000114, 31.103528900000072 ], [ 120.219287400000098, 31.103138900000033 ], [ 120.219603600000028, 31.102894700000036 ], [ 120.220149400000082, 31.103031 ], [ 120.222643400000038, 31.102441200000044 ], [ 120.227110200000084, 31.101750200000026 ], [ 120.227741800000103, 31.101378900000043 ], [ 120.228531400000065, 31.101282100000049 ], [ 120.228497, 31.101164500000039 ], [ 120.228663600000118, 31.101144300000044 ], [ 120.229803100000026, 31.100363800000025 ], [ 120.230909500000053, 31.100548 ], [ 120.2314685, 31.100527100000079 ], [ 120.231453800000054, 31.100271700000064 ], [ 120.231996400000071, 31.100128200000029 ], [ 120.232114100000103, 31.100255200000049 ], [ 120.232199700000024, 31.100177100000053 ], [ 120.232436800000073, 31.100307300000054 ], [ 120.23283640000011, 31.100067100000047 ], [ 120.232789500000081, 31.099929 ], [ 120.233287300000029, 31.099662900000055 ], [ 120.23350460000006, 31.099838800000043 ], [ 120.234147200000052, 31.099384300000054 ], [ 120.234411200000068, 31.099570300000039 ], [ 120.234751800000026, 31.099399900000037 ], [ 120.235418600000116, 31.098407700000053 ], [ 120.235974400000032, 31.09720370000008 ], [ 120.235572, 31.097142200000064 ], [ 120.235819900000024, 31.096810500000061 ], [ 120.236099300000092, 31.096850500000073 ], [ 120.236058600000092, 31.095097600000031 ], [ 120.235868400000072, 31.094671300000073 ], [ 120.235218200000077, 31.094534 ], [ 120.234583600000065, 31.09452710000005 ], [ 120.234272500000088, 31.094419600000037 ], [ 120.233885400000077, 31.094109500000059 ], [ 120.23385, 31.09364 ], [ 120.234117200000014, 31.093311100000051 ], [ 120.234378200000037, 31.093294800000024 ], [ 120.234668400000032, 31.093410100000028 ], [ 120.235137800000075, 31.093327700000032 ], [ 120.235390700000039, 31.093162100000029 ], [ 120.23552, 31.093273 ], [ 120.235820100000069, 31.092995300000041 ], [ 120.236417500000016, 31.092978500000072 ], [ 120.236657800000103, 31.092904400000066 ], [ 120.2368404, 31.092964300000062 ], [ 120.236983100000089, 31.092896300000064 ], [ 120.237279500000113, 31.092929600000048 ], [ 120.237691, 31.093011800000056 ], [ 120.238374100000101, 31.093326700000034 ], [ 120.238532100000043, 31.093211200000042 ], [ 120.238776200000075, 31.093308400000069 ], [ 120.239175300000056, 31.093547200000046 ], [ 120.239674700000023, 31.09411920000008 ], [ 120.240833400000042, 31.094199500000059 ], [ 120.242141600000082, 31.09388210000003 ], [ 120.242313200000012, 31.093716500000028 ], [ 120.244508100000076, 31.093154500000026 ], [ 120.245059800000035, 31.093215800000053 ], [ 120.245711800000095, 31.092584400000078 ], [ 120.246296600000051, 31.091719200000057 ], [ 120.24624080000001, 31.091569600000071 ], [ 120.246875100000011, 31.090353700000037 ], [ 120.246630200000027, 31.090238800000066 ], [ 120.246809400000075, 31.087971700000026 ], [ 120.245782100000042, 31.08779160000006 ], [ 120.244923800000038, 31.08790010000007 ], [ 120.244121600000085, 31.087666 ], [ 120.243837500000041, 31.087338700000032 ], [ 120.243413700000019, 31.087287900000035 ], [ 120.243092100000013, 31.087021700000037 ], [ 120.242862800000012, 31.086435700000038 ], [ 120.243311800000015, 31.085933400000044 ], [ 120.243486100000041, 31.085361400000068 ], [ 120.243907300000046, 31.085147800000072 ], [ 120.240240100000051, 31.078173200000037 ], [ 120.239907500000072, 31.07823570000005 ], [ 120.239745500000026, 31.077878700000042 ], [ 120.239850100000012, 31.077467100000035 ], [ 120.240094500000055, 31.077400200000056 ], [ 120.240268, 31.075572700000066 ], [ 120.24018030000002, 31.074940100000049 ], [ 120.240473, 31.074842900000078 ], [ 120.240423300000089, 31.074596400000075 ], [ 120.240600100000051, 31.074114700000052 ], [ 120.24136830000009, 31.073905400000058 ], [ 120.241797200000065, 31.073430500000029 ], [ 120.24312, 31.073686900000041 ], [ 120.243616800000041, 31.073539600000061 ], [ 120.24405210000009, 31.073270800000046 ], [ 120.2441291, 31.073080200000049 ], [ 120.244685600000025, 31.072942600000033 ], [ 120.244809300000043, 31.073140600000045 ], [ 120.265476100000114, 31.070288500000061 ], [ 120.265477200000078, 31.07010420000006 ], [ 120.265684300000089, 31.069915600000058 ], [ 120.266525900000033, 31.06946460000006 ], [ 120.266920200000072, 31.069154500000025 ], [ 120.267518900000027, 31.069091 ], [ 120.267849900000101, 31.068890300000078 ], [ 120.268577300000061, 31.068844800000079 ], [ 120.268835800000033, 31.068518100000063 ], [ 120.269351900000061, 31.068370100000038 ], [ 120.270038400000089, 31.068350500000065 ], [ 120.270094, 31.068266600000072 ], [ 120.270339400000012, 31.067896900000051 ], [ 120.271721300000081, 31.067315500000063 ], [ 120.272069000000101, 31.067265400000053 ], [ 120.272891500000014, 31.067294300000071 ], [ 120.27393040000004, 31.067525100000069 ], [ 120.273991, 31.067268700000056 ], [ 120.274576800000091, 31.067168500000037 ], [ 120.274576300000035, 31.067480500000045 ], [ 120.276614800000061, 31.067147900000066 ], [ 120.276963500000079, 31.067007700000033 ], [ 120.277856600000064, 31.066829 ], [ 120.278655400000048, 31.066836800000033 ], [ 120.280206300000032, 31.066656700000067 ], [ 120.281318700000043, 31.066713200000038 ], [ 120.281425100000092, 31.066723900000056 ], [ 120.282126200000107, 31.066765100000055 ], [ 120.282721100000117, 31.066666300000065 ], [ 120.2831781000001, 31.066487100000074 ], [ 120.288499600000023, 31.065091600000073 ], [ 120.288931500000103, 31.064657800000077 ], [ 120.2892405, 31.063826100000028 ], [ 120.29000330000008, 31.06322 ], [ 120.290931900000032, 31.062711300000046 ], [ 120.291554100000099, 31.062180600000033 ], [ 120.292069100000049, 31.061855700000024 ], [ 120.292769200000066, 31.061851600000068 ], [ 120.29415640000002, 31.062024300000076 ], [ 120.294655900000066, 31.062632700000051 ], [ 120.294805500000052, 31.063116600000058 ], [ 120.294160200000078, 31.063627100000076 ], [ 120.293787900000098, 31.064817300000072 ], [ 120.29333, 31.0656 ], [ 120.29303, 31.06585 ], [ 120.292341100000044, 31.065982800000029 ], [ 120.290728200000103, 31.066712400000029 ], [ 120.290719400000057, 31.067044500000065 ], [ 120.290907900000093, 31.067117400000029 ], [ 120.291224400000033, 31.067007100000069 ], [ 120.291371900000058, 31.06685340000007 ], [ 120.291457300000047, 31.067054100000064 ], [ 120.290942800000039, 31.067216200000075 ], [ 120.290827500000091, 31.067413800000054 ], [ 120.291272700000036, 31.068027200000074 ], [ 120.292313400000012, 31.067629700000055 ], [ 120.292006300000025, 31.067141200000037 ], [ 120.292088400000011, 31.06709150000006 ], [ 120.292420200000038, 31.067683600000066 ], [ 120.291379300000017, 31.06809990000005 ], [ 120.291862600000059, 31.068650400000024 ], [ 120.292554600000017, 31.068543800000043 ], [ 120.292680100000098, 31.069406300000026 ], [ 120.291762800000015, 31.069618100000071 ], [ 120.291603500000065, 31.070319700000027 ], [ 120.292246200000022, 31.071898 ], [ 120.293625300000031, 31.07380530000006 ], [ 120.293780900000115, 31.074396600000057 ], [ 120.293529300000046, 31.07504670000003 ], [ 120.294062, 31.074886800000058 ], [ 120.294805500000052, 31.07558750000004 ], [ 120.293999800000051, 31.07588620000007 ], [ 120.294105500000114, 31.077011800000037 ], [ 120.293822200000022, 31.077990900000032 ], [ 120.29354, 31.07948 ], [ 120.293703100000016, 31.079842400000075 ], [ 120.293350700000019, 31.080148 ], [ 120.292922600000111, 31.081011300000057 ], [ 120.293091000000118, 31.082431400000075 ], [ 120.296700000000101, 31.08919 ], [ 120.297643200000039, 31.090672200000029 ], [ 120.2986049000001, 31.08996760000008 ], [ 120.301640900000052, 31.094561800000065 ], [ 120.300199200000066, 31.095322600000031 ], [ 120.302897, 31.097857900000065 ], [ 120.303608600000075, 31.099244800000065 ], [ 120.304280900000094, 31.099052900000061 ], [ 120.304383600000051, 31.099852500000054 ], [ 120.303459100000055, 31.099948500000039 ], [ 120.303384400000027, 31.100044400000058 ], [ 120.30366, 31.1001 ], [ 120.3038600000001, 31.1 ], [ 120.304327600000079, 31.100324300000068 ], [ 120.30514, 31.101155900000037 ], [ 120.3059, 31.10172 ], [ 120.30679, 31.10199 ], [ 120.30738, 31.10226 ], [ 120.30916, 31.10256 ], [ 120.30945, 31.10295 ], [ 120.30855, 31.10293 ], [ 120.30855, 31.10319 ], [ 120.309440000000109, 31.10333 ], [ 120.30958, 31.10347 ], [ 120.30972, 31.10398 ], [ 120.30912, 31.10397 ], [ 120.309260000000108, 31.10449 ], [ 120.30984, 31.10501 ], [ 120.30997, 31.10553 ], [ 120.31057, 31.10554 ], [ 120.31071, 31.10607 ], [ 120.31085, 31.10619 ], [ 120.3117400000001, 31.10647 ], [ 120.31323, 31.10675 ], [ 120.31619, 31.10746 ], [ 120.316151300000115, 31.107829 ], [ 120.316582400000016, 31.107855100000052 ], [ 120.317061300000091, 31.107718300000045 ], [ 120.317230000000109, 31.10774 ], [ 120.317801100000111, 31.108048100000076 ], [ 120.31797, 31.10801 ], [ 120.31827, 31.10789 ], [ 120.318580000000111, 31.10764 ], [ 120.31918, 31.10739 ], [ 120.31979, 31.10689 ], [ 120.3201, 31.1069 ], [ 120.32098, 31.10717 ], [ 120.32188, 31.10719 ], [ 120.32306, 31.10773 ], [ 120.323490000000106, 31.10812 ], [ 120.32348, 31.10864 ], [ 120.32406, 31.10916 ], [ 120.324234400000023, 31.109673300000054 ], [ 120.324996100000021, 31.110210700000039 ], [ 120.32909450000011, 31.113563400000032 ], [ 120.331624500000089, 31.115767800000071 ], [ 120.333198300000049, 31.117196200000024 ], [ 120.342988000000105, 31.124550700000043 ], [ 120.344468300000017, 31.123613200000079 ], [ 120.345121200000108, 31.123546700000077 ], [ 120.346710300000041, 31.124377700000025 ], [ 120.34649, 31.12454 ], [ 120.34588, 31.12465 ], [ 120.345, 31.12463 ], [ 120.34469, 31.12476 ], [ 120.344970000000103, 31.12515 ], [ 120.34676, 31.12544 ], [ 120.34691, 31.12532 ], [ 120.34692, 31.12506 ], [ 120.34678, 31.1248 ], [ 120.34768, 31.12469 ], [ 120.34917, 31.12472 ], [ 120.34977, 31.1246 ], [ 120.34975, 31.12537 ], [ 120.35094, 31.12553 ], [ 120.35108, 31.12566 ], [ 120.35108, 31.12592 ], [ 120.35081, 31.12634 ], [ 120.35062, 31.12642 ], [ 120.351152300000081, 31.126688700000045 ], [ 120.350379, 31.126593100000036 ], [ 120.3499567, 31.12642180000006 ], [ 120.349443, 31.126473900000065 ], [ 120.351040400000102, 31.127261 ], [ 120.351458800000046, 31.127812800000072 ], [ 120.35171240000011, 31.127800900000068 ], [ 120.351842500000089, 31.12766060000007 ], [ 120.352457800000025, 31.127814800000067 ], [ 120.352671100000066, 31.128196 ], [ 120.352984100000072, 31.128480600000046 ], [ 120.35309, 31.12877 ], [ 120.35338, 31.12905 ], [ 120.353329700000018, 31.129363 ], [ 120.352883100000099, 31.129971500000067 ], [ 120.352877400000011, 31.13033 ], [ 120.352621100000079, 31.130912700000067 ], [ 120.351927800000112, 31.131123100000025 ], [ 120.3509381, 31.131034700000043 ], [ 120.350413300000014, 31.131619100000023 ], [ 120.351048100000071, 31.132263200000068 ], [ 120.351051100000063, 31.132619500000033 ], [ 120.350774100000081, 31.132717200000059 ], [ 120.350380200000018, 31.132571600000063 ], [ 120.350066800000036, 31.132829800000025 ], [ 120.350118900000098, 31.133208300000035 ], [ 120.34997, 31.1336 ], [ 120.349781200000052, 31.133658100000048 ], [ 120.34895680000011, 31.133395 ], [ 120.348632300000077, 31.133844900000042 ], [ 120.34906, 31.134011400000077 ], [ 120.349424400000089, 31.133905 ], [ 120.349446100000023, 31.134211400000027 ], [ 120.349721, 31.134438900000077 ], [ 120.350347700000043, 31.134541200000058 ], [ 120.35052810000002, 31.134710900000073 ], [ 120.351293, 31.134961100000055 ], [ 120.351860000000102, 31.13531 ], [ 120.352142700000059, 31.135316 ], [ 120.35246, 31.13545 ], [ 120.352530200000047, 31.135813600000063 ], [ 120.352427700000021, 31.136049200000059 ], [ 120.352176800000052, 31.13626430000005 ], [ 120.350640000000112, 31.13632 ], [ 120.34945, 31.13603 ], [ 120.34886, 31.13576 ], [ 120.34826, 31.13575 ], [ 120.34797, 31.13549 ], [ 120.347255400000108, 31.135052200000075 ], [ 120.347048, 31.134701500000062 ], [ 120.346944100000087, 31.134331 ], [ 120.346529300000043, 31.134319 ], [ 120.346572300000048, 31.134918 ], [ 120.346242500000017, 31.135956500000077 ], [ 120.34648750000008, 31.137002 ], [ 120.347040000000106, 31.13701 ], [ 120.34883, 31.13679 ], [ 120.34972, 31.13707 ], [ 120.35061, 31.13723 ], [ 120.35029, 31.13798 ], [ 120.3497, 31.13797 ], [ 120.34984, 31.13823 ], [ 120.349830000000111, 31.13848 ], [ 120.34968, 31.13874 ], [ 120.34908, 31.13885 ], [ 120.34877, 31.13898 ], [ 120.34876, 31.13949 ], [ 120.34816, 31.13948 ], [ 120.34806, 31.13964 ], [ 120.34756, 31.13947 ], [ 120.34768, 31.14075 ], [ 120.34796, 31.14127 ], [ 120.34811, 31.1414 ], [ 120.34841, 31.14141 ], [ 120.34961, 31.14105 ], [ 120.34944, 31.14182 ], [ 120.35002, 31.14234 ], [ 120.34993, 31.14568 ], [ 120.3493, 31.1467 ], [ 120.348630800000024, 31.147317700000031 ], [ 120.347301400000106, 31.146868600000062 ], [ 120.347124300000019, 31.146473700000058 ], [ 120.34699020000005, 31.146354400000064 ], [ 120.346523500000103, 31.146212 ], [ 120.346260700000016, 31.146184500000061 ], [ 120.34601930000008, 31.146501300000068 ], [ 120.345740300000102, 31.146551800000054 ], [ 120.345525700000053, 31.146983400000067 ], [ 120.345643800000062, 31.147249600000066 ], [ 120.34603, 31.147111900000027 ], [ 120.34664690000011, 31.147180800000058 ], [ 120.347211600000037, 31.147442100000035 ], [ 120.347279900000103, 31.147750100000053 ], [ 120.347811, 31.148369900000034 ], [ 120.347634, 31.14848 ], [ 120.347446200000036, 31.14875550000005 ], [ 120.347245900000075, 31.148794300000077 ], [ 120.347027800000092, 31.148622400000079 ], [ 120.346292, 31.14906650000006 ], [ 120.34624, 31.14946 ], [ 120.34608, 31.14972 ], [ 120.345082300000058, 31.149364200000036 ], [ 120.344860500000095, 31.149021800000071 ], [ 120.344273500000099, 31.148875900000064 ], [ 120.343986100000052, 31.148943700000075 ], [ 120.343852, 31.148847300000057 ], [ 120.342789900000071, 31.147672 ], [ 120.342744300000049, 31.147212900000056 ], [ 120.342559200000096, 31.146772200000044 ], [ 120.342249400000014, 31.146612600000026 ], [ 120.341848400000117, 31.14663790000003 ], [ 120.341725100000076, 31.147212900000056 ], [ 120.341875900000105, 31.147304200000065 ], [ 120.342245400000024, 31.147357500000055 ], [ 120.342516300000057, 31.147568700000079 ], [ 120.342553800000019, 31.147782200000051 ], [ 120.343106400000011, 31.148567300000025 ], [ 120.343095700000049, 31.148764700000072 ], [ 120.343583800000033, 31.14944870000005 ], [ 120.344088100000022, 31.149682900000073 ], [ 120.344511900000043, 31.151060200000074 ], [ 120.344486400000051, 31.151264200000071 ], [ 120.343761400000062, 31.151714600000048 ], [ 120.343449700000065, 31.151605300000028 ], [ 120.343194500000095, 31.151703400000031 ], [ 120.343067500000075, 31.151585800000078 ], [ 120.342629000000102, 31.15145380000007 ], [ 120.341642800000045, 31.149948900000027 ], [ 120.341500800000063, 31.149699500000054 ], [ 120.341604300000085, 31.149653 ], [ 120.341251, 31.149042400000042 ], [ 120.340727300000026, 31.148897800000043 ], [ 120.340721900000062, 31.148962100000062 ], [ 120.340296200000012, 31.148958300000061 ], [ 120.340311500000098, 31.148851900000068 ], [ 120.339887700000077, 31.148085200000025 ], [ 120.339844900000116, 31.146914500000037 ], [ 120.339741000000117, 31.146819 ], [ 120.339507300000037, 31.146842100000072 ], [ 120.339429800000062, 31.147071200000028 ], [ 120.339677, 31.148133400000063 ], [ 120.339740200000051, 31.148881800000026 ], [ 120.33989310000004, 31.149082600000042 ], [ 120.339918800000078, 31.149312500000065 ], [ 120.340485500000113, 31.149392600000056 ], [ 120.340952600000037, 31.149827500000072 ], [ 120.341140000000109, 31.15013 ], [ 120.341282, 31.150099300000079 ], [ 120.34172, 31.1509 ], [ 120.339366900000073, 31.151689200000078 ], [ 120.338853, 31.151535900000056 ], [ 120.338305800000057, 31.151783800000032 ], [ 120.338036500000044, 31.151817700000038 ], [ 120.338251100000093, 31.151432100000079 ], [ 120.3380376, 31.151260400000069 ], [ 120.337682500000028, 31.151285200000075 ], [ 120.337553700000058, 31.151377 ], [ 120.337811200000033, 31.151753500000041 ], [ 120.337779100000034, 31.15185450000007 ], [ 120.337533400000098, 31.151811300000077 ], [ 120.336877800000025, 31.151239300000043 ], [ 120.336368700000094, 31.150467900000024 ], [ 120.336049500000058, 31.149702400000024 ], [ 120.3359114000001, 31.149805700000059 ], [ 120.335744300000101, 31.149777500000027 ], [ 120.335409100000106, 31.149561800000072 ], [ 120.335193400000094, 31.149145800000042 ], [ 120.335035600000083, 31.14901720000006 ], [ 120.335167, 31.148909300000071 ], [ 120.335159, 31.148587900000052 ], [ 120.335384300000101, 31.148544300000026 ], [ 120.335394600000086, 31.148466300000052 ], [ 120.33482170000002, 31.148512700000026 ], [ 120.334933300000102, 31.147151 ], [ 120.335099600000035, 31.147180900000023 ], [ 120.335182700000018, 31.146120300000064 ], [ 120.333576000000107, 31.145773700000063 ], [ 120.3334258000001, 31.146269500000074 ], [ 120.333728900000096, 31.146731 ], [ 120.33429220000005, 31.146866400000079 ], [ 120.334029800000053, 31.147366700000077 ], [ 120.334143, 31.147461400000054 ], [ 120.333394800000065, 31.148099500000058 ], [ 120.333614, 31.148551200000043 ], [ 120.333584500000029, 31.148771600000032 ], [ 120.333809400000064, 31.149109100000032 ], [ 120.33373430000006, 31.149650800000074 ], [ 120.333145300000069, 31.149736200000063 ], [ 120.332401200000049, 31.149618700000076 ], [ 120.332479, 31.149189400000068 ], [ 120.33241570000007, 31.148845600000072 ], [ 120.331825600000116, 31.148450700000069 ], [ 120.331586900000048, 31.147925100000066 ], [ 120.331361, 31.147649100000024 ], [ 120.331084700000019, 31.147497600000065 ], [ 120.331133, 31.147111900000027 ], [ 120.331296600000087, 31.147020100000077 ], [ 120.331331, 31.146825100000058 ], [ 120.331272500000068, 31.146540300000026 ], [ 120.331084700000019, 31.146361300000024 ], [ 120.33092970000007, 31.146357200000068 ], [ 120.330977400000052, 31.14646 ], [ 120.330502700000011, 31.147047600000064 ], [ 120.328809700000079, 31.147355300000072 ], [ 120.32780230000003, 31.148441600000069 ], [ 120.3273292, 31.149953800000048 ], [ 120.326804500000094, 31.151040100000046 ], [ 120.32665320000001, 31.152074800000037 ], [ 120.326364600000034, 31.152380600000072 ], [ 120.326449400000115, 31.153452100000038 ], [ 120.326724500000068, 31.154198700000052 ], [ 120.327887100000112, 31.157354200000043 ], [ 120.328199300000051, 31.15784350000007 ], [ 120.328402, 31.158373300000051 ], [ 120.328391300000021, 31.158657900000037 ], [ 120.328638400000045, 31.159906500000034 ], [ 120.328654400000119, 31.160241600000063 ], [ 120.328547300000082, 31.160386800000026 ], [ 120.328590300000087, 31.160512400000073 ], [ 120.328555400000027, 31.160597300000063 ], [ 120.328273800000034, 31.160737300000051 ], [ 120.326589100000092, 31.161109200000055 ], [ 120.32388010000011, 31.16202270000008 ], [ 120.323301600000036, 31.162020900000073 ], [ 120.320420100000092, 31.161591200000032 ], [ 120.316289500000039, 31.160383900000056 ], [ 120.3156404, 31.160383900000056 ], [ 120.314449500000023, 31.160094700000059 ], [ 120.313360200000034, 31.159511700000053 ], [ 120.312910700000089, 31.158908500000052 ], [ 120.312395700000025, 31.158449500000074 ], [ 120.312630700000113, 31.157565300000044 ], [ 120.312915, 31.157266900000025 ], [ 120.313100500000019, 31.156874400000049 ], [ 120.313132700000097, 31.156254600000068 ], [ 120.312679400000093, 31.155524700000058 ], [ 120.310716, 31.154147500000079 ], [ 120.309391000000119, 31.153511700000024 ], [ 120.308572900000058, 31.15335790000006 ], [ 120.307507800000053, 31.153337300000032 ], [ 120.305367700000033, 31.153295900000046 ], [ 120.300097800000117, 31.152906300000041 ], [ 120.299519800000098, 31.153028100000029 ], [ 120.299128500000052, 31.153213400000027 ], [ 120.299163800000088, 31.153722900000048 ], [ 120.298777500000028, 31.154471100000023 ], [ 120.298553200000015, 31.154650900000036 ], [ 120.298374600000102, 31.155154 ], [ 120.298090700000103, 31.155634100000043 ], [ 120.297497400000111, 31.156229900000028 ], [ 120.296827, 31.156585900000039 ], [ 120.29417, 31.15725 ], [ 120.292901900000061, 31.157369800000026 ], [ 120.289816300000098, 31.157835700000078 ], [ 120.286410500000102, 31.157990400000074 ], [ 120.281849600000101, 31.160016700000028 ], [ 120.28116030000001, 31.160046600000044 ], [ 120.280969900000059, 31.159879 ], [ 120.280626500000039, 31.159888100000046 ], [ 120.280327200000102, 31.160441800000058 ], [ 120.279983900000047, 31.159918400000038 ], [ 120.280337900000063, 31.159587900000076 ], [ 120.280412, 31.159199600000079 ], [ 120.279640600000107, 31.158972800000072 ], [ 120.279424900000095, 31.158786400000054 ], [ 120.27919, 31.158701 ], [ 120.277687900000046, 31.158614700000044 ], [ 120.277107500000056, 31.158272300000078 ], [ 120.276539900000103, 31.158054700000037 ], [ 120.275874700000031, 31.158210800000063 ], [ 120.27547780000009, 31.158119 ], [ 120.275016400000027, 31.158247500000073 ], [ 120.2742, 31.158676300000025 ], [ 120.273611, 31.158761600000048 ], [ 120.273214, 31.158706600000073 ], [ 120.27071310000008, 31.15695020000004 ], [ 120.270252300000038, 31.156808800000078 ], [ 120.270213100000092, 31.156552200000078 ], [ 120.270002300000101, 31.156439700000078 ], [ 120.2694, 31.15582 ], [ 120.268510000000106, 31.15555 ], [ 120.26856, 31.15401 ], [ 120.26739, 31.15347 ], [ 120.267250000000104, 31.15269 ], [ 120.26696, 31.15243 ], [ 120.26667, 31.15191 ], [ 120.26582, 31.15061 ], [ 120.265670000000114, 31.15035 ], [ 120.26508, 31.15032 ], [ 120.2651, 31.14956 ], [ 120.264500000000112, 31.14955 ], [ 120.26452, 31.14904 ], [ 120.26363, 31.14876 ], [ 120.26349, 31.14824 ], [ 120.2632, 31.14798 ], [ 120.26306000000011, 31.14772 ], [ 120.26247, 31.14758 ], [ 120.26188, 31.14705 ], [ 120.26159, 31.14692 ], [ 120.261341, 31.146498500000064 ], [ 120.26101, 31.14626 ], [ 120.26042, 31.14599 ], [ 120.25926, 31.14493 ], [ 120.2581196000001, 31.144499600000074 ], [ 120.256939200000033, 31.144339800000068 ], [ 120.256877100000111, 31.144331400000056 ], [ 120.25687, 31.14463 ], [ 120.25628, 31.14462 ], [ 120.25389, 31.14431 ], [ 120.25183, 31.14337 ], [ 120.25128, 31.14156 ], [ 120.25098, 31.14168 ], [ 120.250090000000114, 31.14166 ], [ 120.249837100000036, 31.14149690000005 ], [ 120.249251800000025, 31.141431400000045 ], [ 120.24867590000008, 31.141261200000031 ], [ 120.247972300000015, 31.140918500000055 ], [ 120.247490600000106, 31.140534800000069 ], [ 120.24746760000005, 31.140145700000062 ], [ 120.2477493, 31.139621500000032 ], [ 120.248177, 31.13931910000008 ], [ 120.24822, 31.13918 ], [ 120.24792, 31.13892 ], [ 120.24778, 31.13866 ], [ 120.24719, 31.13864 ], [ 120.24705, 31.13813 ], [ 120.24618, 31.13734 ], [ 120.246040000000107, 31.13707 ], [ 120.24544, 31.13694 ], [ 120.24485, 31.13667 ], [ 120.24456, 31.1364 ], [ 120.24367, 31.13625 ], [ 120.24368, 31.13574 ], [ 120.2422, 31.13532 ], [ 120.24191, 31.13506 ], [ 120.24133, 31.13479 ], [ 120.24043, 31.13451 ], [ 120.23804, 31.13446 ], [ 120.23722650000002, 31.134676900000045 ], [ 120.236540000000105, 31.13494 ], [ 120.23623, 31.1352 ], [ 120.23563, 31.13531 ], [ 120.23552, 31.13377 ], [ 120.234650000000101, 31.13298 ], [ 120.23423, 31.1322 ], [ 120.23363, 31.13206 ], [ 120.23305, 31.13153 ], [ 120.23246, 31.13126 ], [ 120.23217000000011, 31.131 ], [ 120.23187, 31.13086 ], [ 120.23189, 31.13035 ], [ 120.231000000000108, 31.1302 ], [ 120.23041, 31.12967 ], [ 120.23012, 31.12954 ], [ 120.22984, 31.12876 ], [ 120.22895, 31.12861 ], [ 120.22777, 31.12807 ], [ 120.226900000000114, 31.12728 ], [ 120.22571, 31.127 ], [ 120.22512, 31.12673 ], [ 120.22452, 31.12672 ], [ 120.22394, 31.12619 ], [ 120.22246, 31.1259 ], [ 120.22187, 31.12563 ], [ 120.22097, 31.12561 ], [ 120.22038, 31.12534 ], [ 120.2179900000001, 31.12529 ], [ 120.216318000000115, 31.12509620000003 ], [ 120.215984400000025, 31.125137500000051 ], [ 120.215507900000034, 31.125436900000068 ], [ 120.215179800000101, 31.125499200000036 ], [ 120.215152900000021, 31.125724200000036 ], [ 120.215226700000017, 31.125891800000034 ], [ 120.2152039, 31.125974400000075 ], [ 120.21509530000003, 31.12598360000004 ], [ 120.215346100000033, 31.12613170000003 ], [ 120.215246800000045, 31.126191400000039 ], [ 120.215061800000058, 31.126064600000063 ], [ 120.215055700000107, 31.126135200000078 ], [ 120.215307200000098, 31.126341800000034 ], [ 120.215053700000112, 31.126212100000032 ], [ 120.215037600000073, 31.126440500000058 ], [ 120.215480600000092, 31.12660180000006 ], [ 120.21498930000007, 31.126559900000075 ], [ 120.214910200000077, 31.126470400000073 ], [ 120.214907500000095, 31.126146600000027 ], [ 120.21483, 31.12612 ], [ 120.214903500000105, 31.125959500000079 ], [ 120.214965200000051, 31.125985900000046 ], [ 120.215067100000056, 31.12556230000007 ], [ 120.215014800000063, 31.125539900000035 ], [ 120.215012100000081, 31.125636900000075 ], [ 120.214860600000065, 31.125593300000048 ], [ 120.214777400000116, 31.125712700000065 ], [ 120.214615200000026, 31.125664500000028 ], [ 120.214466300000026, 31.125729900000067 ], [ 120.214373100000103, 31.125639800000044 ], [ 120.214165900000012, 31.125684 ], [ 120.213900800000033, 31.125406600000076 ], [ 120.212900000000104, 31.1257 ], [ 120.2123, 31.12594 ], [ 120.212084400000094, 31.126113900000064 ], [ 120.21138, 31.12669 ], [ 120.210780000000113, 31.12668 ], [ 120.21048, 31.1268 ], [ 120.21052, 31.12552 ], [ 120.20992, 31.1255 ], [ 120.20964, 31.12473 ], [ 120.20875, 31.12485 ], [ 120.20845, 31.12457 ], [ 120.20726, 31.12456 ], [ 120.20666, 31.12479 ], [ 120.20576, 31.1249 ], [ 120.20543, 31.12566 ], [ 120.204250000000116, 31.12538 ], [ 120.204520000000116, 31.12615 ], [ 120.20392, 31.12627 ], [ 120.203620000000114, 31.12652 ], [ 120.20301, 31.12677 ], [ 120.20181, 31.127 ], [ 120.2015, 31.12725 ], [ 120.19971, 31.12746 ], [ 120.197320000000104, 31.12741 ], [ 120.19703, 31.12715 ], [ 120.196384300000091, 31.126801800000067 ], [ 120.195379900000034, 31.126660400000048 ], [ 120.194060100000115, 31.126934600000027 ], [ 120.193155500000103, 31.126562800000045 ], [ 120.192298700000038, 31.126310700000033 ], [ 120.19173980000005, 31.126398900000027 ], [ 120.1912575, 31.126337600000056 ], [ 120.190931100000057, 31.125995 ], [ 120.190936700000066, 31.125617500000033 ], [ 120.191608100000053, 31.125407 ], [ 120.19156, 31.1251 ], [ 120.191638600000033, 31.124518900000055 ], [ 120.191430200000013, 31.124254800000074 ], [ 120.190999200000078, 31.123999300000037 ], [ 120.190775, 31.123601800000074 ] ], [ [ 120.193795800000089, 31.516838700000051 ], [ 120.193869300000074, 31.51674330000003 ], [ 120.194080400000075, 31.51667180000004 ], [ 120.194445200000018, 31.516632900000047 ], [ 120.194505200000094, 31.516999400000032 ], [ 120.194122500000049, 31.517449200000044 ], [ 120.193913300000077, 31.517571100000055 ], [ 120.193850800000064, 31.51752330000005 ], [ 120.193845700000111, 31.517241100000035 ], [ 120.193847, 31.516963100000055 ], [ 120.193795800000089, 31.516838700000051 ] ], [ [ 120.209306200000015, 31.423646200000064 ], [ 120.209360700000047, 31.42350360000006 ], [ 120.209323300000051, 31.423382900000036 ], [ 120.209362200000101, 31.423271800000066 ], [ 120.209500500000104, 31.423264600000039 ], [ 120.209634800000117, 31.423268200000052 ], [ 120.209759100000042, 31.423372400000062 ], [ 120.209823200000073, 31.423522100000071 ], [ 120.209826400000111, 31.423633300000063 ], [ 120.209766200000104, 31.423744500000055 ], [ 120.209636400000022, 31.423770300000058 ], [ 120.2093986000001, 31.423760300000026 ], [ 120.209306200000015, 31.423646200000064 ] ], [ [ 120.214033100000051, 31.534904100000062 ], [ 120.214253100000064, 31.534149600000035 ], [ 120.21433890000003, 31.533925600000032 ], [ 120.214415900000063, 31.533805800000039 ], [ 120.2146447, 31.533847900000069 ], [ 120.214719800000012, 31.533838700000047 ], [ 120.21475380000004, 31.53373490000007 ], [ 120.214802100000043, 31.533604600000047 ], [ 120.214784100000088, 31.533468400000061 ], [ 120.214660800000047, 31.533280900000079 ], [ 120.214569600000118, 31.533120900000029 ], [ 120.214523200000031, 31.53299190000007 ], [ 120.214548100000115, 31.532741400000077 ], [ 120.214574900000116, 31.532549300000028 ], [ 120.214596400000119, 31.532430500000032 ], [ 120.214548100000115, 31.532329900000036 ], [ 120.214389100000062, 31.532223800000054 ], [ 120.214333500000066, 31.532133300000055 ], [ 120.214392500000031, 31.532005200000071 ], [ 120.214473000000112, 31.531840600000066 ], [ 120.214601800000082, 31.531712600000048 ], [ 120.21472510000001, 31.531621200000075 ], [ 120.214864600000055, 31.531625700000063 ], [ 120.215016700000092, 31.531647700000065 ], [ 120.215234800000076, 31.531712600000048 ], [ 120.215449300000046, 31.531776600000057 ], [ 120.215674600000057, 31.531872600000042 ], [ 120.215896500000099, 31.531954 ], [ 120.215998400000103, 31.53200430000004 ], [ 120.216105700000071, 31.532109500000047 ], [ 120.216213, 31.532237500000065 ], [ 120.21630760000005, 31.532334400000025 ], [ 120.216432900000086, 31.532447800000057 ], [ 120.216604600000096, 31.532566700000075 ], [ 120.216769000000113, 31.532672800000057 ], [ 120.216847800000096, 31.532750100000044 ], [ 120.216910300000109, 31.532909600000039 ], [ 120.216931800000111, 31.533056 ], [ 120.216931800000111, 31.533266300000037 ], [ 120.216958600000112, 31.533485800000051 ], [ 120.216956700000082, 31.533591800000067 ], [ 120.216887, 31.533706100000074 ], [ 120.216872800000033, 31.53381950000005 ], [ 120.216921100000036, 31.533965800000033 ], [ 120.2169996, 31.53411310000007 ], [ 120.217123, 31.534172500000068 ], [ 120.21723570000006, 31.534282200000064 ], [ 120.217403900000022, 31.534546500000033 ], [ 120.217548700000066, 31.534734 ], [ 120.217616600000042, 31.534844600000042 ], [ 120.217661300000032, 31.534976300000039 ], [ 120.217654100000118, 31.535173800000052 ], [ 120.21758090000003, 31.535483800000065 ], [ 120.217473600000062, 31.535730700000045 ], [ 120.217332200000101, 31.535864200000049 ], [ 120.217187400000057, 31.535987700000078 ], [ 120.216881600000079, 31.536134 ], [ 120.216577700000016, 31.536242800000025 ], [ 120.216291500000011, 31.536312300000077 ], [ 120.215835600000105, 31.536385400000029 ], [ 120.215492200000085, 31.536399200000062 ], [ 120.215231300000028, 31.536361700000043 ], [ 120.21492360000002, 31.536312300000077 ], [ 120.214676900000086, 31.536202600000024 ], [ 120.214496300000064, 31.535995900000046 ], [ 120.214410500000099, 31.535822200000041 ], [ 120.214290600000027, 31.535672200000079 ], [ 120.214253100000064, 31.535544200000061 ], [ 120.214322800000105, 31.535466400000075 ], [ 120.21433890000003, 31.535324700000047 ], [ 120.214290600000027, 31.535146400000031 ], [ 120.214237, 31.535059500000045 ], [ 120.214102900000057, 31.535013800000058 ], [ 120.214043900000092, 31.534968100000071 ], [ 120.214033100000051, 31.534904100000062 ] ], [ [ 120.219956800000091, 31.534867 ], [ 120.2199769, 31.534762300000068 ], [ 120.220075300000076, 31.534766 ], [ 120.22017320000009, 31.534874100000025 ], [ 120.220224200000075, 31.534997800000042 ], [ 120.2201424000001, 31.535052900000039 ], [ 120.220047200000067, 31.535004700000059 ], [ 120.219956800000091, 31.534867 ] ], [ [ 120.230392, 31.354033700000059 ], [ 120.2304732, 31.353945400000043 ], [ 120.2308054, 31.353762600000039 ], [ 120.231049, 31.35377520000003 ], [ 120.231285200000116, 31.353913900000066 ], [ 120.231528800000092, 31.354254300000036 ], [ 120.231646900000101, 31.354638900000054 ], [ 120.232185800000025, 31.355653800000027 ], [ 120.232141500000012, 31.355880800000079 ], [ 120.232422, 31.356132900000034 ], [ 120.232562300000041, 31.356454400000075 ], [ 120.232990500000028, 31.356687700000066 ], [ 120.233079100000054, 31.35692720000003 ], [ 120.23306510000009, 31.356969100000072 ], [ 120.233049500000106, 31.357015500000045 ], [ 120.232724700000063, 31.356864200000075 ], [ 120.232377800000108, 31.356895700000052 ], [ 120.231920100000025, 31.356807500000059 ], [ 120.231683800000042, 31.356706600000052 ], [ 120.231122800000094, 31.356441800000027 ], [ 120.2307389, 31.356561600000077 ], [ 120.230554400000074, 31.356366200000025 ], [ 120.230502700000102, 31.355981600000064 ], [ 120.230399300000045, 31.355641200000036 ], [ 120.230428900000106, 31.355376400000068 ], [ 120.230547000000115, 31.355288200000075 ], [ 120.230753700000037, 31.355199900000059 ], [ 120.230687200000034, 31.354676700000027 ], [ 120.230487900000071, 31.354393 ], [ 120.230414100000075, 31.354203900000073 ], [ 120.230392, 31.354033700000059 ] ], [ [ 120.233632700000044, 31.357242400000075 ], [ 120.23367850000011, 31.357197400000075 ], [ 120.233728700000029, 31.357147900000029 ], [ 120.234060900000031, 31.357103700000039 ], [ 120.234474300000102, 31.357286600000066 ], [ 120.234806500000104, 31.357475700000066 ], [ 120.235013200000026, 31.35769 ], [ 120.235020600000098, 31.357866500000057 ], [ 120.234872900000028, 31.357973700000059 ], [ 120.234459500000071, 31.357879100000048 ], [ 120.234179, 31.357671100000061 ], [ 120.233891100000051, 31.357393700000046 ], [ 120.233632700000044, 31.357242400000075 ] ], [ [ 120.23637860000008, 31.059576800000059 ], [ 120.236392, 31.059514700000079 ], [ 120.236526100000106, 31.059429700000067 ], [ 120.23662, 31.059273500000074 ], [ 120.236662900000056, 31.059181600000045 ], [ 120.236732700000061, 31.059112600000049 ], [ 120.236915, 31.05885070000005 ], [ 120.236984800000073, 31.058804700000053 ], [ 120.237081300000114, 31.058788700000036 ], [ 120.237304000000108, 31.058853 ], [ 120.237427400000115, 31.058882900000071 ], [ 120.237510500000099, 31.058862200000078 ], [ 120.23782970000002, 31.058607100000074 ], [ 120.2379075, 31.058570400000065 ], [ 120.237939700000084, 31.05857960000003 ], [ 120.238033500000029, 31.058623200000056 ], [ 120.238205200000039, 31.058666900000048 ], [ 120.238224, 31.058708200000069 ], [ 120.238186400000018, 31.058735800000079 ], [ 120.238132800000017, 31.058722 ], [ 120.237915500000099, 31.058673800000065 ], [ 120.237851100000057, 31.058680700000025 ], [ 120.237784100000113, 31.058765700000038 ], [ 120.237920900000063, 31.058866800000033 ], [ 120.238001300000064, 31.058935700000063 ], [ 120.237813600000095, 31.059199900000067 ], [ 120.23789140000008, 31.05925510000003 ], [ 120.238620900000114, 31.059461900000031 ], [ 120.238730900000064, 31.059565300000031 ], [ 120.238763100000028, 31.059636500000067 ], [ 120.238741600000026, 31.059753700000044 ], [ 120.239160100000049, 31.05995130000008 ], [ 120.239809200000082, 31.060387800000058 ], [ 120.2402115000001, 31.06093930000003 ], [ 120.240549400000077, 31.062042100000042 ], [ 120.240538700000116, 31.062099600000067 ], [ 120.240436800000111, 31.062101900000073 ], [ 120.240410000000111, 31.062085800000034 ], [ 120.240286600000104, 31.062076600000069 ], [ 120.2402303, 31.062058200000024 ], [ 120.240120300000058, 31.062092700000051 ], [ 120.240042500000072, 31.062154700000065 ], [ 120.239881600000103, 31.062175400000058 ], [ 120.239736700000094, 31.06212940000006 ], [ 120.239637500000072, 31.062106500000027 ], [ 120.239570400000048, 31.06206050000003 ], [ 120.239484600000083, 31.062115700000049 ], [ 120.239347800000019, 31.062106500000027 ], [ 120.239329000000112, 31.062067400000046 ], [ 120.239176200000088, 31.062039800000036 ], [ 120.239025900000115, 31.062157 ], [ 120.238529700000072, 31.062271900000042 ], [ 120.238269600000081, 31.062412 ], [ 120.238017400000103, 31.062616500000047 ], [ 120.237687500000106, 31.062710700000025 ], [ 120.237459500000114, 31.06276820000005 ], [ 120.23727180000003, 31.062802600000055 ], [ 120.237118900000041, 31.062857800000074 ], [ 120.237041100000056, 31.062841700000035 ], [ 120.237035700000092, 31.062726800000064 ], [ 120.237094800000023, 31.062648700000068 ], [ 120.237094800000023, 31.06260270000007 ], [ 120.237167200000044, 31.062575200000026 ], [ 120.237215500000048, 31.062566 ], [ 120.237301300000013, 31.062444200000073 ], [ 120.237363, 31.062260400000071 ], [ 120.237360300000091, 31.062104200000078 ], [ 120.237320100000034, 31.061998500000072 ], [ 120.237325400000032, 31.061835300000041 ], [ 120.237336200000072, 31.06158030000006 ], [ 120.237247600000046, 31.061327600000027 ], [ 120.237215500000048, 31.061233400000049 ], [ 120.237261100000069, 31.061077100000034 ], [ 120.237220800000046, 31.060914 ], [ 120.23710820000008, 31.060771500000044 ], [ 120.236958, 31.060730200000023 ], [ 120.236939200000052, 31.060661300000049 ], [ 120.236944600000015, 31.06059 ], [ 120.236858700000084, 31.060468300000025 ], [ 120.236612, 31.060222400000043 ], [ 120.23651540000003, 31.060036300000036 ], [ 120.23637860000008, 31.059576800000059 ] ], [ [ 120.252700000000118, 31.030300100000034 ], [ 120.2527301, 31.02927 ], [ 120.253020000000106, 31.02928 ], [ 120.252879900000039, 31.02902 ], [ 120.25289, 31.028760100000056 ], [ 120.25304, 31.028640100000075 ], [ 120.253199900000027, 31.02851 ], [ 120.25335, 31.02838 ], [ 120.2535, 31.02826 ], [ 120.253649900000028, 31.02813 ], [ 120.25381, 31.028009900000029 ], [ 120.25397010000006, 31.0275 ], [ 120.25458, 31.02738 ], [ 120.25547, 31.02715 ], [ 120.256070100000102, 31.02716 ], [ 120.256960100000015, 31.027180100000066 ], [ 120.25816, 31.02707010000006 ], [ 120.258150000000114, 31.02759 ], [ 120.25845, 31.02746 ], [ 120.259050000000116, 31.02748 ], [ 120.259190100000069, 31.02761 ], [ 120.25934, 31.027740100000074 ], [ 120.25948, 31.027860100000055 ], [ 120.259630100000095, 31.027999900000054 ], [ 120.260510100000033, 31.02828 ], [ 120.260659900000064, 31.028410100000031 ], [ 120.260810000000106, 31.028540100000043 ], [ 120.26095, 31.02868 ], [ 120.26091, 31.029960100000039 ], [ 120.26061, 31.030209900000045 ], [ 120.260439900000051, 31.03072 ], [ 120.25895, 31.03082 ], [ 120.258640100000093, 31.031080100000054 ], [ 120.25745, 31.03104 ], [ 120.25715, 31.03104 ], [ 120.256260000000111, 31.03102 ], [ 120.255970100000013, 31.030750100000034 ], [ 120.252989900000102, 31.030430100000046 ], [ 120.252700000000118, 31.030300100000034 ] ], [ [ 120.261550100000022, 31.172587300000032 ], [ 120.26164510000001, 31.172019100000057 ], [ 120.26192, 31.1716 ], [ 120.26208, 31.17147 ], [ 120.262181500000111, 31.171270900000025 ], [ 120.262299, 31.171065300000066 ], [ 120.262502300000051, 31.170814200000052 ], [ 120.262734600000044, 31.170435600000076 ], [ 120.262486200000012, 31.169977 ], [ 120.262016300000028, 31.169790200000079 ], [ 120.262083400000051, 31.169583200000034 ], [ 120.262267400000042, 31.169235700000058 ], [ 120.2623, 31.16904 ], [ 120.262610000000109, 31.16852 ], [ 120.26276, 31.1684 ], [ 120.26292, 31.16828 ], [ 120.26307, 31.16815 ], [ 120.26322, 31.16803 ], [ 120.26323, 31.16777 ], [ 120.262769, 31.167498800000033 ], [ 120.262759300000084, 31.167198700000029 ], [ 120.262874600000032, 31.166713900000047 ], [ 120.263165900000104, 31.166440400000056 ], [ 120.26329, 31.16572 ], [ 120.26344, 31.16559 ], [ 120.26359, 31.16546 ], [ 120.26375, 31.16534 ], [ 120.2639, 31.16522 ], [ 120.26406, 31.16509 ], [ 120.26496, 31.16485 ], [ 120.26556, 31.16461 ], [ 120.266170000000102, 31.16436 ], [ 120.26647, 31.16437 ], [ 120.26677, 31.16438 ], [ 120.26766, 31.1644 ], [ 120.26796, 31.1644 ], [ 120.26812, 31.16428 ], [ 120.26823950000005, 31.164173300000073 ], [ 120.268310900000074, 31.164361900000074 ], [ 120.2687, 31.16455 ], [ 120.26885, 31.16468 ], [ 120.269011500000033, 31.164978400000052 ], [ 120.269124200000078, 31.165189100000077 ], [ 120.26927, 31.16533 ], [ 120.26927, 31.16559 ], [ 120.26942130000009, 31.165823 ], [ 120.269336600000088, 31.166049300000054 ], [ 120.269638100000066, 31.166654700000038 ], [ 120.26983, 31.16688 ], [ 120.269809200000054, 31.167275300000028 ], [ 120.270303800000079, 31.167897700000026 ], [ 120.270261900000037, 31.168701 ], [ 120.269840800000111, 31.169156300000054 ], [ 120.269343, 31.169373900000039 ], [ 120.269199800000024, 31.169640600000037 ], [ 120.269063500000016, 31.170186800000067 ], [ 120.268820000000119, 31.170636600000023 ], [ 120.268705200000113, 31.170934 ], [ 120.268813600000044, 31.171330100000034 ], [ 120.268685900000037, 31.171453600000063 ], [ 120.26860970000007, 31.171828600000026 ], [ 120.268649900000014, 31.172579 ], [ 120.26885, 31.172956300000067 ], [ 120.26874, 31.17354 ], [ 120.268391900000097, 31.173887100000059 ], [ 120.268585, 31.17451820000008 ], [ 120.268720800000096, 31.175142400000027 ], [ 120.268365100000096, 31.175294400000041 ], [ 120.268255700000054, 31.175712 ], [ 120.267941300000075, 31.176133800000059 ], [ 120.26731, 31.17672 ], [ 120.266989700000067, 31.176753 ], [ 120.2665905, 31.17721240000003 ], [ 120.266235400000028, 31.177354200000025 ], [ 120.265177600000015, 31.177647500000035 ], [ 120.264082700000017, 31.177961900000071 ], [ 120.263779600000021, 31.177884300000073 ], [ 120.26356450000003, 31.177676400000053 ], [ 120.263205600000106, 31.177236700000037 ], [ 120.263317700000016, 31.177049 ], [ 120.263293600000111, 31.176381200000037 ], [ 120.263371400000096, 31.176124200000061 ], [ 120.263778500000058, 31.175783200000069 ], [ 120.264003300000013, 31.175512400000059 ], [ 120.264134200000058, 31.175224600000035 ], [ 120.264022600000089, 31.174898300000052 ], [ 120.263839100000041, 31.17472250000003 ], [ 120.262958800000092, 31.174719700000026 ], [ 120.262805400000047, 31.174289200000032 ], [ 120.2627126000001, 31.173850900000048 ], [ 120.262948600000072, 31.173564500000055 ], [ 120.262989400000038, 31.173313900000039 ], [ 120.262855800000011, 31.173086200000057 ], [ 120.262662200000022, 31.172938400000078 ], [ 120.262494800000013, 31.173030700000027 ], [ 120.262251300000116, 31.17282 ], [ 120.261809800000037, 31.172631800000033 ], [ 120.261550100000022, 31.172587300000032 ] ], [ [ 120.26426, 31.02258 ], [ 120.264429900000096, 31.02181 ], [ 120.26443990000007, 31.021549900000025 ], [ 120.26448, 31.02053010000003 ], [ 120.26461, 31.020400100000074 ], [ 120.267310100000032, 31.020200100000068 ], [ 120.26881, 31.019970100000023 ], [ 120.270310100000074, 31.019750100000067 ], [ 120.272120400000063, 31.019514100000038 ], [ 120.27269, 31.0198 ], [ 120.272976800000038, 31.020005400000059 ], [ 120.273316600000044, 31.020242 ], [ 120.2738121000001, 31.02064850000005 ], [ 120.27442080000003, 31.020921400000077 ], [ 120.27481720000003, 31.021200500000077 ], [ 120.275008300000081, 31.021455200000048 ], [ 120.275284400000032, 31.021752500000048 ], [ 120.275439900000038, 31.02281 ], [ 120.27514, 31.023070100000041 ], [ 120.274980100000107, 31.023319900000047 ], [ 120.27439, 31.023180100000047 ], [ 120.2738, 31.02316 ], [ 120.27349, 31.023410100000035 ], [ 120.27318, 31.023659900000041 ], [ 120.27228, 31.023769900000048 ], [ 120.27227, 31.02429010000003 ], [ 120.27137, 31.0244 ], [ 120.270769900000118, 31.024640100000056 ], [ 120.27017, 31.024630100000024 ], [ 120.26927, 31.02435 ], [ 120.268980100000022, 31.02435 ], [ 120.2687, 31.02433990000003 ], [ 120.2678, 31.02406 ], [ 120.2675, 31.02406 ], [ 120.266310100000055, 31.02403 ], [ 120.26512, 31.023879900000054 ], [ 120.26512, 31.02362 ], [ 120.265420100000028, 31.023630100000048 ], [ 120.265290100000016, 31.023109900000065 ], [ 120.264999900000021, 31.022850100000028 ], [ 120.264860100000078, 31.02259 ], [ 120.26426, 31.02258 ] ], [ [ 120.276110200000062, 31.244801300000063 ], [ 120.276429600000029, 31.244376800000055 ], [ 120.276776600000062, 31.244145600000024 ], [ 120.276946900000098, 31.243900900000028 ], [ 120.27704, 31.24376 ], [ 120.277200000000107, 31.24363 ], [ 120.27735, 31.24351 ], [ 120.277840200000014, 31.243025 ], [ 120.278229800000076, 31.242609600000037 ], [ 120.278507700000091, 31.242493500000023 ], [ 120.278717400000119, 31.242142200000046 ], [ 120.278922100000045, 31.241918 ], [ 120.27919, 31.241781 ], [ 120.279441600000041, 31.241720100000066 ], [ 120.27965, 31.24163 ], [ 120.2798, 31.2415 ], [ 120.27995, 31.24138 ], [ 120.28027, 31.24087 ], [ 120.28042, 31.24074 ], [ 120.281030000000101, 31.2405 ], [ 120.281719900000098, 31.240412200000037 ], [ 120.282626100000016, 31.240443700000071 ], [ 120.283999800000061, 31.240325600000062 ], [ 120.28522, 31.24033 ], [ 120.28552, 31.24034 ], [ 120.28582, 31.24034 ], [ 120.28671, 31.24062 ], [ 120.286955700000021, 31.240680900000029 ], [ 120.287058700000102, 31.241322100000048 ], [ 120.286931100000061, 31.24203650000004 ], [ 120.28679000000011, 31.242611600000032 ], [ 120.28648, 31.24331 ], [ 120.286050100000011, 31.243981700000063 ], [ 120.286007300000051, 31.243962300000078 ], [ 120.286085100000037, 31.243584100000078 ], [ 120.28600490000008, 31.243554 ], [ 120.285937600000011, 31.243635400000073 ], [ 120.285699400000112, 31.244046200000071 ], [ 120.285238800000116, 31.244299 ], [ 120.28535880000004, 31.244429 ], [ 120.285355300000106, 31.244527300000073 ], [ 120.284918900000093, 31.244970800000033 ], [ 120.284839900000065, 31.245310700000061 ], [ 120.285128400000076, 31.246143200000063 ], [ 120.285297700000115, 31.246552200000053 ], [ 120.285540100000048, 31.246910400000047 ], [ 120.285816100000034, 31.247402400000055 ], [ 120.286021100000085, 31.247744 ], [ 120.286341400000083, 31.248181100000068 ], [ 120.286741100000086, 31.248747800000046 ], [ 120.28706000000011, 31.24924 ], [ 120.28765, 31.24938 ], [ 120.28824, 31.24965 ], [ 120.28839, 31.24977 ], [ 120.28853, 31.24991 ], [ 120.288680000000113, 31.25004 ], [ 120.28896, 31.25056 ], [ 120.288950000000114, 31.25108 ], [ 120.28865, 31.25158 ], [ 120.28863, 31.25184 ], [ 120.28875, 31.25287 ], [ 120.28845, 31.25286 ], [ 120.28844, 31.25312 ], [ 120.28874, 31.25312 ], [ 120.28858, 31.25364 ], [ 120.28825, 31.25466 ], [ 120.28809, 31.25491 ], [ 120.28689, 31.25501 ], [ 120.28659, 31.25501 ], [ 120.2863, 31.255 ], [ 120.286, 31.255 ], [ 120.2854, 31.25498 ], [ 120.2836, 31.2552 ], [ 120.2821, 31.25543 ], [ 120.2815, 31.25542 ], [ 120.2812, 31.25515 ], [ 120.28032, 31.25488 ], [ 120.28002, 31.25461 ], [ 120.27973, 31.25435 ], [ 120.27944, 31.25409 ], [ 120.278972100000033, 31.253833500000042 ], [ 120.278749300000072, 31.253559700000039 ], [ 120.278810200000066, 31.25339230000003 ], [ 120.27842, 31.253057600000034 ], [ 120.27813, 31.2529 ], [ 120.277839700000072, 31.252764100000036 ], [ 120.27784, 31.25264 ], [ 120.277825600000028, 31.252109100000041 ], [ 120.277735500000063, 31.252006 ], [ 120.27757, 31.25161 ], [ 120.27727, 31.25134 ], [ 120.276809300000082, 31.250345500000037 ], [ 120.276520600000026, 31.249807600000054 ], [ 120.276432500000055, 31.249518200000068 ], [ 120.27655320000008, 31.24925630000007 ], [ 120.276639300000056, 31.248744100000067 ], [ 120.277046, 31.247142800000063 ], [ 120.2771, 31.24697 ], [ 120.277345800000035, 31.246613500000024 ], [ 120.277393900000106, 31.246487500000057 ], [ 120.27757, 31.24595 ], [ 120.277235, 31.245658200000037 ], [ 120.276617700000088, 31.245536500000071 ], [ 120.276238900000067, 31.245204900000033 ], [ 120.276110200000062, 31.244801300000063 ] ], [ [ 120.27669, 31.17782 ], [ 120.27671, 31.17757 ], [ 120.276829600000042, 31.177278 ], [ 120.276871400000118, 31.176990700000033 ], [ 120.276957300000049, 31.176752100000044 ], [ 120.277171900000099, 31.176632700000027 ], [ 120.277332800000067, 31.176485900000046 ], [ 120.277527, 31.176470300000062 ], [ 120.277815600000054, 31.176651100000072 ], [ 120.278309100000115, 31.177009100000078 ], [ 120.278845600000068, 31.177513900000065 ], [ 120.279349800000091, 31.178018800000075 ], [ 120.279693100000031, 31.178404300000068 ], [ 120.280004300000087, 31.178881600000068 ], [ 120.280316500000026, 31.179526900000042 ], [ 120.280456, 31.180077700000027 ], [ 120.280456, 31.180417300000045 ], [ 120.280402300000105, 31.18074770000004 ], [ 120.280401200000028, 31.181056600000034 ], [ 120.280390500000067, 31.181598200000053 ], [ 120.280241400000023, 31.181821700000057 ], [ 120.279930200000081, 31.181950200000074 ], [ 120.279800400000113, 31.181937800000071 ], [ 120.279607300000066, 31.181552300000078 ], [ 120.279521500000101, 31.181166700000063 ], [ 120.279360500000053, 31.180863800000054 ], [ 120.279070900000079, 31.180551800000046 ], [ 120.278739300000098, 31.180215300000043 ], [ 120.278212600000074, 31.179927600000042 ], [ 120.277977600000099, 31.179728900000043 ], [ 120.277580600000078, 31.179361700000072 ], [ 120.277312400000028, 31.179104700000039 ], [ 120.277161100000058, 31.178789800000061 ], [ 120.276946600000088, 31.178486900000053 ], [ 120.276764200000116, 31.178202400000032 ], [ 120.27669, 31.17782 ] ], [ [ 120.279359500000055, 31.169168700000057 ], [ 120.279461900000115, 31.168811600000026 ], [ 120.279504300000099, 31.168362700000046 ], [ 120.279770900000017, 31.167864700000052 ], [ 120.279816, 31.167365300000029 ], [ 120.279928600000062, 31.16699390000008 ], [ 120.280156100000113, 31.166779600000041 ], [ 120.280269800000042, 31.166595100000052 ], [ 120.28045, 31.16647 ], [ 120.28061, 31.16635 ], [ 120.2807600000001, 31.16622 ], [ 120.28091, 31.16609 ], [ 120.28143010000008, 31.165920300000039 ], [ 120.282128600000078, 31.165791300000024 ], [ 120.283073800000011, 31.165766500000075 ], [ 120.28365210000004, 31.166002500000047 ], [ 120.2837819, 31.165959300000054 ], [ 120.284231400000067, 31.166333 ], [ 120.284479300000044, 31.166482600000052 ], [ 120.284693800000014, 31.16684980000008 ], [ 120.285272100000043, 31.16771 ], [ 120.285712000000103, 31.16827 ], [ 120.2860028, 31.168594 ], [ 120.286013500000081, 31.16885110000004 ], [ 120.285872900000072, 31.169243100000074 ], [ 120.285670200000027, 31.169677300000046 ], [ 120.285412700000052, 31.169934300000079 ], [ 120.285455600000091, 31.170117900000037 ], [ 120.290411200000108, 31.172483600000078 ], [ 120.290572200000042, 31.172501900000043 ], [ 120.290754600000014, 31.172401 ], [ 120.290883300000019, 31.17208880000004 ], [ 120.290915500000096, 31.171859400000073 ], [ 120.291237400000114, 31.171593100000052 ], [ 120.291655800000058, 31.171299400000066 ], [ 120.292622500000107, 31.171054300000037 ], [ 120.292503400000101, 31.170923 ], [ 120.292911100000083, 31.170794500000056 ], [ 120.293297300000063, 31.170666 ], [ 120.293802600000049, 31.170475900000042 ], [ 120.29440000000011, 31.17023 ], [ 120.295300000000111, 31.17012 ], [ 120.296200000000113, 31.17001 ], [ 120.296790000000101, 31.16989 ], [ 120.29739, 31.16991 ], [ 120.29829, 31.16993 ], [ 120.298533, 31.16996830000005 ], [ 120.298833400000035, 31.17006930000008 ], [ 120.299294700000019, 31.170317100000034 ], [ 120.299694900000077, 31.170463600000062 ], [ 120.29991, 31.1706 ], [ 120.300141200000098, 31.170749100000023 ], [ 120.300395500000036, 31.171074500000032 ], [ 120.30019, 31.17138 ], [ 120.3001316000001, 31.171752900000058 ], [ 120.3002265, 31.17205210000003 ], [ 120.300605200000064, 31.172528600000078 ], [ 120.300415300000054, 31.173022900000035 ], [ 120.300058600000057, 31.17335520000006 ], [ 120.298968, 31.173598900000059 ], [ 120.298227200000042, 31.173552100000052 ], [ 120.297795900000096, 31.17354430000006 ], [ 120.296639900000059, 31.173275800000056 ], [ 120.296104500000069, 31.173234 ], [ 120.295861500000115, 31.173383200000046 ], [ 120.295679600000085, 31.17348 ], [ 120.295463400000017, 31.173552100000052 ], [ 120.295304100000067, 31.173626900000045 ], [ 120.295154500000081, 31.173695300000077 ], [ 120.294843900000046, 31.173781600000041 ], [ 120.294639500000017, 31.173996800000054 ], [ 120.294508600000086, 31.174309 ], [ 120.294452300000103, 31.174605900000074 ], [ 120.294415800000024, 31.175066700000059 ], [ 120.294029500000079, 31.175537200000065 ], [ 120.293981800000097, 31.176104900000041 ], [ 120.293979100000115, 31.17681680000004 ], [ 120.29421410000009, 31.177342300000078 ], [ 120.29388, 31.17793 ], [ 120.293846600000052, 31.178291400000035 ], [ 120.29414220000001, 31.1789 ], [ 120.294163600000047, 31.179297900000051 ], [ 120.2941025, 31.179508100000078 ], [ 120.293683000000101, 31.179796800000076 ], [ 120.29344540000011, 31.180096500000047 ], [ 120.29336, 31.18049 ], [ 120.293272100000081, 31.180832200000054 ], [ 120.293016200000011, 31.181097900000054 ], [ 120.292440400000032, 31.181159200000025 ], [ 120.292, 31.1811 ], [ 120.29171, 31.1811 ], [ 120.291280300000039, 31.180756400000064 ], [ 120.290854300000092, 31.180706900000075 ], [ 120.290687, 31.180556800000033 ], [ 120.290533, 31.180359900000042 ], [ 120.29023, 31.17991 ], [ 120.289528300000029, 31.179791700000067 ], [ 120.289039600000024, 31.179941400000075 ], [ 120.289040000000114, 31.17975 ], [ 120.288983800000096, 31.179500300000029 ], [ 120.289324900000111, 31.179220300000054 ], [ 120.289527200000066, 31.178786200000047 ], [ 120.289319, 31.178268 ], [ 120.288893500000086, 31.177949800000079 ], [ 120.28897, 31.17706 ], [ 120.28898, 31.1768 ], [ 120.28869, 31.17653 ], [ 120.2887, 31.17602 ], [ 120.28885, 31.1759 ], [ 120.28901, 31.17577 ], [ 120.28901, 31.17551 ], [ 120.28902, 31.17526 ], [ 120.28917, 31.17513 ], [ 120.28933, 31.17501 ], [ 120.28965, 31.17424 ], [ 120.290007800000012, 31.17353010000005 ], [ 120.29042, 31.17323 ], [ 120.29043, 31.17297 ], [ 120.290346900000031, 31.17259370000005 ], [ 120.285105300000055, 31.170173500000033 ], [ 120.28497, 31.17055 ], [ 120.284601, 31.170683 ], [ 120.284234600000104, 31.170515900000055 ], [ 120.283919200000014, 31.170403 ], [ 120.283029300000067, 31.170274900000038 ], [ 120.282670900000085, 31.170037100000059 ], [ 120.282116200000019, 31.169074200000068 ], [ 120.281732100000113, 31.16860870000005 ], [ 120.281570100000067, 31.168591800000058 ], [ 120.281266200000118, 31.168692800000031 ], [ 120.280930200000057, 31.168580300000031 ], [ 120.280635700000062, 31.168819 ], [ 120.279359500000055, 31.169168700000057 ] ], [ [ 120.280245100000116, 31.020139800000038 ], [ 120.280532100000073, 31.019537600000035 ], [ 120.280620000000113, 31.019319900000028 ], [ 120.280620000000113, 31.019070100000079 ], [ 120.280789900000059, 31.01894 ], [ 120.28092, 31.01882 ], [ 120.281090100000029, 31.018310100000065 ], [ 120.282600100000082, 31.017831200000046 ], [ 120.283008700000096, 31.017845200000068 ], [ 120.28307170000005, 31.017965300000071 ], [ 120.28300640000009, 31.017929300000048 ], [ 120.282838200000015, 31.017919300000074 ], [ 120.282677100000114, 31.01795930000003 ], [ 120.282259200000112, 31.01817740000007 ], [ 120.281913600000053, 31.018507600000078 ], [ 120.282009300000027, 31.018663700000047 ], [ 120.282198400000084, 31.018763700000079 ], [ 120.282609400000069, 31.018821800000069 ], [ 120.283431300000075, 31.018957800000067 ], [ 120.283333300000095, 31.018763700000079 ], [ 120.282950300000039, 31.018585600000051 ], [ 120.282861600000047, 31.018295500000079 ], [ 120.283036700000025, 31.018101400000035 ], [ 120.283823600000119, 31.018153400000074 ], [ 120.284321, 31.018561600000055 ], [ 120.284393300000033, 31.01884780000006 ], [ 120.284438300000033, 31.019124600000055 ], [ 120.28439010000011, 31.01938210000003 ], [ 120.284288100000026, 31.019370600000059 ], [ 120.284170100000097, 31.019556800000032 ], [ 120.284703900000068, 31.019749900000079 ], [ 120.284824600000093, 31.019961300000034 ], [ 120.284886300000039, 31.020145200000059 ], [ 120.284912100000042, 31.020261700000049 ], [ 120.284725300000105, 31.020509900000036 ], [ 120.284865400000058, 31.020814 ], [ 120.285150900000076, 31.02105460000007 ], [ 120.285766700000067, 31.021764300000029 ], [ 120.285894100000064, 31.022025100000064 ], [ 120.285975500000063, 31.02220710000006 ], [ 120.286198500000069, 31.022619600000041 ], [ 120.286276300000054, 31.022977500000025 ], [ 120.286304, 31.023348700000042 ], [ 120.286481500000036, 31.023732900000027 ], [ 120.2866590000001, 31.023933 ], [ 120.28687380000008, 31.024157100000025 ], [ 120.287172700000042, 31.024429200000043 ], [ 120.287737700000093, 31.024957500000028 ], [ 120.288354200000072, 31.025461700000051 ], [ 120.288765100000091, 31.025853900000072 ], [ 120.289176100000077, 31.026274100000023 ], [ 120.289647800000012, 31.026678300000071 ], [ 120.290105400000016, 31.02703850000006 ], [ 120.290266300000098, 31.027275900000063 ], [ 120.290523800000074, 31.027466700000048 ], [ 120.290754500000048, 31.027526400000056 ], [ 120.290883200000053, 31.027859700000079 ], [ 120.290835, 31.028039 ], [ 120.292253600000095, 31.028139 ], [ 120.292902700000013, 31.028090900000052 ], [ 120.293491200000062, 31.027778800000078 ], [ 120.293584600000031, 31.027722800000049 ], [ 120.293766700000106, 31.02751870000003 ], [ 120.294229, 31.027322600000048 ], [ 120.294733400000041, 31.026706300000058 ], [ 120.29507430000001, 31.026470200000063 ], [ 120.295181700000057, 31.025998 ], [ 120.295210100000077, 31.025669900000025 ], [ 120.29536, 31.025549900000044 ], [ 120.295530100000065, 31.02504 ], [ 120.2961199, 31.025180100000057 ], [ 120.29672, 31.025190100000032 ], [ 120.29761, 31.025080100000025 ], [ 120.297459900000035, 31.025329900000031 ], [ 120.2973, 31.02559 ], [ 120.297899900000061, 31.0256 ], [ 120.297880100000043, 31.02637 ], [ 120.2984699000001, 31.02638 ], [ 120.298430100000019, 31.02792 ], [ 120.29873, 31.0278 ], [ 120.29903, 31.02768 ], [ 120.298860000000104, 31.02846 ], [ 120.29885, 31.028960100000063 ], [ 120.29883, 31.02948 ], [ 120.29866990000005, 31.029980100000046 ], [ 120.2986601, 31.03024 ], [ 120.29848, 31.03127 ], [ 120.298220100000094, 31.03169 ], [ 120.298019900000099, 31.031899900000042 ], [ 120.29772, 31.03202 ], [ 120.297378800000047, 31.033249500000068 ], [ 120.29708, 31.033420100000058 ], [ 120.296465700000113, 31.033601300000043 ], [ 120.29634180000005, 31.033677100000034 ], [ 120.296242700000107, 31.033846900000071 ], [ 120.296232100000111, 31.034089600000073 ], [ 120.296310100000028, 31.034300100000053 ], [ 120.296079900000109, 31.034495900000024 ], [ 120.295963100000108, 31.03474760000006 ], [ 120.295772, 31.035047900000052 ], [ 120.29560570000001, 31.035211600000025 ], [ 120.29538, 31.035569900000041 ], [ 120.29506, 31.036080100000049 ], [ 120.294750100000101, 31.03659 ], [ 120.29455130000008, 31.036865400000067 ], [ 120.294247700000028, 31.036933400000066 ], [ 120.293883500000106, 31.037113500000032 ], [ 120.293645300000094, 31.037081500000056 ], [ 120.293141000000105, 31.036797400000069 ], [ 120.2926973000001, 31.036605300000076 ], [ 120.292510500000049, 31.036401200000057 ], [ 120.292295700000068, 31.036189100000058 ], [ 120.291819300000043, 31.036049100000071 ], [ 120.291226300000062, 31.036025100000074 ], [ 120.29067520000001, 31.036145100000056 ], [ 120.289848600000028, 31.036641300000042 ], [ 120.289647800000012, 31.03658930000006 ], [ 120.289302200000066, 31.036713300000031 ], [ 120.289082700000108, 31.036933400000066 ], [ 120.289022, 31.037413600000036 ], [ 120.288899900000047, 31.037750100000039 ], [ 120.288372900000013, 31.038081800000043 ], [ 120.2865, 31.038080100000059 ], [ 120.286210100000062, 31.03782 ], [ 120.286056600000052, 31.037597600000026 ], [ 120.285706300000015, 31.037505600000031 ], [ 120.285320100000035, 31.037540100000058 ], [ 120.285258000000113, 31.03724550000004 ], [ 120.285043200000018, 31.036885400000074 ], [ 120.285029200000054, 31.036665300000038 ], [ 120.284903100000065, 31.036577300000033 ], [ 120.284945100000073, 31.036425200000053 ], [ 120.285033800000065, 31.036353200000065 ], [ 120.28506, 31.036119900000074 ], [ 120.28554290000011, 31.035801 ], [ 120.285552200000097, 31.035292800000036 ], [ 120.285323400000038, 31.034556500000065 ], [ 120.285318700000062, 31.034240400000044 ], [ 120.284538800000064, 31.033308 ], [ 120.284977800000092, 31.033064 ], [ 120.285374800000113, 31.032883900000058 ], [ 120.2853, 31.032803800000067 ], [ 120.283978400000024, 31.033416100000068 ], [ 120.283296600000085, 31.033116 ], [ 120.283427400000051, 31.032895900000028 ], [ 120.284057800000028, 31.033148 ], [ 120.284104500000012, 31.033084 ], [ 120.284249300000056, 31.032859900000062 ], [ 120.284263300000021, 31.03267180000006 ], [ 120.283908400000087, 31.032191600000033 ], [ 120.2837, 31.031980100000055 ], [ 120.283090100000095, 31.031970100000024 ], [ 120.283119900000088, 31.03146 ], [ 120.2837, 31.03147 ], [ 120.28371, 31.031209900000079 ], [ 120.282530700000052, 31.031143200000031 ], [ 120.282221600000071, 31.03097850000006 ], [ 120.282229900000061, 31.030669900000078 ], [ 120.281955, 31.03042 ], [ 120.281753300000105, 31.030107200000032 ], [ 120.281632900000091, 31.029749800000047 ], [ 120.281799500000034, 31.029507900000056 ], [ 120.2820028000001, 31.029428700000039 ], [ 120.282212300000083, 31.02936 ], [ 120.282560500000045, 31.029299300000048 ], [ 120.283182900000043, 31.029220100000032 ], [ 120.283244500000023, 31.029090800000063 ], [ 120.282828500000051, 31.028863700000045 ], [ 120.282372500000065, 31.02861020000006 ], [ 120.282082900000091, 31.028626100000054 ], [ 120.2820398, 31.028597 ], [ 120.282076800000027, 31.028549500000054 ], [ 120.282317100000114, 31.028509900000074 ], [ 120.282656, 31.02861020000006 ], [ 120.282850100000019, 31.028649800000039 ], [ 120.282939500000111, 31.028594400000031 ], [ 120.28296720000003, 31.028264400000069 ], [ 120.28276690000007, 31.02779970000006 ], [ 120.282517400000074, 31.02731650000004 ], [ 120.282317100000114, 31.026822800000048 ], [ 120.281978200000026, 31.026181200000053 ], [ 120.281707, 31.025859100000048 ], [ 120.28143590000002, 31.025418200000047 ], [ 120.281026100000076, 31.025273 ], [ 120.281023000000118, 31.024787200000048 ], [ 120.281035400000064, 31.024372700000072 ], [ 120.281248000000119, 31.024032100000056 ], [ 120.281442100000049, 31.023699400000055 ], [ 120.281840000000102, 31.02346 ], [ 120.28213530000005, 31.023306 ], [ 120.282474200000024, 31.02328220000004 ], [ 120.282468400000084, 31.022969700000033 ], [ 120.282429500000035, 31.02268760000004 ], [ 120.2824260000001, 31.022599700000058 ], [ 120.282406400000013, 31.02238710000006 ], [ 120.281827200000066, 31.021845900000073 ], [ 120.28154070000005, 31.021795700000041 ], [ 120.281103100000109, 31.021705900000029 ], [ 120.280782700000032, 31.021470900000054 ], [ 120.280497200000013, 31.020946600000059 ], [ 120.280529400000091, 31.020905300000038 ], [ 120.280585700000074, 31.020804100000078 ], [ 120.280604500000095, 31.020700700000077 ], [ 120.280604500000095, 31.020588100000055 ], [ 120.28055350000011, 31.020489200000043 ], [ 120.280427500000087, 31.020300700000064 ], [ 120.280245100000116, 31.020139800000038 ] ], [ [ 120.287783700000091, 31.165683900000033 ], [ 120.287954300000024, 31.165369 ], [ 120.288320200000044, 31.164912800000025 ], [ 120.288490800000091, 31.164744700000028 ], [ 120.288726800000063, 31.164763100000073 ], [ 120.288985400000115, 31.165004600000032 ], [ 120.289070100000117, 31.165369 ], [ 120.288855600000034, 31.165607700000066 ], [ 120.288576600000056, 31.165773 ], [ 120.287954300000024, 31.165791300000024 ], [ 120.287783700000091, 31.165683900000033 ] ], [ [ 120.290027900000041, 31.024702600000069 ], [ 120.29006030000005, 31.024635200000034 ], [ 120.29016660000002, 31.024656400000026 ], [ 120.290208200000052, 31.024618100000055 ], [ 120.29016660000002, 31.024542800000063 ], [ 120.290325200000098, 31.024447800000075 ], [ 120.290890600000012, 31.024795 ], [ 120.290823900000078, 31.024942600000031 ], [ 120.290821300000061, 31.025004900000056 ], [ 120.290762800000039, 31.025044500000035 ], [ 120.290705800000069, 31.025044500000035 ], [ 120.2906349000001, 31.024911100000054 ], [ 120.290619500000048, 31.02505240000005 ], [ 120.290548600000079, 31.025127600000076 ], [ 120.290328300000056, 31.02508940000007 ], [ 120.290259000000106, 31.025011500000062 ], [ 120.290027900000041, 31.024702600000069 ] ], [ [ 120.293989800000077, 31.307865600000071 ], [ 120.294097100000045, 31.307709700000032 ], [ 120.294220400000086, 31.307498900000041 ], [ 120.294333100000017, 31.307311 ], [ 120.294628100000068, 31.307223900000054 ], [ 120.294719300000111, 31.307384300000024 ], [ 120.294461800000022, 31.307709700000032 ], [ 120.294231200000013, 31.308012200000064 ], [ 120.294129200000043, 31.308048900000074 ], [ 120.294043400000078, 31.307993900000042 ], [ 120.293989800000077, 31.307865600000071 ] ], [ [ 120.298310100000094, 31.03203 ], [ 120.298420100000044, 31.031870100000049 ], [ 120.29862, 31.03177990000006 ], [ 120.29861, 31.03204 ], [ 120.298310100000094, 31.03203 ] ], [ [ 120.299639500000012, 31.05328 ], [ 120.299695900000074, 31.053057500000079 ], [ 120.299774900000102, 31.052902800000027 ], [ 120.299933, 31.052815700000053 ], [ 120.300350700000081, 31.052835100000038 ], [ 120.300757200000021, 31.053047900000024 ], [ 120.300903900000094, 31.053241300000025 ], [ 120.300971700000105, 31.053492800000072 ], [ 120.3009604, 31.053715200000056 ], [ 120.300892700000077, 31.05408280000006 ], [ 120.300824900000066, 31.054227800000035 ], [ 120.300576500000034, 31.054247200000077 ], [ 120.300204, 31.054111800000044 ], [ 120.300093800000013, 31.054066300000045 ], [ 120.299899100000061, 31.053986100000031 ], [ 120.299729800000023, 31.053821600000049 ], [ 120.299673300000109, 31.05357980000008 ], [ 120.299639500000012, 31.05328 ] ], [ [ 120.306718400000022, 31.068490200000042 ], [ 120.306814900000063, 31.068325200000061 ], [ 120.307163, 31.068295700000078 ], [ 120.307556400000067, 31.068376300000068 ], [ 120.308277, 31.06888710000004 ], [ 120.30876, 31.06901 ], [ 120.30891, 31.06914 ], [ 120.3092, 31.06927 ], [ 120.309359500000028, 31.069511800000043 ], [ 120.30949, 31.06979 ], [ 120.309499500000015, 31.070171 ], [ 120.309316600000102, 31.07046930000007 ], [ 120.30898830000001, 31.070695100000023 ], [ 120.30856, 31.0708 ], [ 120.30767, 31.07065 ], [ 120.30738, 31.070307400000047 ], [ 120.307188900000028, 31.069872900000064 ], [ 120.306992400000013, 31.06955860000005 ], [ 120.306937100000027, 31.069238100000064 ], [ 120.306718400000022, 31.068490200000042 ] ], [ [ 120.313307, 31.311385500000029 ], [ 120.31331780000005, 31.311252600000046 ], [ 120.313446500000055, 31.311268600000062 ], [ 120.313661100000104, 31.311314400000072 ], [ 120.313647700000047, 31.311465700000042 ], [ 120.313535000000115, 31.311534400000028 ], [ 120.313395600000035, 31.311493200000029 ], [ 120.313307, 31.311385500000029 ] ], [ [ 120.314096500000119, 31.067598200000077 ], [ 120.314263100000062, 31.067339600000025 ], [ 120.31464, 31.0672 ], [ 120.31553, 31.06722 ], [ 120.31568, 31.06735 ], [ 120.31582, 31.06747 ], [ 120.315970000000107, 31.06761 ], [ 120.31612, 31.06775 ], [ 120.3167, 31.06802 ], [ 120.31819, 31.0683 ], [ 120.31879, 31.06857 ], [ 120.31936, 31.06884 ], [ 120.31952, 31.06897 ], [ 120.31965, 31.0691 ], [ 120.320135300000061, 31.069387100000029 ], [ 120.320264100000031, 31.069661300000064 ], [ 120.32006540000009, 31.070018 ], [ 120.320160400000077, 31.070104300000025 ], [ 120.320782700000109, 31.069546600000024 ], [ 120.320886300000097, 31.069604200000072 ], [ 120.320526600000107, 31.069947400000046 ], [ 120.320624700000053, 31.070153100000027 ], [ 120.320280500000081, 31.070510500000069 ], [ 120.3201199, 31.070814200000029 ], [ 120.319903300000078, 31.070805800000073 ], [ 120.319711100000063, 31.071052100000031 ], [ 120.320204600000011, 31.071422300000052 ], [ 120.320076800000038, 31.071538500000031 ], [ 120.319641100000013, 31.071342300000026 ], [ 120.318738, 31.071987400000069 ], [ 120.319011100000012, 31.072330200000067 ], [ 120.318649300000061, 31.072699 ], [ 120.318077600000038, 31.072712300000035 ], [ 120.317894700000011, 31.072409900000025 ], [ 120.317371200000025, 31.072055200000079 ], [ 120.316873400000077, 31.071767 ], [ 120.316547300000025, 31.071528400000034 ], [ 120.316354100000012, 31.07163010000005 ], [ 120.316092300000037, 31.071454700000061 ], [ 120.316310700000031, 31.071255200000053 ], [ 120.316010700000106, 31.070970100000068 ], [ 120.31557, 31.0712 ], [ 120.31528, 31.07067 ], [ 120.31503, 31.06914 ], [ 120.314561100000105, 31.068668400000035 ], [ 120.31409890000009, 31.067958900000065 ], [ 120.314096500000119, 31.067598200000077 ] ], [ [ 120.314878800000088, 31.370825800000034 ], [ 120.314929800000073, 31.37078 ], [ 120.314986100000056, 31.370769700000039 ], [ 120.31511080000007, 31.370814400000029 ], [ 120.315250300000116, 31.370843 ], [ 120.315411200000085, 31.370843 ], [ 120.315620500000023, 31.370815500000049 ], [ 120.315731800000094, 31.370804100000043 ], [ 120.315782700000113, 31.370746800000063 ], [ 120.315814900000078, 31.370643700000073 ], [ 120.315935600000103, 31.370464 ], [ 120.316022800000042, 31.370415900000069 ], [ 120.316118, 31.370410200000038 ], [ 120.316103200000043, 31.370461700000078 ], [ 120.316056300000014, 31.370505200000025 ], [ 120.315978500000028, 31.370557900000051 ], [ 120.315898100000027, 31.370693 ], [ 120.315880600000014, 31.37078 ], [ 120.316073700000061, 31.370824700000071 ], [ 120.3161301, 31.370818900000074 ], [ 120.316134100000113, 31.370853300000078 ], [ 120.316115300000092, 31.370876200000055 ], [ 120.316126, 31.370904800000062 ], [ 120.316186400000106, 31.370926600000075 ], [ 120.316277600000035, 31.370923100000027 ], [ 120.316382200000021, 31.370920900000044 ], [ 120.316477400000053, 31.370922700000051 ], [ 120.316477400000053, 31.370900200000051 ], [ 120.31640630000004, 31.370856700000047 ], [ 120.31639830000006, 31.370848700000067 ], [ 120.316252100000042, 31.370823500000029 ], [ 120.316246700000079, 31.370791500000053 ], [ 120.316320500000074, 31.370781200000067 ], [ 120.316427800000042, 31.370764 ], [ 120.316516300000103, 31.370754800000043 ], [ 120.3166357, 31.37082920000006 ], [ 120.316674600000056, 31.370906 ], [ 120.316681300000027, 31.370978100000059 ], [ 120.316781800000058, 31.371037600000079 ], [ 120.316910600000028, 31.371068600000058 ], [ 120.317139900000029, 31.371089200000029 ], [ 120.317428300000074, 31.371249500000033 ], [ 120.317522100000019, 31.371341100000052 ], [ 120.317609300000072, 31.371392600000036 ], [ 120.317688400000065, 31.371406400000069 ], [ 120.317746100000022, 31.371385700000076 ], [ 120.317817200000036, 31.371345700000063 ], [ 120.318375100000026, 31.371281500000066 ], [ 120.318682200000012, 31.371227700000077 ], [ 120.318841800000087, 31.371167 ], [ 120.318895400000088, 31.371195700000044 ], [ 120.318994700000076, 31.371162500000025 ], [ 120.319146200000091, 31.371089200000029 ], [ 120.3192911000001, 31.371054800000024 ], [ 120.319411800000012, 31.371078900000043 ], [ 120.319757800000048, 31.371157900000071 ], [ 120.319865, 31.371180800000047 ], [ 120.319924100000094, 31.371248300000047 ], [ 120.319952200000102, 31.371375400000034 ], [ 120.319914700000027, 31.371625100000074 ], [ 120.319823500000098, 31.372119700000042 ], [ 120.319783200000074, 31.372103700000025 ], [ 120.319737600000053, 31.372111700000062 ], [ 120.319631700000059, 31.372124300000053 ], [ 120.31961960000001, 31.372135700000058 ], [ 120.319642400000021, 31.37215180000004 ], [ 120.31967730000008, 31.372169 ], [ 120.319671900000117, 31.372188400000027 ], [ 120.319665200000031, 31.372215900000072 ], [ 120.319729600000073, 31.372237700000028 ], [ 120.319819400000029, 31.372229600000026 ], [ 120.319832900000051, 31.372259400000075 ], [ 120.319980400000077, 31.372239900000068 ], [ 120.320005900000069, 31.372106 ], [ 120.320111800000063, 31.371762500000045 ], [ 120.320248600000014, 31.37159070000007 ], [ 120.320362600000067, 31.371415500000069 ], [ 120.320440400000052, 31.371310200000039 ], [ 120.320504800000094, 31.371248300000047 ], [ 120.3206523, 31.371272400000066 ], [ 120.32072340000002, 31.371305600000028 ], [ 120.320740800000067, 31.371346800000026 ], [ 120.320811900000081, 31.371368600000039 ], [ 120.321013000000107, 31.371402900000078 ], [ 120.321359, 31.371473900000069 ], [ 120.321576300000061, 31.371538 ], [ 120.321651400000064, 31.371538 ], [ 120.321833800000036, 31.371554100000026 ], [ 120.321973300000082, 31.371560900000077 ], [ 120.32210740000005, 31.371599900000035 ], [ 120.32222, 31.371618200000057 ], [ 120.322431900000083, 31.371629600000063 ], [ 120.322541900000033, 31.371661700000061 ], [ 120.3227779, 31.371682300000032 ], [ 120.322979100000111, 31.371698300000048 ], [ 120.323212400000102, 31.371762500000045 ], [ 120.323341200000073, 31.371771600000045 ], [ 120.323475300000041, 31.371794500000078 ], [ 120.323638900000105, 31.371773900000051 ], [ 120.323944700000084, 31.371847200000047 ], [ 120.324188800000115, 31.371840300000031 ], [ 120.324250500000062, 31.371815100000049 ], [ 120.3242639, 31.371767 ], [ 120.324253100000078, 31.371737300000063 ], [ 120.324408700000049, 31.371764800000051 ], [ 120.324588400000039, 31.371794500000078 ], [ 120.324953200000095, 31.371858600000053 ], [ 120.325366300000042, 31.371927400000061 ], [ 120.325578200000109, 31.37198120000005 ], [ 120.325865100000101, 31.372044100000039 ], [ 120.326232600000026, 31.372132300000033 ], [ 120.326445800000101, 31.372155200000066 ], [ 120.326620200000093, 31.372225100000037 ], [ 120.326665800000114, 31.372269700000061 ], [ 120.326763700000015, 31.372290300000031 ], [ 120.326826700000083, 31.372347600000069 ], [ 120.326999700000101, 31.372400300000038 ], [ 120.327127100000098, 31.372372800000051 ], [ 120.327136500000051, 31.37238080000003 ], [ 120.327773500000035, 31.372583500000076 ], [ 120.327914400000054, 31.372593800000061 ], [ 120.32898990000001, 31.372856 ], [ 120.329083800000035, 31.372946400000046 ], [ 120.329129400000056, 31.373281900000052 ], [ 120.32909450000011, 31.373333500000058 ], [ 120.328299300000026, 31.373252200000024 ], [ 120.328185300000086, 31.373254400000064 ], [ 120.328059200000098, 31.373223500000051 ], [ 120.328002900000115, 31.373245300000065 ], [ 120.327945200000045, 31.37331510000007 ], [ 120.327941200000055, 31.373346 ], [ 120.327998800000046, 31.37338150000005 ], [ 120.328159800000094, 31.373407900000075 ], [ 120.328515200000083, 31.373494900000026 ], [ 120.329154900000049, 31.373611700000026 ], [ 120.329180400000041, 31.373686100000043 ], [ 120.329215200000021, 31.373816700000077 ], [ 120.329193800000098, 31.373973500000034 ], [ 120.329087800000025, 31.374073100000032 ], [ 120.329061, 31.374109800000042 ], [ 120.329040900000109, 31.374131500000033 ], [ 120.328969800000095, 31.374138400000049 ], [ 120.329023400000096, 31.374222 ], [ 120.329065, 31.374328500000047 ], [ 120.329112, 31.37453 ], [ 120.329099900000074, 31.374722400000053 ], [ 120.329023400000096, 31.37492270000007 ], [ 120.328579500000046, 31.375720800000067 ], [ 120.328245600000059, 31.376461600000027 ], [ 120.3280807000001, 31.376903600000048 ], [ 120.327926400000024, 31.377494400000046 ], [ 120.327807100000086, 31.378126400000042 ], [ 120.327798, 31.37818610000005 ], [ 120.327772200000027, 31.378354300000069 ], [ 120.327791, 31.378370300000029 ], [ 120.32782450000002, 31.378520300000048 ], [ 120.32788620000008, 31.378610700000024 ], [ 120.327997500000038, 31.378685200000064 ], [ 120.327946500000053, 31.378763 ], [ 120.327854000000116, 31.378726400000062 ], [ 120.327792300000056, 31.378732100000036 ], [ 120.327737300000081, 31.37876760000006 ], [ 120.327643500000022, 31.378973700000074 ], [ 120.327542900000026, 31.379093900000044 ], [ 120.327451700000097, 31.379162600000029 ], [ 120.327227700000094, 31.379253100000028 ], [ 120.327017200000114, 31.379312600000048 ], [ 120.326860200000056, 31.379314900000054 ], [ 120.32668590000003, 31.379269100000045 ], [ 120.326538400000118, 31.379202700000064 ], [ 120.326297, 31.379010300000061 ], [ 120.3258115000001, 31.378563800000052 ], [ 120.325618400000053, 31.378403500000047 ], [ 120.325462800000082, 31.378332500000056 ], [ 120.325288500000056, 31.37830960000008 ], [ 120.325044400000024, 31.378350800000078 ], [ 120.324390000000108, 31.37853 ], [ 120.324161900000036, 31.378589 ], [ 120.32387760000006, 31.378598100000033 ], [ 120.32363620000001, 31.378609600000061 ], [ 120.323298300000033, 31.378584400000079 ], [ 120.323199, 31.37867140000003 ], [ 120.323180300000104, 31.378728700000067 ], [ 120.323191, 31.378774500000077 ], [ 120.323207100000104, 31.378893500000061 ], [ 120.323115900000062, 31.378852300000062 ], [ 120.323032700000113, 31.378909600000043 ], [ 120.322869100000048, 31.378957700000058 ], [ 120.322828900000104, 31.378927900000065 ], [ 120.322839600000066, 31.378854600000068 ], [ 120.32289860000003, 31.378824800000075 ], [ 120.32294150000007, 31.378769900000066 ], [ 120.322936200000072, 31.378682900000058 ], [ 120.322895900000049, 31.378630200000032 ], [ 120.322882500000105, 31.378522600000053 ], [ 120.322786, 31.378447 ], [ 120.322689400000058, 31.378437800000029 ], [ 120.322638400000073, 31.378373700000054 ], [ 120.32252040000003, 31.378332500000056 ], [ 120.322466800000029, 31.378362300000049 ], [ 120.322461400000066, 31.378474500000038 ], [ 120.322466800000029, 31.378561500000046 ], [ 120.322402400000101, 31.378607300000056 ], [ 120.322284400000058, 31.378611900000067 ], [ 120.322201200000109, 31.378591300000039 ], [ 120.322099300000104, 31.378471 ], [ 120.321992, 31.378476800000044 ], [ 120.321914300000117, 31.378511100000026 ], [ 120.321827100000064, 31.378577500000063 ], [ 120.321778800000061, 31.378626800000063 ], [ 120.321493100000112, 31.378608400000076 ], [ 120.3213, 31.378632500000037 ], [ 120.321174, 31.378682900000058 ], [ 120.321100200000046, 31.378745800000047 ], [ 120.321080100000017, 31.378836300000046 ], [ 120.321037200000092, 31.378862600000048 ], [ 120.321001, 31.378876400000024 ], [ 120.320970100000068, 31.378861500000028 ], [ 120.32096480000007, 31.37881340000007 ], [ 120.32092590000002, 31.378766400000075 ], [ 120.32081990000006, 31.378713800000071 ], [ 120.320612, 31.378713800000071 ], [ 120.320593300000041, 31.378688600000032 ], [ 120.320585200000096, 31.378617600000041 ], [ 120.320541, 31.378556900000035 ], [ 120.320447100000024, 31.378503100000046 ], [ 120.32024320000005, 31.378475600000058 ], [ 120.320138600000064, 31.378493900000024 ], [ 120.320031300000096, 31.378532900000039 ], [ 120.319941500000027, 31.378567200000077 ], [ 120.319857, 31.378567200000077 ], [ 120.319840900000031, 31.37853750000005 ], [ 120.319857, 31.378504200000066 ], [ 120.319979000000103, 31.378456200000073 ], [ 120.320076900000117, 31.378401200000042 ], [ 120.320133300000066, 31.378340500000036 ], [ 120.320199000000116, 31.378341700000078 ], [ 120.320223100000021, 31.378299300000037 ], [ 120.320185600000059, 31.378254600000048 ], [ 120.320095700000024, 31.37821230000003 ], [ 120.320082300000081, 31.378190500000073 ], [ 120.320031300000096, 31.378080600000033 ], [ 120.319940100000053, 31.378023400000075 ], [ 120.319886500000052, 31.377945500000067 ], [ 120.319796700000097, 31.377904300000068 ], [ 120.319676, 31.377810400000044 ], [ 120.319647800000098, 31.377840200000037 ], [ 120.319622300000105, 31.37782640000006 ], [ 120.319567300000017, 31.377875700000061 ], [ 120.319434600000022, 31.377786400000048 ], [ 120.319403700000066, 31.377793200000042 ], [ 120.319386300000019, 31.37782530000004 ], [ 120.31934600000011, 31.377831 ], [ 120.31930310000007, 31.377815 ], [ 120.319288400000119, 31.377843600000062 ], [ 120.319248100000095, 31.377895100000046 ], [ 120.319280300000059, 31.37799590000003 ], [ 120.319364800000017, 31.378140100000053 ], [ 120.319481500000052, 31.378275300000041 ], [ 120.319594100000018, 31.378357700000038 ], [ 120.319580700000074, 31.378440100000034 ], [ 120.319462700000031, 31.378426400000023 ], [ 120.319304500000044, 31.378256900000054 ], [ 120.319226700000058, 31.378147 ], [ 120.319130100000052, 31.378085200000044 ], [ 120.31903890000001, 31.378082900000038 ], [ 120.318974600000047, 31.378119500000025 ], [ 120.318856500000038, 31.378048600000056 ], [ 120.318835100000115, 31.37799590000003 ], [ 120.31889410000008, 31.377973 ], [ 120.318982600000027, 31.377966100000037 ], [ 120.319036200000028, 31.377902 ], [ 120.319135500000016, 31.377689 ], [ 120.319135500000016, 31.37749210000004 ], [ 120.319081800000049, 31.377393600000062 ], [ 120.318869900000095, 31.377189800000053 ], [ 120.318786800000112, 31.377194400000064 ], [ 120.318738500000109, 31.377221900000052 ], [ 120.318730500000015, 31.377176100000042 ], [ 120.318765300000109, 31.377098200000034 ], [ 120.31865, 31.37703410000006 ], [ 120.318566900000064, 31.376979100000028 ], [ 120.318395200000055, 31.376823400000035 ], [ 120.318314700000087, 31.37669980000004 ], [ 120.318277200000011, 31.376534900000024 ], [ 120.318279900000107, 31.376477600000044 ], [ 120.318247700000029, 31.376333400000078 ], [ 120.318180600000119, 31.37627150000003 ], [ 120.318076, 31.376161600000046 ], [ 120.317909700000087, 31.375989900000036 ], [ 120.317649500000016, 31.375841 ], [ 120.317402800000082, 31.375724200000036 ], [ 120.317177500000071, 31.375607400000035 ], [ 120.3170675, 31.375499800000057 ], [ 120.316987, 31.375479200000029 ], [ 120.316877100000056, 31.375465500000075 ], [ 120.31681, 31.375396800000033 ], [ 120.316702700000064, 31.375357800000074 ], [ 120.316616900000099, 31.375367 ], [ 120.316512300000113, 31.375392200000078 ], [ 120.316536400000018, 31.375323500000036 ], [ 120.316533700000036, 31.375231900000074 ], [ 120.316488100000015, 31.375133400000038 ], [ 120.316372800000067, 31.374943300000041 ], [ 120.316262800000118, 31.374870100000066 ], [ 120.316211900000098, 31.374879200000066 ], [ 120.316150200000038, 31.374870100000066 ], [ 120.316160900000114, 31.374732700000038 ], [ 120.316088500000092, 31.37453110000007 ], [ 120.316056300000014, 31.374178500000028 ], [ 120.316075100000035, 31.37402730000008 ], [ 120.316150200000038, 31.373857900000075 ], [ 120.316075100000035, 31.373649500000056 ], [ 120.31615290000002, 31.37342730000006 ], [ 120.316088500000092, 31.373324300000036 ], [ 120.316008, 31.373081500000069 ], [ 120.316029500000013, 31.372948700000052 ], [ 120.316, 31.372909800000059 ], [ 120.31589, 31.37264870000007 ], [ 120.315806900000098, 31.372460900000078 ], [ 120.315654000000109, 31.372186100000079 ], [ 120.315582900000095, 31.371978900000045 ], [ 120.315526600000112, 31.37188610000004 ], [ 120.315424600000028, 31.371770500000025 ], [ 120.315385800000058, 31.371664 ], [ 120.315326700000014, 31.371577 ], [ 120.315231500000095, 31.371432700000071 ], [ 120.314972700000112, 31.371195700000044 ], [ 120.314911, 31.371096 ], [ 120.314901600000098, 31.370996400000024 ], [ 120.314913700000034, 31.370928900000024 ], [ 120.314880200000061, 31.370892200000071 ], [ 120.314878800000088, 31.370825800000034 ] ], [ [ 120.32026, 31.3129 ], [ 120.32027, 31.31265 ], [ 120.32057, 31.31265 ], [ 120.32046, 31.31282 ], [ 120.32026, 31.3129 ] ], [ [ 120.32189, 31.10655 ], [ 120.32219, 31.10656 ], [ 120.322090000000117, 31.10672 ], [ 120.32189, 31.10681 ], [ 120.32189, 31.10655 ] ], [ [ 120.322180000000117, 31.10707 ], [ 120.322270000000117, 31.1069 ], [ 120.323080000000118, 31.10683 ], [ 120.32307, 31.10709 ], [ 120.322180000000117, 31.10707 ] ], [ [ 120.32785, 31.17093 ], [ 120.328091700000073, 31.170672900000056 ], [ 120.32802, 31.17043 ], [ 120.32805, 31.16939 ], [ 120.3282, 31.16927 ], [ 120.3294, 31.16903 ], [ 120.33031, 31.16879 ], [ 120.33091, 31.16868 ], [ 120.331154300000094, 31.168621100000053 ], [ 120.331285100000059, 31.168531600000051 ], [ 120.331562500000018, 31.168478800000059 ], [ 120.331862900000033, 31.168477900000028 ], [ 120.33181, 31.16831 ], [ 120.332572100000107, 31.168107100000043 ], [ 120.332542000000103, 31.167922500000032 ], [ 120.332814, 31.167809200000079 ], [ 120.332889100000102, 31.167915200000039 ], [ 120.33388530000002, 31.167703600000038 ], [ 120.334612200000038, 31.167572800000073 ], [ 120.3348042, 31.168000600000028 ], [ 120.335036, 31.168092800000068 ], [ 120.335146500000064, 31.168142200000034 ], [ 120.335381700000084, 31.168194300000039 ], [ 120.336497200000053, 31.167731600000025 ], [ 120.337414, 31.167359800000042 ], [ 120.337289, 31.16699170000004 ], [ 120.337547600000107, 31.166897100000028 ], [ 120.337681700000076, 31.167243700000029 ], [ 120.338304000000107, 31.167059600000073 ], [ 120.33842, 31.16742 ], [ 120.33856, 31.16755 ], [ 120.338710000000106, 31.16768 ], [ 120.33885, 31.16782 ], [ 120.339007800000104, 31.168267200000059 ], [ 120.33910590000005, 31.168438500000036 ], [ 120.33935, 31.168603200000064 ], [ 120.339269500000114, 31.168777200000079 ], [ 120.338993300000084, 31.168993800000067 ], [ 120.338668200000029, 31.169324800000027 ], [ 120.338346300000012, 31.169697500000041 ], [ 120.337512700000048, 31.169927500000028 ], [ 120.33594, 31.17033 ], [ 120.335662500000012, 31.170389200000045 ], [ 120.33584970000004, 31.170745400000044 ], [ 120.335678100000109, 31.170844100000068 ], [ 120.335329000000115, 31.170329300000049 ], [ 120.335166900000104, 31.170434300000068 ], [ 120.335272800000098, 31.170613800000069 ], [ 120.334904800000118, 31.170707600000071 ], [ 120.334730700000023, 31.170583800000031 ], [ 120.334276900000077, 31.170604900000058 ], [ 120.334082700000067, 31.170954700000038 ], [ 120.333840200000054, 31.171671600000025 ], [ 120.333891700000095, 31.172250900000051 ], [ 120.333125700000096, 31.172496 ], [ 120.333187900000098, 31.172619 ], [ 120.3328596, 31.17286960000007 ], [ 120.332521600000064, 31.173067 ], [ 120.3320936, 31.173346 ], [ 120.33167, 31.17358 ], [ 120.331543200000056, 31.173075200000028 ], [ 120.331383300000084, 31.172841100000028 ], [ 120.331143000000111, 31.172759400000075 ], [ 120.330840400000056, 31.172657500000071 ], [ 120.330521800000042, 31.172373900000025 ], [ 120.330252500000029, 31.171958 ], [ 120.329510100000107, 31.171694600000023 ], [ 120.329164600000013, 31.171934200000067 ], [ 120.32872, 31.1721 ], [ 120.32839320000005, 31.17201220000004 ], [ 120.328035900000032, 31.171631200000036 ], [ 120.32785, 31.17093 ] ], [ [ 120.32936, 31.27685 ], [ 120.32937, 31.2766 ], [ 120.32955, 31.27669 ], [ 120.329660000000104, 31.27685 ], [ 120.32936, 31.27685 ] ], [ [ 120.333540300000095, 31.383303800000078 ], [ 120.333553700000039, 31.38321110000004 ], [ 120.3336342, 31.383121800000026 ], [ 120.333792400000107, 31.383045100000061 ], [ 120.333937300000116, 31.382945500000062 ], [ 120.334129, 31.382718800000077 ], [ 120.334216200000014, 31.382613400000025 ], [ 120.33421890000011, 31.382455400000026 ], [ 120.334189400000014, 31.382393600000057 ], [ 120.33400830000005, 31.382297400000027 ], [ 120.333812500000022, 31.382145200000025 ], [ 120.333648900000071, 31.38191850000004 ], [ 120.333619400000089, 31.381789100000049 ], [ 120.333622100000071, 31.381721500000026 ], [ 120.333658300000025, 31.381610500000079 ], [ 120.333721300000093, 31.381525800000077 ], [ 120.333846100000073, 31.381490300000053 ], [ 120.333970800000088, 31.381508600000075 ], [ 120.334021700000108, 31.38148 ], [ 120.334096800000111, 31.381376900000078 ], [ 120.33415720000005, 31.381284200000039 ], [ 120.334231, 31.381106700000032 ], [ 120.334326200000078, 31.380937300000028 ], [ 120.334410700000035, 31.380837700000029 ], [ 120.334658800000057, 31.380696800000067 ], [ 120.335000800000103, 31.380546800000047 ], [ 120.335169700000051, 31.380485 ], [ 120.335220700000036, 31.380487300000027 ], [ 120.335228700000016, 31.380517100000077 ], [ 120.335188500000072, 31.38055490000005 ], [ 120.334971200000041, 31.380648700000052 ], [ 120.334759400000053, 31.380758700000058 ], [ 120.334623900000111, 31.380798700000071 ], [ 120.334437500000035, 31.380913200000066 ], [ 120.334331500000076, 31.381008200000053 ], [ 120.334314100000029, 31.381066600000054 ], [ 120.33435170000007, 31.381129600000065 ], [ 120.334454900000082, 31.381145600000025 ], [ 120.334811700000046, 31.381194900000025 ], [ 120.335030300000085, 31.381236100000024 ], [ 120.335125500000117, 31.381271600000048 ], [ 120.335215300000073, 31.381243 ], [ 120.335275700000011, 31.381181100000049 ], [ 120.335384300000101, 31.381225800000038 ], [ 120.335486200000105, 31.381280700000048 ], [ 120.335514400000079, 31.38135520000003 ], [ 120.335606900000016, 31.381433 ], [ 120.335765200000083, 31.381528 ], [ 120.335788, 31.381567 ], [ 120.335785300000111, 31.381638 ], [ 120.335774600000036, 31.381713500000046 ], [ 120.335790700000075, 31.381726100000037 ], [ 120.335836300000096, 31.381683800000076 ], [ 120.33585770000002, 31.381597900000031 ], [ 120.335818800000084, 31.381423900000073 ], [ 120.335794700000065, 31.381273900000053 ], [ 120.335644500000058, 31.381173100000069 ], [ 120.335564, 31.381078100000025 ], [ 120.335580100000016, 31.381002500000079 ], [ 120.335521100000051, 31.380805600000031 ], [ 120.335454, 31.380662500000028 ], [ 120.335433900000112, 31.380506800000035 ], [ 120.335416500000065, 31.380400300000076 ], [ 120.335474200000021, 31.38034760000005 ], [ 120.335505, 31.380322400000068 ], [ 120.335724900000059, 31.380283500000075 ], [ 120.336242600000105, 31.380212500000027 ], [ 120.33672, 31.380219400000044 ], [ 120.336972200000105, 31.380237700000066 ], [ 120.33726450000006, 31.380253700000026 ], [ 120.337991400000078, 31.380249200000037 ], [ 120.338281100000017, 31.380224 ], [ 120.338739800000099, 31.380244600000026 ], [ 120.339069700000096, 31.380251400000077 ], [ 120.339611500000046, 31.38028120000007 ], [ 120.340147900000034, 31.380365900000072 ], [ 120.340563700000075, 31.380474700000036 ], [ 120.340691100000072, 31.380548 ], [ 120.340695100000062, 31.380764400000032 ], [ 120.340731300000016, 31.380844500000023 ], [ 120.340809100000115, 31.380941800000073 ], [ 120.340896200000088, 31.380962400000044 ], [ 120.341109500000016, 31.381007100000033 ], [ 120.341270400000099, 31.381036900000026 ], [ 120.341419300000098, 31.381094100000041 ], [ 120.341553400000066, 31.381161700000064 ], [ 120.341682100000071, 31.381167400000038 ], [ 120.341686200000026, 31.381232700000055 ], [ 120.341647300000091, 31.38129680000003 ], [ 120.341658, 31.381347100000028 ], [ 120.341664700000024, 31.381404400000065 ], [ 120.3416674, 31.381463900000028 ], [ 120.341652600000089, 31.381549800000073 ], [ 120.341623100000106, 31.381588700000066 ], [ 120.34156680000001, 31.381604800000048 ], [ 120.341526600000066, 31.381618500000059 ], [ 120.341553400000066, 31.381714700000032 ], [ 120.341507800000045, 31.381792500000074 ], [ 120.3414917, 31.381973400000049 ], [ 120.341403200000059, 31.382232200000033 ], [ 120.341475600000081, 31.382294 ], [ 120.3414649, 31.382362700000044 ], [ 120.341443400000117, 31.382429100000024 ], [ 120.34145680000006, 31.382548200000031 ], [ 120.341531900000064, 31.382646600000044 ], [ 120.341526600000066, 31.382763400000044 ], [ 120.341534600000045, 31.382811500000059 ], [ 120.341523900000084, 31.382900800000073 ], [ 120.341408500000057, 31.382926 ], [ 120.341282500000034, 31.382919100000038 ], [ 120.341218100000106, 31.382990100000029 ], [ 120.341218100000106, 31.3831 ], [ 120.3411135, 31.383338200000026 ], [ 120.34082920000003, 31.383690800000068 ], [ 120.340424200000029, 31.384098400000028 ], [ 120.340011100000083, 31.384465900000066 ], [ 120.339351300000089, 31.384927300000072 ], [ 120.338745100000096, 31.385286800000074 ], [ 120.338479600000028, 31.385321100000056 ], [ 120.338356200000021, 31.385394400000052 ], [ 120.338278400000036, 31.385499700000025 ], [ 120.33824350000009, 31.385584400000027 ], [ 120.33816580000007, 31.385577600000033 ], [ 120.3380638000001, 31.385566100000062 ], [ 120.337964600000078, 31.385563800000057 ], [ 120.337878800000112, 31.385495100000071 ], [ 120.337782200000106, 31.385373800000025 ], [ 120.337851900000032, 31.385321100000056 ], [ 120.337830500000109, 31.385270700000035 ], [ 120.337782200000106, 31.385218100000031 ], [ 120.337688300000082, 31.385149400000046 ], [ 120.337487200000055, 31.38498450000003 ], [ 120.337315500000045, 31.384952500000054 ], [ 120.337221600000021, 31.384909 ], [ 120.336615400000028, 31.384435 ], [ 120.336068300000079, 31.383981600000027 ], [ 120.335792100000049, 31.383809300000053 ], [ 120.335510400000089, 31.383752600000037 ], [ 120.335349400000041, 31.383784700000035 ], [ 120.335279700000115, 31.383814400000063 ], [ 120.335188500000072, 31.383822400000042 ], [ 120.335110700000087, 31.38377440000005 ], [ 120.335028900000111, 31.383727400000055 ], [ 120.334956500000089, 31.383678200000077 ], [ 120.334612000000106, 31.383549300000027 ], [ 120.334172900000112, 31.383476300000041 ], [ 120.333944, 31.3834 ], [ 120.333821900000089, 31.383411400000057 ], [ 120.333695900000066, 31.383414900000048 ], [ 120.333587200000011, 31.383378200000038 ], [ 120.333540300000095, 31.383303800000078 ] ], [ [ 120.334188900000072, 31.162046100000055 ], [ 120.33424, 31.16181 ], [ 120.33439, 31.16169 ], [ 120.33454, 31.16156 ], [ 120.334700000000112, 31.16143 ], [ 120.33485, 31.16131 ], [ 120.335, 31.16118 ], [ 120.3362, 31.16121 ], [ 120.33634, 31.16134 ], [ 120.3366995, 31.161612800000057 ], [ 120.336836800000015, 31.16194420000005 ], [ 120.336886100000015, 31.16230870000004 ], [ 120.3366694, 31.162548300000026 ], [ 120.336398, 31.162678700000072 ], [ 120.33602350000001, 31.162681400000054 ], [ 120.335536500000103, 31.162804400000027 ], [ 120.335123400000043, 31.162854 ], [ 120.334680300000059, 31.162697 ], [ 120.334305900000118, 31.162518900000066 ], [ 120.334291900000039, 31.162211400000047 ], [ 120.334188900000072, 31.162046100000055 ] ], [ [ 120.334389200000032, 31.061118500000077 ], [ 120.334416, 31.060966800000074 ], [ 120.334732500000086, 31.060897900000043 ], [ 120.334866600000055, 31.060976 ], [ 120.335510400000089, 31.061081700000045 ], [ 120.336041400000113, 31.060571700000025 ], [ 120.335676700000022, 31.059882400000049 ], [ 120.335510400000089, 31.059744500000079 ], [ 120.335569400000054, 31.059629600000051 ], [ 120.33602540000004, 31.059271200000069 ], [ 120.336180900000045, 31.05924820000007 ], [ 120.336277500000051, 31.059340100000043 ], [ 120.336964100000046, 31.061357400000077 ], [ 120.337071400000013, 31.061449300000049 ], [ 120.337221600000021, 31.061426400000073 ], [ 120.33736650000003, 31.061458500000072 ], [ 120.337425500000109, 31.061578 ], [ 120.337420100000031, 31.06171130000007 ], [ 120.337275300000101, 31.061941 ], [ 120.336990900000046, 31.061973200000068 ], [ 120.336846100000116, 31.061941 ], [ 120.336551100000065, 31.061941 ], [ 120.336111200000119, 31.062005400000032 ], [ 120.335826900000029, 31.062014600000055 ], [ 120.335558600000013, 31.061922700000025 ], [ 120.334995400000025, 31.061835300000041 ], [ 120.334877400000096, 31.061761800000056 ], [ 120.334389200000032, 31.061118500000077 ] ], [ [ 120.33904, 31.30507 ], [ 120.33905, 31.30481 ], [ 120.33924, 31.3049 ], [ 120.339340000000107, 31.30508 ], [ 120.33904, 31.30507 ] ], [ [ 120.342714500000056, 31.187804100000051 ], [ 120.34305, 31.18701 ], [ 120.34355, 31.18693 ], [ 120.343359300000088, 31.185737200000062 ], [ 120.3429900000001, 31.18564 ], [ 120.34316, 31.18487 ], [ 120.34347, 31.18436 ], [ 120.343620000000101, 31.18424 ], [ 120.34423, 31.18399 ], [ 120.344380000000115, 31.18387 ], [ 120.34454, 31.18374 ], [ 120.34469, 31.18361 ], [ 120.345, 31.18311 ], [ 120.345329900000024, 31.182821 ], [ 120.345188200000052, 31.182691 ], [ 120.34517470000003, 31.18264460000006 ], [ 120.345209100000034, 31.182612100000028 ], [ 120.345212700000047, 31.182457900000031 ], [ 120.345094900000049, 31.182308800000044 ], [ 120.345476500000018, 31.182098900000028 ], [ 120.345865600000025, 31.182523400000036 ], [ 120.346360000000118, 31.182526700000039 ], [ 120.346645900000112, 31.182563600000037 ], [ 120.347077300000024, 31.18215820000006 ], [ 120.34763780000003, 31.182499300000075 ], [ 120.348133900000107, 31.182774700000039 ], [ 120.348467, 31.183097400000065 ], [ 120.34864970000001, 31.18321050000003 ], [ 120.34916, 31.18397 ], [ 120.34931, 31.1841 ], [ 120.349856400000021, 31.184412100000031 ], [ 120.350306200000091, 31.184591200000057 ], [ 120.350862800000073, 31.184765600000048 ], [ 120.35138, 31.18478 ], [ 120.351990000000114, 31.18492 ], [ 120.35287, 31.1852 ], [ 120.35346, 31.18547 ], [ 120.3536, 31.1856 ], [ 120.353750000000105, 31.18573 ], [ 120.35389, 31.18586 ], [ 120.35404, 31.18599 ], [ 120.354458500000078, 31.186384600000054 ], [ 120.354807700000038, 31.186730300000079 ], [ 120.354903400000012, 31.186994200000072 ], [ 120.355006800000069, 31.187417100000062 ], [ 120.355478, 31.187766 ], [ 120.355891, 31.188044300000058 ], [ 120.356485200000066, 31.188344700000073 ], [ 120.35730030000002, 31.188638 ], [ 120.357900300000097, 31.188648 ], [ 120.358250100000078, 31.188487 ], [ 120.359178200000088, 31.187904200000048 ], [ 120.359521500000028, 31.187826200000075 ], [ 120.360208100000023, 31.187592100000074 ], [ 120.360494200000062, 31.187575100000061 ], [ 120.361343100000113, 31.187588100000028 ], [ 120.362107200000082, 31.187596700000029 ], [ 120.362659700000108, 31.188000600000066 ], [ 120.36298290000002, 31.188297300000045 ], [ 120.363035200000013, 31.188390600000048 ], [ 120.36308, 31.18863 ], [ 120.36300110000002, 31.191256300000077 ], [ 120.36327, 31.19274 ], [ 120.36326, 31.19325 ], [ 120.3634, 31.19338 ], [ 120.36355, 31.19351 ], [ 120.36382, 31.19455 ], [ 120.3641, 31.19507 ], [ 120.36438, 31.19584 ], [ 120.36453, 31.19597 ], [ 120.36467, 31.19611 ], [ 120.36482, 31.19624 ], [ 120.365410000000111, 31.19638 ], [ 120.36525, 31.19662 ], [ 120.36495, 31.19688 ], [ 120.365077200000087, 31.197220600000037 ], [ 120.365109, 31.197613600000068 ], [ 120.364675500000089, 31.197708400000067 ], [ 120.364524600000095, 31.197859600000072 ], [ 120.364609200000018, 31.198041100000069 ], [ 120.364337500000033, 31.198068300000045 ], [ 120.364207700000065, 31.197774100000061 ], [ 120.36358, 31.19775 ], [ 120.36328, 31.19775 ], [ 120.362980000000107, 31.19787 ], [ 120.362427900000057, 31.198177900000076 ], [ 120.362403400000062, 31.198259 ], [ 120.36237, 31.19837 ], [ 120.362143200000105, 31.198328200000049 ], [ 120.362048100000038, 31.19819590000003 ], [ 120.361884700000019, 31.198247300000048 ], [ 120.361645700000054, 31.198333300000058 ], [ 120.361364800000047, 31.197966800000074 ], [ 120.36133, 31.19784 ], [ 120.361450400000081, 31.197305 ], [ 120.361208, 31.196998700000051 ], [ 120.360738100000049, 31.196726500000068 ], [ 120.359838600000103, 31.196855800000037 ], [ 120.360143200000039, 31.197472400000038 ], [ 120.360320100000081, 31.197832 ], [ 120.360266400000114, 31.197860700000035 ], [ 120.359899700000028, 31.197647800000027 ], [ 120.35881720000009, 31.197806200000059 ], [ 120.358352300000092, 31.198022200000025 ], [ 120.35758, 31.1984 ], [ 120.35698, 31.19853 ], [ 120.35666470000001, 31.198681800000031 ], [ 120.356005600000117, 31.198871700000041 ], [ 120.355273700000112, 31.198974500000077 ], [ 120.354825600000026, 31.199137500000063 ], [ 120.354407300000048, 31.199414200000035 ], [ 120.354076300000088, 31.199535400000059 ], [ 120.353929000000107, 31.199491900000055 ], [ 120.353760200000011, 31.199146700000028 ], [ 120.35277, 31.19933 ], [ 120.35248, 31.19907 ], [ 120.35218, 31.19893 ], [ 120.3522, 31.19842 ], [ 120.3516, 31.19841 ], [ 120.35147, 31.19789 ], [ 120.35119, 31.19711 ], [ 120.3509, 31.19685 ], [ 120.3509, 31.19659 ], [ 120.350640400000088, 31.195507700000064 ], [ 120.35126, 31.19455 ], [ 120.35157, 31.19404 ], [ 120.35144, 31.19352 ], [ 120.35128450000002, 31.193578200000047 ], [ 120.3511406, 31.193485700000053 ], [ 120.351000000000113, 31.19326 ], [ 120.35115, 31.193 ], [ 120.350998900000036, 31.192977400000075 ], [ 120.350674400000116, 31.193041200000039 ], [ 120.350458900000035, 31.193033 ], [ 120.350117800000021, 31.193005500000027 ], [ 120.349791300000106, 31.192879100000027 ], [ 120.349629300000061, 31.192712800000038 ], [ 120.349446400000033, 31.192730500000039 ], [ 120.349363200000084, 31.192738500000075 ], [ 120.34985, 31.19143 ], [ 120.34986, 31.19118 ], [ 120.349542800000108, 31.190080200000068 ], [ 120.34886, 31.18936 ], [ 120.3477, 31.18805 ], [ 120.34711, 31.18791 ], [ 120.34682, 31.18764 ], [ 120.34652, 31.18764 ], [ 120.34622, 31.18763 ], [ 120.34503, 31.18748 ], [ 120.344110000000114, 31.1881 ], [ 120.34292, 31.1882 ], [ 120.342746700000021, 31.187908100000072 ], [ 120.342714500000056, 31.187804100000051 ] ], [ [ 120.350138800000082, 31.082813700000031 ], [ 120.350348600000075, 31.082635 ], [ 120.350687100000073, 31.08240150000006 ], [ 120.350977100000023, 31.082251 ], [ 120.35132370000008, 31.082139 ], [ 120.35168340000007, 31.082106300000078 ], [ 120.351971100000014, 31.082181100000071 ], [ 120.352172800000062, 31.082223700000043 ], [ 120.352402500000039, 31.082413600000052 ], [ 120.3523877, 31.082755800000029 ], [ 120.352712900000029, 31.082802300000026 ], [ 120.352716200000032, 31.082995600000061 ], [ 120.352666400000089, 31.083184500000073 ], [ 120.352798300000018, 31.083499500000073 ], [ 120.352716200000032, 31.083747300000027 ], [ 120.352453600000104, 31.084202600000026 ], [ 120.352003500000023, 31.084653500000059 ], [ 120.351621, 31.084517400000038 ], [ 120.351142500000037, 31.084263600000043 ], [ 120.350828300000103, 31.083969100000047 ], [ 120.350923800000032, 31.083680900000047 ], [ 120.350667, 31.083191200000044 ], [ 120.350280700000098, 31.083100100000024 ], [ 120.350138800000082, 31.082813700000031 ] ], [ [ 120.353416500000094, 31.075784600000077 ], [ 120.353601800000092, 31.075379800000064 ], [ 120.353685600000063, 31.075412300000039 ], [ 120.353713600000106, 31.075559700000042 ], [ 120.353671700000064, 31.075662300000033 ], [ 120.353539200000114, 31.075823600000035 ], [ 120.353471100000093, 31.075842300000033 ], [ 120.353416500000094, 31.075784600000077 ] ], [ [ 120.36490630000003, 31.198917100000074 ], [ 120.365034300000048, 31.198503300000027 ], [ 120.365215900000067, 31.198540900000069 ], [ 120.365516600000092, 31.198943100000065 ], [ 120.365458300000114, 31.199129700000071 ], [ 120.365206300000068, 31.19904710000003 ], [ 120.36490630000003, 31.198917100000074 ] ], [ [ 120.37749180000003, 30.954981300000043 ], [ 120.377495300000078, 30.954944900000044 ], [ 120.377548400000023, 30.954923600000029 ], [ 120.377601500000083, 30.954923600000029 ], [ 120.377658100000076, 30.954947900000036 ], [ 120.377682900000082, 30.954999500000042 ], [ 120.377682900000082, 30.955078400000048 ], [ 120.377668700000072, 30.955117900000062 ], [ 120.37763330000007, 30.955136100000061 ], [ 120.377601500000083, 30.95513 ], [ 120.377573200000029, 30.955108800000062 ], [ 120.377544900000089, 30.955075400000055 ], [ 120.37751650000007, 30.955026800000041 ], [ 120.37749180000003, 30.954981300000043 ] ], [ [ 120.386, 31.13254 ], [ 120.386137500000018, 31.13228730000003 ], [ 120.386170000000106, 31.13203 ], [ 120.38676780000003, 31.131615500000066 ], [ 120.387277400000016, 31.130925 ], [ 120.387319100000013, 31.130470500000058 ], [ 120.387333600000034, 31.129907700000047 ], [ 120.38713, 31.12948 ], [ 120.38714, 31.12922 ], [ 120.38715, 31.12897 ], [ 120.3873, 31.12884 ], [ 120.38745, 31.12872 ], [ 120.387610000000109, 31.12859 ], [ 120.38821, 31.12833 ], [ 120.38836, 31.12822 ], [ 120.38852, 31.12809 ], [ 120.38867, 31.12797 ], [ 120.38883, 31.12784 ], [ 120.38943, 31.1276 ], [ 120.38958, 31.12746 ], [ 120.3897300000001, 31.12735 ], [ 120.38988, 31.12722 ], [ 120.390040000000113, 31.1271 ], [ 120.390486500000065, 31.12677270000006 ], [ 120.391231900000093, 31.126455400000054 ], [ 120.392355300000077, 31.126403100000061 ], [ 120.393532800000116, 31.126335400000073 ], [ 120.394271700000104, 31.126530900000034 ], [ 120.39483, 31.12668 ], [ 120.395130000000108, 31.12669 ], [ 120.39527, 31.12682 ], [ 120.39542, 31.12695 ], [ 120.39556, 31.12708 ], [ 120.39571, 31.12721 ], [ 120.39586, 31.12734 ], [ 120.39626080000005, 31.127790700000048 ], [ 120.3961921, 31.128164100000049 ], [ 120.395892200000048, 31.128586300000052 ], [ 120.39550650000001, 31.128892700000051 ], [ 120.394895400000109, 31.129143200000044 ], [ 120.394479200000092, 31.129545 ], [ 120.39385, 31.12974 ], [ 120.39325, 31.130006800000046 ], [ 120.3928869, 31.130254100000059 ], [ 120.39233, 31.13048 ], [ 120.392020000000116, 31.13074 ], [ 120.391938600000117, 31.131068700000071 ], [ 120.39156, 31.13137 ], [ 120.390795100000105, 31.131733200000042 ], [ 120.390336400000024, 31.131975900000043 ], [ 120.389675400000101, 31.132192300000042 ], [ 120.389142400000082, 31.132432700000038 ], [ 120.388606800000048, 31.132589500000051 ], [ 120.3881, 31.13284 ], [ 120.38792, 31.13335 ], [ 120.387773500000094, 31.133630900000071 ], [ 120.387522200000035, 31.13380090000004 ], [ 120.387160000000108, 31.13398 ], [ 120.3866964, 31.133793600000047 ], [ 120.38643, 31.13332 ], [ 120.38629, 31.13306 ], [ 120.386053200000106, 31.13285680000007 ], [ 120.386, 31.13254 ] ], [ [ 120.483613500000047, 31.033315 ], [ 120.483742300000017, 31.033296600000028 ], [ 120.483635, 31.03282310000003 ], [ 120.48366180000005, 31.032450800000049 ], [ 120.483742300000017, 31.031752100000062 ], [ 120.483892500000024, 31.031228100000078 ], [ 120.484203600000114, 31.03049720000007 ], [ 120.484600600000022, 31.029959400000052 ], [ 120.484369900000047, 31.029830700000048 ], [ 120.484428900000012, 31.029752600000052 ], [ 120.484675700000025, 31.029872100000034 ], [ 120.486279600000103, 31.027867900000047 ], [ 120.486408400000073, 31.027546100000052 ], [ 120.4866498, 31.027697800000055 ], [ 120.486376200000109, 31.027946 ], [ 120.485796800000116, 31.028653900000052 ], [ 120.484938500000112, 31.029752600000052 ], [ 120.484514700000091, 31.03026280000006 ], [ 120.484160700000075, 31.030979900000034 ], [ 120.483951500000103, 31.031600400000059 ], [ 120.48383350000006, 31.032271500000036 ], [ 120.483795900000018, 31.03287830000005 ], [ 120.483892500000024, 31.033425300000033 ], [ 120.484150000000113, 31.034206700000027 ], [ 120.484455700000012, 31.034758300000078 ], [ 120.484949300000039, 31.035397200000034 ], [ 120.48538910000002, 31.035764900000061 ], [ 120.486580000000117, 31.036615300000051 ], [ 120.493237300000033, 31.04128970000005 ], [ 120.4964989, 31.043597 ], [ 120.498757300000079, 31.045196400000066 ], [ 120.499862300000018, 31.045660600000076 ], [ 120.500688500000024, 31.045821500000045 ], [ 120.501455600000099, 31.045885800000065 ], [ 120.502217300000098, 31.045844500000044 ], [ 120.50282350000009, 31.045766300000025 ], [ 120.503563800000052, 31.04555490000007 ], [ 120.504443600000059, 31.045132100000046 ], [ 120.505114100000014, 31.044686300000023 ], [ 120.505564700000036, 31.044249700000023 ], [ 120.505800800000088, 31.043946300000073 ], [ 120.50601, 31.044070400000066 ], [ 120.505956300000094, 31.044148500000063 ], [ 120.505677400000081, 31.04433240000003 ], [ 120.504942500000084, 31.045003400000041 ], [ 120.504164600000081, 31.045417 ], [ 120.503327800000079, 31.045738800000038 ], [ 120.502592800000116, 31.045895 ], [ 120.501938400000085, 31.045982400000071 ], [ 120.50131070000009, 31.045987 ], [ 120.500618700000018, 31.045918 ], [ 120.500034, 31.045780100000059 ], [ 120.4996102, 31.045651400000054 ], [ 120.499047, 31.045453800000075 ], [ 120.498451500000101, 31.045127500000035 ], [ 120.49702990000003, 31.044130200000041 ], [ 120.489004800000089, 31.038458400000025 ], [ 120.485373100000061, 31.035912 ], [ 120.484852700000033, 31.035438600000077 ], [ 120.484332400000085, 31.034804300000076 ], [ 120.483999800000106, 31.034179100000074 ], [ 120.483844200000021, 31.033696500000076 ], [ 120.48379060000002, 31.033429900000044 ], [ 120.483656400000086, 31.033439100000066 ], [ 120.483613500000047, 31.033315 ] ], [ [ 120.4954361, 31.036538500000063 ], [ 120.496089300000108, 31.036570200000028 ], [ 120.496563700000024, 31.03666 ], [ 120.496834900000067, 31.036950400000023 ], [ 120.49705670000003, 31.03716680000008 ], [ 120.497303200000033, 31.037246 ], [ 120.497765400000048, 31.037293600000055 ], [ 120.49840620000009, 31.037362200000075 ], [ 120.498689700000114, 31.037552300000073 ], [ 120.498634200000083, 31.037779300000068 ], [ 120.498437, 31.037879600000053 ], [ 120.498172100000033, 31.037895500000047 ], [ 120.497913200000085, 31.037848 ], [ 120.49757430000011, 31.037821600000029 ], [ 120.497414100000015, 31.037774 ], [ 120.497253900000032, 31.037689600000078 ], [ 120.497198400000116, 31.037573400000042 ], [ 120.497444900000119, 31.03764730000006 ], [ 120.4975928, 31.037710700000048 ], [ 120.49792560000003, 31.03776350000004 ], [ 120.498283, 31.037805700000035 ], [ 120.49839390000011, 31.037752900000044 ], [ 120.498480200000017, 31.037584 ], [ 120.4983631, 31.037473100000057 ], [ 120.498116600000117, 31.037409700000069 ], [ 120.497617500000047, 31.03732 ], [ 120.497229300000072, 31.037314700000024 ], [ 120.49702590000004, 31.037277700000061 ], [ 120.496791700000017, 31.037077100000033 ], [ 120.496588400000064, 31.03682370000007 ], [ 120.496323400000051, 31.036681100000067 ], [ 120.495959900000116, 31.036628300000075 ], [ 120.495620900000063, 31.036596600000053 ], [ 120.495657900000083, 31.036702200000036 ], [ 120.495787300000075, 31.037045400000068 ], [ 120.495935200000076, 31.037288300000057 ], [ 120.496126200000049, 31.037415 ], [ 120.496434300000033, 31.037436100000036 ], [ 120.496705500000076, 31.037415 ], [ 120.496878, 31.037436100000036 ], [ 120.497032100000069, 31.037504800000079 ], [ 120.49704440000005, 31.037599800000066 ], [ 120.496859500000028, 31.037562800000046 ], [ 120.496557600000074, 31.037541700000077 ], [ 120.49624950000009, 31.037504800000079 ], [ 120.496009200000117, 31.037457200000063 ], [ 120.495848900000055, 31.037351600000079 ], [ 120.495762700000114, 31.037161600000047 ], [ 120.495676400000093, 31.036966200000052 ], [ 120.495608600000082, 31.036807800000076 ], [ 120.495547000000101, 31.036654700000042 ], [ 120.4954361, 31.036538500000063 ] ], [ [ 120.500297400000022, 31.03816930000005 ], [ 120.500488500000074, 31.037999400000047 ], [ 120.500814100000071, 31.037750800000026 ], [ 120.500984, 31.037532400000032 ], [ 120.50123880000001, 31.037526400000047 ], [ 120.50198910000006, 31.037878100000057 ], [ 120.502321800000118, 31.038060100000052 ], [ 120.502335900000048, 31.038284500000032 ], [ 120.50218730000006, 31.038411800000063 ], [ 120.501890000000117, 31.038569500000051 ], [ 120.501684700000055, 31.038539200000059 ], [ 120.501507800000013, 31.038478600000076 ], [ 120.501352000000111, 31.038333 ], [ 120.501245900000072, 31.038296600000024 ], [ 120.501139700000067, 31.03841790000007 ], [ 120.501026400000114, 31.038545300000067 ], [ 120.500849500000072, 31.038575600000058 ], [ 120.500651300000072, 31.038569500000051 ], [ 120.50046020000002, 31.038496800000075 ], [ 120.500325700000076, 31.038375500000029 ], [ 120.500297400000022, 31.03816930000005 ] ], [ [ 120.504084300000045, 31.038739400000054 ], [ 120.50416220000011, 31.038478600000076 ], [ 120.504480700000045, 31.03825420000004 ], [ 120.504855900000052, 31.03815110000005 ], [ 120.505131900000038, 31.038060100000052 ], [ 120.505485800000088, 31.037841700000058 ], [ 120.505726500000037, 31.037532400000032 ], [ 120.505839700000024, 31.037241300000062 ], [ 120.505861, 31.036974500000042 ], [ 120.505761900000039, 31.036616600000059 ], [ 120.505804400000102, 31.036349800000039 ], [ 120.506285700000035, 31.036270900000034 ], [ 120.506625500000041, 31.036410400000079 ], [ 120.506788300000039, 31.036731900000063 ], [ 120.507057200000077, 31.037204900000063 ], [ 120.507050200000094, 31.037568800000031 ], [ 120.506965200000081, 31.037914500000056 ], [ 120.506667900000025, 31.038290600000039 ], [ 120.506257400000095, 31.038575600000058 ], [ 120.505776, 31.038709 ], [ 120.505429200000094, 31.038836400000037 ], [ 120.505315900000028, 31.039012300000024 ], [ 120.505018700000051, 31.039121400000056 ], [ 120.504608100000041, 31.039145700000063 ], [ 120.504381600000102, 31.039127500000063 ], [ 120.504155100000048, 31.039006200000074 ], [ 120.504084300000045, 31.038739400000054 ] ], [ [ 120.570863500000087, 31.122036600000058 ], [ 120.570871500000067, 31.121717500000045 ], [ 120.570912400000111, 31.12144440000003 ], [ 120.571112900000116, 31.121040100000073 ], [ 120.571442800000113, 31.120626800000025 ], [ 120.571657400000049, 31.120445400000051 ], [ 120.571871900000019, 31.120325200000025 ], [ 120.573874700000033, 31.119649700000025 ], [ 120.574393300000111, 31.119120500000065 ], [ 120.57505070000002, 31.117657300000076 ], [ 120.5754071, 31.116971200000023 ], [ 120.575596200000064, 31.116776 ], [ 120.576054900000031, 31.116413600000044 ], [ 120.576174300000048, 31.116315600000064 ], [ 120.576409, 31.116144500000075 ], [ 120.576606100000049, 31.11602970000007 ], [ 120.577210200000081, 31.115806100000043 ], [ 120.577673600000026, 31.115632400000038 ], [ 120.578258700000106, 31.115662400000076 ], [ 120.578679400000055, 31.115735700000073 ], [ 120.578944300000103, 31.115827200000069 ], [ 120.579181, 31.115986100000043 ], [ 120.579294000000118, 31.116222200000038 ], [ 120.579454600000076, 31.116911500000072 ], [ 120.579470700000115, 31.117177800000036 ], [ 120.579387500000053, 31.117666900000074 ], [ 120.579336600000033, 31.118160700000033 ], [ 120.579416700000024, 31.118266100000028 ], [ 120.579530300000101, 31.118527900000061 ], [ 120.579725500000109, 31.118952800000045 ], [ 120.579860100000019, 31.119252500000073 ], [ 120.579897200000119, 31.119673800000044 ], [ 120.579867700000023, 31.11983 ], [ 120.579768400000034, 31.119956300000069 ], [ 120.579726400000027, 31.120151300000032 ], [ 120.579698700000108, 31.120306500000027 ], [ 120.579603500000076, 31.120537200000058 ], [ 120.579451900000095, 31.120792100000074 ], [ 120.5790134, 31.121305300000074 ], [ 120.578580200000033, 31.121677300000044 ], [ 120.578092800000036, 31.121987800000056 ], [ 120.577499300000113, 31.122252500000059 ], [ 120.576832500000023, 31.122347 ], [ 120.576233300000013, 31.122312200000067 ], [ 120.575519800000052, 31.122234100000071 ], [ 120.574879, 31.122221700000068 ], [ 120.574162600000022, 31.122367300000064 ], [ 120.573576600000024, 31.12259320000004 ], [ 120.572721600000023, 31.122689200000025 ], [ 120.572114600000077, 31.122689200000025 ], [ 120.571630600000049, 31.122649700000068 ], [ 120.571295300000088, 31.122585300000026 ], [ 120.571075400000041, 31.122470600000042 ], [ 120.570954700000016, 31.122348900000077 ], [ 120.570863500000087, 31.122036600000058 ] ], [ [ 120.577488300000027, 31.158850400000063 ], [ 120.577542200000039, 31.158715200000074 ], [ 120.577613900000074, 31.158654600000034 ], [ 120.577780900000107, 31.158567100000027 ], [ 120.578025, 31.158475300000077 ], [ 120.578470200000083, 31.158345600000075 ], [ 120.578582900000015, 31.158290600000043 ], [ 120.578703100000098, 31.158171400000072 ], [ 120.57897980000007, 31.158041500000024 ], [ 120.579339300000015, 31.157942800000058 ], [ 120.579673200000116, 31.157945100000063 ], [ 120.579990200000111, 31.157999500000074 ], [ 120.580447, 31.158123 ], [ 120.580728600000043, 31.158180400000049 ], [ 120.581013, 31.158210200000042 ], [ 120.581168200000093, 31.158283700000027 ], [ 120.581243600000107, 31.158398400000067 ], [ 120.581278900000029, 31.158556800000042 ], [ 120.581208800000013, 31.158683100000076 ], [ 120.581051900000034, 31.158758800000044 ], [ 120.580852, 31.158805800000039 ], [ 120.580724600000053, 31.15885860000003 ], [ 120.580508700000109, 31.158974600000079 ], [ 120.580347800000027, 31.159112300000061 ], [ 120.579945400000042, 31.159348700000066 ], [ 120.579811300000074, 31.159369300000037 ], [ 120.579678600000079, 31.159359 ], [ 120.579541800000015, 31.159331500000064 ], [ 120.579419700000017, 31.159276400000067 ], [ 120.579355400000054, 31.159295900000075 ], [ 120.579325900000072, 31.15933380000007 ], [ 120.579339300000015, 31.159438200000068 ], [ 120.579346000000101, 31.159569 ], [ 120.579304400000069, 31.159667700000057 ], [ 120.579197100000101, 31.159704400000066 ], [ 120.578922200000079, 31.159736600000031 ], [ 120.578719700000079, 31.159789400000079 ], [ 120.578510500000107, 31.159935100000041 ], [ 120.578380300000049, 31.160034200000041 ], [ 120.578262400000085, 31.160093500000073 ], [ 120.578152400000022, 31.160099200000047 ], [ 120.578028400000107, 31.160057100000074 ], [ 120.577925700000037, 31.15995920000006 ], [ 120.577842600000054, 31.159804300000076 ], [ 120.577826500000015, 31.159613800000045 ], [ 120.577748700000029, 31.159425600000077 ], [ 120.577668100000096, 31.159303200000068 ], [ 120.577571700000021, 31.159190300000034 ], [ 120.5775006, 31.159030800000039 ], [ 120.577488300000027, 31.158850400000063 ] ], [ [ 120.582917600000087, 31.171434400000066 ], [ 120.583097200000111, 31.171073500000034 ], [ 120.583613100000093, 31.170775 ], [ 120.583628200000021, 31.170424400000059 ], [ 120.583734500000105, 31.170151800000042 ], [ 120.58444760000009, 31.170009 ], [ 120.585145500000067, 31.169411800000034 ], [ 120.585873800000059, 31.169035300000075 ], [ 120.587163500000088, 31.168632800000069 ], [ 120.588544300000081, 31.168671800000027 ], [ 120.589014600000041, 31.168736700000068 ], [ 120.58936360000007, 31.169269 ], [ 120.588589800000022, 31.170190700000035 ], [ 120.5885594, 31.170645100000058 ], [ 120.5893029, 31.171047600000065 ], [ 120.589833900000031, 31.171852500000057 ], [ 120.589576, 31.17219 ], [ 120.589940200000115, 31.172306900000024 ], [ 120.590653300000099, 31.172981900000025 ], [ 120.590213300000073, 31.173254500000041 ], [ 120.589636700000028, 31.173150700000065 ], [ 120.588711200000034, 31.172683300000074 ], [ 120.587785600000075, 31.172371800000064 ], [ 120.587360800000056, 31.172254900000041 ], [ 120.58646560000011, 31.171657700000026 ], [ 120.58423520000008, 31.171852500000057 ], [ 120.583385500000077, 31.171748600000058 ], [ 120.582917600000087, 31.171434400000066 ] ] ] } }
]
}
