{
  "type" : "FeatureCollection",
  "features" : [{"type":"Feature","id":0,"geometry":{"type":"LineString","coordinates":[[113.50640510011533,36.363726699827396],[113.50841829996466,36.36334389980118],[113.51023229998077,36.362451800210465],[113.51280210013692,36.358762200215438],[113.51457190027304,36.355080099666907],[113.51610160030862,36.353001699868628],[113.51755020038149,36.352864600021348],[113.5200840996016,36.352601599584204],[113.52261439973483,36.352946299831899],[113.52350760009574,36.353637599695503],[113.52814249997641,36.359443899816199],[113.53312069986043,36.362346899689726],[113.5342531001005,36.362042400036785],[113.53792720028014,36.359443899816199],[113.54101709995928,36.359305700098048],[113.54342029980705,36.359443899816199],[113.54530860001194,36.357923300020332],[113.54891350005801,36.355573099918672],[113.55200339973715,36.353775800312974],[113.55440670030907,36.354190600016238],[113.55561270016608,36.355519399600666],[113.55517800026462,36.356362800003296],[113.55535479978425,36.357759199827285],[113.55578000014691,36.358614500059161],[113.55595159978657,36.360135099855029],[113.55571330012879,36.360900100059609],[113.55518439984019,36.361238999680154],[113.5551049995961,36.362100800211806],[113.55538780040672,36.365331299899594],[113.55715329998486,36.366770400433666],[113.56127309967383,36.367876199626949],[113.56831120030176,36.367876199626949],[113.5734610996501,36.367461499748458],[113.57740929969953,36.365664499617026],[113.57946920044333,36.362899900010405],[113.58062619983934,36.360660300332654],[113.58080469997697,36.359415699774786],[113.58027379959628,36.357877199872917],[113.58032749991423,36.355987799797163],[113.57970089997661,36.354350100177044],[113.57866089968081,36.353269900185808],[113.57912590043998,36.35239330041054],[113.57967050019352,36.351169600097023],[113.57972769977357,36.350419200385829],[113.58036850000633,36.34970729975214],[113.58259619985483,36.349208099574184],[113.58479070033059,36.349213400178314],[113.5942320997317,36.355158300215408],[113.59722529980775,36.356110499699867],[113.59897550011931,36.356172099662729],[113.60074049967443,36.35578680042056],[113.60302930036198,36.354741000396928],[113.60701350027284,36.351626599587973],[113.60944540018511,36.350161300004061],[113.61190450009269,36.349418499564138],[113.61362979997534,36.348897399995053],[113.61566449991676,36.348847500212003],[113.61983980036655,36.349938199788141],[113.62146379971466,36.350299899920515],[113.62115760034305,36.351336099681305],[113.62123260020439,36.351952399683569],[113.6208143003397,36.352856900025984],[113.62035410016165,36.353293000171846],[113.61895539987188,36.353753800197751],[113.61817460037753,36.35446610013048],[113.61844679997989,36.355615699904661],[113.61912879995418,36.356518700177901],[113.61920319996773,36.357186999880184],[113.61873539961903,36.357686799905935],[113.61839950013689,36.358387299834078],[113.61860079988708,36.359286499572363],[113.61881339961872,36.359777599556651],[113.61916169985261,36.359911899814392],[113.62026110036959,36.360055400136673],[113.62073449989737,36.360393600084649],[113.62110509972058,36.36033030040312],[113.62172499970904,36.360626400388128],[113.62226079959623,36.360760000073981],[113.62279909959886,36.361148800376895],[113.62315690027083,36.361173100058579],[113.62341939978558,36.361335999656717],[113.62376019967348,36.361755299567449],[113.62411100002271,36.362018399829367],[113.62552620017402,36.362641899803862],[113.62710420009887,36.362952700107087],[113.6303038998052,36.362489499790627],[113.63090019978449,36.362312600446216],[113.63136900017923,36.361883300074282],[113.63136669971345,36.361271000256522],[113.63158350017841,36.359810100156039],[113.63182699971628,36.358774900441347],[113.63189619984985,36.357767800043973],[113.63208470044867,36.357244400009108],[113.63306309988218,36.35673649978969],[113.63304159979009,36.356276500160391],[113.63308560002054,36.355965500207731],[113.63338110015775,36.355624599595671],[113.63377630003629,36.35561519988164],[113.63401750000764,36.355414599803964],[113.63402389958333,36.355222099920013],[113.63464560001444,36.354747499797327],[113.63442919974784,36.354267099946753],[113.63476069974661,36.353640800382664],[113.63465129991766,36.353410900392817],[113.63500019999924,36.353192000010836],[113.63552839971589,36.353108599582242],[113.63609670020264,36.353122700052609],[113.63664740005754,36.352862799578588],[113.63683169992305,36.352606099791728],[113.63713230011558,36.352350200401474],[113.63723499999537,36.351960900075539],[113.6371451999911,36.351540799768145],[113.63683289961864,36.351372700289915],[113.63661140019599,36.35134519992107],[113.63649709996128,36.351056700106653],[113.63653669980886,36.350291100054278],[113.63686140003369,36.348945900433023],[113.63788910030178,36.347336800153244],[113.6382946999405,36.346314100115706],[113.64024939979004,36.345569099934039],[113.64209419978761,36.345463399916014],[113.64293229958605,36.34524539975547],[113.64634829973431,36.344043200433418],[113.64735380023774,36.343457499863803],[113.64941930016062,36.341651400391868],[113.64992630015865,36.341315900208656],[113.65016650008397,36.341269100388729],[113.65030429960382,36.341242199867679],[113.65076339991106,36.341224299761677],[113.65251450044389,36.340474900096638],[113.6533214998874,36.339943399868048],[113.65372649967833,36.339282399962826],[113.65473529979431,36.338916300347023],[113.6570490000114,36.338266200225007],[113.65847440027346,36.337222099920041],[113.65988019981148,36.337153399809608],[113.66065669964701,36.336720399626813],[113.66194269959601,36.336415599600286],[113.66315469972972,36.336454899973717],[113.66578320043436,36.336278099554704],[113.66624019992537,36.336087800311759],[113.66669870038481,36.336114500283998],[113.66710420019876,36.336391100269111],[113.66736440014699,36.336814000166044],[113.66808089991366,36.338002400290577],[113.66834319977886,36.339353000340736],[113.66806099971541,36.340333499691326],[113.6680890999321,36.340904699592272],[113.66839249971417,36.341525800175589],[113.66896879967044,36.342288800287974],[113.66964109955711,36.34308890013267],[113.67074379968665,36.34368920029641],[113.67128569967531,36.343803600355898],[113.67225310040033,36.343483500163472],[113.67269119973912,36.343134299708197],[113.67330360028097,36.341029699960757],[113.67364269955101,36.339201399824788],[113.67416770037914,36.338908999650641],[113.67489769986901,36.338764000158505],[113.67610719988738,36.338657499743874],[113.67702519995305,36.338818699623346],[113.67819939978256,36.339335600257812],[113.67874770024628,36.339407199782499],[113.67917039959434,36.339508500317095],[113.67952019989741,36.339592399869389],[113.68027969984837,36.339864100347995],[113.68083759967556,36.340205799558078],[113.68328569997516,36.340765300178532],[113.68641609972326,36.34185949991604],[113.68686349985069,36.341947899675858],[113.68755340036921,36.342084200025852],[113.68961330021375,36.342447199678588],[113.69011760044691,36.342706500304814],[113.69025709968548,36.343078100174239],[113.6902034002668,36.343466899577777],[113.68979569981173,36.344002700364399],[113.68935580003017,36.344495300417805],[113.68704910013594,36.345895300227994],[113.68610850010725,36.34624409958559],[113.68579869985012,36.347221599697093],[113.68613229976586,36.347976399791094],[113.68587910014037,36.348265799826834],[113.68558970010463,36.348455199747718],[113.68523560014285,36.34860719956265],[113.68511769992199,36.348872299916763],[113.68483659972935,36.349031899902286],[113.68445300020585,36.349256699836872],[113.68423090003603,36.349246499726235],[113.68383970034199,36.349386099688786],[113.68338129970732,36.349877199673074],[113.68225210015441,36.350607899734825],[113.68135210001947,36.351235600442635],[113.68097110043595,36.351770099910254],[113.68102009999768,36.352021599817022],[113.68095659976734,36.352262500314168],[113.68078230036292,36.352430599792399],[113.68073200038157,36.352948700122454],[113.6809658996566,36.353361200259258],[113.68136649996404,36.353768799990178],[113.68161799987081,36.3537554000917],[113.6819439996159,36.353530399608303],[113.68337349988713,36.353654599580182],[113.68396579968191,36.353708299898187],[113.68432020001728,36.353903299897411],[113.68445279965704,36.354263999983687],[113.68569780041321,36.355330999725936],[113.68545839998524,36.356140600008757],[113.68529639970916,36.357386000063912],[113.68562009988773,36.358133399636756],[113.68784860013284,36.359569800406007],[113.68866920002358,36.359815600409661],[113.68906620034488,36.359841499985293],[113.68957039985412,36.359729199842775],[113.690841800209,36.35900779967028],[113.69110460009733,36.358930000219402],[113.6918557003803,36.358796100159964],[113.69215610002402,36.358627599584111],[113.69238139998174,36.358389999598842],[113.69294999994258,36.357880200011266],[113.69424410008526,36.356333099892709],[113.69542120022822,36.355095100358653],[113.69607560000895,36.354599699816333],[113.69681230034746,36.354475900042814],[113.69753130022934,36.354752300378436],[113.69806049999215,36.354792699723362],[113.69906189958704,36.354700500327908],[113.69957689995408,36.354781200092361],[113.69998809967115,36.355037499680918],[113.70026709994681,36.355313999841258],[113.70041370023216,36.356206899828635],[113.70075250002787,36.357108099659115],[113.700824999774,36.357893199711441],[113.70081419981557,36.35848500038253],[113.70060500042052,36.359051000403383],[113.69997740043675,36.359772399676558],[113.69961260034131,36.360066200095105],[113.69934979955372,36.360213000030001],[113.69894209999802,36.360368599831077],[113.69867739984215,36.360443300218208],[113.69842170010145,36.360515399765916],[113.69807299966931,36.360701199700657],[113.69712349994961,36.361578199674227],[113.69634800016013,36.362317400127949],[113.69574650030086,36.362587099614984],[113.69526239974005,36.362842900079841],[113.69505420039104,36.363290400031985],[113.69523440024739,36.363776200311463],[113.69562910010291,36.363972800204635],[113.69627229972696,36.364416999644845],[113.69760630009068,36.365414200305167],[113.69876790041837,36.365925199588332],[113.70042350014444,36.36639650009846],[113.70124650032574,36.366411099692527],[113.70239650029828,36.366254499845354],[113.70319600029529,36.366100099739867],[113.70398039977567,36.36577090020694],[113.70412840030554,36.36544979996836],[113.70455879964891,36.365132500264735],[113.70513830029233,36.364719500104911],[113.70580309983325,36.363962699918716],[113.70859259986867,36.360325399997237],[113.70970790039939,36.359340500263954],[113.71203990002141,36.357896299674564],[113.71325579961547,36.357523099911191],[113.71419040026683,36.357502300390877],[113.71559819989704,36.357720799675235],[113.7167389998051,36.358083999876726],[113.71933039987812,36.359154200306136],[113.72042719955573,36.359738899930335],[113.72133329979204,36.360356600176999],[113.72279310002159,36.361584299775643]]},"properties":{"FID":0,"osm_id":"58755235","code":8101,"fclass":"river","width":0,"name":"浊漳河","Shape_Leng":0.35389690457900003,"Shape_Le_1":0.35389690577499999}},{"type":"Feature","id":1,"geometry":{"type":"LineString","coordinates":[[113.83373269960441,36.419882800151186],[113.83425449974538,36.418729899865014],[113.83426080039567,36.418165800111638],[113.83593449987734,36.416627800232845],[113.83795880005869,36.41626839966699],[113.83905420039105,36.415911400290952],[113.83833530033394,36.412112399567661],[113.84161829974482,36.409604100448917],[113.84384999977772,36.405256499787697],[113.84424829961938,36.404839000319669],[113.84495229970889,36.404503500136457],[113.85094169999957,36.40041210013834],[113.85647779971077,36.395144299669766],[113.85694979989341,36.392838499996856],[113.85638119993246,36.38909879966991],[113.85486439977228,36.387520199897381],[113.8541293002271,36.385411799614928],[113.85468720005429,36.384107600085713],[113.85573860015631,36.382673800155828],[113.85698319981486,36.381559499671198],[113.85839940001233,36.380877200222642],[113.86066320044642,36.380237999883832],[113.86393549972354,36.379045999773098],[113.86647819970926,36.378786799870966],[113.86821629964254,36.378864600221164],[113.8702440001606,36.37840669960957],[113.87227179960394,36.377214700398156],[113.87334459997339,36.37604850003828],[113.87409570025648,36.374407300256735],[113.87486810008284,36.372886900110416],[113.87551189955457,36.371176400370643],[113.87496469986104,36.369509099565335],[113.87361290011529,36.367565300398326],[113.87101649981173,36.364679800432498],[113.87041569962491,36.363237000087508],[113.87035130007246,36.360670999567049],[113.87101649981173,36.359193499780247],[113.8720356996879,36.357742000293115],[113.87547589969313,36.355150700044817],[113.87608320017955,36.354067599740006]]},"properties":{"FID":1,"osm_id":"77099662","code":8101,"fclass":"river","width":0,"name":"清漳河","Shape_Leng":0.096005772428,"Shape_Le_1":0.0960057727842}},{"type":"Feature","id":2,"geometry":{"type":"LineString","coordinates":[[113.52229130030332,36.805802099687185],[113.52206310003214,36.805380000186915],[113.52094700000407,36.804183099670354],[113.52014249977663,36.802497000336359],[113.51803239977551,36.800536800233203],[113.5165721004222,36.798129700025697],[113.5127539998972,36.797347500286946],[113.51105599983464,36.795968899844922],[113.51032129958833,36.794931000365409],[113.51032109993889,36.793806599594973],[113.50622760002375,36.787961400198526],[113.5047967004075,36.785567000216929],[113.50416760035455,36.783175300000153],[113.50589119961921,36.780690900364789],[113.50776640029915,36.779461799622425],[113.51080049974337,36.776902800324024],[113.51195120028774,36.774513200024217],[113.51199919980331,36.774413600107607],[113.51213240019013,36.772706599629942],[113.51297600024225,36.771283999856735],[113.5131536001586,36.770039300373469],[113.51146649987913,36.768652300263511],[113.51106689961773,36.767336399655164],[113.51086049981222,36.765273899870635],[113.5107622003153,36.763800500093055],[113.50981550018525,36.762160300357607],[113.50738200037904,36.760792099675712],[113.50127660013504,36.7580952999582],[113.4997737997212,36.756924899764385],[113.49833089955143,36.754974700122375],[113.49730599977215,36.75296689980263],[113.49494780020086,36.751702399945827],[113.49379639998392,36.750003999684907],[113.49379410041752,36.748922500173308],[113.49410179985819,36.747138700290861],[113.49500520032984,36.745933300281649],[113.49729710008114,36.742950300316181],[113.49963209984162,36.741612899615689],[113.50059670007772,36.740225699856239],[113.50152850024017,36.737268399816855],[113.50382130021285,36.734052899921437],[113.50611400036087,36.728999700176075],[113.50866009978381,36.72718210017382],[113.50969650009347,36.724577900050122],[113.51234750003721,36.72084500039648],[113.51413870044075,36.719581600410606],[113.520085499846,36.718547800040994],[113.52510090018643,36.716595100283712],[113.52825339987453,36.71613559977817],[113.52912419992197,36.716146499561376],[113.52970829969831,36.715791000254512],[113.53086839995672,36.714072400321072],[113.53211959973976,36.71035880011857],[113.53319690031674,36.709764600056303],[113.53575450027006,36.706684600114272],[113.53887109992138,36.704881999904444],[113.54035900036763,36.704535299564498],[113.54065980020971,36.701015700214441],[113.5398164996318,36.698295900335609],[113.53974759987193,36.692571700223823],[113.53884299970468,36.688805999597264],[113.5380417001644,36.686239199579461],[113.538267000122,36.684570000305314],[113.53863180021744,36.683301000241045],[113.53862639978854,36.682698699985053],[113.53843869958632,36.681803899730255],[113.538454800149,36.680625099868507],[113.53883030037809,36.679420500255958],[113.53958129993714,36.67757909969572],[113.54041279961109,36.676611100022285],[113.54090629988593,36.674597499974709],[113.541576900054,36.67237309973882],[113.54215079971971,36.670307800364753],[113.5423225000834,36.668414599754044],[113.54361200019366,36.667108199583822],[113.54632059991582,36.664038499577146],[113.55126970043636,36.662252900151259],[113.55501180015449,36.660997800008488],[113.55645239985847,36.66051420037013],[113.55800810019377,36.660260300172752],[113.55867859963769,36.660023700233637],[113.55906549967312,36.659182899771054],[113.55993390032927,36.657635299629419],[113.56109799987291,36.657316800230205],[113.56187299963926,36.657260199598568],[113.56337780014542,36.656163499745787],[113.56445070033965,36.654992899902481],[113.56501940012527,36.654708900295589],[113.56527690030873,36.653770699658139],[113.56567220001205,36.653519099926598],[113.56579179995163,36.653262900162758],[113.56573820035771,36.652884200145763],[113.56599569964192,36.652281600415563],[113.56698270019149,36.651119599889682],[113.56869460017572,36.649377599596619],[113.57019109993939,36.648115699679863],[113.57337710027298,36.647022300338961],[113.57696050022696,36.646006599724842],[113.57765459968005,36.645163300046306],[113.58680729961725,36.640657999666985],[113.58872150029708,36.63810549976904],[113.58975229962903,36.635050699730073],[113.58994280032005,36.633910800043452],[113.59030689984365,36.633338500271634],[113.59115900028769,36.632751400356881],[113.59561149967101,36.631201399924691],[113.60088309977527,36.626408400127616],[113.60262929990233,36.621639799836942],[113.60339609965035,36.620498300256429],[113.60422989979008,36.619069800031298],[113.60690360042088,36.61746750042488],[113.6097040002395,36.613564000278416],[113.61145249993297,36.611825400322004],[113.61423689991307,36.611847000238924],[113.61821210030826,36.61338330039905],[113.62110690016334,36.613462599919103],[113.62373530014406,36.612784299755674],[113.62563729972169,36.611213099604925],[113.62759539990782,36.60952040014638],[113.63125999964927,36.602331600123307],[113.63176350038532,36.600068299712291],[113.63147010016507,36.599143499872696],[113.63486839985683,36.592458000036743],[113.63656060019161,36.587215099996911],[113.63907939979458,36.578912899710588],[113.64551119998191,36.565752399853409],[113.65982899960875,36.55199019958809],[113.66624479995767,36.545965599832641],[113.66790000038475,36.54540119970568],[113.67310970015262,36.543134400032613],[113.6753964998486,36.542845300370345],[113.67740280009923,36.541164400017124],[113.67613680017325,36.538750800409161],[113.67707020022965,36.536940500203968],[113.67887450015814,36.53210779983516],[113.68174620002719,36.528742200392287],[113.68368990026875,36.526750599560557],[113.68689200026563,36.521811000377397],[113.68993000006947,36.519542599911119],[113.69671290008034,36.516916000373158],[113.70600589965261,36.51419680034212],[113.71088310027494,36.511644300444175],[113.71217489995172,36.510368100407561],[113.71216719995641,36.50678559977564],[113.71304450030345,36.505053699768496],[113.71302710022053,36.503093399840566],[113.71704589974854,36.502313499668332],[113.72127300024886,36.500657700292663],[113.72399420037209,36.49840579968793],[113.72558600039372,36.49634539982037],[113.73093029989343,36.496177300342197],[113.7343299998297,36.495293100396339],[113.73589459985601,36.490997199960873],[113.74085400031197,36.483961799997132],[113.74359850007079,36.480664700115881],[113.74440579988777,36.479575399884823],[113.74709300024188,36.476898799839773],[113.74972379961378,36.470975300070108],[113.75022449986079,36.469179299984773],[113.75136129958435,36.46515679974658],[113.75273360027552,36.462740500373855],[113.75647429974924,36.458714599799009],[113.75868299962076,36.456502999613804],[113.76058249998243,36.455738600156337],[113.76383990019133,36.455577400276866],[113.76836519969424,36.453507300321689],[113.77478279958655,36.451391700066949],[113.77800229966647,36.450859099967545],[113.78312790023244,36.44799379967418],[113.78399889992932,36.447562199735785],[113.79269489984983,36.444216499591846],[113.79539609995015,36.444543899581333],[113.7986622002004,36.443578200373679],[113.80211949991508,36.440952500157834],[113.80787509985601,36.439723500139451],[113.81157759972655,36.439521300167939],[113.81346589993143,36.441454599750045],[113.81277920010007,36.444078399698412],[113.81174930009024,36.448082900005886],[113.81243590009683,36.450568400411385],[113.81518249977262,36.450706500304818],[113.81724239961716,36.449463700189654],[113.81721320042891,36.447473700151193],[113.81718500038755,36.44619769976407],[113.81639790024292,36.44335989983955],[113.81708910028181,36.439455100172779],[113.81860259993016,36.436579300294511],[113.82055769997794,36.43286629993986],[113.82367970005816,36.428696999766771],[113.82908709959008,36.423085699645355],[113.83217700016849,36.420737499635948],[113.83373269960441,36.419882800151186]]},"properties":{"FID":2,"osm_id":"77100453","code":8101,"fclass":"river","width":0,"name":"清漳河","Shape_Leng":0.62430351608900003,"Shape_Le_1":0.62430351511100002}},{"type":"Feature","id":3,"geometry":{"type":"LineString","coordinates":[[115.09880709996776,36.967098800169538],[115.09927509996601,36.971632500239764],[115.09968280042096,36.975181100027783],[115.10011190024409,36.97874669970048],[115.10092730025474,36.982243500337347],[115.10230060009269,36.987308400262521],[115.10338420042058,36.990667699954429],[115.10489700039636,36.994986599651895],[115.10515449968045,36.99610059976294],[115.10534760031157,36.997411599965403],[115.10551929977589,36.999014000295915],[115.10618450041443,37.005962700218504],[115.10657069987792,37.011377400446747],[115.10688179965541,37.018556299833449],[115.1069247998397,37.020577900249975],[115.10682510009838,37.021474099849854],[115.10625960010054,37.026556800056312],[115.10585189964547,37.030282700286421],[115.10585189964547,37.031781600340651],[115.1060665003688,37.035686999855216],[115.10610939982905,37.036954599675084],[115.10600209991708,37.037913699657565],[115.10556220013552,37.039249700113601],[115.10445709971543,37.042709499943498],[115.10194659995568,37.049996800012366],[115.10092730025474,37.052634099683985],[115.10076639984959,37.053781499716479],[115.10072350038934,37.05502300031128],[115.10088439989522,37.056392899812522],[115.10193589982202,37.060494099722973],[115.1029229003716,37.066307199617597],[115.10325550024118,37.067368700005545],[115.10351300042464,37.068113499638343],[115.10409229961999,37.068901099805942],[115.10766510016435,37.072667699754618],[115.10925290000137,37.074448200024449],[115.1105726002454,37.076408400127605],[115.11188149963152,37.078325799695961],[115.11496070007627,37.082254499745432],[115.1160121001783,37.083401499579622],[115.11681670023063,37.084137500245504],[115.11871580039394,37.085310100181005],[115.12286780030877,37.08785199977001],[115.12338279977644,37.088391199993964],[115.12377980009774,37.088879000365637],[115.12441279961104,37.089871799743833],[115.12493850011174,37.090881699730687],[115.12553930029856,37.091806000446638],[115.12667650022036,37.092944200414593],[115.12953039980812,37.095160600281531],[115.13270620003118,37.097779300174636],[115.13492159985196,37.099719000231744],[115.13681529958649,37.101801099840941],[115.13896109997484,37.103931799712825],[115.14069910008345,37.106105099570755],[115.14135270036684,37.106882800001245],[115.14543059974244,37.111735100194778],[115.1469970002114,37.113600199689529],[115.14735100034841,37.114447200078246],[115.14751189985441,37.115191600412061],[115.14749049958698,37.115850299851502],[115.14740469976709,37.11715929996177],[115.14717939980949,37.120778000104679],[115.14709350016494,37.125542899685115],[115.14692189962602,37.127228099697106],[115.14654640029619,37.128246000052911],[115.14532329983047,37.132232100231306],[115.14414309972437,37.135773099848734],[115.14392849990043,37.136679799932892],[115.14400359958654,37.137483700312544],[115.14426109977001,37.138210699664114],[115.14467950035873,37.139065999896047],[115.14560220028136,37.140135099555266],[115.14860630014073,37.143051500226591],[115.14901399969642,37.143915200126457],[115.14928220001354,37.144736200215505],[115.1493144002394,37.145839500192835],[115.14932510037318,37.148704299563803],[115.14927149987989,37.150363299626633],[115.14862770040816,37.154254100446451],[115.14838100018312,37.15657999996705],[115.14830589959763,37.157708700396256],[115.14841320040898,37.159281999564655],[115.1489173999181,37.166096400128822],[115.14894960014396,37.167951599886464],[115.14861700027438,37.169815399860852],[115.14824150004529,37.171542299637451],[115.14752269981284,37.172978499857948],[115.14541979978401,37.175979099555832],[115.14334919980581,37.178748800117091],[115.14292000015791,37.179637799744739],[115.14281270024594,37.18076619980036],[115.14274829979422,37.182552700346889],[115.14253379979505,37.184057099755421],[115.14073130030931,37.189852199719269],[115.14025930012667,37.191168399801882],[115.13933660020405,37.192322200309377],[115.13812419987198,37.193458900208157],[115.13606430002744,37.194843400202785],[115.13392919977287,37.196381800279937],[115.13028140026643,37.199031099605634],[115.1288329998431,37.20028729961922],[115.12619379990406,37.202526300348552],[115.12418749965343,37.204543000359251],[115.12269619976985,37.206089700279506],[115.12154819988962,37.206756200438349],[115.12046459956173,37.207456900015984],[115.11968129995205,37.208619000366639],[115.11945599999444,37.209464999809938],[115.11945599999444,37.210413399658705],[115.11982080008988,37.211464399562431],[115.12052890018867,37.212882800400962],[115.12165549980159,37.21531790010107],[115.12356520027379,37.220290400081979],[115.1239192004108,37.222366500313797],[115.12386559991751,37.224382599577382],[115.12347939955475,37.225518900177178],[115.1226318002175,37.226919900033408],[115.11997100036149,37.230294200417063],[115.1173316996983,37.2338050997256],[115.11629099972993,37.23523159985848],[115.11559369958968,37.237144900316935],[115.11544350021745,37.239006999673336],[115.11528249998742,37.242534499567569],[115.11532540034705,37.24631810030013],[115.11481039998,37.248709400318603],[115.11423109988539,37.251408100303649],[115.11317969978336,37.25400420023368],[115.11150600030169,37.25735169992106],[115.10940310027297,37.260750299986398],[115.1084590000828,37.26286790033339],[115.10772939989192,37.264200000429753],[115.10559440036138,37.266710299640692],[115.10360960020296,37.269647400007557],[115.1027512000079,37.271064700075897],[115.10137799999472,37.273779600448279],[115.10107749962697,37.275358999718094],[115.10114190007869,37.277886000238766],[115.10122769989846,37.280797100305961],[115.10153890039999,37.283759299851852],[115.10209680022717,37.288923600044143],[115.10233280031855,37.294497199686077],[115.10221480027292,37.297731999931898],[115.1020216996418,37.298833000342768],[115.10169979990587,37.299694899799817],[115.10100239994085,37.300582500082385],[115.09955410024156,37.302152899836528],[115.09562729956031,37.306185199987056],[115.09496209982115,37.306953200329986],[115.09448470010886,37.307870599648481],[115.09418960017001,37.308800700092263],[115.09406089999061,37.310191700386724],[115.09406089999061,37.31742759970399],[115.09415739994415,37.324688500174204],[115.09394289994498,37.326258300080553],[115.09335279989182,37.328357000275389],[115.09299869993015,37.330404500267548],[115.09297729966272,37.334678399688471],[115.09278419993097,37.339173900155401],[115.09178640032223,37.342730799786636],[115.09052420003184,37.346551699901056],[115.08883590005678,37.349289899909024],[115.08677600021235,37.352923099821226],[115.08560119963568,37.355366500263813],[115.08533829992268,37.357217099989214],[115.08553150037847,37.358841600259723],[115.08577819970424,37.359771199781107],[115.08622879961945,37.360675100275728],[115.08701200030362,37.361630200073705],[115.08792400009258,37.362730200438477],[115.0883961001,37.363744999931839],[115.08855699960588,37.365544199805015],[115.08843899956025,37.3668743996339],[115.08810639969067,37.367752700027154],[115.08724810021977,37.369082800031265],[115.08558509997249,37.370702899918967],[115.08391139959144,37.3720160000384],[115.0817764000609,37.373294899839834],[115.07905119975317,37.374292399974308],[115.07601500039198,37.375341100311573],[115.0733435004023,37.375801500139175],[115.07013559977815,37.376295999560796],[115.06844040020439,37.377012199853198],[115.06456729984109,37.380072900344146],[115.06192800007716,37.382775399964771],[115.05938530009155,37.386611600245203],[115.0585699000809,37.387591899946301],[115.05561949964022,37.391086900140408],[115.05404230011209,37.393840199765464],[115.05294799965054,37.396653000335732],[115.05200379963571,37.398136100200929],[115.05024430033427,37.399891899691454],[115.04888179955549,37.401127700383142],[115.04816290039764,37.402354999783483],[115.04816290039764,37.40411070034861],[115.04837750022148,37.405414700228278],[115.04901530031589,37.406566100445218]]},"properties":{"FID":3,"osm_id":"566843558","code":8101,"fclass":"river","width":0,"name":"老漳河","Shape_Leng":0.50761137596700001,"Shape_Le_1":0.507611376118}},{"type":"Feature","id":4,"geometry":{"type":"LineString","coordinates":[[114.21037340041221,36.280085500245718],[114.21258449967502,36.278183800142301],[114.21517140043989,36.27651049995967],[114.21751500041705,36.273868999554736],[114.218963399941,36.27246770022424],[114.21937110039607,36.270729100267829],[114.21922090012447,36.269474900346438],[114.21951049980976,36.26854930011018],[114.22147389970075,36.266170499768805],[114.2223644002969,36.265391900016198],[114.22330860031173,36.26449230007961],[114.22392009973282,36.26373969972741],[114.22472479960993,36.262874599583142],[114.22647359967698,36.260737799609842],[114.2266452002159,36.260071699649245],[114.22708509999745,36.258799999820212],[114.22813650009948,36.256645799763874],[114.22839400028295,36.255590299652681],[114.22875880037839,36.254716500366271],[114.22916649993408,36.253946499931089],[114.23154830041381,36.252103600201053],[114.23281430033978,36.251619100341259],[114.23408030026576,36.251489300291041],[114.23543210001151,36.251558600249268],[114.23674110012178,36.251783500008571],[114.23848990018882,36.252510299710593],[114.24174070027311,36.255114499834349],[114.24498080022386,36.257735900391538],[114.24576400000865,36.258254900043653],[114.24636480019547,36.25866159955325],[114.2471157997544,36.25896429966275],[114.24971220005807,36.259621800305865],[114.251385900439,36.260426400358142],[114.25299520036822,36.260902200176474],[114.25540920017454,36.260971400309927],[114.25765160034109,36.26044369971703],[114.25958270018157,36.25956990043062],[114.26758650001705,36.256092099770626],[114.27675960017552,36.251748900391476],[114.27972079967526,36.248478399758369],[114.28089019982292,36.246955500396098],[114.28155539956208,36.245735499893442],[114.28214549961513,36.244342399682068],[114.28253169997799,36.243918399914264],[114.28279990029523,36.243667499855292],[114.28321839980936,36.243044499903817],[114.28359390003857,36.242672400011315],[114.28481699960491,36.242360900035578],[114.28845400005207,36.242430100169031],[114.29014919962594,36.242282999860606],[114.29132939973204,36.242309000160276],[114.29551359987283,36.243070400378713],[114.29797050003856,36.243676100072037],[114.30226209991599,36.245069300108185],[114.30359239956965,36.245251000033704],[114.30494430003944,36.24530289990895],[114.3061673996059,36.245475899793007],[114.30730460042707,36.245778799551999],[114.30928939968612,36.246419099761681],[114.31148890039253,36.246860399787693],[114.31457880007167,36.247647699581705],[114.31557649985564,36.247803499931649],[114.31656360022998,36.247751600056347],[114.31775449957058,36.247535199789695],[114.32062980032504,36.245951800335376],[114.32222840012059,36.244489499990493],[114.32309750044931,36.243970299789567],[114.32381629978249,36.243684800113499],[114.32447069956322,36.243606899938527],[114.32694909982115,36.24338190035445],[114.32817220028687,36.2434078997548],[114.32870860002197,36.243442500271215],[114.32944890034651,36.243442500271215],[114.32983519963477,36.243286799746045],[114.33040379959573,36.243079100420175],[114.33070420013883,36.243070400378713],[114.33112259982818,36.243148299654365],[114.33335420003641,36.244394299557314],[114.33538200037913,36.24538940030061],[114.33698060017457,36.245882600201867],[114.33882590019516,36.246202800219123],[114.34000610030137,36.246453700278096],[114.34085369963861,36.246678600037399],[114.34181929992087,36.247569900130827],[114.34319259975871,36.249179200060098],[114.34434059963905,36.250321300387782],[114.34680819993855,36.252423700393535],[114.35271979987897,36.254889500250272],[114.35526249986458,36.255953700402983],[114.35727950024875,36.256412199963108],[114.35886739991065,36.256438100438061],[114.36028360010812,36.256542000013326],[114.3658303999531,36.257753199750425],[114.36808350025342,36.258168399651993],[114.36960700036286,36.2588086000369],[114.37288999977375,36.261819200195987],[114.37525030016127,36.263756999985617],[114.37756770018927,36.264812400272092],[114.37962769985847,36.265677399692322],[114.38250299971378,36.266767399595892],[114.38484189983387,36.267718900307045],[114.38636539994332,36.268203300342066],[114.38934799971048,36.268618500243633],[114.39587109997137,36.267718900307045],[114.39771649981662,36.267147999880365],[114.40003389984463,36.266836599729345],[114.40235139969741,36.266542499836532],[114.40544130027581,36.266542499836532],[114.4077157999443,36.266490599961287],[114.4092715002796,36.266585699670372],[114.41267249973612,36.266464599661617],[114.41428179966533,36.2661964002437],[114.41622380018828,36.26535730039916],[114.41752189961608,36.265192999657245],[114.41876650017389,36.265089199906697],[114.42099810038212,36.264656599922205],[114.42301509986703,36.264102999753675],[114.42388410037097,36.263921299828155],[114.42448500038256,36.26395590034457],[114.42766069988147,36.265149699998688],[114.43200590025219,36.266516500436182],[114.43376539955364,36.267121999580695],[114.43476320006164,36.267554499740413],[114.43558930020606,36.267727499624471],[114.4362115995857,36.267744799882678],[114.43806769956473,36.267320999764365],[114.44017049976878,36.266862500204297],[114.44165110041797,36.266438600261267],[114.44228409993138,36.266092599593833],[114.44312090020946,36.265314099666],[114.44547060028799,36.262156599747357],[114.44726229981529,36.260331199924963],[114.44869990028019,36.259007600220627],[114.45068480026339,36.257407100157593],[114.4520903003272,36.256515999713656],[114.45420379976565,36.255529699735916],[114.45496560018239,36.255451900285038],[114.45573809983352,36.255434600026831],[114.45621010001616,36.255209600442754],[114.45664999979772,36.254829000158281],[114.45675729970969,36.254067599939845],[114.45730450030248,36.253522500163285],[114.45800180044284,36.253297600403982],[114.45895669969195,36.253055299662378],[114.46133850017168,36.251913300058789],[114.46250800014411,36.251160599881814],[114.464911199992,36.25035590000482],[114.46616649978421,36.249949300319997],[114.46679950019688,36.249542599911081],[114.46703550028815,36.248054399990622],[114.46686389974923,36.247457400338817],[114.46626299973775,36.246687300078861],[114.46550130004505,36.244524099607588],[114.46566219955093,36.244238599931521],[114.46619870001007,36.244100099839784],[114.4670783997484,36.244134700356199],[114.46768999989365,36.243953000430679],[114.46814059980886,36.243528999763555],[114.46848389981221,36.242880100236505],[114.46924570022895,36.242049400059841],[114.47042579961101,36.241478299983612],[114.4721853996366,36.241192699583451],[114.47340840027755,36.241383099550433],[114.47468520016196,36.241616700250574],[114.47567219981227,36.241746500300792],[114.47635889964351,36.241798400176094],[114.47701330032362,36.241824399576444],[114.47762489956949,36.241746500300792],[114.48008179973533,36.240734100198608],[114.48126199984154,36.240855200207363],[114.48272110039852,36.241504199559188],[114.48456640041911,36.241971499884869],[114.4859075000312,36.242205099685634],[114.48687310031335,36.242248400243511],[114.4900595997708,36.241625400292037],[114.49141140041581,36.241097500049648],[114.49603560016283,36.239834199888492],[114.49840659978486,36.238769800086231],[114.499372200067,36.238458300110494],[114.50006960003202,36.238440999852287],[114.50082059959107,36.238674599653109],[114.50143219973631,36.239090000103488],[114.50195790023702,36.239496699613028],[114.50253720033163,36.239886099763737],[114.50343849998683,36.240214899997682],[114.50396419958815,36.240509099715212],[114.50441480040274,36.2409937002991],[114.50490829977832,36.241954199626662],[114.50565930023663,36.242326300418483],[114.50608849988441,36.242447400427238],[114.50707019982997,36.242702699969698],[114.50733210039618,36.242732699554495],[114.50849900042863,36.242732699554495],[114.50921200003381,36.24263690017284],[114.51179139955354,36.241757400083998],[114.51241219976328,36.241418200089925],[114.5129728002546,36.240991700206848],[114.5173043003532,36.238661099929857],[114.51830090026635,36.237963899614329],[114.51867030039409,36.237558899823398],[114.51883910044421,36.237135400078728],[114.51891050031941,36.236608800255965],[114.51897930025461,36.235961800097073],[114.51973859965676,36.234681199677652],[114.52045289968169,36.234190099693421],[114.52109129962389,36.233831500423435],[114.5219905002615,36.233523200235538],[114.52319450002619,36.23320849957264],[114.5243835998233,36.23312550024167],[114.52481020043047,36.233185699960131],[114.52597759958667,36.233088299785265],[114.5266295999761,36.232902200376316],[114.52745470007437,36.232603499551942],[114.52840009978479,36.232257700332639],[114.52916130035373,36.232096700102659],[114.5297660000009,36.232244099885349],[114.5304027002245,36.232693500104972],[114.53111719989897,36.233091299923615],[114.53160860025673,36.233231200259752],[114.53224240016675,36.233341299761207],[114.53309199959619,36.233279000125833],[114.53388700028495,36.232997399910118],[114.53443450035195,36.232624399796293],[114.53473089981128,36.232198499761012],[114.53523210008143,36.230531000205531],[114.53533730007643,36.229843800351148],[114.53545480009905,36.229076499680787],[114.53557370036606,36.228100200164135],[114.53580160026365,36.227098299646855],[114.53634329970362,36.226435500198249],[114.53692519973822,36.226098599770637],[114.53767460030258,36.226108500407008],[114.53846269959399,36.226099800365546],[114.53933029985353,36.226134300157867],[114.54020569993315,36.226117499922736],[114.54068750002818,36.226069899706147],[114.54143589964713,36.225871299720779],[114.54201869990311,36.225557900376828],[114.54232829961143,36.225299599796756],[114.54286730018578,36.224999999650322],[114.54348870024342,36.224816900379722],[114.5440784000981,36.22474219999259],[114.54608489999816,36.224637800394248],[114.54778509980258,36.224624899619471],[114.54908770033717,36.224368100007837],[114.54972339961523,36.224385500090818],[114.54997589956815,36.224350399551327],[114.55043819966329,36.224209500068412],[114.55156640006942,36.223912099663721],[114.55266879982537,36.223867200111272],[114.55332430037618,36.223841199811602],[114.55624690007448,36.223737900084075],[114.55706409962852,36.223629399577192],[114.55778430010548,36.223482099619275],[114.55831220034781,36.223277699905964],[114.55892190022553,36.223119900363145],[114.55975480014399,36.223010700183693],[114.56021589964416,36.222817300078361],[114.56043849983701,36.222659299986731],[114.56124240021666,36.221870500123543],[114.56187560027877,36.221507100272504],[114.56252349975978,36.221360699636648],[114.56303030010838,36.221419099811669],[114.56346569968241,36.221657000170467],[114.56378789979181,36.222024599855445],[114.56405660013206,36.222214999822427],[114.56434960015395,36.222265700002083],[114.56491750044233,36.222110600224084],[114.56506890040953,36.222011799804761],[114.5652329997032,36.221825099648697],[114.56531919972133,36.220953000080954],[114.56509870034483,36.220233099977634],[114.56504299993458,36.219379700013178],[114.56505370006823,36.21876020022313],[114.5649855998056,36.218100999861292],[114.56522760017367,36.217484400384819],[114.56609020020267,36.216731200184768],[114.56657339964272,36.216520099622926],[114.56684529977088,36.216134300357737],[114.56723550031813,36.215634199958401],[114.56830409995428,36.214850500150533],[114.56872930031705,36.21436850040601],[114.56911959978981,36.213846700265037],[114.56964830042875,36.213438300137511],[114.57017149991486,36.212999600051546],[114.57110819958382,36.211840800212826],[114.57142150000232,36.211267899693894],[114.57187669994983,36.210480800448636],[114.57225320022508,36.209908999800575],[114.57276640014936,36.209306599719866],[114.57333979979194,36.208987899771785],[114.57398289959121,36.208858200445661],[114.57451470019328,36.208848000335024],[114.5751851996373,36.209010300085311],[114.57573400012404,36.209081399586978],[114.57637850016772,36.209051300177407],[114.57707580030797,36.208844699823089],[114.57967219971226,36.207719399730593],[114.58061450035893,36.207584799998585],[114.58102439965637,36.207562200035568],[114.58218850009928,36.207174999626602],[114.58250610017649,36.207038299977626],[114.58270150037401,36.206967300300732],[114.58365369985847,36.206407799680278],[114.58425240012821,36.205993699649582],[114.58495960000562,36.205561400038619],[114.58545299955631,36.205215300445786],[114.58606259960936,36.204841400110581],[114.58674420028467,36.204776700184595],[114.58761069977402,36.20494309994416],[114.58779389976871,36.205585400246093],[114.58783150042348,36.205892700387892],[114.58809330026565,36.206187499953217],[114.58832830031088,36.206417700316649],[114.58982449970097,36.206825800070646],[114.59020490033595,36.20667230018654],[114.59058370017772,36.206595900080799],[114.59099980030055,36.206718000135652],[114.5913302004285,36.207123199576074],[114.59164919985074,36.207602499555776],[114.59244490021206,36.208061300388749],[114.59374589995343,36.208083500153464],[114.59417549979958,36.208178000014755],[114.59514939992494,36.208518600253228],[114.5959575999633,36.208738999805064],[114.59644590035805,36.209091499872898],[114.60087770004588,36.210987300423653],[114.60319519989866,36.212103899575368],[114.60418220044824,36.212346300141689],[114.60500840041743,36.212450199717011],[114.60946079997598,36.212597399850154],[114.6112203001768,36.213220600350496],[114.61289399965847,36.213947700426104],[114.6157264000534,36.215298099927395],[114.61890619956148,36.215904699842099],[114.62006019971852,36.215785099902519],[114.62117669994484,36.215691899561591],[114.62215839989028,36.215713600202548],[114.62308109981302,36.215696299944341],[114.62397690011392,36.215605400069194],[114.62475189988038,36.215452699682373],[114.62625320022505,36.214941800223926],[114.62675029958677,36.214679199985142],[114.62734039963982,36.21434159988496],[114.62841870026284,36.213523599934263],[114.62992070028019,36.212883000250315],[114.63192069988042,36.212152900036358],[114.6328011001907,36.2119016996038],[114.6339131002095,36.211570699628112],[114.63532189988587,36.211229700090655],[114.63715460040453,36.210842899879992],[114.63787870034184,36.210610800148345],[114.63860440017299,36.210140700233183],[114.63924389998601,36.209720900299374],[114.64021220003303,36.209161600227731],[114.64063049989772,36.208983500288355],[114.64112789963292,36.208822900256678],[114.64343899991002,36.208208499622629],[114.64590670003429,36.208295000014289],[114.64736579969201,36.208485499806045],[114.64917900021078,36.20916070000635],[114.65106940033263,36.210336499729749],[114.65167019962007,36.210992299754878],[114.65199770033371,36.211556000209271],[114.6525300998843,36.21225819985608],[114.65294129960137,36.212605699693313],[114.65342840030053,36.212900500158014],[114.6537759001377,36.212872499766092],[114.65412499986894,36.212690299817552],[114.65460830003303,36.212603599776344],[114.65498459975959,36.212628199831613],[114.65508860005889,36.212597399850154],[114.65522279959259,36.212424200316661],[114.65555290024622,36.21232649976821],[114.65589999988515,36.212368900104707],[114.6563364004046,36.212221899620999],[114.65726940026263,36.211624599595666],[114.65764269985073,36.211280400270311],[114.65791920001118,36.210872000142729],[114.66057300044372,36.208511500105715],[114.6612387002059,36.207787800366759],[114.66210190008269,36.20722590035507],[114.66353419994346,36.205983600262982],[114.66438170035519,36.205494500370946],[114.66610679968915,36.204187899651913],[114.666661300079,36.203450499640894],[114.66720939999391,36.20257430006393],[114.66753239960065,36.201960699826486],[114.66807919999519,36.200550400080942],[114.66837909961578,36.199967900198487],[114.66893450022701,36.199106599689856],[114.67024949971471,36.197221000149113],[114.67110589981746,36.196413200308996],[114.67433879979581,36.193207199952383],[114.67511950036476,36.192603700000802],[114.6761333996368,36.191989999938585],[114.67697560034378,36.191582199658853],[114.6778616996578,36.191318700098009],[114.67842549993691,36.19129939974755],[114.67981350009302,36.191396399724113],[114.68067460005284,36.1914564996178],[114.68164099983233,36.191534499617489],[114.68515280026156,36.191992500053914],[114.68789320001122,36.192714800447732],[114.69001590041353,36.192823100405803],[114.69048610015341,36.192789400110769],[114.69117899991102,36.192763200161608],[114.69225519971781,36.192884399995137]]},"properties":{"FID":4,"osm_id":"587956069","code":8101,"fclass":"river","width":0,"name":"漳河","Shape_Leng":0.56919908972699995,"Shape_Le_1":0.56919908902899996}},{"type":"Feature","id":5,"geometry":{"type":"LineString","coordinates":[[114.7750450003266,36.216212599831692],[114.7753196002194,36.21651539976591],[114.77573230000576,36.217164099643526],[114.77631730000348,36.217902499700642],[114.77638659996171,36.217990000138457],[114.77698049965045,36.218654100006745],[114.77756560037221,36.219117999995774],[114.77817430020389,36.219423899893116],[114.77878750024297,36.21961860041813],[114.77904069986846,36.219665599887549],[114.77983769975015,36.219813499693316],[114.78096869974581,36.219999500176868],[114.78161760017213,36.220235000245111],[114.78167090029183,36.220254400420288],[114.78199160033216,36.220462999967538],[114.78251749958304,36.220599400142248],[114.78298839989475,36.220635599653235],[114.78315819999102,36.22064860025273],[114.78406449987688,36.220683000220333],[114.78488430027028,36.220717900210957],[114.78584619984235,36.220780299671162],[114.78621149996081,36.220860699961406],[114.78660960015304,36.220948200399164],[114.78754889976199,36.221369200028619],[114.78783190022205,36.221636099926116],[114.78847280027958,36.222240300449585],[114.78905430011594,36.222816800055341],[114.78975260030234,36.223509000140268],[114.79031069977907,36.224253199925272],[114.79043169996305,36.224692499859032],[114.79051849982898,36.22563760009524],[114.79068999964386,36.226761599768054],[114.79075509976815,36.227386800360591],[114.79079419959271,36.227762199865708],[114.79119720019071,36.228545700024085],[114.791454099627,36.229059700344919],[114.79171019956607,36.22935039990108],[114.79203239967558,36.229595100033919],[114.79304660022046,36.230061000115143],[114.79438769983255,36.230677099568538],[114.79534209995802,36.231035500088296],[114.79827739988218,36.23213780001953],[114.79929239992441,36.2325612997642],[114.79953519978972,36.232662600298795],[114.8004422002474,36.233108700006539],[114.80219620019454,36.234337399651338],[114.80291470005341,36.234840699838458],[114.80356690009239,36.235391700066941],[114.80383329996687,36.235498400131121],[114.80507810017423,36.235996999561905],[114.80602769971858,36.236357900196992],[114.80678780041671,36.236772699900257],[114.80730270005961,36.237133900009553],[114.80779539993785,36.237548900261572],[114.80821109986243,36.237909999646831],[114.80872479980974,36.238317799926563],[114.8088831002749,36.238443499967616],[114.80951919975132,36.238848999781567],[114.81019039976718,36.239144999941857],[114.81080540024914,36.239440300429578],[114.8110832997545,36.23957369956662],[114.81375310002556,36.240557199954878],[114.81416369989495,36.240708500097242],[114.81505039995602,36.240986199953227],[114.81544059960402,36.24105859987452],[114.8162464002512,36.24120809957418],[114.81697980007777,36.241356000279268],[114.8179286001249,36.241555899784998],[114.81910809965916,36.24180450027751],[114.82049170033179,36.242105599593799],[114.82063269963942,36.242153799658183],[114.82217609994711,36.242681000228004],[114.82609180029635,36.243777899730333],[114.82644850019824,36.243877800020528],[114.8276752995755,36.244166799857965],[114.82843230031051,36.244467599700045],[114.82928299961077,36.244776300086244],[114.8299823996681,36.245011999803978],[114.83058009989179,36.24514279990035],[114.8314202996072,36.245226399978435],[114.83207609963233,36.245251599881499],[114.83281279997084,36.245235100019897],[114.83366610011046,36.245081299762205],[114.8343792004398,36.244785500150783],[114.83603849997689,36.243987699872491],[114.83614329977354,36.243929799720547],[114.83713710009715,36.243380199736464],[114.83760550029365,36.242998600305214],[114.83820290014376,36.242511899804413],[114.83893660034391,36.242138600216265],[114.83925750003368,36.242007200272099],[114.8396650997646,36.241840199765477],[114.84031100005268,36.241775099641188],[114.84123589971705,36.241746500300792],[114.84154529977582,36.241786299797923],[114.84248039955082,36.241906600309392],[114.84389659974829,36.242321900035734],[114.84427290037411,36.242456999790761],[114.84555959999557,36.242919000411575],[114.84663360006061,36.243379400239178],[114.84692219969986,36.243503100187979],[114.84791459977907,36.244121799581421],[114.84806520024881,36.244253800272702],[114.84865490010361,36.244770700007848],[114.84976189989186,36.246004800081494],[114.85062940032662,36.247041300215869],[114.85165969963555,36.248234900220496],[114.8519805003998,36.248606500089977],[114.85271130028639,36.249460599726945],[114.85346410028808,36.250134299858132],[114.85401439994462,36.250456999990604],[114.8542309000361,36.250564000428312],[114.85471129988662,36.250801499689487],[114.85548380043713,36.251035100389629],[114.85597240030609,36.251098599720649],[114.85731299989504,36.251272999849107],[114.85792179955149,36.251448700397248],[114.85848009957704,36.251712000308601],[114.85945089973927,36.252051099578637],[114.8608614998584,36.252543699632099],[114.86422519993312,36.253538300352318],[114.86654159991497,36.25422319974092],[114.86760689993855,36.254538199878084],[114.87187370011122,36.255598700219878],[114.87229860010041,36.255704300413186],[114.8737282001963,36.256100699987371],[114.87495660036689,36.256446799580203],[114.87587930028951,36.256892300339416],[114.87701119960718,36.257459000032895],[114.87755189990037,36.257794900414353],[114.87780510042512,36.257952100109378],[114.87893999988114,36.258878499842922],[114.879599700266,36.25945079961474],[114.87977370019621,36.259601800282894],[114.88071080006341,36.260204599662586],[114.88115980008479,36.2604811996477],[114.88225690013587,36.261156999695856],[114.88321330035365,36.261786300297558],[114.88372769997341,36.262282299788353],[114.88563259986461,36.264330100154041],[114.88576080002099,36.264467899673889],[114.88692250017334,36.265751500231602],[114.88798000037673,36.266983100189975],[114.88868019993129,36.267665600187343],[114.88902960003611,36.267926099609838],[114.88921830028437,36.268066800342638],[114.88986790038336,36.268402199801756],[114.89064629958716,36.268680299855987],[114.89121569994461,36.268684600414019],[114.89175419959668,36.26868870042324],[114.89289310013658,36.268877799970539],[114.89347719991292,36.269049000311156],[114.89361729989855,36.26909010022797],[114.89431040020486,36.26928190043941],[114.89499529959346,36.26936310022694],[114.89659400011305,36.269354500010195],[114.89771809961064,36.269415500125262],[114.89852889958911,36.269451800360343],[114.89866860027576,36.269458100111308],[114.8993478995859,36.26943280038347],[114.90321019999078,36.269185100112338],[114.90431940042004,36.269113899886634],[114.90549050028642,36.268945300385383],[114.90637680014925,36.268715299671385],[114.90696420043753,36.268427799903122],[114.90749879972986,36.268231000360458],[114.90819859998544,36.268111699895087],[114.90921460007382,36.267938399637501],[114.91120720005233,36.267764700080875],[114.9130508003542,36.267539999971063],[114.91736870000557,36.267116699875828],[114.91843249995998,36.266948700222372],[114.91947910038027,36.266994099797898],[114.92185729997448,36.267325199598361],[114.92427570016355,36.267697900237977],[114.92542980014525,36.267891800366328],[114.92555440031538,36.26791269971136],[114.92649269987828,36.268005099655682],[114.92708279993133,36.268005099655682],[114.92761709974945,36.267988300319871],[114.92859259976876,36.267912099863565],[114.92929149980296,36.267794400191463],[114.93154140031538,36.267332299745874],[114.93251390019645,36.267004899756387],[114.93317199978799,36.266851999720075],[114.93397940032912,36.266720099752831],[114.93601029973559,36.266425499836998],[114.93736010028852,36.266232400105253],[114.93786140038333,36.266219900428098],[114.93844760007676,36.266205299934711],[114.9392788002765,36.266322999606814],[114.94007380006587,36.266487599822938],[114.94047870003203,36.266547800440662],[114.94085780024739,36.266604099799395],[114.94160800030897,36.266612199993062],[114.94328290038561,36.266415699924664],[114.94401699988475,36.266332300395391],[114.94471089968829,36.266126600262453],[114.94622269961792,36.265577199927861],[114.94685200021968,36.265332899993382],[114.94767050019345,36.265323100081048],[114.94848569965541,36.265517500232477],[114.94926530035343,36.265783099710347],[114.94990919964994,36.266022799612585],[114.95333380001489,36.267297700128836],[114.95681929977093,36.268547999690497],[114.95878490030293,36.269252999826108],[114.96469340028023,36.271492200204932],[114.96694339971816,36.272245400404984],[114.96778229991332,36.272526200224036],[114.97172270014255,36.273516500386222],[114.97339369985946,36.273886299812943],[114.97463289998836,36.274122000430054],[114.97556260023384,36.274233099977607],[114.97711120042163,36.274292799672992],[114.97852739971984,36.274262499714666],[114.97977200027765,36.274219299880826],[114.98080729981712,36.274262499714666],[114.98143489980089,36.274292799672992],[114.98227179990374,36.274521999990384],[114.98274919961591,36.274604199824012],[114.98352170016642,36.274682000174209],[114.98566139955403,36.275018600228293],[114.98681379981701,36.274921000403879],[114.98741209988862,36.274907399956589],[114.98802019987238,36.27496530010859],[114.9886482000544,36.275019500449616],[114.9895400001709,36.275259200351854],[114.99001930015061,36.275320999964208],[114.99036770020928,36.275290199982805],[114.99084700018898,36.275225800430405],[114.99235989998942,36.275356399977909],[114.99298840019458,36.275501099995836],[114.99347149980997,36.275630900046053],[114.99398760004772,36.275695599972039],[114.99503009955947,36.275734599971884],[114.99541389963179,36.275786900045432],[114.99574600037772,36.275873299713055],[114.99626109967005,36.275941800173996],[114.99680780023982,36.275954500399905],[115.00058489977334,36.276197400089984],[115.00396060040146,36.276507999844341],[115.00497199955817,36.276516500236369],[115.00570650015493,36.276525300102548],[115.00639470005547,36.276574100014784],[115.00724810001986,36.276676200046666],[115.00788509971767,36.276809000235232],[115.00942110040353,36.277181699975529],[115.01035989998945,36.277423899993039],[115.010826700292,36.277518499679047],[115.01132009984281,36.277564099803442],[115.01188130018193,36.277603599826307],[115.01313290016333,36.277823400429611],[115.01499729998545,36.27842529958798],[115.01589560040168,36.278778600052419],[115.01702200036505,36.279161300253861],[115.01953569991269,36.280098599770611],[115.02133549963366,36.28069320003118],[115.02273560016783,36.281190499941658],[115.02367439975376,36.281560200442925],[115.02450049989818,36.281901799828233],[115.02588239995282,36.282567999613548],[115.02753589976203,36.283174700252289],[115.02832230023398,36.283404399693325],[115.02884840003367,36.283547200343094],[115.02917560037372,36.28360709968797],[115.02956560037217,36.283644800167451],[115.02989429988213,36.283679600333357],[115.03113629960058,36.283932100286279],[115.03317470025229,36.284805600098423],[115.03788469981907,36.286500600022748],[115.04371579964447,36.288753499774259],[115.04761579962951,36.289977100263002],[115.05119919958349,36.291196500018486],[115.05423549966861,36.292164999714998],[115.05638659976182,36.29283519968476],[115.05752920011253,36.293375599604303],[115.05847869983222,36.294110700048805],[115.05893470017634,36.294707300401626],[115.05928870031335,36.295399100288307],[115.05985740009896,36.29675240010323],[115.06063520035423,36.29753490021551],[115.06116630038457,36.297746800274638],[115.06163829966783,36.297811600025398],[115.06250199956764,36.297565200173892],[115.06421860030821,36.297046400171268],[115.06517889998634,36.296899399687618],[115.06828490022804,36.296920999604481],[115.06974399988576,36.296968499996353],[115.07081149965109,36.297098300046571],[115.07145520019742,36.297266900447141],[115.07210430027328,36.297599799790987],[115.07251740025788,36.298157499968681],[115.07267300005901,36.298736800063352],[115.07298950026529,36.299424300291264],[115.07342399961794,36.299783100110062],[115.07427689955932,36.300102999753676],[115.07514599988804,36.300180800103874],[115.07605789985223,36.300159200187011],[115.07767260021035,36.299912800335505],[115.0784075001061,36.299713899976553],[115.07921749968796,36.299713899976553],[115.07992030008188,36.299865200118916],[115.08077320002326,36.300189500145393],[115.08439419973263,36.301884199696133],[115.08715150044145,36.303077400401776],[115.08928120026724,36.304400300433542],[115.09141090009302,36.305736100340823],[115.09277880040133,36.306285099577735],[115.09545030039112,36.3072923996246],[115.10002079982007,36.309423600418882],[115.10326620037495,36.310902000427006],[115.11064769993152,36.314200100354412],[115.11376440030688,36.315769199688873],[115.11508399982677,36.316750399611294],[115.115543100134,36.31712610038926],[115.11793259970977,36.319261699767708],[115.11924679970014,36.320048299889208],[115.12044849989843,36.320614499559554],[115.12140330022214,36.321280100396393],[115.12191829968981,36.321820399591843],[115.12217579987328,36.322304500152597],[115.12252450030553,36.322978700306805],[115.12257280019469,36.323346100342292],[115.12251909987663,36.325221899970757],[115.12253520043919,36.325779399599639],[115.12265860001446,36.32604730044261],[115.12323260040421,36.326570300279172],[115.12382269955799,36.327028399640994],[115.1257324000303,36.328683600068132],[115.1279210998789,36.330230800011464],[115.12890820025325,36.330866099990601],[115.12950900044007,36.331051899925285],[115.12993810026319,36.331237799684743],[115.13182639956869,36.332823799978428],[115.13407949986913,36.334375199755698],[115.13450859969214,36.334815999758632],[115.13469639971913,36.335105499619146],[115.13472850012022,36.335317200028783],[115.13436379984955,36.336553099645869],[115.13380590002237,36.337685300236444],[115.13325329989993,36.338268700340279],[115.13278660032142,36.338298899574625],[115.13234139993574,36.338303299957374],[115.13178350010855,36.338359399666615],[115.13097880023156,36.338869299978285],[115.1309466000057,36.339266900147379],[115.13184250013137,36.340649599699304],[115.13330159978909,36.342205200209889],[115.13405799977693,36.343419400085281],[115.13456220018543,36.344478000159654],[115.13568879979834,36.347675400299522],[115.13715859958972,36.350872699715353],[115.13823149978396,36.353352600042513],[115.139980299851,36.356091700271804],[115.14222260019289,36.358804700376652],[115.14450789981981,36.36118070022917],[115.14614939997489,36.362537199831934],[115.14946459961163,36.364550200031772],[115.1514065003098,36.365949799643602],[115.15230770014034,36.366744599783488],[115.15386339957627,36.369016700060683],[115.15539759981948,36.371789800059275],[115.15650270023946,36.373370599573548],[115.15704989993299,36.374899599936612],[115.15733960034231,36.376471800133515],[115.15768290034566,36.377655200027505],[115.15859480030986,36.379624700019917],[115.15979649960889,36.381749600163971],[115.16080500025066,36.383831199750148],[115.16291860041315,36.387372399916387],[115.16403440006752,36.38922940011679],[115.1654506002651,36.39242489998918],[115.16605670015667,36.394428499575668],[115.16661459998386,36.395292099650703],[115.16693110019014,36.395594399561958],[115.16723159965863,36.395732600179429],[115.16775189973043,36.395840499939197],[115.16827760023114,36.395879400114268],[115.16898570032981,36.395844900321947],[115.17301980002378,36.395227399724774],[115.17467200031263,36.395076200306448],[115.17687679982453,36.395261900416415],[115.17845390042726,36.395283500333335],[115.18041730031825,36.395192800107679],[115.18155460006483,36.395141000057151],[115.18267570032333,36.395188500448967],[115.18470880037091,36.395443299968349],[115.185508099819,36.395646199612486],[115.18591049966983,36.395810299805532],[115.1868385001967,36.396125499592188],[115.18880459985246,36.397032300400383],[115.18952340008491,36.397310799753654],[115.1900571998799,36.397412299937741],[115.19186499996988,36.397740399599797],[115.19257040030379,36.397930400267796],[115.19304250031121,36.398144199695139],[115.19341799964104,36.398392399989348],[115.194096600178,36.39903799990384],[115.19512380042306,36.399806500269847],[115.19633619985575,36.400378600392173],[115.19713550020322,36.400678699662308],[115.19901570021443,36.401917899791272],[115.20035150012166,36.402798700299854],[115.20185350013901,36.403554299891084],[115.20278420043053,36.403927800027986],[115.2035755004091,36.404493399850594],[115.20560320002767,36.406147000383839],[115.20734129996106,36.407593299990879],[115.20853220020092,36.408396300149207],[115.2104205004058,36.409289999633813],[115.21258229973341,36.410308900035773],[115.2157473998227,36.411586799791053],[115.21656270000869,36.41202709977091],[115.21726009997371,36.412432899958446],[115.21801649996155,36.413162500149326],[115.21928790031643,36.414690700115784],[115.2197813996919,36.415023100335873],[115.22090259977517,36.415299399947401],[115.2220666003933,36.415718100010338],[115.22426069977155,36.416641999628609],[115.22586460017123,36.417103900424706],[115.22837519975576,36.417734100348525],[115.22944270042035,36.418010399960053],[115.229877199773,36.418234900420373],[115.23020979964258,36.418524099907359],[115.23044589955873,36.41883919986924],[115.2309071996076,36.419516900184874],[115.23105739987921,36.419944300289274],[115.23107350044177,36.420237800334291],[115.2309286996998,36.420583200254555],[115.23020449993783,36.421692499609208],[115.23010790015951,36.422150099847272],[115.23008110036255,36.42240040005845],[115.23012940025171,36.422672400011322],[115.23026349996064,36.422879600213435],[115.23083750035039,36.423432099611773],[115.23140069988244,36.423669499947493],[115.23620720030215,36.425266599673876],[115.237280099597,36.425814699588784],[115.23789169974225,36.426367199886442],[115.23829940019721,36.426962900017884],[115.23854079981811,36.427549900107863],[115.23865879986374,36.427886599986664],[115.23897530007014,36.428141199856555],[115.24116929962349,36.429707999624554],[115.24406070004136,36.431771100156197],[115.24625480031887,36.433070199630038],[115.24696290041754,36.433311899624528],[115.24750469968217,36.43335510035763],[115.24786410024808,36.433324800399248],[115.24837909971575,36.433087499888245],[115.24956460042608,36.432153099785751],[115.25046850002127,36.431615700004613],[115.2512920002257,36.431345999618259],[115.25171580034396,36.431270399909067],[115.25253919982424,36.431169000449074],[115.25301660043579,36.431192700282963],[115.25359600035517,36.431305000425482],[115.25447040038875,36.431637299921533],[115.25481370039199,36.431853100340334],[115.25502289978704,36.432088300035048],[115.25520800004927,36.432319200071106],[115.25532869985966,36.432606199816348],[115.2553099004316,36.433087499888245],[115.25519999968026,36.433292500348671],[115.25482710029053,36.433765100379105],[115.2548217996864,36.434034799866197],[115.25505779977766,36.434481500321056],[115.25523219990612,36.434595900380543],[115.25553260044921,36.434656299748497],[115.25657330041759,36.43471670001577],[115.25707480016194,36.43485699965089],[115.25752809984203,36.435072800069747],[115.25779899992392,36.435323100280925],[115.25828180006511,36.43595320037997],[115.25841589977404,36.436440900027549],[115.25827109993133,36.436915599975009],[115.25823090023596,36.437273799945956],[115.25828719959463,36.437599699866325],[115.25831400029097,36.438048500238153],[115.25815579965047,36.438659100337247],[115.25798410018615,36.439189999818666],[115.25787139984527,36.439604300398173],[115.25786879990528,36.440245099731612],[115.25798140042139,36.440665899711576],[115.25824160036962,36.441166500133932],[115.25851520021638,36.441781499716512],[115.25872439961142,36.442098599770588],[115.25901669996085,36.442346800064797],[115.25933859969666,36.442424499690958],[115.25966050033185,36.442560399842648],[115.25991529985129,36.442715700169458],[115.26025859985452,36.443063100181973],[115.2606367998485,36.443731999732051],[115.2611329998881,36.444381500006273],[115.26156220043526,36.444754699769646],[115.26191890033704,36.444948900271584],[115.26221660021599,36.445076200206529],[115.26361939961566,36.445264000233465],[115.26461989988854,36.445302799684498],[115.26532259955843,36.445354599735026],[115.26711699974976,36.445596199904742],[115.26788409987137,36.445708400222543],[115.26855200027467,36.445850799774632],[115.26883099965096,36.445939300258544],[115.26981450003916,36.446391699717196],[115.27067900033569,36.446789399711065],[115.27189670037251,36.447518599703642],[115.27249219995508,36.448183199595064],[115.27292670020711,36.448921099629104],[115.27321100018753,36.4500688998599],[115.27330220043632,36.45117779991557],[115.27315739969436,36.452299699671471],[115.27281399986623,36.452994399871727],[115.27186450014665,36.454047200218156],[115.27133879964595,36.454694400026597],[115.27079159995242,36.455475400069702],[115.27068439986522,36.455924099717492],[115.27068439986522,36.45631239999733],[115.27102230033893,36.457373799661184],[115.27182159978702,36.458517200408551],[115.27379569981179,36.460756399887998],[115.27433220027092,36.46143370000533],[115.27441259966179,36.461705500308653],[115.27441259966179,36.462654699654706],[115.2744715996846,36.463133600335425],[115.27516360012009,36.464393299611118],[115.27586100008511,36.466006800273647],[115.27626339993606,36.46720179962341],[115.27626339993606,36.467754000446803],[115.27627410006971,36.468228599670169],[115.27615610002408,36.468625500166752],[115.27589859984062,36.469212199883145],[115.27519049974183,36.470450300141295],[115.27510999962681,36.4712009004013],[115.27492219959993,36.471960099978673],[115.27493830016249,36.472369900350657],[115.27517969978339,36.472865999666226],[115.27596289956819,36.474078099624649],[115.27706799998828,36.475639700411875],[115.27764389974618,36.47676639984951]]},"properties":{"FID":5,"osm_id":"593877368","code":8101,"fclass":"river","width":0,"name":"漳河","Shape_Leng":0.64039787892,"Shape_Le_1":0.64039787938500004}},{"type":"Feature","id":6,"geometry":{"type":"LineString","coordinates":[[114.69225519971781,36.192884399995137],[114.6971998998556,36.192371500444438],[114.70674230031693,36.191381800130046],[114.71601479984315,36.193876200226498],[114.72116189960207,36.195260800045958],[114.72763960028738,36.197859400091318],[114.7355249000542,36.201022599913131],[114.74736159965812,36.205770600332983],[114.75085929961699,36.207173600281465],[114.7589532996551,36.209470199889893],[114.76648050017502,36.211605899992321],[114.77062520029278,36.213835299559491],[114.7750450003266,36.216212599831692]]},"properties":{"FID":6,"osm_id":"593877386","code":8101,"fclass":"river","width":0,"name":"漳河","Shape_Leng":0.087457371546400001,"Shape_Le_1":0.0874573720331}},{"type":"Feature","id":7,"geometry":{"type":"LineString","coordinates":[[114.92632170008642,36.750571700323746],[114.92637719994786,36.751071600174271],[114.92646170024727,36.751482000394049],[114.92650330018716,36.751590599826386],[114.92657839987328,36.751732400430001],[114.92663200036657,36.751835600332754],[114.92684260000601,36.752037599755454],[114.92768879999824,36.75254480030236],[114.93500049957345,36.756941600174741],[114.93680829966331,36.7581192003409],[114.93858529977183,36.759415000202125],[114.94011950001493,36.760695800271037],[114.94262310017598,36.762960699676626],[114.94349529956844,36.763676200296459],[114.94398390033678,36.763991800281417],[114.94443290035815,36.764229000068326],[114.94490100018106,36.764389799749495],[114.94777710043286,36.765356999925643],[114.9486863995578,36.765662499624682],[114.94917799956511,36.765859300066722],[114.94935959966585,36.765971600209241],[114.94946729977607,36.766065699872229],[114.9495586996743,36.766162600024018],[114.94962229972941,36.766234999945368],[114.94968710037949,36.766344899797332],[114.95022099999926,36.76853299979814],[114.95042660030742,36.769459299706966],[114.95046899974466,36.769597100126134],[114.95052799976747,36.769748799567481],[114.95057919997021,36.769843199604054],[114.95136999992565,36.7708642997477],[114.95192269987274,36.77162079956031],[114.95291440027938,36.772890099998165],[114.95328009969694,36.773292300199557],[114.95355600000948,36.773564599626638],[114.95381999959341,36.773762599764211],[114.95462259955343,36.774306300195633],[114.95638180027993,36.775794099917846],[114.95795889998328,36.776956399917992],[114.95809840012112,36.777059499995971],[114.9581466001855,36.777128200106404],[114.95817619957199,36.777199099958523],[114.95865889988841,36.7789200003578],[114.95884130038576,36.779860899860694],[114.95930799996427,36.781908200203304],[114.95935899961819,36.782075799658458],[114.9594690001943,36.782236899713212],[114.9595736003414,36.782339999791191],[114.95965139979228,36.782397999767909],[114.96140549956419,36.782945800208552],[114.9678588996685,36.785072499895989],[114.96885939994138,36.785347499987211],[114.96958359970347,36.785469900415649],[114.96979010023301,36.785493500424764],[114.97010129983516,36.785536499709735],[114.9704741002995,36.785603099903199],[114.97071819968528,36.785684699889032],[114.973575899808,36.786870099875273],[114.97565690044564,36.787769699811861],[114.97928949961079,36.789394000432821],[114.98008109996283,36.78976920028839],[114.98100760042053,36.790269600161992],[114.98455780010249,36.792394399581951],[114.98505579968548,36.792745500304648],[114.98530550004887,36.792945499635152],[114.98553990024629,36.793146300261583],[114.98570660037933,36.793319800168717],[114.98806820028733,36.796686899680708],[114.9906588997884,36.800178799911748],[114.99378900006241,36.80428940043555],[114.99600139974484,36.807364499971754],[114.9978266997424,36.810016599786309],[114.99990909972519,36.813217799561869],[115.00126090037031,36.815352100319217],[115.00279569956194,36.81769349965532],[115.00346300011745,36.818796400333667],[115.00373800020861,36.819305699898166],[115.0040654001981,36.819928799674415],[115.00488810000593,36.821491299783702],[115.00535660002708,36.822607700185245],[115.0073039002549,36.827408499802459],[115.00974989973815,36.832899799785991],[115.01126450015659,36.83633060007719],[115.01199379997399,36.838021699641786],[115.01296860032073,36.840062100385694],[115.01393409987884,36.841882300327939],[115.01465330030965,36.843376899824136],[115.01543469965168,36.844910199845913],[115.0168275003889,36.847242400016796],[115.01795460002484,36.849072100397166],[115.02003690018284,36.852756700161649],[115.0211218000311,36.854681900449407],[115.02220719990237,36.856891800016626],[115.02386269980377,36.860566199670416],[115.02447710043793,36.861869200403305],[115.02562529996771,36.864358999568253],[115.02600090002159,36.865194000302949],[115.02619819958727,36.865629100402714],[115.02637600005244,36.865968800419864],[115.02651330044853,36.866214300049933],[115.02689079987056,36.866974800047046],[115.02700080044667,36.867159000087838],[115.02709480028489,36.86727969989829],[115.02979129962887,36.870038899975327],[115.03361460003384,36.874200900351298],[115.03678769959276,36.877824800374299],[115.037511900254,36.878519999698256],[115.03869740006508,36.879528399615992],[115.03971929970601,36.880395099654152],[115.03989400020805,36.880542699985654]]},"properties":{"FID":7,"osm_id":"627659753","code":8103,"fclass":"canal","width":0,"name":"老漳河","Shape_Leng":0.18052183673700001,"Shape_Le_1":0.18052183614}},{"type":"Feature","id":8,"geometry":{"type":"LineString","coordinates":[[113.72279310002159,36.361584299775643],[113.72335020035155,36.362165699787283],[113.72545840008513,36.363815800159102],[113.72589829986669,36.364014499969244],[113.72656880020998,36.364131199595249],[113.72720179972339,36.364092300319442],[113.72747539957004,36.364010200310531],[113.72774900031618,36.363807199942357],[113.72836590016618,36.363064199853],[113.72840879962644,36.362891399618434],[113.72833369994032,36.362722899941957],[113.72794210004793,36.362182900220716],[113.727808000339,36.361811400176009],[113.72761489970787,36.361366500163911],[113.72736809965818,36.361068400086651],[113.72646689982764,36.360105000445458],[113.72590900000046,36.359223799738629],[113.72578560042518,36.35896459983644],[113.72574809959519,36.358675099975926],[113.72612359982429,36.357651200242742],[113.72635420038614,36.357400700382073],[113.72665999955939,36.357232199806219],[113.72714279970046,36.357093900263351],[113.72806010009356,36.35699459982095],[113.72871990030319,36.356908200153384],[113.73020589958264,36.356722400218644],[113.73065920016199,36.356620900034557],[113.73088719988448,36.356534500366934],[113.73106419995293,36.356400600307495],[113.73161940001535,36.355772000277625],[113.73212630018861,36.355473900200366],[113.73271640024177,36.355253499749267],[113.73303829997758,36.355197400040026],[113.73332800038702,36.355210299915484],[113.73361230036744,36.35532269988272],[113.73477370014621,36.355858399945248],[113.73520549973409,36.356009600262894],[113.73575809985653,36.356124100147156],[113.73604770044108,36.356197500114604],[113.73637229994176,36.35632709961601],[113.73665929968695,36.356551799725821],[113.73692750000419,36.356890899895177],[113.7369810995981,36.357219200106044],[113.73696509975957,36.357482800390983],[113.73642590043505,36.358932199961089],[113.73631329991895,36.359148200029438],[113.73617920021002,36.359336099881148],[113.73593509992497,36.359575799783386],[113.73538259962731,36.360182799896336],[113.73527259995058,36.360506800448547],[113.7350391997993,36.362070600078198],[113.73501240000235,36.362331999722073],[113.73502579990077,36.362530700431535],[113.73510630001579,36.362796399734123],[113.7353074999412,36.363301799838268],[113.73541739979328,36.363630100049136],[113.73574729989798,36.36426940021272],[113.73596460038607,36.364509199939675],[113.73628910006198,36.36466250017429],[113.73819619969493,36.365297499779842],[113.73967680034411,36.365815899584163],[113.74022659997763,36.365934700026457],[113.74074969963897,36.366010299735592],[113.74256280033308,36.366355800379949],[113.74311539955613,36.366487599623099],[113.74361959996463,36.366567499890266],[113.74420700025291,36.366630099899226],[113.74541669992084,36.366606400065336],[113.74607650013047,36.366578299848697],[113.74671220030791,36.366597700023874],[113.74799610033983,36.366692100060448],[113.74823749996074,36.366692799732959],[113.74836980012628,36.366696200069612],[113.74861929994086,36.366608499982362],[113.74884989960321,36.366031899652512],[113.74892230042394,36.365951899560571],[113.74904040029435,36.365900100409362],[113.74919590027059,36.365781299967068],[113.74923879973085,36.36566899982455],[113.7492174003628,36.365394700305217],[113.74926570025195,36.365284599904442],[113.74937560010392,36.365191699937043],[113.74972159987203,36.365055600135918],[113.75050479965682,36.364446500105942],[113.75067109959161,36.364306099746784],[113.75073020033858,36.364189499945496],[113.75077040003396,36.364042600185883],[113.75092060030556,36.363087899686889],[113.75120219962184,36.362135399828901],[113.75131489996272,36.361876199926712],[113.75150799969447,36.361664500416396],[113.75172260041779,36.361502599965092],[113.75181910037122,36.361381599781055],[113.75186199983148,36.361243400062904],[113.75193710041697,36.360718499958864],[113.75198009970188,36.360569399558187],[113.75204710009371,36.360487400273371],[113.75257279969503,36.359955999869555],[113.75379320039599,36.3585454995752],[113.75409899956924,36.358260400097436],[113.75448519993211,36.358007699595703],[113.75553939962367,36.357130699622132],[113.75659350038984,36.356324899874267],[113.75718349971885,36.355828099986866],[113.75755640000796,36.355685599710682],[113.75807140037489,36.355599100218342],[113.75917909983571,36.355443600241983],[113.75950630017564,36.355391800191455],[113.75972089999959,36.355335599758178],[113.7599837997127,36.355158499864956],[113.76019030024224,36.355052600197382],[113.76052290011182,36.355011600105286],[113.76160650043971,36.355115300031116],[113.76203300032273,36.355136899948036],[113.7624568004411,36.355061300238845],[113.76410899983057,36.354847400087522],[113.76475809990643,36.354797699953963],[113.76517119989103,36.354795600036937],[113.76557890034599,36.354886300262592],[113.76581219977322,36.355024599805461],[113.76694950041917,36.35588640033717],[113.76749400034794,36.356404899966208],[113.7682368997132,36.357124200221733],[113.76874660037538,36.357789499785611],[113.76924810011974,36.358646999759287],[113.76944389961636,36.358802599560363],[113.76973360002569,36.358940800177834],[113.77034780011093,36.359368499756499],[113.77116589988646,36.359960300427588],[113.77142879959945,36.359994900044626],[113.77183909999451,36.3599646000863],[113.77211000007651,36.359910600294029],[113.77236219965584,36.359778899976277],[113.7728181001753,36.359342600180923],[113.77333039987809,36.35871180040931],[113.77391520022638,36.357819699919276],[113.77417530034984,36.357467600049745],[113.7742396999023,36.35720409958958],[113.7741940997779,36.356819599844698],[113.7739902999125,36.356102500230236],[113.77368449983987,36.355536500209382],[113.77348329991446,36.355123900247861],[113.77287450025801,36.354447799826175],[113.77213949963823,36.353577200327607],[113.77079840002625,36.352503599561544],[113.77052749994425,36.352097499899742],[113.77048459958462,36.351864199573185],[113.77039879976485,36.351000100374392],[113.77044980031815,36.350738699831197],[113.77050880034096,36.350563699854888],[113.77063749962099,36.350332600169395],[113.77131340039318,36.349723400314701],[113.77178820016536,36.349556999655874],[113.77215029959666,36.349509500163379],[113.7726893999959,36.349464099688475],[113.77361209991852,36.34954190003873],[113.77408150016117,36.349600200388977],[113.77458840033444,36.349626199789327],[113.77668050040484,36.349621900130614],[113.77851780005653,36.349665099964454],[113.77886119988455,36.349619700388928],[113.77908919960691,36.349524599780523],[113.77966050023201,36.34937560010394],[113.77998769967269,36.34930639997043],[113.78025589998981,36.349319399670605],[113.78076819969272,36.349457700112794],[113.78095060019007,36.349513799822034],[113.78113840021706,36.349544099780417],[113.78130470015185,36.349537600380017],[113.78147899955627,36.349446900154362],[113.78183299969328,36.349096900201857],[113.78198329978954,36.348990999634964],[113.7821387997659,36.348911100267117],[113.78232929955755,36.348859300216589],[113.78298640000241,36.348805300424317],[113.78339680022225,36.348774999566615],[113.78385279966699,36.348794499566566],[113.78431139995121,36.348859300216589],[113.78457159989944,36.348885199792164],[113.78492030033169,36.348898099667622],[113.78519650011845,36.348885199792164],[113.78609510000888,36.34857410001473],[113.78658589961958,36.34832570007103],[113.78698559970576,36.348157200394553],[113.78795920035691,36.347906599809789],[113.78854930040995,36.34783739967628],[113.78884429962477,36.347865499892976],[113.78915819989106,36.347887099809839],[113.78948540023111,36.347852600017518],[113.7904429003197,36.347498300406301],[113.7911965996434,36.347126699637556],[113.79171700043923,36.346713999851261],[113.79194500016172,36.346431000290465],[113.79260480037135,36.345147799931055],[113.79321899955721,36.344415400150638],[113.79337999978725,36.344199300257571],[113.79347649974068,36.343929300396951],[113.79360660016448,36.343414100380471],[113.79382520017293,36.342944100290026],[113.79388689996051,36.342794999889406],[113.79399419987249,36.342546599945706],[113.7940827003564,36.342360800010965],[113.79420340016679,36.342110200325521],[113.79448229971842,36.341291300153443],[113.79468349964384,36.340046800319612],[113.79479619998472,36.339297100280987],[113.79527630036102,36.338165000414506],[113.79554990020779,36.337516799660648],[113.79572690027624,36.337216499841645],[113.7959039003448,36.337123599874303],[113.79615340015937,36.337110600174128],[113.79676760024461,36.337261799592454],[113.79772780009796,36.337667999978294]]},"properties":{"FID":8,"osm_id":"746899602","code":8101,"fclass":"river","width":0,"name":"浊漳河","Shape_Leng":0.124619740964,"Shape_Le_1":0.124619741413}},{"type":"Feature","id":9,"geometry":{"type":"LineString","coordinates":[[113.79772780009796,36.337667999978294],[113.79848959961544,36.338022400313548],[113.79961069987394,36.338311900174119],[113.80065950003598,36.338458799933733],[113.80096520028383,36.33847610019194],[113.80117450040291,36.338456700016764],[113.8014801997515,36.338409099800174],[113.80169750023947,36.338340000390758],[113.80180749991621,36.338257900381848],[113.80202469968026,36.337771699904067],[113.80239750014459,36.337255400016772],[113.80265500032806,36.336996100289866],[113.8040819995847,36.335755900114748],[113.80539359963495,36.334228200171367],[113.80624119987158,36.332681199877527],[113.80636449962208,36.332551499652027],[113.80648790009661,36.332465099984404],[113.80664349989763,36.332406699809383],[113.80758230038293,36.332199299957779],[113.80821260013147,36.331914099755977],[113.8085960998302,36.331780099871764],[113.80905210017431,36.331726100079493],[113.81040659968494,36.331583499978592],[113.81073649978964,36.331540300144809],[113.81095380027773,36.331546699720491],[113.81109600018033,36.331570500278417],[113.81128640014731,36.331581300236849],[113.81147150040943,36.331561900061672],[113.81309690000205,36.331114599759019],[113.81357429971422,36.331056199583998],[113.81393370028013,36.33106489962546],[113.81441379975706,36.331155599851115],[113.81592659973285,36.331611600195231],[113.81633969971745,36.331702300420886],[113.81681439966485,36.331780099871764],[113.81713630030004,36.331855699580899],[113.81800529990471,36.332292199925121],[113.81835510020778,36.332465900381067],[113.81866250017436,36.332618500043793],[113.81921499957264,36.332895100028907],[113.81955299987112,36.332985800254505],[113.81998209969424,36.333052799746952],[113.82128830021497,36.333059300046727],[113.82184090033729,36.333048500088239],[113.82244969999374,36.333100300138767],[113.8244372997417,36.333320699690603],[113.82539210006541,36.333525999625238],[113.82586150030806,36.333690199643058],[113.82685119972314,36.334098599770641],[113.82827819987904,36.334481100322591],[113.82857589975799,36.334526400073344],[113.82891390005648,36.334543700331551],[113.8302818003649,36.334377299672667],[113.83083159999842,36.334221799696365],[113.83107570028335,36.334096400028898],[113.83162559974164,36.333798299951638],[113.83190719995741,36.333696699942777],[113.83223710006223,36.333672900284171],[113.83352190031553,36.333586499717228],[113.83416559996249,36.333465500432567],[113.83454649972123,36.333335900031841],[113.83506150008827,36.333232200106011],[113.83539679972262,36.333270999557044],[113.83589029999746,36.33350870026635],[113.83612630008872,36.333573500017053],[113.83648309981527,36.333599500316723],[113.83683979971704,36.333539000224732],[113.83871200025862,36.33274599962823],[113.83976879989029,36.332482400242611],[113.84060290040361,36.332374299934031],[113.84118500008776,36.332376499675775],[113.84231419964067,36.332443500067541],[113.84270040000354,36.332488799818293],[113.84296600038067,36.332501800417788],[113.84342190000075,36.332454300025972],[113.84387519968084,36.332352700017168],[113.8460960997553,36.331328499910398],[113.84645009989231,36.331157799592802],[113.84706170003744,36.330822900156761],[113.84743990003142,36.330462000421051],[113.84774029967514,36.329895899676103],[113.84780730006696,36.329720899699794],[113.84787979981297,36.329621500332053],[113.84800849999237,36.329547999640511],[113.84923430022286,36.329193600204519],[113.8495695998572,36.329189299646487],[113.85004160003984,36.329247599996791],[113.8507684995667,36.329429100272819],[113.85182799986239,36.329759799874921],[113.85225980034954,36.329971500284557],[113.85251729963375,36.330086000168819],[113.85286869983065,36.330124900343947],[113.85312620001423,36.330092499569275],[113.85331119955231,36.330045000076723],[113.85350699994819,36.330038499777004],[113.85366259974921,36.33006230033493],[113.8537618003669,36.330144400343841],[113.85403009960942,36.330602499705662],[113.85419369977944,36.330766699723483],[113.85429829992665,36.330837999773905],[113.85437880004167,36.330952499658167],[113.85440829960339,36.331049800008316],[113.85438139998166,36.33114699963437],[113.85408100033794,36.331510000186427],[113.85404350040733,36.331767199996307],[113.8538799002373,36.332158299865682],[113.85371089963837,36.332778400402901],[113.85343190026208,36.333314300114921],[113.85286330030112,36.333724800159473],[113.85265950043561,36.33380470042664],[113.8524047000169,36.33383069982699],[113.85220619985625,36.333828500085247],[113.85202380025828,36.333869600002117],[113.85182260033275,36.334038099678594],[113.85174749974738,36.334165600162351],[113.8516912003887,36.334303899705276],[113.85161609980321,36.334394599930874],[113.85079259959889,36.334934800200926],[113.85015960008559,36.335291299553887],[113.84864420016982,36.33587039999901],[113.8476142003351,36.336183700417507],[113.84696510025924,36.336278700301818],[113.84628649972228,36.336285199702274],[113.84592710005563,36.33627010008513],[113.84562670041191,36.336293899743737],[113.84542019988237,36.33638030031068],[113.84512509994352,36.336553099645869],[113.84500709989777,36.336741100221673],[113.84500709989777,36.336944200414564],[113.84504729959326,36.337114899832841],[113.84499369999935,36.337296400108812],[113.84468260022186,36.337836600378864],[113.84435000035228,36.338357299749646],[113.84372500030861,36.339037900378855],[113.84356950033225,36.339368400331466],[113.843491699982,36.339677400191931],[113.84349699968686,36.339960399752727],[113.84366329962165,36.340725300132533],[113.84376789976886,36.341485800129647],[113.84375180010557,36.342248400043673],[113.84358290023067,36.342570299779538],[113.84345410022661,36.343304900201019],[113.8433655997427,36.343711099687539],[113.84310279985436,36.344361400358366],[113.8430785999974,36.345026799747075],[113.84310809955923,36.345324899824334],[113.84330930038402,36.345897400144963],[113.84346480036027,36.346333799765091],[113.84366870005056,36.346802600159947],[113.84406570037186,36.347357800222369],[113.84474430000955,36.348129100177857],[113.84522169972172,36.348958599759612],[113.84546039957786,36.349496600287921],[113.84565619997375,36.349727699973414],[113.84629190015119,36.350131699718247],[113.84658159966114,36.350224599685589],[113.84681759975251,36.350269900335661],[113.8471099999266,36.350276399736117],[113.84793340030626,36.350291500252581],[113.84837599985258,36.350377899920204],[113.84863080027128,36.350459999929114],[113.84903310029745,36.350513999721386],[113.8497198001287,36.350550799979487],[113.85020789997463,36.350578900196126],[113.85091869983819,36.35074739987266],[113.85173409984884,36.351013100074567],[113.85248780007203,36.351384600119275],[113.8528258003704,36.351611499970772],[113.8530832996546,36.351689199596933],[113.85484010009066,36.352045699849214],[113.85517810038914,36.352112600416206],[113.85547039983919,36.352138599816556],[113.85584590006829,36.352136400074869],[113.85679539978798,36.352162299650445],[113.857221899671,36.352214200425067],[113.85756790033838,36.352211999784004],[113.85856569994712,36.352170999691907],[113.85900289996391,36.352216300342036],[113.85939180009154,36.352268200217338],[113.85964659961098,36.352294099792914],[113.86052640007335,36.352259500175819],[113.8608777004456,36.352207700125291],[113.86108160013578,36.352190399867141],[113.86127200010276,36.352196900166859],[113.86298059957505,36.352514400419295],[113.86358139976187,36.352700200354036],[113.86390059973291,36.35282550019673],[113.8641420002532,36.352898900164178],[113.86434849988348,36.352935700422279],[113.86464090005757,36.352927000380816],[113.86497619969191,36.352875200330288],[113.86526850004134,36.352866500288826],[113.86648889984292,36.353017800431189],[113.86760470039667,36.353153800407597],[113.86792929989736,36.353164600366085],[113.86821629964254,36.353108499757525],[113.86864540036504,36.353061000265029],[113.86937499965654,36.353084700098862],[113.8697237000888,36.353119299715956],[113.87031640008183,36.353065299923685],[113.87077779995559,36.352993999873263],[113.87109959986674,36.352963799739598],[113.87137590037753,36.352987499573487],[113.87149390042327,36.353022100089902],[113.87182379962871,36.353320200167161],[113.87205180025046,36.3534541002266],[113.87236569961738,36.353559999894117],[113.87318369956813,36.353732800128682],[113.87410640039013,36.353989800289128],[113.87454089974278,36.354050300381118],[113.87506930000825,36.354086999915182],[113.87555210014932,36.35408270025647],[113.87589149979294,36.354070699703072],[113.87608320017955,36.354067599740006]]},"properties":{"FID":9,"osm_id":"746899612","code":8101,"fclass":"river","width":0,"name":"浊漳河","Shape_Leng":0.12023573104099999,"Shape_Le_1":0.12023573274300001}},{"type":"Feature","id":10,"geometry":{"type":"LineString","coordinates":[[113.87608320017955,36.354067599740006],[113.87663569957795,36.353659300336517],[113.87768179997511,36.353212199683298],[113.87872519970824,36.352914099606039],[113.88037739999709,36.352525200377727],[113.88121690003993,36.352389099677282],[113.88151729968365,36.352352400143218],[113.88168359961844,36.352298400350946],[113.88183379989005,36.352183899567365],[113.88261169997008,36.351144800392262],[113.88326880041484,36.349997699834034],[113.88377309974885,36.348928399626004],[113.88403059993232,36.347139600412277],[113.88401450026902,36.346392100115395],[113.88410030008879,36.345528000017225],[113.88438999959885,36.344767500020168],[113.88487279973992,36.344201499999258],[113.88630509960069,36.343207699675645],[113.88691659992116,36.342568199862569],[113.88918040035526,36.340684200215719],[113.88986169975772,36.340247799696272],[113.89034449989879,36.340118100370091],[113.89091309985974,36.340074899636988],[113.89147099968693,36.340087900236483],[113.89257610010702,36.340580500289889],[113.89301599988858,36.34076630022463],[113.89361139964649,36.340874299809116],[113.89502759984396,36.340995299993153],[113.89587520008047,36.34095210015937],[113.89829460031558,36.340697199915894],[113.89877200002786,36.340671199616224],[113.89907780010049,36.340718799832814],[113.89933530028395,36.340844099675508],[113.90009160044701,36.342084200025852],[113.9002900997084,36.342823100106045],[113.90021500002229,36.343453999702376],[113.90019359975486,36.343808300212913],[113.9003115998006,36.344084800373309],[113.90050470043161,36.344262000091305],[113.90086410009815,36.344434800325814],[113.90113769994491,36.344646499836131],[113.90220519971024,36.345826100094484],[113.90283290041805,36.346806899818603],[113.90383060020213,36.348755600290758],[113.90458700018996,36.349598099572688],[113.90489280026259,36.350730099614452],[113.90512349974972,36.351611499970772],[113.90527370002133,36.351797200080796],[113.90555800000175,36.351883599748362],[113.90600320038743,36.3520045999324],[113.90619100041442,36.352099699641485],[113.90632510012335,36.352233599700924],[113.90670730030172,36.352576000382157],[113.90711370033705,36.352760700446026],[113.90793440005257,36.352920500081041],[113.9084655000828,36.352920500081041],[113.90906099966548,36.352758499804963],[113.9102867000712,36.352328599585235],[113.91219650036828,36.351322000110258],[113.91268190044946,36.351023900032999],[113.91277040003399,36.350797000181444],[113.91261220029287,36.350025800050673],[113.91269800011264,36.349613200089152],[113.9132881001658,36.347554400115541],[113.91335249971814,36.346128599655174],[113.91350269998964,36.345381100257612],[113.91383529985922,36.344296599708343],[113.91420009995466,36.341163799669687],[113.91440439984319,36.339658400215058],[113.91387279978994,36.337322299684445],[113.91380850006226,36.336004300058448],[113.91333640005485,36.334522100414631],[113.91257459963811,36.332780600144645],[113.91240829970332,36.330827199815474],[113.91245129988761,36.330243799711639],[113.91261220029287,36.329911000192567],[113.91299310005161,36.329543699981798],[113.91364749983234,36.328908400002717],[113.91398550013082,36.328467599999783],[113.91417320033304,36.32769830013649],[113.9143341996637,36.326954899848829],[113.91454339995801,36.326665399988258],[113.91485990016429,36.326488200270262],[113.91541239956268,36.326492499928975],[113.91691450030396,36.32645790031188],[113.91937670017467,36.326004099709507],[113.92036379964975,36.326086199718418],[113.921442000448,36.326302299611484],[113.92219840043595,36.326419000136809],[113.92289039997206,36.326406100261352],[113.9237755001393,36.326423299795522],[113.92449969990128,36.326557299679678],[113.92564769978162,36.326976499765692],[113.92643089956641,36.327425999810089],[113.92693519979969,36.327849499554816],[113.92784180005913,36.328687999551562],[113.92838889992788,36.329470200189633],[113.92881270004614,36.330563600429855],[113.92888250002738,36.331544599803465],[113.92846940004279,36.333411499740976],[113.92837819979411,36.334725199708259],[113.92848549970608,36.335585199797208],[113.92882879970944,36.336116700025741],[113.92925259982769,36.336505600153373],[113.9306420002282,36.337145199791166],[113.93239080029525,36.338000800396685],[113.93306139956405,36.338225499607177],[113.93385530038188,36.338342200132502],[113.93585089959936,36.338281700040454],[113.93707390024042,36.338039699672436],[113.94027109983142,36.337577299752638],[113.94301239980246,36.336911799639893],[113.94613439988268,36.336077799850614],[113.94832850016019,36.335861699957547],[113.95024899969167,36.335900600132618],[113.95109120039865,36.336043200233576],[113.95162760013375,36.336397599669567],[113.952051400252,36.336985300331378],[113.95233029980352,36.337577299752638],[113.95243759971549,36.338130399898091],[113.9524645002366,36.33845450027502],[113.9524215000522,36.338813200269044],[113.95183680042805,36.339733599725889],[113.95160610004154,36.340118100370091],[113.95156860011082,36.340511399981153],[113.95177780040524,36.340805200399757],[113.95257709985333,36.341466300129696],[113.95317790004015,36.341760200373017],[113.9536177998217,36.342006500399748],[113.95385920034187,36.342235500168272],[113.95413280018863,36.342883600198036],[113.95455119987798,36.343220599551103],[113.95506620024503,36.343497200435479],[113.95535050022545,36.343752099779636],[113.9553933996857,36.344024300281262],[113.95527539964007,36.344262000091305],[113.95393969955751,36.345130499672848],[113.95275950035068,36.34545450022506],[113.95092489956448,36.346266800272645],[113.94996459988647,36.346379200239937],[113.94758819983565,36.346513100299376],[113.94673529989427,36.346396499598825],[113.94551220032781,36.346266800272645],[113.94326449955702,36.346258200055956],[113.94252420013174,36.346344599723523],[113.94192339994504,36.346586600091598],[113.94136550011785,36.346923600343928],[113.93997609971734,36.348392599738759],[113.93938599966418,36.349360499587419],[113.93889250028872,36.351239900101348],[113.93879589961114,36.352129899775093],[113.93913919961449,36.352890299947433],[113.93938599966418,36.353853699588626],[113.93985270014207,36.354527700093342],[113.94022289976704,36.354920899879687],[113.94218619983337,36.355815200111465],[113.9449059997122,36.356510699809007],[113.94572139972286,36.356787199969347],[113.94721269960644,36.357474100349521],[113.94837139962044,36.358083300204214],[113.94876300041221,36.358156700171605],[113.95001830020442,36.357888900052728],[113.95235179989572,36.35701619973787],[113.95388600013882,36.35611759984738],[113.95493740024085,36.355417699767088],[113.9578770996485,36.352160199733476],[113.960258999953,36.348003800335164],[113.96109580023108,36.346733499851211],[113.96241539975097,36.345290400032013],[113.96384239990687,36.343449700043664],[113.96391749959298,36.343017600082248],[113.96329520021334,36.342187899951682],[113.96267289993443,36.340234799996097],[113.96267289993443,36.339612600441228],[113.96279099980484,36.339024899779361],[113.96312349984964,36.33855820020085],[113.96609540038253,36.336293899743737],[113.96762969955103,36.335386400162292],[113.96848799992131,36.334712299832802],[113.9699577997128,36.33282809963714],[113.97223230028044,36.328955900394533],[113.97380949980868,36.325559000047861],[113.97485550038107,36.32117209991253],[113.97582650019285,36.318526899696735],[113.97617519972573,36.318003899860116],[113.97652919986274,36.317684000216502],[113.97702279996236,36.317463599765347],[113.978653500159,36.31707890037103],[113.97984979992839,36.316689900418623],[113.98038089995862,36.316404600392048],[113.98272509978358,36.315501199920504],[113.9838195000699,36.315315300161046],[113.98480120001545,36.315103499926636],[113.98680750026597,36.31479659998314],[113.98747799970999,36.314857199899905],[113.98798759964802,36.31498680030063],[113.9883416996098,36.315259099727712],[113.98861530035583,36.315665499763043],[113.98874940006488,36.31621869973327],[113.98867430037876,36.316741699569832],[113.98836309987723,36.317882899676135],[113.98778379978262,36.318756000189296],[113.98733319986729,36.31911470018332],[113.98664120033118,36.319564200227717],[113.98633540025855,36.319871100171213],[113.98558970040438,36.321202300046139],[113.98489769996888,36.322805900072296],[113.98482260028288,36.323722099695203],[113.98508819976064,36.325597000001608],[113.98542339957032,36.327011100282107],[113.98614229962743,36.328471899658496],[113.98769799996273,36.32991529985128],[113.98871180030937,36.330421000328954],[113.99029969997127,36.330775299940171],[113.9911258001157,36.330809899557266],[113.99199490044441,36.330628400180558],[113.99259030020221,36.330442600245874],[113.99341640034663,36.330455500121275],[113.99431229957304,36.330671600014398],[113.99616300002253,36.331760699696588],[113.9965116995553,36.332374299934031],[113.99675310007558,36.333260199598612],[113.99667259996056,36.33434060013866],[113.99561580032901,36.335481499871378],[113.99372220041926,36.336190199817906],[113.99193049999269,36.335840100040627],[113.99100239964105,36.335727799898109],[113.98942799970246,36.336313299918913],[113.98843819956335,36.33690749998118],[113.98798229994327,36.337413099734817],[113.98748869984365,36.338242799865384],[113.98744049977927,36.338916900194818],[113.98766040020735,36.340818200099932],[113.98796620027997,36.34186390029879],[113.98853480024093,36.343242200367285],[113.98867430037876,36.343851500046753],[113.98858839983484,36.344218800257465],[113.9882450998316,36.344495300417805],[113.98693620044537,36.34551500031705],[113.98462410012223,36.346275500314164],[113.98359949981716,36.346288500014339],[113.98293969960753,36.346102700079598],[113.98109970019107,36.344750199761961],[113.97966209972617,36.343691599687645],[113.97800979961266,36.343034799616362],[113.97732319960608,36.342944100290026],[113.97651849972908,36.342931099690531],[113.97590159987897,36.343082399832952],[113.97437809976952,36.34366139955398],[113.97296730000096,36.345026799747075],[113.97139550000236,36.347493900023494],[113.9708590004426,36.349835699557957],[113.97030109971604,36.353102000357069],[113.9703332999419,36.356048500438021],[113.970708800171,36.35695569964588],[113.97194269969589,36.35848500038253],[113.97316570033684,36.359072600320303],[113.97487160004437,36.359158999987926],[113.97788640003739,36.358847900210492],[113.98067590007281,36.358096200079615],[113.98234959955448,36.357327199690587],[113.98306849961159,36.356877900195002],[113.98463490008066,36.355288100265682],[113.98562189973097,36.354640100060635],[113.98719910015836,36.35410430017339],[113.98817539967501,36.353870999846833],[113.98895860035918,36.353499499802126],[113.99063229984085,36.352168799950221],[113.99153349967128,36.35156389975424],[113.99278880036286,36.351106000041909],[113.99347540036945,36.350587500412871],[113.99562119985853,36.348064300427154],[113.99620059977792,36.347243300338107],[113.99629709973146,36.346612499667174],[113.99644730000296,36.346007600370513],[113.99689789991817,36.345532299675938],[113.99951580031404,36.343899000438569],[114.00180100011607,36.342887899856748],[114.00309920026791,36.342568199862569],[114.00374289991498,36.342585500120776],[114.00465489970395,36.34279289997238],[114.00607109990142,36.343449700043664],[114.0069294002717,36.344080499815277],[114.00757850034756,36.344858300070541],[114.00810150018413,36.345815300136053],[114.00879620038438,36.348146400436065],[114.00854940033457,36.350267800418692],[114.00830799981441,36.352242199917669],[114.0085923996196,36.352760700446026],[114.00908589989444,36.353006999573438],[114.01199339997549,36.35416480026538],[114.0151209003094,36.354704899811338],[114.01696089972586,36.354722100244771],[114.01858089978873,36.354583899627301],[114.02027069983296,36.35414320034846],[114.02209459958613,36.353335299784305],[114.02321040013987,36.352799599721777],[114.02387020034951,36.352203399567316],[114.0252273996249,36.350358499745028],[114.02603740010602,36.349282700136541],[114.0266383001175,36.347502600065013],[114.02648809984601,36.346171800388333],[114.02630570024792,36.345065699922145],[114.02626270006363,36.343389199951673],[114.02642370029355,36.34226570030188],[114.02654170033929,36.34131509981205],[114.02643440042732,36.339016299562616],[114.02629490028949,36.338221199948464],[114.02544739987763,36.336311200001944],[114.02366639958473,36.333994899844811],[114.02050140021947,36.330900699607639],[114.01976109989494,36.329820299966912],[114.01936409957364,36.329094199937401],[114.01927829975375,36.328532399750486],[114.01946070025122,36.326293700294059],[114.01987909994057,36.325394700205322],[114.02046919999361,36.324806899718681],[114.02116659995863,36.324668600175812],[114.02174590005336,36.324824199976888],[114.02287239984139,36.32609489975988],[114.02339820016687,36.326509800187182],[114.02476070004639,36.326786400172296],[114.02804370035653,36.326890100098069],[114.03337600020234,36.327020800369667],[114.03828979963464,36.326699899780579],[114.03940560018839,36.32669129956389],[114.04029609988515,36.326898800139588],[114.04490949967374,36.329491800106553],[114.04645440005061,36.329984499984732],[114.04768819975072,36.330122800426977],[114.04868600025873,36.32997579994327],[114.04953359959597,36.329690599741411],[114.05056360032995,36.328981899794883],[114.05278439968038,36.32656160023771],[114.05320290009388,36.325463900338775],[114.05311700044922,36.32175559984114],[114.05314919977582,36.321046800069837],[114.05324579955402,36.320285999699195],[114.05349249977905,36.319542600310797],[114.05382509964875,36.318704100314051],[114.0552627999383,36.318185400136144],[114.05674339968823,36.318073000168852],[114.05829910002353,36.318124900044154],[114.0592967998075,36.318038500376531],[114.06089539960306,36.317805100225257],[114.06282660016757,36.3171393995637],[114.0635990998187,36.316681200377161],[114.0638780002696,36.31628360020801],[114.06392099955451,36.315522799837368],[114.06325579981535,36.313352900316147],[114.06358839968493,36.312159900159315],[114.06419990000541,36.310690100367879],[114.06548740002358,36.30697249998093],[114.06628129994215,36.305986899675759],[114.06712890017866,36.305113600412369],[114.06798719964956,36.304681299902143],[114.0690600998438,36.304620799810095],[114.07035829999563,36.304957999711974],[114.0717530001009,36.305139499988002],[114.07320139962496,36.305347100388417],[114.07454250013632,36.30635860026922],[114.07499310005164,36.30703300007292],[114.07517549964962,36.307603600126072],[114.07505749960399,36.308061900036705],[114.07380219981178,36.309765099979415],[114.07361980021369,36.310638300317351],[114.07372710012567,36.311433700305088],[114.07404899986147,36.312030199933815],[114.07723540039342,36.314917699991895],[114.08053989989651,36.317407400231389],[114.08165569955099,36.318729999889626],[114.08241749996773,36.320242799865355],[114.08248179969542,36.324703199792907],[114.08117290030918,36.328610200100684],[114.0801858997595,36.333208400447347],[114.08070090012654,36.335058000126651],[114.08190249960069,36.337339599942652],[114.08276079997097,36.338342200132502],[114.08349040016185,36.338756999835709],[114.08464910017585,36.339068099613144],[114.08609749969992,36.339223700313596],[114.08684850015823,36.339189099797181],[114.08805009963248,36.338428599800068],[114.09052849989041,36.337356900200859],[114.09153699963292,36.336458099761558],[114.09265280018667,36.335628399630991],[114.09500240044053,36.33440110023065],[114.09592510036316,36.334193700379046],[114.09675119960821,36.333986299628066],[114.0974271003804,36.333683800067377],[114.09900429990853,36.332404599892413],[114.09963730032121,36.33170450016263],[114.09992690000649,36.331350099827318],[114.10034540042,36.331073499842205],[114.10197609971726,36.330883400248752],[114.10589220026486,36.329707899999619],[114.11068830002512,36.328903399772116],[114.1132413997708,36.328662000151212],[114.11693209963676,36.328999100228373],[114.11915299971122,36.329094199937401],[114.12045119986306,36.328964600435995],[114.12183519983466,36.328610200100684],[114.12298319971501,36.327953300204683],[114.12385220021895,36.327227200175173],[114.12432430022636,36.326544399804277],[114.12449599969068,36.325783700157672],[114.12453890005031,36.323674600202708],[114.12432430022636,36.322576799579679],[114.12404539977547,36.321677800390205],[114.123787899592,36.320908399802875],[114.12374500013175,36.320372500090855],[114.12402660034741,36.319685300236472],[114.12540789965487,36.318790499981617],[114.12631990034322,36.318548499613598],[114.13481709972939,36.317632200165974],[114.13718820007546,36.317026999596408],[114.13920519956037,36.316369999875633],[114.14005279979699,36.314986900125405],[114.14048189962,36.313050399856138],[114.14056770033915,36.308520100122564],[114.14138310034991,36.30658350002858],[114.14241310018451,36.305891799966673],[114.14422129957336,36.305171899863353]]},"properties":{"FID":10,"osm_id":"748909755","code":8101,"fclass":"river","width":0,"name":"漳河","Shape_Leng":0.60041175666000002,"Shape_Le_1":0.60041175896599996}},{"type":"Feature","id":11,"geometry":{"type":"LineString","coordinates":[[114.20744309981922,36.281487199774517],[114.20782379992852,36.281352299668924],[114.20887649955091,36.280829299832362],[114.20933099982585,36.280603499851679],[114.21037340041221,36.280085500245718]]},"properties":{"FID":11,"osm_id":"748909759","code":8101,"fclass":"river","width":0,"name":"漳河","Shape_Leng":0.0032508649132200001,"Shape_Le_1":0.0032508652279999999}},{"type":"Feature","id":12,"geometry":{"type":"LineString","coordinates":[[115.03989400020805,36.880542699985654],[115.0414252003128,36.881811100202185],[115.04476459980651,36.88468170020036],[115.0479348997759,36.887498500055813],[115.04838560041514,36.887944699588274],[115.04860819970872,36.888204199863992],[115.04997340025227,36.890124200271657],[115.05378749969339,36.895362600103965],[115.05971789996113,36.904377700170755],[115.06196020030302,36.90791869978824],[115.06264449984383,36.908885399941312],[115.0632477003212,36.90973739966131],[115.06455659970732,36.911534600341611],[115.06632150033704,36.913915100401596],[115.06736750001016,36.914983000365226],[115.0684784999828,36.916093000291767],[115.06963130044426,36.917350499825773],[115.07214719973354,36.91999240042901],[115.07500110022067,36.92303309999761],[115.07755989986958,36.925854900083607],[115.0795662001201,36.928312099723655],[115.08210899993048,36.931189399671098],[115.08311210014335,36.932493000251839],[115.08449610011496,36.934293999668398],[115.08620199982249,36.936639400088268],[115.08807959989372,36.939323499579871],[115.08899690028682,36.94067409963003],[115.08924359961247,36.941252899701624],[115.08949039966228,36.942063300381051],[115.09097100031147,36.947465300383385],[115.09135719977496,36.948978600382134],[115.092135099855,36.950650600145138],[115.09529469969073,36.956099200317908],[115.09602429988161,36.95735090012397],[115.09714540014022,36.960471499959795],[115.09844899982158,36.964350599700481],[115.09864859985305,36.965563900253869],[115.09880709996776,36.967098800169538]]},"properties":{"FID":12,"osm_id":"771206335","code":8101,"fclass":"river","width":0,"name":"老漳河","Shape_Leng":0.106388939155,"Shape_Le_1":0.106388939209}},{"type":"Feature","id":13,"geometry":{"type":"LineString","coordinates":[[114.2052372004365,36.28222340008989],[114.20744309981922,36.281487199774517]]},"properties":{"FID":13,"osm_id":"889174122","code":8101,"fclass":"river","width":0,"name":"漳河","Shape_Leng":0.00232550752529,"Shape_Le_1":0.0023255070395599999}},{"type":"Feature","id":14,"geometry":{"type":"LineString","coordinates":[[114.14422129957336,36.305171899863353],[114.18644419984003,36.28721409965101],[114.19665809979153,36.284031600378114],[114.2052372004365,36.28222340008989]]},"properties":{"FID":14,"osm_id":"889174123","code":8101,"fclass":"river","width":0,"name":"漳河","Shape_Leng":0.065348879082000003,"Shape_Le_1":0.065348879838400001}}]
}