{
"type": "FeatureCollection",
"name": "Zhanghe_Zhnagshui",
"crs": { "type": "name", "properties": { "name": "urn:ogc:def:crs:OGC:1.3:CRS84" } },
"features": [
{ "type": "Feature", "properties": { "osm_id": "58755235", "code": 8101, "fclass": "river", "width": 0, "name": "浊漳河", "Shape_Leng": 0.35389690457900003 }, "geometry": { "type": "LineString", "coordinates": [ [ 113.506405100000052, 36.363726700000029 ], [ 113.508418300000017, 36.363343900000075 ], [ 113.510232300000098, 36.362451800000031 ], [ 113.512802100000044, 36.358762200000058 ], [ 113.514571900000078, 36.355080100000066 ], [ 113.51610160000007, 36.35300170000005 ], [ 113.517550200000073, 36.352864600000032 ], [ 113.520084100000076, 36.352601600000071 ], [ 113.522614400000066, 36.352946300000042 ], [ 113.523507600000016, 36.35363760000007 ], [ 113.528142500000058, 36.359443900000031 ], [ 113.53312070000004, 36.362346900000034 ], [ 113.534253100000115, 36.362042400000064 ], [ 113.537927200000013, 36.359443900000031 ], [ 113.54101710000009, 36.35930570000005 ], [ 113.543420300000093, 36.359443900000031 ], [ 113.545308600000112, 36.357923300000039 ], [ 113.548913500000026, 36.355573100000072 ], [ 113.552003400000103, 36.353775800000051 ], [ 113.554406700000072, 36.354190600000038 ], [ 113.555612700000097, 36.355519400000048 ], [ 113.555178, 36.356362800000056 ], [ 113.555354800000032, 36.357759200000032 ], [ 113.55578, 36.358614500000044 ], [ 113.555951600000071, 36.360135100000036 ], [ 113.555713300000093, 36.360900100000038 ], [ 113.55518440000003, 36.361239 ], [ 113.555105, 36.362100800000064 ], [ 113.555387800000062, 36.365331300000037 ], [ 113.557153300000095, 36.366770400000064 ], [ 113.561273100000108, 36.367876200000069 ], [ 113.568311200000039, 36.367876200000069 ], [ 113.573461100000031, 36.367461500000047 ], [ 113.577409300000113, 36.365664500000037 ], [ 113.579469200000062, 36.362899900000059 ], [ 113.580626200000097, 36.360660300000063 ], [ 113.580804700000044, 36.359415700000056 ], [ 113.5802738000001, 36.357877200000075 ], [ 113.580327500000067, 36.355987800000037 ], [ 113.579700900000034, 36.354350100000033 ], [ 113.578660900000045, 36.353269900000043 ], [ 113.5791259, 36.352393300000074 ], [ 113.57967050000002, 36.351169600000048 ], [ 113.579727700000035, 36.350419200000033 ], [ 113.580368500000077, 36.349707300000034 ], [ 113.582596200000012, 36.349208100000055 ], [ 113.584790700000099, 36.349213400000053 ], [ 113.594232100000113, 36.355158300000028 ], [ 113.597225300000105, 36.356110500000057 ], [ 113.598975500000051, 36.356172100000038 ], [ 113.600740500000029, 36.355786800000033 ], [ 113.603029300000117, 36.354741 ], [ 113.607013500000107, 36.351626600000031 ], [ 113.609445400000027, 36.350161300000025 ], [ 113.611904500000037, 36.34941850000007 ], [ 113.613629800000012, 36.348897400000055 ], [ 113.615664500000094, 36.348847500000034 ], [ 113.619839800000022, 36.349938200000054 ], [ 113.621463800000015, 36.350299900000039 ], [ 113.62115760000006, 36.351336100000026 ], [ 113.621232600000099, 36.351952400000073 ], [ 113.6208143, 36.352856900000063 ], [ 113.6203541000001, 36.353293 ], [ 113.618955400000118, 36.35375380000005 ], [ 113.618174600000089, 36.354466100000025 ], [ 113.618446800000015, 36.355615700000044 ], [ 113.619128800000112, 36.356518700000038 ], [ 113.619203200000015, 36.357187 ], [ 113.618735400000105, 36.357686800000067 ], [ 113.61839950000001, 36.358387300000061 ], [ 113.618600800000081, 36.359286500000053 ], [ 113.618813400000022, 36.359777600000029 ], [ 113.619161700000063, 36.359911900000043 ], [ 113.620261100000107, 36.360055400000078 ], [ 113.620734500000026, 36.360393600000066 ], [ 113.621105100000023, 36.360330300000044 ], [ 113.621725, 36.360626400000058 ], [ 113.622260800000049, 36.36076 ], [ 113.622799100000066, 36.36114880000008 ], [ 113.623156900000026, 36.36117310000003 ], [ 113.623419400000103, 36.361336 ], [ 113.623760200000106, 36.361755300000027 ], [ 113.624111, 36.362018400000068 ], [ 113.625526200000081, 36.362641900000028 ], [ 113.627104200000076, 36.362952700000051 ], [ 113.630303900000058, 36.362489500000038 ], [ 113.630900200000042, 36.362312600000052 ], [ 113.631369, 36.361883300000045 ], [ 113.631366700000058, 36.361271 ], [ 113.631583500000033, 36.359810100000061 ], [ 113.631827, 36.358774900000071 ], [ 113.631896200000028, 36.357767800000033 ], [ 113.632084700000064, 36.35724440000007 ], [ 113.633063100000072, 36.356736500000068 ], [ 113.63304160000007, 36.356276500000035 ], [ 113.633085600000072, 36.355965500000025 ], [ 113.633381100000065, 36.355624600000056 ], [ 113.633776300000022, 36.355615200000045 ], [ 113.634017500000027, 36.355414600000074 ], [ 113.634023900000102, 36.355222100000049 ], [ 113.634645600000113, 36.35474750000003 ], [ 113.634429200000113, 36.354267100000072 ], [ 113.634760700000015, 36.353640800000051 ], [ 113.634651300000087, 36.353410900000029 ], [ 113.635000200000036, 36.353192 ], [ 113.635528400000112, 36.353108600000041 ], [ 113.636096700000053, 36.353122700000029 ], [ 113.636647400000015, 36.352862800000025 ], [ 113.636831700000016, 36.35260610000006 ], [ 113.637132300000076, 36.352350200000046 ], [ 113.637235, 36.351960900000051 ], [ 113.637145200000077, 36.351540800000066 ], [ 113.636832900000059, 36.35137270000007 ], [ 113.636611400000106, 36.351345200000026 ], [ 113.636497100000042, 36.351056700000072 ], [ 113.636536700000079, 36.350291100000049 ], [ 113.636861400000043, 36.348945900000047 ], [ 113.637889100000052, 36.347336800000051 ], [ 113.638294700000074, 36.346314100000029 ], [ 113.640249400000016, 36.345569100000034 ], [ 113.642094200000088, 36.345463400000028 ], [ 113.642932300000098, 36.345245400000067 ], [ 113.646348300000113, 36.344043200000044 ], [ 113.647353800000019, 36.343457500000056 ], [ 113.649419300000091, 36.341651400000046 ], [ 113.649926300000061, 36.341315900000041 ], [ 113.650166500000068, 36.341269100000034 ], [ 113.650304300000016, 36.341242200000067 ], [ 113.650763400000073, 36.341224300000079 ], [ 113.652514500000052, 36.340474900000061 ], [ 113.653321500000061, 36.339943400000038 ], [ 113.653726500000062, 36.339282400000059 ], [ 113.654735300000084, 36.338916300000051 ], [ 113.657049, 36.338266200000078 ], [ 113.658474400000046, 36.337222100000076 ], [ 113.659880200000089, 36.337153400000034 ], [ 113.660656700000118, 36.336720400000047 ], [ 113.661942700000054, 36.336415600000066 ], [ 113.663154700000064, 36.336454900000035 ], [ 113.665783200000078, 36.336278100000072 ], [ 113.666240200000061, 36.33608780000003 ], [ 113.666698700000097, 36.336114500000065 ], [ 113.66710420000004, 36.336391100000071 ], [ 113.66736440000011, 36.336814 ], [ 113.668080900000064, 36.33800240000005 ], [ 113.668343200000095, 36.339353 ], [ 113.668061, 36.340333500000042 ], [ 113.668089100000088, 36.340904700000067 ], [ 113.668392500000095, 36.341525800000056 ], [ 113.668968800000016, 36.342288800000063 ], [ 113.669641100000035, 36.343088900000055 ], [ 113.670743800000082, 36.343689200000028 ], [ 113.671285700000112, 36.343803600000058 ], [ 113.672253100000034, 36.343483500000048 ], [ 113.672691200000031, 36.343134300000031 ], [ 113.673303600000054, 36.341029700000036 ], [ 113.673642700000073, 36.339201400000036 ], [ 113.674167700000112, 36.338909 ], [ 113.674897700000088, 36.338764 ], [ 113.676107200000047, 36.338657500000068 ], [ 113.677025200000116, 36.338818700000047 ], [ 113.67819940000004, 36.339335600000027 ], [ 113.678747700000031, 36.339407200000039 ], [ 113.679170400000089, 36.339508500000079 ], [ 113.67952020000007, 36.339592400000072 ], [ 113.680279700000028, 36.339864100000057 ], [ 113.680837600000018, 36.340205800000035 ], [ 113.683285700000056, 36.340765300000044 ], [ 113.686416100000088, 36.341859500000055 ], [ 113.686863500000072, 36.341947900000036 ], [ 113.68755340000007, 36.342084200000045 ], [ 113.689613300000019, 36.342447200000038 ], [ 113.6901176, 36.342706500000077 ], [ 113.690257100000053, 36.343078100000071 ], [ 113.690203400000087, 36.343466900000067 ], [ 113.689795700000104, 36.344002700000033 ], [ 113.689355800000044, 36.344495300000062 ], [ 113.687049100000081, 36.345895300000052 ], [ 113.686108500000046, 36.346244100000035 ], [ 113.685798700000078, 36.347221600000069 ], [ 113.686132300000054, 36.34797640000005 ], [ 113.685879100000079, 36.348265800000036 ], [ 113.685589700000037, 36.348455200000046 ], [ 113.685235600000055, 36.34860720000006 ], [ 113.685117700000092, 36.348872300000039 ], [ 113.68483660000004, 36.349031900000057 ], [ 113.684453, 36.349256700000069 ], [ 113.684230900000102, 36.349246500000049 ], [ 113.683839700000021, 36.349386100000061 ], [ 113.683381300000065, 36.349877200000037 ], [ 113.682252100000028, 36.350607900000057 ], [ 113.681352100000026, 36.351235600000052 ], [ 113.680971100000079, 36.351770100000067 ], [ 113.681020100000069, 36.352021600000057 ], [ 113.680956600000059, 36.352262500000052 ], [ 113.680782300000033, 36.352430600000048 ], [ 113.680732, 36.35294870000007 ], [ 113.680965900000047, 36.353361200000052 ], [ 113.681366500000081, 36.353768800000068 ], [ 113.681618, 36.353755400000068 ], [ 113.681944, 36.353530400000068 ], [ 113.683373500000016, 36.353654600000027 ], [ 113.68396580000001, 36.353708300000051 ], [ 113.684320200000116, 36.35390330000007 ], [ 113.684452800000031, 36.354264 ], [ 113.685697800000071, 36.355331 ], [ 113.685458400000016, 36.35614060000006 ], [ 113.685296400000084, 36.357386 ], [ 113.685620100000051, 36.358133400000042 ], [ 113.687848600000052, 36.359569800000031 ], [ 113.688669200000049, 36.359815600000047 ], [ 113.68906620000007, 36.359841500000073 ], [ 113.689570400000093, 36.359729200000061 ], [ 113.690841800000044, 36.359007800000029 ], [ 113.691104600000017, 36.35893 ], [ 113.691855700000019, 36.358796100000063 ], [ 113.692156100000034, 36.358627600000034 ], [ 113.692381400000045, 36.35839 ], [ 113.69295000000011, 36.357880200000068 ], [ 113.694244100000105, 36.356333100000029 ], [ 113.695421200000055, 36.355095100000028 ], [ 113.696075600000086, 36.354599700000051 ], [ 113.696812300000033, 36.354475900000068 ], [ 113.697531300000037, 36.35475230000003 ], [ 113.698060500000111, 36.354792700000075 ], [ 113.699061900000061, 36.354700500000035 ], [ 113.699576900000011, 36.354781200000048 ], [ 113.699988100000041, 36.355037500000037 ], [ 113.700267100000019, 36.355314 ], [ 113.700413700000013, 36.356206900000075 ], [ 113.700752500000021, 36.357108100000062 ], [ 113.700825, 36.357893200000035 ], [ 113.700814200000082, 36.358485 ], [ 113.70060500000011, 36.359051 ], [ 113.69997740000008, 36.359772400000054 ], [ 113.699612600000023, 36.360066200000063 ], [ 113.69934980000005, 36.360213 ], [ 113.698942100000068, 36.360368600000072 ], [ 113.698677400000065, 36.360443300000043 ], [ 113.69842170000004, 36.360515400000054 ], [ 113.698073, 36.360701200000051 ], [ 113.697123500000089, 36.361578200000054 ], [ 113.696348, 36.362317400000052 ], [ 113.695746500000041, 36.362587100000042 ], [ 113.695262400000047, 36.362842900000032 ], [ 113.695054200000072, 36.363290400000039 ], [ 113.695234400000118, 36.363776200000075 ], [ 113.695629100000019, 36.363972800000056 ], [ 113.696272300000032, 36.364417 ], [ 113.697606300000075, 36.365414200000032 ], [ 113.6987679, 36.365925200000049 ], [ 113.700423500000056, 36.366396500000064 ], [ 113.701246500000025, 36.36641110000005 ], [ 113.702396500000077, 36.366254500000025 ], [ 113.703196, 36.36610010000004 ], [ 113.703980400000091, 36.36577090000003 ], [ 113.704128400000059, 36.365449800000079 ], [ 113.704558800000086, 36.365132500000072 ], [ 113.705138300000044, 36.364719500000035 ], [ 113.705803100000026, 36.363962700000059 ], [ 113.708592600000088, 36.360325400000079 ], [ 113.709707900000012, 36.35934050000003 ], [ 113.712039900000036, 36.35789630000005 ], [ 113.71325580000007, 36.357523100000037 ], [ 113.7141904, 36.357502300000078 ], [ 113.715598200000045, 36.357720800000038 ], [ 113.716739, 36.358084 ], [ 113.719330400000104, 36.359154200000035 ], [ 113.720427200000017, 36.359738900000025 ], [ 113.721333300000083, 36.360356600000046 ], [ 113.722793100000104, 36.361584300000061 ] ] } },
{ "type": "Feature", "properties": { "osm_id": "77099662", "code": 8101, "fclass": "river", "width": 0, "name": "清漳河", "Shape_Leng": 0.096005772428 }, "geometry": { "type": "LineString", "coordinates": [ [ 113.833732700000041, 36.419882800000039 ], [ 113.834254500000043, 36.418729900000073 ], [ 113.834260800000038, 36.418165800000054 ], [ 113.8359345, 36.416627800000072 ], [ 113.837958800000024, 36.416268400000035 ], [ 113.839054200000078, 36.415911400000027 ], [ 113.83833530000004, 36.412112400000069 ], [ 113.84161830000005, 36.409604100000024 ], [ 113.84385, 36.405256500000064 ], [ 113.844248300000118, 36.404839 ], [ 113.844952300000045, 36.404503500000033 ], [ 113.850941700000021, 36.40041210000004 ], [ 113.856477800000107, 36.395144300000027 ], [ 113.856949800000052, 36.392838500000039 ], [ 113.856381200000101, 36.389098800000056 ], [ 113.85486440000011, 36.38752020000004 ], [ 113.854129300000068, 36.385411800000043 ], [ 113.854687200000058, 36.38410760000005 ], [ 113.855738600000109, 36.382673800000077 ], [ 113.856983200000059, 36.381559500000037 ], [ 113.858399400000053, 36.380877200000043 ], [ 113.86066320000009, 36.380238 ], [ 113.863935500000025, 36.379046 ], [ 113.866478200000074, 36.378786800000057 ], [ 113.868216300000086, 36.378864600000043 ], [ 113.870244, 36.378406700000028 ], [ 113.872271800000021, 36.377214700000025 ], [ 113.873344600000109, 36.376048500000024 ], [ 113.874095700000112, 36.37440730000003 ], [ 113.874868100000072, 36.372886900000026 ], [ 113.875511900000106, 36.371176400000024 ], [ 113.874964700000078, 36.369509100000073 ], [ 113.873612900000012, 36.367565300000024 ], [ 113.87101650000011, 36.364679800000033 ], [ 113.870415700000081, 36.363237 ], [ 113.870351300000038, 36.360671 ], [ 113.87101650000011, 36.35919350000006 ], [ 113.872035700000083, 36.357742 ], [ 113.875475900000083, 36.355150700000024 ], [ 113.876083200000039, 36.354067600000064 ] ] } },
{ "type": "Feature", "properties": { "osm_id": "77100453", "code": 8101, "fclass": "river", "width": 0, "name": "清漳河", "Shape_Leng": 0.62430351608900003 }, "geometry": { "type": "LineString", "coordinates": [ [ 113.5222913, 36.805802100000051 ], [ 113.522063100000082, 36.80538 ], [ 113.520947, 36.804183100000046 ], [ 113.52014250000002, 36.802497 ], [ 113.518032400000038, 36.800536800000032 ], [ 113.516572100000076, 36.798129700000061 ], [ 113.512754, 36.797347500000058 ], [ 113.511056, 36.795968900000048 ], [ 113.510321300000101, 36.794931 ], [ 113.510321100000056, 36.793806600000039 ], [ 113.506227600000102, 36.787961400000029 ], [ 113.504796700000043, 36.785567 ], [ 113.504167600000073, 36.783175300000039 ], [ 113.505891200000065, 36.780690900000025 ], [ 113.507766400000037, 36.779461800000036 ], [ 113.510800500000073, 36.776902800000073 ], [ 113.511951200000112, 36.774513200000058 ], [ 113.511999200000105, 36.774413600000059 ], [ 113.512132400000041, 36.772706600000049 ], [ 113.512976, 36.771284 ], [ 113.51315360000001, 36.770039300000064 ], [ 113.511466500000097, 36.768652300000042 ], [ 113.51106690000006, 36.767336400000033 ], [ 113.510860500000035, 36.765273900000068 ], [ 113.510762200000045, 36.763800500000059 ], [ 113.509815500000059, 36.762160300000062 ], [ 113.507382, 36.76079210000006 ], [ 113.501276600000097, 36.758095300000036 ], [ 113.499773800000071, 36.756924900000058 ], [ 113.498330900000042, 36.754974700000048 ], [ 113.497306, 36.752966900000047 ], [ 113.494947800000091, 36.751702400000056 ], [ 113.493796400000065, 36.750004 ], [ 113.493794100000059, 36.748922500000049 ], [ 113.494101800000067, 36.74713870000005 ], [ 113.495005200000037, 36.745933300000047 ], [ 113.497297100000083, 36.742950300000075 ], [ 113.499632100000099, 36.741612900000064 ], [ 113.500596700000074, 36.740225700000053 ], [ 113.501528500000063, 36.737268400000062 ], [ 113.503821300000027, 36.734052900000052 ], [ 113.506114, 36.728999700000031 ], [ 113.508660100000043, 36.72718210000005 ], [ 113.509696500000018, 36.724577900000043 ], [ 113.512347500000033, 36.720845 ], [ 113.514138700000103, 36.719581600000026 ], [ 113.52008550000005, 36.718547800000067 ], [ 113.525100900000098, 36.716595100000063 ], [ 113.52825340000004, 36.71613560000003 ], [ 113.529124200000069, 36.716146500000036 ], [ 113.529708300000038, 36.715791 ], [ 113.530868400000031, 36.714072400000077 ], [ 113.532119600000101, 36.710358800000051 ], [ 113.5331969, 36.709764600000028 ], [ 113.535754500000053, 36.706684600000074 ], [ 113.538871100000051, 36.704882 ], [ 113.540359, 36.704535300000032 ], [ 113.540659800000071, 36.701015700000028 ], [ 113.539816500000029, 36.698295900000062 ], [ 113.539747600000055, 36.69257170000003 ], [ 113.538843, 36.688806 ], [ 113.5380417, 36.686239200000045 ], [ 113.538267, 36.68457 ], [ 113.538631800000076, 36.683301 ], [ 113.538626400000112, 36.68269870000006 ], [ 113.538438700000029, 36.681803900000034 ], [ 113.538454800000068, 36.680625100000043 ], [ 113.538830300000086, 36.679420500000049 ], [ 113.5395813, 36.677579100000059 ], [ 113.540412800000013, 36.676611100000059 ], [ 113.540906300000074, 36.674597500000061 ], [ 113.541576900000109, 36.672373100000073 ], [ 113.542150800000059, 36.670307800000046 ], [ 113.542322500000068, 36.668414600000062 ], [ 113.543612, 36.66710820000003 ], [ 113.546320600000058, 36.664038500000061 ], [ 113.551269700000034, 36.662252900000055 ], [ 113.555011800000102, 36.660997800000075 ], [ 113.556452400000012, 36.66051420000008 ], [ 113.558008100000052, 36.660260300000061 ], [ 113.5586786, 36.660023700000067 ], [ 113.559065500000088, 36.659182900000076 ], [ 113.559933900000033, 36.657635300000038 ], [ 113.561098, 36.657316800000046 ], [ 113.561873000000105, 36.657260200000053 ], [ 113.563377800000012, 36.656163500000048 ], [ 113.564450700000066, 36.654992900000025 ], [ 113.565019400000097, 36.65470890000006 ], [ 113.565276900000072, 36.653770700000052 ], [ 113.565672200000108, 36.65351910000004 ], [ 113.565791800000056, 36.653262900000072 ], [ 113.565738200000055, 36.652884200000074 ], [ 113.56599570000003, 36.652281600000038 ], [ 113.56698270000004, 36.651119600000072 ], [ 113.568694600000072, 36.649377600000037 ], [ 113.570191100000102, 36.648115700000062 ], [ 113.573377100000016, 36.64702230000006 ], [ 113.576960500000041, 36.646006600000078 ], [ 113.577654600000074, 36.645163300000036 ], [ 113.586807300000032, 36.640658 ], [ 113.58872150000002, 36.638105500000052 ], [ 113.5897523000001, 36.635050700000079 ], [ 113.589942800000017, 36.633910800000024 ], [ 113.590306900000087, 36.633338500000036 ], [ 113.591159, 36.632751400000075 ], [ 113.595611500000018, 36.631201400000066 ], [ 113.600883100000033, 36.626408400000059 ], [ 113.602629300000103, 36.621639800000025 ], [ 113.603396100000055, 36.620498300000065 ], [ 113.604229900000064, 36.619069800000034 ], [ 113.60690360000001, 36.617467500000032 ], [ 113.609704, 36.613564 ], [ 113.611452500000041, 36.611825400000043 ], [ 113.614236900000037, 36.611847 ], [ 113.618212100000051, 36.613383300000066 ], [ 113.621106900000086, 36.613462600000048 ], [ 113.623735300000021, 36.612784300000044 ], [ 113.625637300000108, 36.611213100000043 ], [ 113.627595400000018, 36.609520400000065 ], [ 113.631260000000111, 36.60233160000007 ], [ 113.631763500000034, 36.600068300000032 ], [ 113.631470100000115, 36.599143500000025 ], [ 113.634868400000073, 36.592458 ], [ 113.636560600000053, 36.587215100000037 ], [ 113.639079400000014, 36.578912900000034 ], [ 113.645511200000101, 36.565752400000065 ], [ 113.659829, 36.551990200000034 ], [ 113.666244800000072, 36.545965600000045 ], [ 113.6679, 36.545401200000072 ], [ 113.673109700000055, 36.543134400000042 ], [ 113.675396500000033, 36.542845300000067 ], [ 113.677402800000095, 36.541164400000071 ], [ 113.676136800000108, 36.538750800000059 ], [ 113.677070200000117, 36.536940500000071 ], [ 113.6788745, 36.532107800000063 ], [ 113.681746200000021, 36.528742200000067 ], [ 113.683689900000104, 36.526750600000071 ], [ 113.686892, 36.521811 ], [ 113.689930000000118, 36.519542600000079 ], [ 113.69671290000008, 36.516916 ], [ 113.706005900000036, 36.514196800000036 ], [ 113.710883100000046, 36.511644300000057 ], [ 113.712174900000036, 36.510368100000051 ], [ 113.712167200000067, 36.506785600000057 ], [ 113.713044500000024, 36.505053700000076 ], [ 113.71302710000009, 36.503093400000068 ], [ 113.717045900000016, 36.502313500000071 ], [ 113.72127300000011, 36.500657700000033 ], [ 113.723994200000107, 36.498405800000057 ], [ 113.725586, 36.496345400000052 ], [ 113.730930300000068, 36.496177300000056 ], [ 113.734330000000114, 36.495293100000026 ], [ 113.735894600000051, 36.490997200000038 ], [ 113.740854, 36.483961800000031 ], [ 113.743598500000076, 36.480664700000034 ], [ 113.744405800000095, 36.479575400000044 ], [ 113.747093, 36.476898800000072 ], [ 113.749723800000083, 36.470975300000077 ], [ 113.750224500000058, 36.469179300000064 ], [ 113.751361300000099, 36.465156800000045 ], [ 113.752733600000056, 36.462740500000052 ], [ 113.756474300000036, 36.458714600000064 ], [ 113.758683, 36.456503 ], [ 113.760582500000055, 36.455738600000075 ], [ 113.763839900000107, 36.455577400000038 ], [ 113.768365200000062, 36.453507300000069 ], [ 113.774782800000025, 36.451391700000045 ], [ 113.778002300000026, 36.450859100000059 ], [ 113.783127900000068, 36.447993800000063 ], [ 113.783998900000029, 36.44756220000005 ], [ 113.792694900000015, 36.444216500000039 ], [ 113.795396100000062, 36.444543900000042 ], [ 113.798662200000081, 36.443578200000047 ], [ 113.802119500000117, 36.440952500000037 ], [ 113.807875100000047, 36.439723500000071 ], [ 113.811577600000078, 36.439521300000024 ], [ 113.813465900000097, 36.441454600000043 ], [ 113.812779200000023, 36.44407840000008 ], [ 113.811749300000088, 36.448082900000031 ], [ 113.812435900000082, 36.450568400000066 ], [ 113.815182500000105, 36.450706500000024 ], [ 113.817242400000055, 36.449463700000024 ], [ 113.817213200000083, 36.447473700000046 ], [ 113.817185000000109, 36.446197700000027 ], [ 113.816397900000084, 36.443359900000075 ], [ 113.817089100000089, 36.439455100000032 ], [ 113.818602600000077, 36.436579300000062 ], [ 113.820557700000109, 36.432866300000057 ], [ 113.823679700000071, 36.428697 ], [ 113.829087100000038, 36.423085700000058 ], [ 113.832177000000115, 36.42073750000003 ], [ 113.833732700000041, 36.419882800000039 ] ] } },
{ "type": "Feature", "properties": { "osm_id": "566843558", "code": 8101, "fclass": "river", "width": 0, "name": "老漳河", "Shape_Leng": 0.50761137596700001 }, "geometry": { "type": "LineString", "coordinates": [ [ 115.098807100000045, 36.967098800000031 ], [ 115.099275100000114, 36.971632500000055 ], [ 115.099682800000096, 36.975181100000043 ], [ 115.100111900000115, 36.978746700000045 ], [ 115.10092730000008, 36.982243500000038 ], [ 115.102300600000035, 36.987308400000074 ], [ 115.10338420000005, 36.990667700000074 ], [ 115.104897, 36.994986600000061 ], [ 115.105154500000026, 36.996100600000034 ], [ 115.105347600000073, 36.997411600000078 ], [ 115.105519300000083, 36.999014 ], [ 115.10618450000004, 37.005962700000055 ], [ 115.10657070000002, 37.011377400000072 ], [ 115.10688180000011, 37.018556300000057 ], [ 115.106924800000115, 37.020577900000035 ], [ 115.106825100000037, 37.021474100000034 ], [ 115.106259600000044, 37.026556800000037 ], [ 115.105851900000062, 37.030282700000043 ], [ 115.105851900000062, 37.031781600000045 ], [ 115.106066500000111, 37.035687 ], [ 115.106109400000037, 37.036954600000058 ], [ 115.106002100000069, 37.037913700000047 ], [ 115.1055622, 37.039249700000028 ], [ 115.104457100000104, 37.042709500000058 ], [ 115.101946600000019, 37.049996800000031 ], [ 115.10092730000008, 37.052634100000034 ], [ 115.100766400000111, 37.053781500000071 ], [ 115.100723500000072, 37.055023 ], [ 115.100884400000041, 37.056392900000048 ], [ 115.101935900000058, 37.060494100000028 ], [ 115.102922900000067, 37.06630720000004 ], [ 115.103255500000046, 37.067368700000031 ], [ 115.103513, 37.068113500000038 ], [ 115.104092300000048, 37.068901100000062 ], [ 115.107665100000077, 37.072667700000068 ], [ 115.109252900000115, 37.074448200000063 ], [ 115.110572600000069, 37.076408400000048 ], [ 115.111881500000095, 37.078325800000073 ], [ 115.114960700000097, 37.082254500000033 ], [ 115.116012100000034, 37.083401500000036 ], [ 115.116816700000072, 37.084137500000054 ], [ 115.118715800000018, 37.085310100000072 ], [ 115.122867800000108, 37.087852 ], [ 115.123382800000059, 37.088391200000046 ], [ 115.123779800000079, 37.088879 ], [ 115.124412800000073, 37.089871800000026 ], [ 115.124938500000098, 37.090881700000068 ], [ 115.125539300000014, 37.091806 ], [ 115.126676500000031, 37.092944200000034 ], [ 115.129530400000021, 37.095160600000042 ], [ 115.13270620000003, 37.09777930000007 ], [ 115.134921600000098, 37.099719 ], [ 115.13681530000008, 37.101801100000046 ], [ 115.138961100000074, 37.103931800000055 ], [ 115.1406991, 37.106105100000036 ], [ 115.141352700000084, 37.106882800000051 ], [ 115.145430600000054, 37.111735100000033 ], [ 115.146997, 37.113600200000064 ], [ 115.147351, 37.114447200000029 ], [ 115.14751190000004, 37.11519160000006 ], [ 115.147490500000117, 37.115850300000034 ], [ 115.147404700000038, 37.117159300000026 ], [ 115.147179400000027, 37.120778 ], [ 115.147093500000096, 37.125542900000028 ], [ 115.146921900000052, 37.127228100000025 ], [ 115.146546400000034, 37.128246 ], [ 115.145323300000086, 37.132232100000067 ], [ 115.144143100000065, 37.135773100000051 ], [ 115.143928500000015, 37.136679800000024 ], [ 115.144003600000019, 37.137483700000075 ], [ 115.144261100000108, 37.138210700000059 ], [ 115.144679500000052, 37.139066 ], [ 115.145602200000098, 37.140135100000066 ], [ 115.148606300000097, 37.14305150000007 ], [ 115.149014, 37.143915200000038 ], [ 115.149282200000016, 37.144736200000068 ], [ 115.149314400000094, 37.145839500000079 ], [ 115.149325100000055, 37.148704300000077 ], [ 115.149271500000054, 37.150363300000038 ], [ 115.14862770000002, 37.15425410000006 ], [ 115.148381, 37.15658 ], [ 115.148305900000082, 37.157708700000057 ], [ 115.14841320000005, 37.159282 ], [ 115.148917400000073, 37.166096400000072 ], [ 115.148949600000037, 37.167951600000038 ], [ 115.148617, 37.169815400000061 ], [ 115.14824150000004, 37.171542300000056 ], [ 115.147522700000081, 37.172978500000056 ], [ 115.145419800000013, 37.175979100000063 ], [ 115.143349200000102, 37.178748800000051 ], [ 115.142920000000117, 37.17963780000008 ], [ 115.142812700000036, 37.180766200000051 ], [ 115.142748300000108, 37.182552700000031 ], [ 115.142533800000024, 37.184057100000075 ], [ 115.140731300000084, 37.189852200000075 ], [ 115.140259300000025, 37.191168400000038 ], [ 115.139336600000092, 37.192322200000035 ], [ 115.138124200000107, 37.193458900000053 ], [ 115.136064300000044, 37.194843400000025 ], [ 115.133929200000011, 37.19638180000004 ], [ 115.130281400000058, 37.19903110000007 ], [ 115.1288330000001, 37.20028730000007 ], [ 115.12619380000001, 37.202526300000045 ], [ 115.124187500000062, 37.204543 ], [ 115.122696200000064, 37.206089700000064 ], [ 115.1215482, 37.206756200000029 ], [ 115.120464600000105, 37.207456900000068 ], [ 115.119681300000025, 37.208619 ], [ 115.119456, 37.209465 ], [ 115.119456, 37.21041340000005 ], [ 115.11982080000007, 37.211464400000068 ], [ 115.120528900000068, 37.212882800000045 ], [ 115.121655500000088, 37.215317900000059 ], [ 115.12356520000003, 37.220290400000067 ], [ 115.123919200000046, 37.222366500000078 ], [ 115.123865600000045, 37.224382600000069 ], [ 115.123479400000065, 37.225518900000054 ], [ 115.122631800000022, 37.226919900000041 ], [ 115.119971, 37.23029420000006 ], [ 115.117331700000022, 37.233805100000041 ], [ 115.116291, 37.235231600000077 ], [ 115.11559370000009, 37.237144900000033 ], [ 115.115443500000083, 37.239007 ], [ 115.115282500000035, 37.242534500000033 ], [ 115.115325400000074, 37.246318100000053 ], [ 115.11481040000001, 37.248709400000052 ], [ 115.114231100000097, 37.251408100000049 ], [ 115.113179700000046, 37.254004200000054 ], [ 115.111506, 37.257351700000072 ], [ 115.1094031, 37.260750300000041 ], [ 115.108459, 37.26286790000006 ], [ 115.107729400000039, 37.2642 ], [ 115.105594400000086, 37.266710300000057 ], [ 115.103609600000027, 37.269647400000053 ], [ 115.102751200000057, 37.271064700000068 ], [ 115.101378, 37.273779600000069 ], [ 115.101077500000088, 37.275359 ], [ 115.101141900000016, 37.277886 ], [ 115.101227700000095, 37.280797100000029 ], [ 115.101538900000037, 37.283759300000042 ], [ 115.102096800000027, 37.288923600000032 ], [ 115.102332800000113, 37.29449720000008 ], [ 115.10221480000007, 37.297732 ], [ 115.102021700000023, 37.298833 ], [ 115.1016998, 37.299694900000077 ], [ 115.101002400000084, 37.300582500000075 ], [ 115.099554100000091, 37.302152900000067 ], [ 115.095627300000046, 37.306185200000073 ], [ 115.094962100000089, 37.306953200000066 ], [ 115.094484700000066, 37.307870600000058 ], [ 115.09418960000005, 37.308800700000063 ], [ 115.094060900000045, 37.310191700000075 ], [ 115.094060900000045, 37.31742760000003 ], [ 115.094157400000086, 37.324688500000036 ], [ 115.093942900000116, 37.326258300000063 ], [ 115.093352800000048, 37.328357 ], [ 115.092998700000066, 37.330404500000043 ], [ 115.09297730000003, 37.33467840000003 ], [ 115.092784200000096, 37.339173900000048 ], [ 115.091786400000046, 37.342730800000027 ], [ 115.090524200000118, 37.346551700000077 ], [ 115.088835900000049, 37.349289900000031 ], [ 115.0867760000001, 37.352923100000055 ], [ 115.085601200000042, 37.355366500000059 ], [ 115.085338300000103, 37.357217100000071 ], [ 115.085531500000116, 37.358841600000062 ], [ 115.08577820000005, 37.359771200000068 ], [ 115.086228800000072, 37.360675100000037 ], [ 115.087012, 37.361630200000036 ], [ 115.087924, 37.362730200000044 ], [ 115.088396100000068, 37.363745 ], [ 115.088557, 37.365544200000045 ], [ 115.088439000000108, 37.366874400000029 ], [ 115.088106400000015, 37.36775270000004 ], [ 115.087248100000011, 37.369082800000058 ], [ 115.085585100000117, 37.370702900000026 ], [ 115.083911400000034, 37.372016 ], [ 115.081776400000081, 37.373294900000076 ], [ 115.079051200000094, 37.374292400000058 ], [ 115.076015, 37.375341100000071 ], [ 115.073343500000078, 37.37580150000008 ], [ 115.070135600000071, 37.376296 ], [ 115.0684404000001, 37.377012200000024 ], [ 115.064567300000022, 37.380072900000073 ], [ 115.061928, 37.382775400000071 ], [ 115.059385300000031, 37.386611600000037 ], [ 115.058569900000066, 37.387591900000075 ], [ 115.055619500000034, 37.391086900000062 ], [ 115.054042300000106, 37.393840200000056 ], [ 115.052948, 37.396653 ], [ 115.05200380000008, 37.398136100000045 ], [ 115.050244300000031, 37.399891900000057 ], [ 115.048881800000117, 37.401127700000075 ], [ 115.048162900000079, 37.402355 ], [ 115.048162900000079, 37.404110700000047 ], [ 115.048377500000015, 37.405414700000051 ], [ 115.049015300000065, 37.406566100000077 ] ] } },
{ "type": "Feature", "properties": { "osm_id": "587956069", "code": 8101, "fclass": "river", "width": 0, "name": "漳河", "Shape_Leng": 0.56919908972699995 }, "geometry": { "type": "LineString", "coordinates": [ [ 114.210373400000094, 36.280085500000041 ], [ 114.212584500000048, 36.278183800000079 ], [ 114.215171400000031, 36.276510500000029 ], [ 114.217515, 36.273869 ], [ 114.2189634, 36.27246770000005 ], [ 114.219371100000103, 36.27072910000004 ], [ 114.219220900000096, 36.269474900000034 ], [ 114.219510500000069, 36.268549300000075 ], [ 114.221473900000092, 36.266170500000044 ], [ 114.22236440000006, 36.265391900000054 ], [ 114.223308600000109, 36.264492300000029 ], [ 114.2239201000001, 36.263739700000031 ], [ 114.224724800000104, 36.262874600000032 ], [ 114.226473600000077, 36.260737800000072 ], [ 114.2266452, 36.260071700000026 ], [ 114.227085100000068, 36.2588 ], [ 114.2281365, 36.256645800000058 ], [ 114.228394, 36.255590300000051 ], [ 114.228758800000037, 36.254716500000029 ], [ 114.229166500000019, 36.25394650000004 ], [ 114.2315483000001, 36.252103600000055 ], [ 114.232814300000086, 36.251619100000028 ], [ 114.234080300000073, 36.25148930000006 ], [ 114.235432100000025, 36.251558600000067 ], [ 114.236741100000017, 36.251783500000045 ], [ 114.238489900000104, 36.25251030000004 ], [ 114.241740700000037, 36.255114500000047 ], [ 114.2449808, 36.257735900000057 ], [ 114.245764, 36.258254900000054 ], [ 114.246364800000038, 36.258661600000039 ], [ 114.247115800000074, 36.258964300000059 ], [ 114.24971220000009, 36.259621800000048 ], [ 114.251385900000059, 36.260426400000028 ], [ 114.2529952000001, 36.260902200000032 ], [ 114.255409200000031, 36.260971400000074 ], [ 114.257651600000031, 36.260443700000053 ], [ 114.25958270000001, 36.259569900000031 ], [ 114.267586500000107, 36.256092100000046 ], [ 114.276759600000105, 36.251748900000052 ], [ 114.279720800000064, 36.248478400000067 ], [ 114.280890200000044, 36.24695550000007 ], [ 114.281555400000116, 36.24573550000008 ], [ 114.28214550000007, 36.24434240000005 ], [ 114.28253170000005, 36.243918400000041 ], [ 114.2827999000001, 36.243667500000072 ], [ 114.28321840000001, 36.243044500000053 ], [ 114.283593900000028, 36.24267240000006 ], [ 114.284817, 36.242360900000051 ], [ 114.288454000000115, 36.242430100000036 ], [ 114.290149200000087, 36.242283 ], [ 114.291329400000109, 36.242309 ], [ 114.295513600000049, 36.243070400000079 ], [ 114.297970500000019, 36.243676100000073 ], [ 114.3022621, 36.245069300000068 ], [ 114.30359240000007, 36.245251 ], [ 114.304944300000102, 36.24530290000007 ], [ 114.306167400000049, 36.245475900000031 ], [ 114.307304600000066, 36.245778800000039 ], [ 114.309289400000011, 36.246419100000026 ], [ 114.311488900000086, 36.24686040000006 ], [ 114.314578800000049, 36.247647700000073 ], [ 114.31557650000002, 36.247803500000032 ], [ 114.316563600000109, 36.247751600000072 ], [ 114.317754500000092, 36.247535200000073 ], [ 114.3206298, 36.245951800000057 ], [ 114.322228400000085, 36.244489500000043 ], [ 114.323097500000017, 36.243970300000058 ], [ 114.32381630000009, 36.24368480000004 ], [ 114.3244707, 36.243606900000032 ], [ 114.326949100000093, 36.243381900000031 ], [ 114.32817220000004, 36.243407900000079 ], [ 114.328708600000027, 36.243442500000072 ], [ 114.329448900000102, 36.243442500000072 ], [ 114.329835200000048, 36.243286800000078 ], [ 114.330403800000113, 36.243079100000045 ], [ 114.330704200000014, 36.243070400000079 ], [ 114.331122600000072, 36.24314830000003 ], [ 114.333354200000031, 36.244394300000067 ], [ 114.335382, 36.245389400000079 ], [ 114.336980600000061, 36.245882600000073 ], [ 114.338825900000074, 36.246202800000049 ], [ 114.340006100000096, 36.246453700000075 ], [ 114.340853700000025, 36.246678600000052 ], [ 114.341819300000111, 36.24756990000003 ], [ 114.343192600000066, 36.249179200000071 ], [ 114.34434060000001, 36.250321300000053 ], [ 114.346808200000055, 36.252423700000065 ], [ 114.352719800000045, 36.254889500000047 ], [ 114.355262500000094, 36.255953700000077 ], [ 114.357279500000118, 36.256412200000057 ], [ 114.3588674, 36.256438100000025 ], [ 114.360283600000116, 36.256542 ], [ 114.36583040000005, 36.257753200000025 ], [ 114.368083500000012, 36.258168400000045 ], [ 114.369607, 36.258808600000066 ], [ 114.37289, 36.261819200000048 ], [ 114.375250300000062, 36.263757 ], [ 114.3775677000001, 36.264812400000039 ], [ 114.379627700000015, 36.265677400000072 ], [ 114.382503, 36.266767400000049 ], [ 114.384841900000083, 36.267718900000034 ], [ 114.386365400000045, 36.268203300000039 ], [ 114.389348, 36.268618500000059 ], [ 114.395871100000022, 36.267718900000034 ], [ 114.397716500000115, 36.267148 ], [ 114.400033900000039, 36.266836600000033 ], [ 114.402351400000043, 36.266542500000071 ], [ 114.4054413, 36.266542500000071 ], [ 114.4077158, 36.266490600000054 ], [ 114.409271500000045, 36.266585700000064 ], [ 114.412672500000099, 36.266464600000063 ], [ 114.414281800000026, 36.266196400000069 ], [ 114.416223800000012, 36.265357300000062 ], [ 114.417521900000111, 36.265193 ], [ 114.418766500000061, 36.265089200000034 ], [ 114.42099810000002, 36.26465660000008 ], [ 114.423015100000043, 36.264103 ], [ 114.4238841, 36.26392130000005 ], [ 114.424485000000118, 36.263955900000042 ], [ 114.427660700000047, 36.265149700000052 ], [ 114.432005900000036, 36.26651650000008 ], [ 114.433765400000084, 36.267122 ], [ 114.43476320000002, 36.267554500000074 ], [ 114.435589300000061, 36.267727500000035 ], [ 114.436211600000092, 36.26774480000006 ], [ 114.438067700000033, 36.267321 ], [ 114.440170500000022, 36.266862500000059 ], [ 114.441651100000058, 36.266438600000072 ], [ 114.442284100000052, 36.266092600000036 ], [ 114.443120900000054, 36.265314100000069 ], [ 114.445470600000021, 36.262156600000026 ], [ 114.447262300000034, 36.260331200000053 ], [ 114.448699900000065, 36.259007600000075 ], [ 114.45068480000009, 36.25740710000008 ], [ 114.4520903, 36.256516 ], [ 114.454203800000073, 36.255529700000068 ], [ 114.454965600000037, 36.255451900000025 ], [ 114.455738100000076, 36.255434600000058 ], [ 114.456210100000021, 36.255209600000057 ], [ 114.45665, 36.254829 ], [ 114.456757300000049, 36.254067600000042 ], [ 114.457304500000077, 36.253522500000031 ], [ 114.458001800000034, 36.253297600000053 ], [ 114.458956700000044, 36.253055300000028 ], [ 114.461338500000011, 36.251913300000069 ], [ 114.462508, 36.251160600000048 ], [ 114.464911200000074, 36.250355900000045 ], [ 114.466166500000099, 36.249949300000026 ], [ 114.466799500000093, 36.249542600000041 ], [ 114.467035500000065, 36.248054400000058 ], [ 114.466863900000021, 36.24745740000003 ], [ 114.466263, 36.246687300000076 ], [ 114.465501300000028, 36.244524100000035 ], [ 114.465662200000111, 36.244238600000074 ], [ 114.466198700000064, 36.244100100000026 ], [ 114.467078400000105, 36.244134700000075 ], [ 114.46769, 36.243953 ], [ 114.468140600000083, 36.243529 ], [ 114.468483900000024, 36.242880100000036 ], [ 114.469245700000101, 36.242049400000042 ], [ 114.470425800000044, 36.24147830000004 ], [ 114.472185400000058, 36.241192700000056 ], [ 114.473408400000039, 36.241383100000064 ], [ 114.474685200000067, 36.241616700000066 ], [ 114.475672200000076, 36.241746500000033 ], [ 114.476358900000037, 36.24179840000005 ], [ 114.477013300000067, 36.241824400000041 ], [ 114.477624900000023, 36.241746500000033 ], [ 114.480081800000107, 36.240734100000054 ], [ 114.481262, 36.240855200000055 ], [ 114.482721100000049, 36.241504200000065 ], [ 114.484566400000062, 36.241971500000034 ], [ 114.485907500000053, 36.242205100000035 ], [ 114.486873100000025, 36.242248400000051 ], [ 114.490059600000109, 36.241625400000032 ], [ 114.491411400000061, 36.24109750000008 ], [ 114.496035600000027, 36.239834200000075 ], [ 114.498406600000067, 36.238769800000057 ], [ 114.499372200000039, 36.238458300000048 ], [ 114.500069600000074, 36.238441 ], [ 114.500820600000111, 36.238674600000024 ], [ 114.501432200000067, 36.23909 ], [ 114.501957900000093, 36.239496700000075 ], [ 114.5025372, 36.239886100000035 ], [ 114.503438500000016, 36.240214900000069 ], [ 114.503964200000041, 36.240509100000054 ], [ 114.504414800000063, 36.240993700000047 ], [ 114.504908300000011, 36.241954200000066 ], [ 114.505659300000048, 36.242326300000059 ], [ 114.506088500000033, 36.24244740000006 ], [ 114.507070200000044, 36.242702700000052 ], [ 114.507332100000099, 36.242732700000033 ], [ 114.508499, 36.242732700000033 ], [ 114.509212, 36.242636900000036 ], [ 114.511791400000106, 36.24175740000004 ], [ 114.512412200000085, 36.241418200000055 ], [ 114.512972800000057, 36.240991700000052 ], [ 114.517304300000092, 36.238661100000058 ], [ 114.518300900000099, 36.237963900000068 ], [ 114.518670300000053, 36.237558900000067 ], [ 114.518839100000037, 36.237135400000057 ], [ 114.518910500000061, 36.236608800000056 ], [ 114.518979300000069, 36.235961800000041 ], [ 114.519738600000096, 36.234681200000068 ], [ 114.5204529, 36.234190100000035 ], [ 114.52109130000008, 36.233831500000065 ], [ 114.521990500000015, 36.233523200000036 ], [ 114.523194500000045, 36.233208500000046 ], [ 114.524383600000078, 36.233125500000028 ], [ 114.524810200000047, 36.233185700000035 ], [ 114.525977600000033, 36.233088300000077 ], [ 114.526629600000092, 36.232902200000069 ], [ 114.527454700000021, 36.232603500000039 ], [ 114.528400100000113, 36.232257700000048 ], [ 114.529161300000055, 36.232096700000056 ], [ 114.529766000000109, 36.232244100000059 ], [ 114.530402700000081, 36.232693500000039 ], [ 114.53111720000004, 36.233091300000069 ], [ 114.531608600000027, 36.233231200000034 ], [ 114.532242400000086, 36.233341300000063 ], [ 114.533092, 36.233279 ], [ 114.533887, 36.232997400000045 ], [ 114.534434500000089, 36.232624400000077 ], [ 114.534730900000113, 36.232198500000038 ], [ 114.53523210000003, 36.230531 ], [ 114.535337300000037, 36.229843800000026 ], [ 114.535454800000025, 36.229076500000076 ], [ 114.5355737000001, 36.228100200000029 ], [ 114.535801600000013, 36.22709830000008 ], [ 114.536343300000112, 36.226435500000036 ], [ 114.536925200000042, 36.226098600000057 ], [ 114.537674600000059, 36.226108500000066 ], [ 114.538462700000082, 36.226099800000043 ], [ 114.539330300000074, 36.226134300000069 ], [ 114.540205700000115, 36.226117500000043 ], [ 114.540687500000104, 36.226069900000027 ], [ 114.54143590000001, 36.225871300000051 ], [ 114.542018700000085, 36.225557900000069 ], [ 114.5423283, 36.225299600000028 ], [ 114.542867300000012, 36.225 ], [ 114.543488700000012, 36.224816900000064 ], [ 114.544078400000103, 36.224742200000037 ], [ 114.546084900000096, 36.224637800000039 ], [ 114.547785100000056, 36.224624900000038 ], [ 114.549087700000086, 36.224368100000049 ], [ 114.549723400000062, 36.224385500000039 ], [ 114.549975900000049, 36.224350400000048 ], [ 114.550438200000031, 36.224209500000029 ], [ 114.55156640000007, 36.223912100000064 ], [ 114.552668800000106, 36.223867200000029 ], [ 114.553324300000099, 36.223841200000038 ], [ 114.556246900000019, 36.22373790000006 ], [ 114.557064100000048, 36.22362940000005 ], [ 114.557784300000094, 36.223482100000069 ], [ 114.558312200000046, 36.22327770000004 ], [ 114.558921900000087, 36.223119900000029 ], [ 114.559754800000064, 36.223010700000032 ], [ 114.560215900000117, 36.222817300000031 ], [ 114.560438500000032, 36.222659300000032 ], [ 114.561242400000083, 36.22187050000008 ], [ 114.5618756, 36.221507100000053 ], [ 114.562523500000111, 36.221360700000048 ], [ 114.563030300000037, 36.221419100000048 ], [ 114.563465700000052, 36.221657 ], [ 114.563787900000079, 36.222024600000054 ], [ 114.564056600000072, 36.222215 ], [ 114.564349600000014, 36.222265700000037 ], [ 114.564917500000092, 36.222110600000065 ], [ 114.565068900000028, 36.222011800000075 ], [ 114.565233, 36.221825100000046 ], [ 114.56531920000009, 36.220953 ], [ 114.565098700000021, 36.22023310000003 ], [ 114.565043, 36.219379700000047 ], [ 114.565053700000021, 36.218760200000077 ], [ 114.564985600000114, 36.218101 ], [ 114.565227600000071, 36.217484400000046 ], [ 114.566090200000076, 36.216731200000027 ], [ 114.566573400000038, 36.216520100000025 ], [ 114.566845300000068, 36.216134300000078 ], [ 114.567235500000038, 36.215634200000068 ], [ 114.568304100000091, 36.214850500000068 ], [ 114.568729300000086, 36.214368500000035 ], [ 114.569119600000022, 36.213846700000033 ], [ 114.56964830000004, 36.213438300000064 ], [ 114.570171500000015, 36.212999600000046 ], [ 114.571108200000026, 36.211840800000061 ], [ 114.571421500000042, 36.211267900000053 ], [ 114.571876700000075, 36.210480800000028 ], [ 114.572253200000091, 36.209909 ], [ 114.572766400000091, 36.209306600000048 ], [ 114.573339800000099, 36.208987900000068 ], [ 114.573982900000033, 36.208858200000066 ], [ 114.5745147, 36.208848 ], [ 114.575185200000078, 36.209010300000045 ], [ 114.575734, 36.209081400000059 ], [ 114.576378500000033, 36.209051300000056 ], [ 114.577075800000102, 36.208844700000043 ], [ 114.5796722, 36.20771940000003 ], [ 114.580614500000024, 36.207584800000063 ], [ 114.581024400000047, 36.207562200000041 ], [ 114.582188500000029, 36.207175 ], [ 114.582506100000046, 36.207038300000079 ], [ 114.582701500000098, 36.206967300000031 ], [ 114.583653700000013, 36.206407800000079 ], [ 114.584252400000082, 36.205993700000079 ], [ 114.584959600000047, 36.205561400000079 ], [ 114.585453, 36.205215300000077 ], [ 114.586062600000105, 36.204841400000078 ], [ 114.586744200000112, 36.204776700000025 ], [ 114.587610700000027, 36.204943100000037 ], [ 114.587793900000065, 36.205585400000075 ], [ 114.587831500000107, 36.205892700000049 ], [ 114.588093300000082, 36.206187500000055 ], [ 114.588328300000057, 36.206417700000031 ], [ 114.589824500000077, 36.206825800000047 ], [ 114.590204900000117, 36.206672300000037 ], [ 114.590583700000025, 36.206595900000025 ], [ 114.590999800000077, 36.206718 ], [ 114.591330200000016, 36.207123200000069 ], [ 114.5916492, 36.207602500000064 ], [ 114.592444900000032, 36.208061300000054 ], [ 114.593745900000044, 36.208083500000043 ], [ 114.5941755, 36.208178 ], [ 114.595149400000082, 36.208518600000048 ], [ 114.59595760000002, 36.208739 ], [ 114.596445900000049, 36.209091500000056 ], [ 114.600877700000069, 36.210987300000056 ], [ 114.603195200000073, 36.212103900000045 ], [ 114.604182200000082, 36.212346300000036 ], [ 114.605008400000088, 36.212450200000035 ], [ 114.609460800000079, 36.21259740000005 ], [ 114.611220300000014, 36.213220600000056 ], [ 114.612894, 36.213947700000062 ], [ 114.615726400000085, 36.215298100000041 ], [ 114.618906200000083, 36.215904700000067 ], [ 114.620060200000012, 36.215785100000062 ], [ 114.621176700000092, 36.215691900000024 ], [ 114.622158400000103, 36.215713600000072 ], [ 114.623081100000036, 36.215696300000047 ], [ 114.623976900000116, 36.215605400000072 ], [ 114.624751900000092, 36.215452700000071 ], [ 114.626253200000065, 36.214941800000076 ], [ 114.626750300000026, 36.214679200000035 ], [ 114.627340400000094, 36.214341600000068 ], [ 114.628418700000111, 36.21352360000003 ], [ 114.629920700000071, 36.212883 ], [ 114.631920700000023, 36.212152900000035 ], [ 114.632801100000052, 36.211901700000055 ], [ 114.633913100000086, 36.211570700000038 ], [ 114.6353219, 36.211229700000047 ], [ 114.637154600000031, 36.210842900000046 ], [ 114.637878700000101, 36.21061080000004 ], [ 114.638604400000077, 36.210140700000068 ], [ 114.63924390000011, 36.209720900000036 ], [ 114.640212200000065, 36.209161600000073 ], [ 114.640630500000043, 36.208983500000045 ], [ 114.641127900000015, 36.20882290000003 ], [ 114.643439, 36.208208500000069 ], [ 114.645906700000069, 36.208295 ], [ 114.647365800000102, 36.208485500000052 ], [ 114.649179000000117, 36.209160700000041 ], [ 114.651069400000097, 36.210336500000039 ], [ 114.651670200000012, 36.210992300000044 ], [ 114.651997700000038, 36.211556 ], [ 114.652530100000035, 36.212258200000065 ], [ 114.652941300000066, 36.21260570000004 ], [ 114.653428400000053, 36.212900500000046 ], [ 114.653775900000028, 36.21287250000006 ], [ 114.654125, 36.212690300000077 ], [ 114.654608300000064, 36.212603600000079 ], [ 114.654984600000034, 36.21262820000004 ], [ 114.655088600000113, 36.21259740000005 ], [ 114.655222800000047, 36.212424200000044 ], [ 114.655552900000089, 36.212326500000074 ], [ 114.6559, 36.212368900000058 ], [ 114.6563364000001, 36.212221900000031 ], [ 114.657269400000018, 36.21162460000005 ], [ 114.65764270000011, 36.211280400000078 ], [ 114.657919200000038, 36.210872 ], [ 114.660573000000113, 36.208511500000043 ], [ 114.661238700000013, 36.207787800000062 ], [ 114.662101900000039, 36.207225900000026 ], [ 114.663534200000072, 36.205983600000025 ], [ 114.664381700000035, 36.205494500000043 ], [ 114.66610680000008, 36.204187900000079 ], [ 114.666661300000101, 36.203450500000031 ], [ 114.667209400000047, 36.202574300000038 ], [ 114.667532400000027, 36.201960700000029 ], [ 114.668079200000079, 36.200550400000054 ], [ 114.668379100000038, 36.199967900000047 ], [ 114.668934500000091, 36.19910660000005 ], [ 114.670249500000068, 36.197221 ], [ 114.671105900000043, 36.196413200000052 ], [ 114.6743388000001, 36.193207200000074 ], [ 114.675119500000051, 36.192603700000063 ], [ 114.676133400000026, 36.19199 ], [ 114.676975600000105, 36.191582200000028 ], [ 114.677861700000108, 36.191318700000068 ], [ 114.678425500000117, 36.191299400000048 ], [ 114.679813500000023, 36.191396400000031 ], [ 114.680674600000089, 36.191456500000072 ], [ 114.681641, 36.191534500000046 ], [ 114.685152800000083, 36.191992500000026 ], [ 114.687893200000076, 36.192714800000033 ], [ 114.690015900000049, 36.192823100000055 ], [ 114.690486100000044, 36.192789400000038 ], [ 114.691179, 36.192763200000059 ], [ 114.692255200000091, 36.192884400000025 ] ] } },
{ "type": "Feature", "properties": { "osm_id": "593877368", "code": 8101, "fclass": "river", "width": 0, "name": "漳河", "Shape_Leng": 0.64039787892 }, "geometry": { "type": "LineString", "coordinates": [ [ 114.775045, 36.216212600000063 ], [ 114.775319600000103, 36.216515400000048 ], [ 114.775732300000072, 36.217164100000048 ], [ 114.776317300000073, 36.217902500000037 ], [ 114.776386600000023, 36.21799 ], [ 114.776980500000036, 36.218654100000037 ], [ 114.777565600000116, 36.219118 ], [ 114.778174300000046, 36.219423900000038 ], [ 114.778787500000021, 36.219618600000047 ], [ 114.77904070000011, 36.219665600000042 ], [ 114.77983770000003, 36.219813500000043 ], [ 114.780968700000017, 36.219999500000029 ], [ 114.781617600000118, 36.220235 ], [ 114.781670900000108, 36.220254400000044 ], [ 114.781991600000083, 36.220463 ], [ 114.78251750000004, 36.220599400000026 ], [ 114.782988400000022, 36.220635600000037 ], [ 114.783158200000116, 36.220648600000061 ], [ 114.784064500000113, 36.220683 ], [ 114.784884300000044, 36.220717900000068 ], [ 114.785846200000037, 36.220780300000058 ], [ 114.786211500000036, 36.22086070000006 ], [ 114.78660960000002, 36.220948200000066 ], [ 114.787548900000047, 36.221369200000026 ], [ 114.787831900000015, 36.221636100000069 ], [ 114.788472800000022, 36.222240300000067 ], [ 114.789054300000089, 36.222816800000032 ], [ 114.789752600000043, 36.223509 ], [ 114.790310700000077, 36.224253200000078 ], [ 114.790431700000113, 36.22469250000006 ], [ 114.790518500000076, 36.225637600000027 ], [ 114.79069, 36.226761600000032 ], [ 114.790755100000069, 36.227386800000033 ], [ 114.79079420000005, 36.227762200000029 ], [ 114.791197200000056, 36.228545700000041 ], [ 114.79145410000001, 36.22905970000005 ], [ 114.791710200000011, 36.229350400000044 ], [ 114.792032400000039, 36.22959510000004 ], [ 114.793046600000025, 36.230061 ], [ 114.794387700000016, 36.230677100000037 ], [ 114.795342100000084, 36.231035500000075 ], [ 114.798277400000075, 36.232137800000032 ], [ 114.799292400000013, 36.232561300000043 ], [ 114.799535200000037, 36.232662600000026 ], [ 114.80044220000002, 36.233108700000059 ], [ 114.802196200000026, 36.234337400000072 ], [ 114.802914700000088, 36.234840700000063 ], [ 114.803566900000078, 36.235391700000037 ], [ 114.803833300000065, 36.23549840000004 ], [ 114.80507810000006, 36.235997 ], [ 114.806027700000072, 36.23635790000003 ], [ 114.806787800000052, 36.236772700000074 ], [ 114.807302700000037, 36.23713390000006 ], [ 114.807795400000032, 36.237548900000036 ], [ 114.808211100000108, 36.23791 ], [ 114.80872480000005, 36.238317800000061 ], [ 114.808883100000116, 36.238443500000074 ], [ 114.809519200000068, 36.238849 ], [ 114.81019040000001, 36.239145 ], [ 114.810805400000049, 36.239440300000069 ], [ 114.811083300000064, 36.239573700000051 ], [ 114.813753100000099, 36.240557200000069 ], [ 114.814163700000108, 36.240708500000039 ], [ 114.815050400000018, 36.240986200000066 ], [ 114.815440600000102, 36.241058600000031 ], [ 114.816246400000068, 36.241208100000051 ], [ 114.816979800000013, 36.241356 ], [ 114.817928600000073, 36.241555900000037 ], [ 114.819108100000108, 36.241804500000057 ], [ 114.820491700000048, 36.242105600000059 ], [ 114.820632700000033, 36.24215380000004 ], [ 114.822176100000092, 36.242681 ], [ 114.826091800000086, 36.243777900000055 ], [ 114.826448500000083, 36.243877800000064 ], [ 114.82767530000001, 36.244166800000073 ], [ 114.828432300000031, 36.244467600000064 ], [ 114.829283, 36.244776300000069 ], [ 114.829982400000063, 36.245012 ], [ 114.83058010000002, 36.245142800000053 ], [ 114.831420300000104, 36.245226400000035 ], [ 114.832076100000108, 36.245251600000074 ], [ 114.832812800000056, 36.245235100000059 ], [ 114.833666100000073, 36.245081300000038 ], [ 114.834379200000058, 36.244785500000035 ], [ 114.836038500000086, 36.243987700000048 ], [ 114.836143300000117, 36.243929800000046 ], [ 114.837137100000064, 36.243380200000047 ], [ 114.837605500000109, 36.242998600000078 ], [ 114.838202900000056, 36.242511900000068 ], [ 114.838936600000011, 36.242138600000033 ], [ 114.839257500000031, 36.242007200000046 ], [ 114.839665100000047, 36.24184020000007 ], [ 114.840311, 36.241775100000041 ], [ 114.841235900000015, 36.241746500000033 ], [ 114.8415453, 36.241786300000058 ], [ 114.842480400000113, 36.24190660000005 ], [ 114.843896600000107, 36.242321900000036 ], [ 114.844272900000078, 36.242457 ], [ 114.845559600000115, 36.242919 ], [ 114.846633600000018, 36.243379400000038 ], [ 114.846922200000108, 36.243503100000055 ], [ 114.847914600000081, 36.244121800000073 ], [ 114.848065200000065, 36.244253800000024 ], [ 114.848654900000042, 36.244770700000061 ], [ 114.84976190000009, 36.246004800000037 ], [ 114.850629400000116, 36.247041300000035 ], [ 114.851659700000027, 36.248234900000057 ], [ 114.851980500000082, 36.248606500000051 ], [ 114.85271130000001, 36.249460600000077 ], [ 114.85346410000011, 36.25013430000007 ], [ 114.854014400000096, 36.250457 ], [ 114.854230900000061, 36.250564 ], [ 114.854711300000076, 36.25080150000008 ], [ 114.855483800000115, 36.251035100000024 ], [ 114.855972400000041, 36.251098600000034 ], [ 114.857313, 36.251273 ], [ 114.857921800000099, 36.251448700000026 ], [ 114.858480100000065, 36.251712 ], [ 114.85945090000007, 36.252051100000074 ], [ 114.860861500000055, 36.252543700000047 ], [ 114.864225200000078, 36.253538300000059 ], [ 114.8665416, 36.254223200000069 ], [ 114.867606900000055, 36.25453820000007 ], [ 114.871873700000037, 36.255598700000064 ], [ 114.872298600000022, 36.255704300000048 ], [ 114.873728200000073, 36.256100700000047 ], [ 114.874956600000019, 36.256446800000049 ], [ 114.875879300000065, 36.256892300000061 ], [ 114.877011200000084, 36.257459 ], [ 114.877551900000071, 36.257794900000079 ], [ 114.877805100000046, 36.257952100000068 ], [ 114.87894, 36.258878500000037 ], [ 114.879599700000085, 36.259450800000025 ], [ 114.879773700000101, 36.259601800000041 ], [ 114.880710800000088, 36.260204600000066 ], [ 114.881159800000091, 36.260481200000072 ], [ 114.882256900000016, 36.261157 ], [ 114.883213300000079, 36.26178630000004 ], [ 114.8837277, 36.262282300000038 ], [ 114.8856326, 36.264330100000052 ], [ 114.885760800000071, 36.264467900000056 ], [ 114.886922500000082, 36.265751500000079 ], [ 114.88798, 36.266983100000061 ], [ 114.888680200000067, 36.267665600000043 ], [ 114.889029600000072, 36.267926100000068 ], [ 114.889218300000039, 36.268066800000042 ], [ 114.889867900000013, 36.268402200000025 ], [ 114.890646300000071, 36.268680300000028 ], [ 114.891215700000089, 36.268684600000029 ], [ 114.891754200000037, 36.268688700000041 ], [ 114.892893100000038, 36.268877800000041 ], [ 114.8934772, 36.269049 ], [ 114.893617300000074, 36.269090100000028 ], [ 114.894310400000109, 36.269281900000067 ], [ 114.8949953, 36.269363100000078 ], [ 114.896594, 36.269354500000077 ], [ 114.89771810000002, 36.269415500000036 ], [ 114.898528900000088, 36.26945180000007 ], [ 114.898668600000065, 36.269458100000065 ], [ 114.899347900000066, 36.269432800000061 ], [ 114.903210200000103, 36.269185100000072 ], [ 114.904319400000077, 36.269113900000036 ], [ 114.905490500000042, 36.268945300000041 ], [ 114.906376800000089, 36.268715300000054 ], [ 114.906964200000061, 36.26842780000004 ], [ 114.907498800000099, 36.268231 ], [ 114.908198600000105, 36.268111700000077 ], [ 114.909214600000041, 36.267938400000048 ], [ 114.911207200000035, 36.267764700000043 ], [ 114.913050800000065, 36.26754 ], [ 114.917368700000111, 36.267116700000031 ], [ 114.918432500000108, 36.266948700000057 ], [ 114.919479100000103, 36.266994100000034 ], [ 114.921857300000056, 36.267325200000073 ], [ 114.924275700000067, 36.26769790000003 ], [ 114.925429800000074, 36.267891800000029 ], [ 114.92555440000001, 36.267912700000068 ], [ 114.92649270000004, 36.268005100000039 ], [ 114.927082800000107, 36.268005100000039 ], [ 114.92761710000002, 36.26798830000007 ], [ 114.928592600000115, 36.267912100000046 ], [ 114.92929150000009, 36.267794400000071 ], [ 114.931541400000015, 36.267332300000078 ], [ 114.932513900000117, 36.267004900000074 ], [ 114.933172, 36.266852 ], [ 114.933979400000112, 36.266720100000043 ], [ 114.936010300000021, 36.266425500000025 ], [ 114.937360100000092, 36.266232400000035 ], [ 114.937861400000088, 36.266219900000067 ], [ 114.938447600000018, 36.266205300000024 ], [ 114.939278800000011, 36.266323 ], [ 114.94007380000005, 36.266487600000062 ], [ 114.940478700000085, 36.266547800000069 ], [ 114.940857800000117, 36.266604100000052 ], [ 114.941608, 36.266612200000054 ], [ 114.943282900000099, 36.266415700000039 ], [ 114.944017, 36.266332300000045 ], [ 114.944710900000018, 36.266126600000064 ], [ 114.946222700000021, 36.265577200000052 ], [ 114.946852, 36.265332900000033 ], [ 114.947670500000072, 36.265323100000046 ], [ 114.948485700000106, 36.265517500000044 ], [ 114.949265300000093, 36.265783100000078 ], [ 114.949909200000093, 36.26602280000003 ], [ 114.953333800000109, 36.267297700000029 ], [ 114.9568193, 36.268548 ], [ 114.958784900000069, 36.269253 ], [ 114.964693400000101, 36.271492200000068 ], [ 114.966943400000105, 36.272245400000031 ], [ 114.967782300000067, 36.272526200000073 ], [ 114.9717227000001, 36.273516500000028 ], [ 114.973393700000088, 36.273886300000072 ], [ 114.974632900000074, 36.274122 ], [ 114.975562600000103, 36.27423310000006 ], [ 114.977111200000081, 36.274292800000069 ], [ 114.978527400000075, 36.274262500000077 ], [ 114.979772, 36.274219300000027 ], [ 114.980807300000038, 36.274262500000077 ], [ 114.981434900000068, 36.274292800000069 ], [ 114.982271800000035, 36.274522 ], [ 114.982749200000057, 36.274604200000056 ], [ 114.983521700000097, 36.274682 ], [ 114.985661400000026, 36.275018600000067 ], [ 114.98681380000005, 36.274921 ], [ 114.987412100000029, 36.274907400000075 ], [ 114.988020200000051, 36.274965300000076 ], [ 114.988648200000057, 36.275019500000042 ], [ 114.98954, 36.27525920000005 ], [ 114.990019300000085, 36.275321 ], [ 114.990367700000093, 36.275290200000029 ], [ 114.990847, 36.275225800000044 ], [ 114.99235990000011, 36.275356400000078 ], [ 114.992988400000058, 36.275501100000042 ], [ 114.993471500000055, 36.275630900000067 ], [ 114.993987600000082, 36.275695600000063 ], [ 114.9950301, 36.275734600000078 ], [ 114.995413900000017, 36.275786900000071 ], [ 114.995746, 36.275873300000057 ], [ 114.996261100000083, 36.275941800000055 ], [ 114.996807800000056, 36.275954500000068 ], [ 115.000584900000035, 36.276197400000058 ], [ 115.003960600000028, 36.276508 ], [ 115.004972, 36.276516500000071 ], [ 115.005706500000088, 36.27652530000006 ], [ 115.006394700000101, 36.276574100000062 ], [ 115.007248100000083, 36.276676200000054 ], [ 115.007885100000067, 36.276809 ], [ 115.009421100000054, 36.277181700000028 ], [ 115.010359900000026, 36.277423900000031 ], [ 115.010826700000052, 36.277518500000042 ], [ 115.011320100000034, 36.277564100000063 ], [ 115.011881300000027, 36.277603600000077 ], [ 115.013132900000073, 36.277823400000045 ], [ 115.014997300000118, 36.278425300000038 ], [ 115.015895600000022, 36.278778600000066 ], [ 115.017022000000111, 36.279161300000055 ], [ 115.0195357, 36.280098600000031 ], [ 115.021335500000077, 36.28069320000003 ], [ 115.022735600000033, 36.281190500000037 ], [ 115.023674400000118, 36.281560200000058 ], [ 115.024500500000045, 36.281901800000071 ], [ 115.025882400000114, 36.282568 ], [ 115.027535900000089, 36.283174700000075 ], [ 115.028322300000013, 36.283404400000052 ], [ 115.028848400000015, 36.283547200000044 ], [ 115.02917560000003, 36.28360710000004 ], [ 115.029565600000069, 36.283644800000047 ], [ 115.029894300000024, 36.283679600000028 ], [ 115.031136300000071, 36.283932100000072 ], [ 115.033174700000018, 36.284805600000027 ], [ 115.037884700000063, 36.286500600000068 ], [ 115.043715800000086, 36.288753500000041 ], [ 115.047615800000017, 36.289977100000044 ], [ 115.051199200000042, 36.291196500000069 ], [ 115.054235500000118, 36.292165 ], [ 115.05638660000011, 36.29283520000007 ], [ 115.05752920000009, 36.293375600000047 ], [ 115.058478700000023, 36.294110700000033 ], [ 115.0589347, 36.294707300000027 ], [ 115.059288700000025, 36.295399100000054 ], [ 115.059857400000055, 36.296752400000059 ], [ 115.060635200000092, 36.297534900000073 ], [ 115.061166300000082, 36.297746800000027 ], [ 115.061638300000027, 36.297811600000045 ], [ 115.062502000000109, 36.297565200000065 ], [ 115.064218600000117, 36.297046400000056 ], [ 115.065178900000092, 36.296899400000029 ], [ 115.068284900000094, 36.296921 ], [ 115.069744, 36.296968500000048 ], [ 115.070811500000104, 36.297098300000073 ], [ 115.071455200000059, 36.297266900000068 ], [ 115.072104300000092, 36.297599800000057 ], [ 115.072517400000038, 36.298157500000059 ], [ 115.072673, 36.298736800000029 ], [ 115.072989500000062, 36.299424300000055 ], [ 115.073424, 36.29978310000007 ], [ 115.074276900000086, 36.300103 ], [ 115.075146, 36.300180800000078 ], [ 115.076057900000023, 36.300159200000053 ], [ 115.077672600000028, 36.299912800000072 ], [ 115.078407500000026, 36.299713900000029 ], [ 115.079217500000027, 36.299713900000029 ], [ 115.079920300000026, 36.299865200000056 ], [ 115.080773200000067, 36.300189500000045 ], [ 115.08439420000002, 36.301884200000075 ], [ 115.087151500000118, 36.303077400000063 ], [ 115.089281200000073, 36.304400300000054 ], [ 115.091410900000028, 36.305736100000047 ], [ 115.092778800000019, 36.306285100000025 ], [ 115.095450300000039, 36.307292400000051 ], [ 115.100020800000038, 36.309423600000059 ], [ 115.1032662, 36.310902 ], [ 115.110647700000072, 36.31420010000005 ], [ 115.113764400000036, 36.315769200000034 ], [ 115.115084, 36.316750400000046 ], [ 115.115543100000082, 36.317126100000053 ], [ 115.117932600000017, 36.319261700000027 ], [ 115.119246800000042, 36.320048300000053 ], [ 115.120448500000066, 36.320614500000033 ], [ 115.121403300000111, 36.321280100000024 ], [ 115.121918300000061, 36.321820400000036 ], [ 115.122175800000036, 36.32230450000003 ], [ 115.122524500000054, 36.322978700000078 ], [ 115.122572800000057, 36.323346100000037 ], [ 115.12251910000009, 36.325221900000031 ], [ 115.122535200000016, 36.325779400000044 ], [ 115.122658600000022, 36.326047300000027 ], [ 115.123232600000051, 36.326570300000071 ], [ 115.1238227, 36.327028400000074 ], [ 115.125732400000061, 36.328683600000033 ], [ 115.127921100000094, 36.330230800000038 ], [ 115.128908200000069, 36.330866100000037 ], [ 115.129509, 36.331051900000034 ], [ 115.129938100000118, 36.331237800000054 ], [ 115.131826400000023, 36.332823800000028 ], [ 115.134079500000098, 36.334375200000068 ], [ 115.134508600000117, 36.334816 ], [ 115.134696400000053, 36.335105500000054 ], [ 115.134728500000051, 36.335317200000077 ], [ 115.134363800000074, 36.33655310000006 ], [ 115.133805900000084, 36.337685300000032 ], [ 115.133253300000092, 36.338268700000071 ], [ 115.132786600000031, 36.338298900000041 ], [ 115.132341400000087, 36.338303300000064 ], [ 115.131783500000097, 36.338359400000058 ], [ 115.130978800000094, 36.338869300000056 ], [ 115.130946600000016, 36.339266900000041 ], [ 115.131842500000062, 36.340649600000063 ], [ 115.133301600000095, 36.34220520000008 ], [ 115.134058, 36.343419400000073 ], [ 115.1345622, 36.344478 ], [ 115.135688800000025, 36.347675400000071 ], [ 115.137158600000021, 36.350872700000025 ], [ 115.138231500000074, 36.353352600000051 ], [ 115.139980300000047, 36.356091700000036 ], [ 115.142222600000082, 36.358804700000064 ], [ 115.1445079, 36.361180700000034 ], [ 115.146149400000013, 36.362537200000077 ], [ 115.149464600000101, 36.364550200000053 ], [ 115.1514065, 36.365949800000067 ], [ 115.152307700000051, 36.366744600000061 ], [ 115.153863400000091, 36.369016700000032 ], [ 115.155397600000015, 36.371789800000045 ], [ 115.156502700000033, 36.373370600000044 ], [ 115.157049900000061, 36.374899600000049 ], [ 115.157339600000114, 36.376471800000047 ], [ 115.157682900000054, 36.377655200000049 ], [ 115.15859480000006, 36.379624700000079 ], [ 115.159796500000084, 36.381749600000035 ], [ 115.160805, 36.383831200000031 ], [ 115.162918600000012, 36.387372400000061 ], [ 115.164034400000105, 36.389229400000033 ], [ 115.165450600000099, 36.392424900000037 ], [ 115.166056700000013, 36.39442850000006 ], [ 115.166614600000116, 36.395292100000063 ], [ 115.166931100000056, 36.39559440000005 ], [ 115.167231600000036, 36.395732600000031 ], [ 115.167751900000098, 36.395840500000077 ], [ 115.16827760000001, 36.395879400000069 ], [ 115.1689857, 36.395844900000043 ], [ 115.17301980000002, 36.395227400000067 ], [ 115.174672000000101, 36.395076200000062 ], [ 115.176876800000059, 36.395261900000037 ], [ 115.178453900000022, 36.395283500000062 ], [ 115.180417300000045, 36.395192800000075 ], [ 115.181554600000027, 36.395141 ], [ 115.182675700000118, 36.395188500000074 ], [ 115.184708800000067, 36.395443300000068 ], [ 115.185508100000106, 36.395646200000044 ], [ 115.185910500000091, 36.395810300000051 ], [ 115.186838500000022, 36.396125500000039 ], [ 115.188804600000026, 36.397032300000035 ], [ 115.189523400000098, 36.397310800000071 ], [ 115.190057200000069, 36.397412300000042 ], [ 115.191865, 36.397740400000032 ], [ 115.192570400000022, 36.397930400000064 ], [ 115.193042500000047, 36.398144200000047 ], [ 115.193418, 36.398392400000034 ], [ 115.19409660000008, 36.399038 ], [ 115.195123800000033, 36.399806500000068 ], [ 115.196336200000019, 36.400378600000067 ], [ 115.197135500000059, 36.400678700000071 ], [ 115.199015700000018, 36.401917900000058 ], [ 115.200351500000011, 36.402798700000062 ], [ 115.201853500000084, 36.403554300000053 ], [ 115.20278420000011, 36.403927800000076 ], [ 115.203575500000056, 36.404493400000035 ], [ 115.205603200000041, 36.406147 ], [ 115.207341300000053, 36.40759330000003 ], [ 115.208532200000036, 36.408396300000049 ], [ 115.210420500000055, 36.40929 ], [ 115.2125823, 36.410308900000075 ], [ 115.215747400000055, 36.411586800000066 ], [ 115.216562700000054, 36.412027100000046 ], [ 115.21726010000009, 36.412432900000056 ], [ 115.21801650000009, 36.413162500000055 ], [ 115.21928790000004, 36.414690700000051 ], [ 115.219781400000102, 36.415023100000042 ], [ 115.220902600000045, 36.415299400000038 ], [ 115.222066600000062, 36.415718100000049 ], [ 115.224260700000059, 36.416642 ], [ 115.225864600000023, 36.417103900000029 ], [ 115.228375200000073, 36.417734100000075 ], [ 115.22944270000005, 36.418010400000071 ], [ 115.229877200000033, 36.418234900000073 ], [ 115.230209800000011, 36.41852410000007 ], [ 115.230445900000063, 36.418839200000036 ], [ 115.230907200000047, 36.419516900000076 ], [ 115.231057400000054, 36.419944300000054 ], [ 115.231073500000093, 36.420237800000052 ], [ 115.23092870000005, 36.420583200000067 ], [ 115.230204500000013, 36.421692500000063 ], [ 115.2301079, 36.422150100000067 ], [ 115.2300811, 36.422400400000072 ], [ 115.23012940000001, 36.422672400000067 ], [ 115.230263500000092, 36.422879600000044 ], [ 115.2308375, 36.42343210000007 ], [ 115.231400700000108, 36.423669500000074 ], [ 115.236207200000081, 36.425266600000043 ], [ 115.237280100000021, 36.425814700000046 ], [ 115.237891700000091, 36.426367200000072 ], [ 115.238299400000074, 36.426962900000035 ], [ 115.23854080000001, 36.427549900000031 ], [ 115.238658800000053, 36.427886600000079 ], [ 115.238975300000106, 36.428141200000027 ], [ 115.241169300000024, 36.429708 ], [ 115.244060700000091, 36.431771100000049 ], [ 115.246254800000088, 36.433070200000031 ], [ 115.246962900000085, 36.433311900000035 ], [ 115.247504700000036, 36.433355100000028 ], [ 115.247864100000015, 36.433324800000037 ], [ 115.248379100000079, 36.433087500000056 ], [ 115.249564600000099, 36.43215310000005 ], [ 115.250468500000011, 36.431615700000066 ], [ 115.251292, 36.431346 ], [ 115.251715800000056, 36.431270400000074 ], [ 115.252539200000115, 36.431169 ], [ 115.253016600000024, 36.431192700000054 ], [ 115.253596, 36.431305 ], [ 115.254470400000059, 36.431637300000034 ], [ 115.254813700000113, 36.431853100000069 ], [ 115.255022900000085, 36.432088300000032 ], [ 115.255208, 36.432319200000052 ], [ 115.255328700000064, 36.432606200000066 ], [ 115.255309900000043, 36.433087500000056 ], [ 115.2552, 36.43329250000005 ], [ 115.254827100000057, 36.433765100000073 ], [ 115.254821800000059, 36.434034800000063 ], [ 115.255057800000031, 36.434481500000061 ], [ 115.255232200000023, 36.434595900000033 ], [ 115.255532600000038, 36.434656300000029 ], [ 115.256573300000014, 36.434716700000024 ], [ 115.257074800000055, 36.434857 ], [ 115.257528100000059, 36.435072800000057 ], [ 115.257799, 36.435323100000062 ], [ 115.258281800000077, 36.435953200000029 ], [ 115.258415900000045, 36.436440900000036 ], [ 115.258271100000115, 36.436915600000077 ], [ 115.258230900000058, 36.437273800000071 ], [ 115.258287200000041, 36.437599700000078 ], [ 115.258314, 36.438048500000036 ], [ 115.258155800000054, 36.438659100000052 ], [ 115.257984100000044, 36.43919 ], [ 115.257871400000113, 36.439604300000042 ], [ 115.257868800000097, 36.440245100000027 ], [ 115.257981400000062, 36.440665900000056 ], [ 115.258241600000019, 36.441166500000065 ], [ 115.258515200000033, 36.441781500000047 ], [ 115.2587244, 36.442098600000065 ], [ 115.259016700000075, 36.442346800000053 ], [ 115.259338600000092, 36.442424500000072 ], [ 115.259660500000109, 36.442560400000048 ], [ 115.259915300000102, 36.442715700000065 ], [ 115.260258600000043, 36.443063100000074 ], [ 115.260636800000043, 36.443732 ], [ 115.261133, 36.444381500000077 ], [ 115.261562200000071, 36.444754700000033 ], [ 115.261918900000069, 36.444948900000043 ], [ 115.262216600000102, 36.445076200000074 ], [ 115.263619400000039, 36.445264 ], [ 115.264619900000071, 36.445302800000036 ], [ 115.265322600000104, 36.44535460000003 ], [ 115.267117, 36.445596200000068 ], [ 115.26788410000006, 36.445708400000058 ], [ 115.268552000000113, 36.445850800000073 ], [ 115.268831, 36.445939300000077 ], [ 115.269814500000052, 36.446391700000049 ], [ 115.270679, 36.446789400000057 ], [ 115.27189670000007, 36.44751860000008 ], [ 115.272492200000102, 36.448183200000074 ], [ 115.272926700000085, 36.448921100000064 ], [ 115.273211, 36.450068900000076 ], [ 115.273302200000103, 36.451177800000039 ], [ 115.273157400000059, 36.452299700000026 ], [ 115.272814, 36.45299440000008 ], [ 115.271864500000106, 36.454047200000048 ], [ 115.27133880000008, 36.454694400000051 ], [ 115.270791600000052, 36.455475400000068 ], [ 115.27068440000005, 36.455924100000061 ], [ 115.27068440000005, 36.456312400000058 ], [ 115.271022300000027, 36.457373800000028 ], [ 115.271821600000067, 36.458517200000074 ], [ 115.273795700000051, 36.460756400000037 ], [ 115.274332200000117, 36.461433700000043 ], [ 115.2744126, 36.461705500000051 ], [ 115.2744126, 36.46265470000003 ], [ 115.274471600000084, 36.463133600000049 ], [ 115.275163600000042, 36.46439330000004 ], [ 115.275861, 36.466006800000059 ], [ 115.276263400000062, 36.467201800000055 ], [ 115.276263400000062, 36.467754 ], [ 115.276274100000023, 36.468228600000032 ], [ 115.276156100000094, 36.46862550000003 ], [ 115.2758986, 36.469212200000072 ], [ 115.2751905, 36.470450300000039 ], [ 115.27511, 36.471200900000042 ], [ 115.274922200000105, 36.471960100000047 ], [ 115.274938300000031, 36.472369900000047 ], [ 115.275179700000081, 36.472866 ], [ 115.275962900000081, 36.474078100000042 ], [ 115.277068, 36.475639700000045 ], [ 115.277643900000044, 36.476766400000031 ] ] } },
{ "type": "Feature", "properties": { "osm_id": "593877386", "code": 8101, "fclass": "river", "width": 0, "name": "漳河", "Shape_Leng": 0.087457371546400001 }, "geometry": { "type": "LineString", "coordinates": [ [ 114.692255200000091, 36.192884400000025 ], [ 114.697199900000101, 36.192371500000036 ], [ 114.706742300000087, 36.191381800000045 ], [ 114.716014800000039, 36.193876200000034 ], [ 114.721161900000084, 36.195260800000028 ], [ 114.727639600000089, 36.197859400000027 ], [ 114.735524900000087, 36.201022600000044 ], [ 114.74736160000009, 36.205770600000051 ], [ 114.750859300000116, 36.207173600000033 ], [ 114.75895330000003, 36.209470200000055 ], [ 114.766480500000057, 36.211605900000052 ], [ 114.77062520000004, 36.213835300000028 ], [ 114.775045, 36.216212600000063 ] ] } },
{ "type": "Feature", "properties": { "osm_id": "627659753", "code": 8103, "fclass": "canal", "width": 0, "name": "老漳河", "Shape_Leng": 0.18052183673700001 }, "geometry": { "type": "LineString", "coordinates": [ [ 114.926321700000017, 36.75057170000008 ], [ 114.926377200000047, 36.751071600000046 ], [ 114.926461700000118, 36.751482 ], [ 114.926503300000036, 36.751590600000043 ], [ 114.926578400000039, 36.751732400000037 ], [ 114.926632, 36.751835600000049 ], [ 114.9268426000001, 36.752037600000051 ], [ 114.927688800000055, 36.752544800000067 ], [ 114.935000500000115, 36.756941600000061 ], [ 114.936808300000052, 36.758119200000067 ], [ 114.938585300000113, 36.759415 ], [ 114.940119500000037, 36.760695800000065 ], [ 114.942623100000105, 36.762960700000065 ], [ 114.943495300000109, 36.763676200000077 ], [ 114.943983900000035, 36.763991800000042 ], [ 114.944432900000038, 36.764229 ], [ 114.944901, 36.76438980000006 ], [ 114.947777100000053, 36.765357 ], [ 114.948686400000042, 36.765662500000076 ], [ 114.949178, 36.765859300000045 ], [ 114.949359600000093, 36.765971600000057 ], [ 114.949467300000038, 36.76606570000007 ], [ 114.949558700000011, 36.76616260000003 ], [ 114.949622300000101, 36.766235 ], [ 114.9496871, 36.766344900000036 ], [ 114.950221, 36.768533 ], [ 114.950426600000014, 36.769459300000051 ], [ 114.950469000000112, 36.769597100000055 ], [ 114.950528, 36.769748800000059 ], [ 114.950579200000107, 36.769843200000025 ], [ 114.951370000000111, 36.770864300000028 ], [ 114.951922700000068, 36.771620800000051 ], [ 114.952914400000054, 36.772890100000041 ], [ 114.953280100000029, 36.773292300000037 ], [ 114.953556, 36.773564600000043 ], [ 114.95382, 36.773762600000055 ], [ 114.954622600000107, 36.774306300000035 ], [ 114.956381800000031, 36.775794100000041 ], [ 114.957958900000108, 36.776956400000074 ], [ 114.95809840000004, 36.777059500000064 ], [ 114.958146600000077, 36.77712820000005 ], [ 114.958176200000025, 36.777199100000075 ], [ 114.958658900000046, 36.77892 ], [ 114.958841300000017, 36.779860900000074 ], [ 114.959308, 36.781908200000032 ], [ 114.959359, 36.78207580000003 ], [ 114.959469, 36.782236900000044 ], [ 114.959573600000112, 36.78234 ], [ 114.959651400000098, 36.782398 ], [ 114.961405500000069, 36.78294580000005 ], [ 114.96785890000001, 36.785072500000069 ], [ 114.968859400000042, 36.785347500000057 ], [ 114.969583600000078, 36.785469900000066 ], [ 114.969790100000068, 36.78549350000003 ], [ 114.97010130000001, 36.785536500000035 ], [ 114.970474100000047, 36.78560310000006 ], [ 114.970718200000078, 36.785684700000047 ], [ 114.973575900000014, 36.786870100000044 ], [ 114.975656900000104, 36.787769700000069 ], [ 114.97928950000005, 36.789394 ], [ 114.9800811, 36.78976920000008 ], [ 114.981007600000112, 36.790269600000045 ], [ 114.984557800000061, 36.792394400000035 ], [ 114.985055800000055, 36.79274550000008 ], [ 114.985305500000095, 36.79294550000003 ], [ 114.985539900000049, 36.793146300000046 ], [ 114.985706600000071, 36.793319800000063 ], [ 114.988068200000043, 36.796686900000054 ], [ 114.990658900000085, 36.800178800000026 ], [ 114.993789000000106, 36.804289400000073 ], [ 114.996001400000068, 36.807364500000062 ], [ 114.997826700000019, 36.81001660000004 ], [ 114.999909100000082, 36.813217800000075 ], [ 115.001260900000034, 36.815352100000041 ], [ 115.002795700000092, 36.817693500000075 ], [ 115.003463, 36.818796400000053 ], [ 115.003738000000112, 36.819305700000029 ], [ 115.004065400000059, 36.819928800000071 ], [ 115.004888100000016, 36.821491300000048 ], [ 115.005356600000027, 36.822607700000049 ], [ 115.007303900000011, 36.827408500000047 ], [ 115.009749900000088, 36.832899800000064 ], [ 115.011264500000038, 36.836330600000053 ], [ 115.011993800000027, 36.83802170000007 ], [ 115.012968600000022, 36.840062100000068 ], [ 115.013934100000029, 36.841882300000066 ], [ 115.014653300000077, 36.843376900000067 ], [ 115.015434700000014, 36.844910200000072 ], [ 115.01682750000009, 36.847242400000027 ], [ 115.017954600000053, 36.849072100000058 ], [ 115.020036900000036, 36.852756700000043 ], [ 115.02112180000006, 36.85468190000006 ], [ 115.022207200000025, 36.856891800000028 ], [ 115.023862700000109, 36.860566200000051 ], [ 115.024477100000013, 36.861869200000058 ], [ 115.025625300000115, 36.864359 ], [ 115.026000900000099, 36.865194 ], [ 115.026198200000067, 36.865629100000035 ], [ 115.026376, 36.865968800000076 ], [ 115.026513300000033, 36.866214300000024 ], [ 115.026890800000047, 36.866974800000037 ], [ 115.02700080000011, 36.867159 ], [ 115.0270948000001, 36.86727970000004 ], [ 115.029791300000056, 36.870038900000054 ], [ 115.033614600000078, 36.874200900000062 ], [ 115.036787700000104, 36.877824800000042 ], [ 115.037511900000027, 36.87852 ], [ 115.038697400000046, 36.879528400000027 ], [ 115.039719300000115, 36.880395100000044 ], [ 115.039894000000118, 36.880542700000035 ] ] } },
{ "type": "Feature", "properties": { "osm_id": "746899602", "code": 8101, "fclass": "river", "width": 0, "name": "浊漳河", "Shape_Leng": 0.124619740964 }, "geometry": { "type": "LineString", "coordinates": [ [ 113.722793100000104, 36.361584300000061 ], [ 113.723350200000027, 36.362165700000048 ], [ 113.725458400000093, 36.363815800000054 ], [ 113.72589830000004, 36.364014500000053 ], [ 113.726568800000109, 36.364131200000031 ], [ 113.727201800000103, 36.364092300000038 ], [ 113.727475400000117, 36.364010200000052 ], [ 113.727749, 36.363807200000053 ], [ 113.728365900000085, 36.363064200000053 ], [ 113.728408800000011, 36.362891400000024 ], [ 113.7283337, 36.362722900000051 ], [ 113.727942100000064, 36.36218290000005 ], [ 113.727808, 36.361811400000079 ], [ 113.727614900000049, 36.361366500000031 ], [ 113.727368100000035, 36.361068400000079 ], [ 113.726466900000105, 36.360105 ], [ 113.725909000000115, 36.359223800000052 ], [ 113.725785600000108, 36.358964600000036 ], [ 113.725748100000033, 36.358675100000028 ], [ 113.726123600000051, 36.357651200000078 ], [ 113.72635420000006, 36.357400700000028 ], [ 113.72666, 36.357232200000055 ], [ 113.727142800000024, 36.357093900000052 ], [ 113.728060100000107, 36.356994600000064 ], [ 113.728719900000101, 36.356908200000078 ], [ 113.730205900000101, 36.356722400000024 ], [ 113.730659200000105, 36.356620900000053 ], [ 113.730887200000097, 36.356534500000066 ], [ 113.731064200000105, 36.356400600000029 ], [ 113.731619400000113, 36.355772 ], [ 113.7321263, 36.35547390000005 ], [ 113.732716400000072, 36.35525350000006 ], [ 113.733038300000089, 36.355197400000065 ], [ 113.733328, 36.355210300000067 ], [ 113.733612300000118, 36.355322700000045 ], [ 113.7347737, 36.355858400000045 ], [ 113.7352055, 36.35600960000005 ], [ 113.735758100000112, 36.356124100000045 ], [ 113.736047700000086, 36.356197500000064 ], [ 113.736372300000085, 36.356327100000044 ], [ 113.736659300000042, 36.356551800000034 ], [ 113.736927500000093, 36.356890900000053 ], [ 113.736981100000094, 36.357219200000031 ], [ 113.73696510000002, 36.357482800000071 ], [ 113.736425900000086, 36.358932200000027 ], [ 113.7363133, 36.35914820000005 ], [ 113.736179200000038, 36.359336100000064 ], [ 113.7359351, 36.359575800000073 ], [ 113.735382600000094, 36.360182800000075 ], [ 113.73527260000003, 36.360506800000053 ], [ 113.735039200000074, 36.362070600000038 ], [ 113.735012400000073, 36.362332 ], [ 113.735025800000017, 36.362530700000036 ], [ 113.735106300000098, 36.362796400000036 ], [ 113.73530750000009, 36.363301800000045 ], [ 113.735417400000074, 36.36363010000008 ], [ 113.735747300000071, 36.364269400000069 ], [ 113.735964600000102, 36.364509200000043 ], [ 113.736289100000022, 36.364662500000065 ], [ 113.738196200000061, 36.365297500000054 ], [ 113.739676800000098, 36.36581590000003 ], [ 113.740226600000028, 36.365934700000025 ], [ 113.740749700000038, 36.366010300000028 ], [ 113.742562800000087, 36.366355800000065 ], [ 113.743115400000079, 36.366487600000028 ], [ 113.743619600000102, 36.366567500000031 ], [ 113.744207, 36.366630100000066 ], [ 113.745416700000078, 36.36660640000008 ], [ 113.746076500000072, 36.366578300000072 ], [ 113.746712200000047, 36.366597700000057 ], [ 113.747996100000023, 36.36669210000008 ], [ 113.748237500000073, 36.366692800000067 ], [ 113.748369800000091, 36.366696200000035 ], [ 113.748619300000087, 36.366608500000041 ], [ 113.748849900000096, 36.366031900000053 ], [ 113.748922300000118, 36.365951900000027 ], [ 113.749040400000013, 36.365900100000033 ], [ 113.749195900000018, 36.365781300000037 ], [ 113.749238800000057, 36.365669 ], [ 113.74921740000002, 36.365394700000024 ], [ 113.749265700000024, 36.365284600000052 ], [ 113.7493756, 36.365191700000025 ], [ 113.749721600000044, 36.365055600000062 ], [ 113.750504800000044, 36.364446500000042 ], [ 113.750671100000091, 36.364306100000078 ], [ 113.750730200000021, 36.364189500000066 ], [ 113.750770400000079, 36.364042600000062 ], [ 113.750920600000086, 36.363087900000039 ], [ 113.75120220000008, 36.362135400000057 ], [ 113.751314900000011, 36.36187620000004 ], [ 113.751508, 36.361664500000074 ], [ 113.751722600000107, 36.361502600000051 ], [ 113.751819100000034, 36.361381600000072 ], [ 113.751862, 36.361243400000035 ], [ 113.751937100000077, 36.360718500000075 ], [ 113.751980100000083, 36.360569400000031 ], [ 113.752047100000027, 36.360487400000068 ], [ 113.752572800000053, 36.359956 ], [ 113.753793200000018, 36.358545500000048 ], [ 113.75409900000011, 36.358260400000063 ], [ 113.75448520000009, 36.35800770000003 ], [ 113.755539400000089, 36.357130700000027 ], [ 113.7565935, 36.356324900000061 ], [ 113.75718350000011, 36.355828100000053 ], [ 113.757556400000112, 36.355685600000072 ], [ 113.758071400000063, 36.355599100000063 ], [ 113.759179100000097, 36.355443600000058 ], [ 113.759506300000112, 36.355391800000064 ], [ 113.759720900000048, 36.355335600000046 ], [ 113.7599838000001, 36.355158500000073 ], [ 113.76019030000009, 36.355052600000079 ], [ 113.760522900000069, 36.355011600000068 ], [ 113.761606500000084, 36.35511530000008 ], [ 113.762033, 36.355136900000048 ], [ 113.762456800000109, 36.355061300000045 ], [ 113.764109, 36.35484740000004 ], [ 113.764758100000108, 36.354797700000063 ], [ 113.765171200000054, 36.354795600000045 ], [ 113.765578900000037, 36.354886300000032 ], [ 113.765812200000028, 36.355024600000036 ], [ 113.76694950000001, 36.355886400000031 ], [ 113.767494, 36.35640490000003 ], [ 113.768236900000034, 36.357124200000044 ], [ 113.7687466000001, 36.357789500000024 ], [ 113.769248100000027, 36.358647 ], [ 113.769443900000056, 36.358802600000047 ], [ 113.769733600000109, 36.358940800000028 ], [ 113.770347800000081, 36.359368500000073 ], [ 113.771165900000028, 36.359960300000068 ], [ 113.771428800000081, 36.359994900000061 ], [ 113.771839100000079, 36.359964600000069 ], [ 113.772110000000112, 36.359910600000035 ], [ 113.772362200000089, 36.359778900000038 ], [ 113.772818100000109, 36.359342600000048 ], [ 113.773330400000077, 36.358711800000037 ], [ 113.773915200000033, 36.35781970000005 ], [ 113.774175300000024, 36.357467600000064 ], [ 113.774239700000066, 36.357204100000047 ], [ 113.774194100000045, 36.356819600000051 ], [ 113.773990300000037, 36.356102500000077 ], [ 113.773684500000059, 36.355536500000028 ], [ 113.773483300000066, 36.355123900000024 ], [ 113.772874500000057, 36.354447800000059 ], [ 113.772139500000094, 36.353577200000075 ], [ 113.770798400000103, 36.352503600000034 ], [ 113.770527500000071, 36.35209750000007 ], [ 113.770484600000032, 36.35186420000008 ], [ 113.770398800000066, 36.351000100000078 ], [ 113.770449800000051, 36.350738700000079 ], [ 113.770508800000016, 36.350563700000066 ], [ 113.770637500000021, 36.350332600000058 ], [ 113.771313400000054, 36.349723400000073 ], [ 113.77178820000006, 36.349557 ], [ 113.772150300000021, 36.349509500000067 ], [ 113.772689400000104, 36.349464100000034 ], [ 113.773612100000037, 36.349541900000077 ], [ 113.774081500000079, 36.349600200000054 ], [ 113.774588400000084, 36.349626200000046 ], [ 113.776680500000111, 36.349621900000045 ], [ 113.778517800000031, 36.349665100000038 ], [ 113.778861200000051, 36.349619700000062 ], [ 113.779089200000044, 36.349524600000052 ], [ 113.779660500000091, 36.34937560000003 ], [ 113.779987700000106, 36.349306400000046 ], [ 113.780255900000043, 36.34931940000007 ], [ 113.780768200000011, 36.349457700000073 ], [ 113.780950600000097, 36.349513800000068 ], [ 113.781138400000032, 36.34954410000006 ], [ 113.781304700000078, 36.349537600000076 ], [ 113.781479000000104, 36.349446900000032 ], [ 113.781833, 36.349096900000063 ], [ 113.781983300000093, 36.348991 ], [ 113.782138800000098, 36.348911100000066 ], [ 113.782329300000015, 36.348859300000072 ], [ 113.782986400000027, 36.348805300000038 ], [ 113.783396800000105, 36.348775 ], [ 113.783852800000091, 36.348794500000054 ], [ 113.784311400000092, 36.348859300000072 ], [ 113.784571600000049, 36.348885200000041 ], [ 113.784920300000067, 36.348898100000042 ], [ 113.785196500000097, 36.348885200000041 ], [ 113.786095100000011, 36.348574100000064 ], [ 113.786585900000091, 36.348325700000032 ], [ 113.786985600000094, 36.34815720000006 ], [ 113.787959200000046, 36.347906600000044 ], [ 113.788549300000113, 36.34783740000006 ], [ 113.788844300000051, 36.347865500000069 ], [ 113.789158200000088, 36.347887100000037 ], [ 113.789485400000103, 36.347852600000067 ], [ 113.790442900000016, 36.347498300000041 ], [ 113.791196600000035, 36.347126700000047 ], [ 113.791717, 36.346714 ], [ 113.791945, 36.346431 ], [ 113.792604800000049, 36.345147800000063 ], [ 113.793219, 36.344415400000059 ], [ 113.79338, 36.344199300000071 ], [ 113.793476500000111, 36.34392930000007 ], [ 113.793606600000089, 36.343414100000075 ], [ 113.793825200000015, 36.342944100000068 ], [ 113.793886900000075, 36.342795 ], [ 113.793994200000043, 36.342546600000048 ], [ 113.794082700000104, 36.342360800000051 ], [ 113.794203400000015, 36.342110200000036 ], [ 113.794482300000027, 36.34129130000008 ], [ 113.794683500000019, 36.340046800000039 ], [ 113.794796200000064, 36.339297100000067 ], [ 113.795276300000069, 36.338165 ], [ 113.795549900000083, 36.33751680000006 ], [ 113.795726900000091, 36.337216500000068 ], [ 113.795903900000098, 36.337123600000041 ], [ 113.796153400000094, 36.337110600000074 ], [ 113.796767600000067, 36.337261800000078 ], [ 113.797727800000075, 36.337668 ] ] } },
{ "type": "Feature", "properties": { "osm_id": "746899612", "code": 8101, "fclass": "river", "width": 0, "name": "浊漳河", "Shape_Leng": 0.12023573104099999 }, "geometry": { "type": "LineString", "coordinates": [ [ 113.797727800000075, 36.337668 ], [ 113.798489600000039, 36.338022400000057 ], [ 113.799610700000017, 36.338311900000065 ], [ 113.800659500000052, 36.338458800000069 ], [ 113.800965200000064, 36.338476100000037 ], [ 113.801174500000116, 36.338456700000052 ], [ 113.801480200000015, 36.338409100000035 ], [ 113.801697500000046, 36.33834 ], [ 113.801807500000109, 36.338257900000031 ], [ 113.802024700000061, 36.337771700000076 ], [ 113.802397500000097, 36.33725540000006 ], [ 113.802655, 36.336996100000079 ], [ 113.804082000000108, 36.335755900000038 ], [ 113.805393600000116, 36.334228200000041 ], [ 113.806241200000045, 36.332681200000025 ], [ 113.806364500000086, 36.332551500000079 ], [ 113.806487900000093, 36.332465100000036 ], [ 113.806643500000064, 36.332406700000035 ], [ 113.807582300000036, 36.33219930000007 ], [ 113.808212600000047, 36.331914100000063 ], [ 113.808596100000045, 36.33178010000006 ], [ 113.809052100000031, 36.331726100000026 ], [ 113.810406600000078, 36.331583500000079 ], [ 113.810736500000075, 36.331540300000029 ], [ 113.810953800000107, 36.331546700000047 ], [ 113.811096, 36.331570500000055 ], [ 113.811286400000085, 36.331581300000039 ], [ 113.811471500000039, 36.331561900000054 ], [ 113.8130969, 36.331114600000035 ], [ 113.813574300000028, 36.331056200000035 ], [ 113.8139337, 36.331064900000058 ], [ 113.814413800000011, 36.331155600000045 ], [ 113.815926600000012, 36.331611600000031 ], [ 113.816339700000071, 36.331702300000075 ], [ 113.816814400000112, 36.33178010000006 ], [ 113.817136300000016, 36.331855700000062 ], [ 113.818005300000095, 36.33229220000004 ], [ 113.818355100000076, 36.332465900000045 ], [ 113.818662500000073, 36.332618500000024 ], [ 113.819215, 36.33289510000003 ], [ 113.819553, 36.332985800000074 ], [ 113.819982100000061, 36.333052800000075 ], [ 113.821288300000106, 36.333059300000059 ], [ 113.821840900000097, 36.333048500000075 ], [ 113.822449700000107, 36.333100300000069 ], [ 113.824437300000113, 36.333320700000058 ], [ 113.825392100000045, 36.333526 ], [ 113.825861500000087, 36.333690200000035 ], [ 113.826851200000078, 36.334098600000061 ], [ 113.828278200000113, 36.334481100000062 ], [ 113.828575900000033, 36.334526400000072 ], [ 113.828913900000089, 36.33454370000004 ], [ 113.83028180000008, 36.334377300000028 ], [ 113.83083160000001, 36.33422180000008 ], [ 113.831075700000042, 36.334096400000078 ], [ 113.831625600000052, 36.333798300000069 ], [ 113.831907200000046, 36.333696700000075 ], [ 113.832237100000043, 36.333672900000067 ], [ 113.833521900000051, 36.333586500000024 ], [ 113.8341656, 36.333465500000045 ], [ 113.834546500000101, 36.333335900000066 ], [ 113.835061500000052, 36.333232200000054 ], [ 113.835396800000012, 36.333271 ], [ 113.835890300000074, 36.333508700000039 ], [ 113.836126300000046, 36.333573500000057 ], [ 113.8364831, 36.333599500000048 ], [ 113.8368398, 36.333539 ], [ 113.8387120000001, 36.332746 ], [ 113.839768800000115, 36.33248240000006 ], [ 113.840602900000022, 36.332374300000026 ], [ 113.84118500000011, 36.332376500000066 ], [ 113.842314200000033, 36.332443500000068 ], [ 113.842700400000012, 36.332488800000078 ], [ 113.842966, 36.332501800000045 ], [ 113.843421900000067, 36.332454300000052 ], [ 113.84387520000007, 36.332352700000058 ], [ 113.846096100000068, 36.331328500000041 ], [ 113.846450100000084, 36.331157800000028 ], [ 113.84706170000004, 36.330822900000044 ], [ 113.84743990000004, 36.330462 ], [ 113.847740300000055, 36.329895900000054 ], [ 113.847807300000113, 36.329720900000041 ], [ 113.847879800000101, 36.32962150000003 ], [ 113.848008500000105, 36.329548 ], [ 113.849234300000035, 36.329193600000053 ], [ 113.849569600000109, 36.329189300000053 ], [ 113.850041600000054, 36.329247600000031 ], [ 113.850768500000072, 36.329429100000027 ], [ 113.851828, 36.329759800000033 ], [ 113.85225980000007, 36.329971500000056 ], [ 113.852517300000045, 36.330086 ], [ 113.852868700000045, 36.330124900000044 ], [ 113.85312620000002, 36.330092500000035 ], [ 113.8533112, 36.330045 ], [ 113.853507, 36.330038500000057 ], [ 113.8536626, 36.330062300000066 ], [ 113.853761800000029, 36.330144400000052 ], [ 113.854030100000045, 36.330602500000055 ], [ 113.85419370000011, 36.330766700000027 ], [ 113.854298300000096, 36.330838 ], [ 113.854378800000063, 36.33095250000008 ], [ 113.854408300000046, 36.331049800000073 ], [ 113.854381400000079, 36.331147 ], [ 113.854081, 36.33151 ], [ 113.854043500000103, 36.331767200000058 ], [ 113.853879900000038, 36.33215830000006 ], [ 113.85371090000001, 36.332778400000052 ], [ 113.853431900000032, 36.33331430000004 ], [ 113.852863300000081, 36.333724800000027 ], [ 113.852659500000073, 36.33380470000003 ], [ 113.852404700000079, 36.333830700000078 ], [ 113.852206200000069, 36.333828500000038 ], [ 113.852023800000097, 36.333869600000071 ], [ 113.851822600000105, 36.334038100000043 ], [ 113.851747500000101, 36.334165600000063 ], [ 113.8516912, 36.334303900000066 ], [ 113.851616100000115, 36.334394600000053 ], [ 113.850792600000091, 36.334934800000042 ], [ 113.850159600000097, 36.335291300000051 ], [ 113.848644200000081, 36.335870400000033 ], [ 113.847614200000066, 36.336183700000049 ], [ 113.846965100000034, 36.336278700000037 ], [ 113.846286500000019, 36.336285200000077 ], [ 113.84592710000004, 36.336270100000036 ], [ 113.845626700000025, 36.336293900000044 ], [ 113.845420200000035, 36.33638030000003 ], [ 113.845125100000018, 36.33655310000006 ], [ 113.845007100000089, 36.33674110000004 ], [ 113.845007100000089, 36.336944200000062 ], [ 113.845047300000033, 36.337114900000074 ], [ 113.844993700000032, 36.337296400000071 ], [ 113.844682600000056, 36.33783660000006 ], [ 113.84435, 36.338357300000041 ], [ 113.843725, 36.339037900000051 ], [ 113.843569500000058, 36.339368400000069 ], [ 113.843491700000072, 36.339677400000028 ], [ 113.843497, 36.339960400000052 ], [ 113.843663300000117, 36.340725300000031 ], [ 113.843767900000103, 36.341485800000044 ], [ 113.843751800000064, 36.342248400000074 ], [ 113.843582900000115, 36.342570300000034 ], [ 113.843454100000031, 36.343304900000078 ], [ 113.843365600000084, 36.343711100000064 ], [ 113.843102800000111, 36.344361400000025 ], [ 113.843078600000013, 36.345026800000028 ], [ 113.843108100000109, 36.345324900000037 ], [ 113.843309300000101, 36.345897400000069 ], [ 113.843464800000106, 36.346333800000025 ], [ 113.84366870000008, 36.346802600000046 ], [ 113.844065700000101, 36.347357800000054 ], [ 113.844744300000116, 36.348129100000051 ], [ 113.845221700000025, 36.34895860000006 ], [ 113.845460400000093, 36.349496600000066 ], [ 113.8456562, 36.349727700000074 ], [ 113.846291900000097, 36.350131700000077 ], [ 113.846581600000036, 36.350224600000047 ], [ 113.8468176, 36.350269900000058 ], [ 113.84711, 36.350276400000041 ], [ 113.847933400000102, 36.350291500000026 ], [ 113.848376, 36.350377900000069 ], [ 113.848630800000024, 36.35046 ], [ 113.849033100000042, 36.350514 ], [ 113.849719800000116, 36.350550800000065 ], [ 113.8502079000001, 36.350578900000073 ], [ 113.850918700000079, 36.350747400000046 ], [ 113.851734100000044, 36.351013100000046 ], [ 113.852487800000063, 36.351384600000074 ], [ 113.8528258, 36.351611500000047 ], [ 113.853083300000094, 36.351689200000067 ], [ 113.854840100000047, 36.352045700000076 ], [ 113.855178100000103, 36.352112600000055 ], [ 113.855470400000058, 36.352138600000046 ], [ 113.855845900000077, 36.352136400000063 ], [ 113.85679540000001, 36.352162300000032 ], [ 113.857221900000013, 36.352214200000049 ], [ 113.857567900000049, 36.352212 ], [ 113.858565700000099, 36.352171 ], [ 113.859002900000064, 36.352216300000066 ], [ 113.859391800000026, 36.352268200000026 ], [ 113.859646600000019, 36.352294100000051 ], [ 113.860526400000026, 36.352259500000059 ], [ 113.86087770000006, 36.352207700000065 ], [ 113.861081600000034, 36.35219040000004 ], [ 113.861272, 36.352196900000024 ], [ 113.862980600000014, 36.352514400000075 ], [ 113.863581400000044, 36.352700200000072 ], [ 113.863900600000079, 36.352825500000051 ], [ 113.864142, 36.352898900000071 ], [ 113.8643485, 36.352935700000046 ], [ 113.86464090000004, 36.352927 ], [ 113.864976200000115, 36.352875200000028 ], [ 113.86526850000007, 36.352866500000061 ], [ 113.866488900000036, 36.353017800000032 ], [ 113.867604700000015, 36.35315380000003 ], [ 113.867929300000014, 36.353164600000071 ], [ 113.868216300000086, 36.353108500000076 ], [ 113.868645400000105, 36.353061 ], [ 113.869375000000105, 36.353084700000068 ], [ 113.8697237, 36.35311930000006 ], [ 113.870316400000092, 36.353065300000026 ], [ 113.870777800000042, 36.352994 ], [ 113.871099600000093, 36.352963800000055 ], [ 113.871375900000089, 36.35298750000004 ], [ 113.871493900000019, 36.353022100000032 ], [ 113.871823800000016, 36.353320200000041 ], [ 113.8720518, 36.353454100000079 ], [ 113.872365700000046, 36.35356 ], [ 113.873183700000027, 36.353732800000046 ], [ 113.874106400000073, 36.353989800000079 ], [ 113.874540900000056, 36.35405030000004 ], [ 113.875069300000064, 36.354087 ], [ 113.87555210000005, 36.354082700000049 ], [ 113.87589150000008, 36.354070700000079 ], [ 113.876083200000039, 36.354067600000064 ] ] } },
{ "type": "Feature", "properties": { "osm_id": "748909755", "code": 8101, "fclass": "river", "width": 0, "name": "漳河", "Shape_Leng": 0.60041175666000002 }, "geometry": { "type": "LineString", "coordinates": [ [ 113.876083200000039, 36.354067600000064 ], [ 113.876635700000065, 36.353659300000061 ], [ 113.8776818, 36.35321220000003 ], [ 113.878725200000076, 36.352914100000078 ], [ 113.880377400000043, 36.352525200000059 ], [ 113.881216900000027, 36.352389100000039 ], [ 113.881517300000041, 36.352352400000029 ], [ 113.881683600000088, 36.352298400000052 ], [ 113.881833800000095, 36.352183900000057 ], [ 113.882611700000098, 36.351144800000043 ], [ 113.88326880000011, 36.349997700000074 ], [ 113.883773100000099, 36.348928400000034 ], [ 113.884030600000074, 36.347139600000048 ], [ 113.884014500000035, 36.34639210000006 ], [ 113.884100300000114, 36.345528 ], [ 113.88439, 36.344767500000046 ], [ 113.884872800000039, 36.344201500000054 ], [ 113.886305100000072, 36.34320770000005 ], [ 113.886916600000063, 36.342568200000073 ], [ 113.8891804000001, 36.340684200000055 ], [ 113.889861700000097, 36.340247800000043 ], [ 113.890344500000083, 36.340118100000041 ], [ 113.890913100000034, 36.340074900000047 ], [ 113.891471, 36.340087900000071 ], [ 113.892576100000042, 36.340580500000044 ], [ 113.893016000000102, 36.340766300000041 ], [ 113.893611400000054, 36.340874300000053 ], [ 113.895027600000049, 36.340995300000031 ], [ 113.895875200000091, 36.340952100000038 ], [ 113.898294600000099, 36.340697200000079 ], [ 113.898772, 36.340671200000031 ], [ 113.8990778000001, 36.340718800000047 ], [ 113.899335300000075, 36.340844100000027 ], [ 113.90009160000011, 36.342084200000045 ], [ 113.9002901, 36.342823100000032 ], [ 113.900215000000117, 36.343454 ], [ 113.90019360000008, 36.343808300000035 ], [ 113.9003116, 36.344084800000076 ], [ 113.900504700000056, 36.344262 ], [ 113.900864100000035, 36.344434800000045 ], [ 113.901137700000049, 36.344646500000067 ], [ 113.902205200000026, 36.345826100000068 ], [ 113.902832900000021, 36.346806900000047 ], [ 113.903830600000106, 36.348755600000061 ], [ 113.904587000000106, 36.349598100000037 ], [ 113.904892800000084, 36.350730100000078 ], [ 113.905123500000059, 36.351611500000047 ], [ 113.905273700000066, 36.351797200000078 ], [ 113.905558, 36.351883600000065 ], [ 113.9060032000001, 36.352004600000043 ], [ 113.906191, 36.352099700000053 ], [ 113.906325100000117, 36.352233600000034 ], [ 113.906707300000107, 36.352576 ], [ 113.907113700000082, 36.352760700000033 ], [ 113.907934400000045, 36.352920500000039 ], [ 113.908465500000034, 36.352920500000039 ], [ 113.909061, 36.35275850000005 ], [ 113.910286700000029, 36.352328600000078 ], [ 113.91219650000005, 36.351322 ], [ 113.912681900000052, 36.35102390000003 ], [ 113.912770400000113, 36.350797 ], [ 113.912612200000012, 36.350025800000026 ], [ 113.912698, 36.349613200000078 ], [ 113.913288100000045, 36.347554400000035 ], [ 113.913352500000087, 36.346128600000043 ], [ 113.913502700000095, 36.345381100000054 ], [ 113.913835300000073, 36.344296600000064 ], [ 113.914200100000016, 36.341163800000061 ], [ 113.91440440000008, 36.339658400000076 ], [ 113.913872800000036, 36.337322300000039 ], [ 113.913808500000073, 36.33600430000007 ], [ 113.913336400000048, 36.334522100000072 ], [ 113.912574600000085, 36.332780600000035 ], [ 113.912408300000038, 36.330827200000044 ], [ 113.912451300000043, 36.330243800000062 ], [ 113.912612200000012, 36.329911 ], [ 113.912993100000108, 36.329543700000045 ], [ 113.913647500000025, 36.328908400000046 ], [ 113.913985500000081, 36.328467600000067 ], [ 113.91417320000005, 36.327698300000066 ], [ 113.914334200000098, 36.326954900000032 ], [ 113.914543400000071, 36.326665400000024 ], [ 113.91485990000001, 36.326488200000028 ], [ 113.915412400000037, 36.326492500000029 ], [ 113.916914500000075, 36.326457900000037 ], [ 113.919376700000043, 36.326004100000034 ], [ 113.920363800000018, 36.326086200000077 ], [ 113.921442, 36.326302300000066 ], [ 113.92219840000007, 36.326419 ], [ 113.922890400000028, 36.326406100000042 ], [ 113.923775500000033, 36.326423300000044 ], [ 113.924499700000069, 36.326557300000047 ], [ 113.925647700000013, 36.326976500000058 ], [ 113.926430900000014, 36.327426 ], [ 113.926935200000116, 36.32784950000007 ], [ 113.92784180000001, 36.328688 ], [ 113.928388900000073, 36.32947020000006 ], [ 113.928812700000094, 36.330563600000062 ], [ 113.9288825000001, 36.331544600000029 ], [ 113.92846940000004, 36.333411500000068 ], [ 113.928378200000111, 36.334725200000037 ], [ 113.928485500000079, 36.335585200000025 ], [ 113.928828800000019, 36.336116700000048 ], [ 113.929252600000041, 36.336505600000066 ], [ 113.930642, 36.337145200000066 ], [ 113.9323908, 36.338000800000032 ], [ 113.933061400000042, 36.338225500000078 ], [ 113.9338553, 36.338342200000056 ], [ 113.935850900000105, 36.338281700000039 ], [ 113.937073900000087, 36.338039700000024 ], [ 113.940271100000018, 36.337577300000078 ], [ 113.943012400000043, 36.336911800000053 ], [ 113.9461344, 36.336077800000055 ], [ 113.948328500000116, 36.335861700000066 ], [ 113.950249, 36.335900600000059 ], [ 113.951091200000064, 36.336043200000063 ], [ 113.951627600000052, 36.336397600000055 ], [ 113.952051400000073, 36.336985300000038 ], [ 113.952330300000085, 36.337577300000078 ], [ 113.952437600000053, 36.338130400000068 ], [ 113.952464500000019, 36.338454500000068 ], [ 113.952421500000014, 36.338813200000061 ], [ 113.951836800000024, 36.339733600000045 ], [ 113.951606100000049, 36.340118100000041 ], [ 113.951568600000087, 36.340511400000025 ], [ 113.951777800000059, 36.340805200000034 ], [ 113.952577100000099, 36.341466300000036 ], [ 113.953177900000014, 36.341760200000067 ], [ 113.953617800000075, 36.342006500000025 ], [ 113.953859200000011, 36.342235500000072 ], [ 113.954132800000025, 36.34288360000005 ], [ 113.954551200000083, 36.343220600000052 ], [ 113.955066200000033, 36.343497200000058 ], [ 113.9553505, 36.343752100000074 ], [ 113.955393400000048, 36.344024300000058 ], [ 113.9552754, 36.344262 ], [ 113.953939700000092, 36.345130500000039 ], [ 113.95275950000007, 36.345454500000073 ], [ 113.950924900000018, 36.34626680000008 ], [ 113.949964600000044, 36.346379200000058 ], [ 113.947588200000041, 36.346513100000038 ], [ 113.946735300000114, 36.346396500000026 ], [ 113.945512200000053, 36.34626680000008 ], [ 113.943264500000055, 36.346258200000079 ], [ 113.942524200000094, 36.346344600000066 ], [ 113.941923400000064, 36.34658660000008 ], [ 113.941365500000074, 36.346923600000025 ], [ 113.939976100000081, 36.348392600000068 ], [ 113.939386, 36.349360500000046 ], [ 113.938892500000065, 36.351239900000053 ], [ 113.938795900000059, 36.352129900000079 ], [ 113.939139200000113, 36.35289030000007 ], [ 113.939386, 36.353853700000059 ], [ 113.939852700000074, 36.354527700000062 ], [ 113.940222900000094, 36.354920900000025 ], [ 113.942186200000037, 36.355815200000052 ], [ 113.944906, 36.356510700000058 ], [ 113.945721400000025, 36.356787200000042 ], [ 113.947212700000023, 36.357474100000047 ], [ 113.948371400000042, 36.358083300000033 ], [ 113.948763, 36.358156700000052 ], [ 113.950018300000011, 36.357888900000034 ], [ 113.952351800000088, 36.357016200000032 ], [ 113.953886, 36.356117600000061 ], [ 113.954937400000063, 36.355417700000032 ], [ 113.957877100000019, 36.352160200000071 ], [ 113.960259, 36.348003800000072 ], [ 113.961095800000066, 36.346733500000028 ], [ 113.962415400000054, 36.345290400000067 ], [ 113.96384240000009, 36.343449700000065 ], [ 113.963917500000093, 36.343017600000053 ], [ 113.963295200000061, 36.342187900000056 ], [ 113.96267290000003, 36.340234800000076 ], [ 113.96267290000003, 36.339612600000066 ], [ 113.962791, 36.339024900000027 ], [ 113.963123500000052, 36.33855820000008 ], [ 113.966095400000086, 36.336293900000044 ], [ 113.967629700000089, 36.335386400000061 ], [ 113.968488, 36.334712300000035 ], [ 113.969957800000088, 36.332828100000029 ], [ 113.972232300000087, 36.328955900000039 ], [ 113.973809500000016, 36.325559 ], [ 113.974855500000103, 36.321172100000069 ], [ 113.975826500000039, 36.318526900000052 ], [ 113.976175200000057, 36.318003900000065 ], [ 113.976529200000073, 36.317684 ], [ 113.9770228000001, 36.317463600000053 ], [ 113.978653500000064, 36.31707890000007 ], [ 113.979849800000011, 36.316689900000029 ], [ 113.980380900000114, 36.316404600000055 ], [ 113.982725100000039, 36.315501200000028 ], [ 113.983819500000095, 36.315315300000066 ], [ 113.984801200000106, 36.315103500000077 ], [ 113.986807500000054, 36.314796600000079 ], [ 113.987478, 36.314857200000063 ], [ 113.98798760000011, 36.314986800000042 ], [ 113.988341700000092, 36.315259100000048 ], [ 113.988615300000106, 36.31566550000008 ], [ 113.988749400000074, 36.316218700000036 ], [ 113.988674300000071, 36.31674170000008 ], [ 113.988363100000015, 36.317882900000029 ], [ 113.987783800000102, 36.318756 ], [ 113.98733320000008, 36.319114700000057 ], [ 113.9866412, 36.319564200000059 ], [ 113.98633540000003, 36.319871100000057 ], [ 113.985589700000105, 36.321202300000039 ], [ 113.984897700000033, 36.322805900000048 ], [ 113.98482260000003, 36.323722100000055 ], [ 113.985088200000064, 36.325597 ], [ 113.985423400000059, 36.32701110000005 ], [ 113.986142300000097, 36.328471900000068 ], [ 113.987698, 36.329915300000039 ], [ 113.988711800000033, 36.330421 ], [ 113.990299700000037, 36.330775300000028 ], [ 113.991125800000077, 36.330809900000077 ], [ 113.9919949, 36.33062840000008 ], [ 113.992590300000074, 36.330442600000026 ], [ 113.993416400000115, 36.330455500000028 ], [ 113.994312300000047, 36.330671600000073 ], [ 113.996163, 36.331760700000075 ], [ 113.996511700000042, 36.332374300000026 ], [ 113.996753100000092, 36.333260200000041 ], [ 113.996672600000011, 36.334340600000075 ], [ 113.99561580000011, 36.335481500000071 ], [ 113.993722200000093, 36.336190200000033 ], [ 113.99193050000008, 36.335840100000041 ], [ 113.99100240000007, 36.335727800000029 ], [ 113.989428, 36.336313300000029 ], [ 113.988438200000019, 36.336907500000052 ], [ 113.987982300000112, 36.337413100000049 ], [ 113.987488700000085, 36.338242800000046 ], [ 113.987440500000048, 36.338916900000072 ], [ 113.987660400000095, 36.340818200000058 ], [ 113.987966200000074, 36.341863900000078 ], [ 113.988534800000025, 36.343242200000077 ], [ 113.988674300000071, 36.343851500000028 ], [ 113.988588400000026, 36.344218800000078 ], [ 113.988245100000086, 36.344495300000062 ], [ 113.986936200000059, 36.345515 ], [ 113.984624100000019, 36.346275500000047 ], [ 113.983599500000082, 36.346288500000071 ], [ 113.982939700000088, 36.346102700000074 ], [ 113.981099700000073, 36.344750200000078 ], [ 113.979662100000041, 36.343691600000056 ], [ 113.978009800000109, 36.343034800000055 ], [ 113.977323200000114, 36.342944100000068 ], [ 113.976518500000111, 36.342931100000044 ], [ 113.975901600000043, 36.343082400000071 ], [ 113.974378100000081, 36.34366140000003 ], [ 113.97296730000005, 36.345026800000028 ], [ 113.971395500000085, 36.347493900000075 ], [ 113.970859, 36.349835700000028 ], [ 113.970301100000029, 36.353102 ], [ 113.970333300000107, 36.356048500000043 ], [ 113.970708800000011, 36.356955700000071 ], [ 113.971942700000113, 36.358485 ], [ 113.973165700000095, 36.359072600000047 ], [ 113.974871600000029, 36.359159 ], [ 113.977886400000102, 36.358847900000058 ], [ 113.980675900000051, 36.358096200000034 ], [ 113.98234960000002, 36.357327200000043 ], [ 113.983068500000059, 36.356877900000029 ], [ 113.98463490000006, 36.355288100000053 ], [ 113.985621900000069, 36.35464010000004 ], [ 113.987199100000112, 36.354104300000074 ], [ 113.988175400000046, 36.353871 ], [ 113.988958600000046, 36.353499500000055 ], [ 113.990632300000016, 36.352168800000072 ], [ 113.99153350000006, 36.351563900000031 ], [ 113.992788800000085, 36.351106 ], [ 113.993475400000079, 36.350587500000074 ], [ 113.995621200000073, 36.348064300000033 ], [ 113.996200600000066, 36.347243300000059 ], [ 113.996297100000106, 36.346612500000049 ], [ 113.996447300000114, 36.346007600000064 ], [ 113.996897900000022, 36.345532300000059 ], [ 113.99951580000004, 36.343899 ], [ 114.001801000000114, 36.342887900000051 ], [ 114.003099200000065, 36.342568200000073 ], [ 114.00374290000002, 36.342585500000041 ], [ 114.004654900000105, 36.342792900000063 ], [ 114.006071100000099, 36.343449700000065 ], [ 114.006929400000104, 36.344080500000075 ], [ 114.007578500000022, 36.344858300000055 ], [ 114.008101500000066, 36.345815300000027 ], [ 114.0087962, 36.348146400000076 ], [ 114.008549400000106, 36.35026780000004 ], [ 114.008308, 36.352242200000035 ], [ 114.008592400000111, 36.352760700000033 ], [ 114.009085900000059, 36.353007 ], [ 114.011993400000051, 36.354164800000035 ], [ 114.015120900000056, 36.354704900000058 ], [ 114.016960900000072, 36.35472210000006 ], [ 114.018580900000075, 36.35458390000008 ], [ 114.020270700000083, 36.354143200000067 ], [ 114.022094600000059, 36.353335300000026 ], [ 114.023210400000039, 36.352799600000026 ], [ 114.023870200000033, 36.352203400000064 ], [ 114.025227400000063, 36.350358500000027 ], [ 114.026037400000064, 36.34928270000006 ], [ 114.026638300000059, 36.347502600000041 ], [ 114.026488100000051, 36.346171800000036 ], [ 114.02630570000008, 36.345065700000077 ], [ 114.026262700000075, 36.343389200000047 ], [ 114.0264237, 36.342265700000041 ], [ 114.026541700000053, 36.341315100000031 ], [ 114.026434400000085, 36.339016300000026 ], [ 114.026294900000039, 36.338221200000078 ], [ 114.025447400000076, 36.336311200000068 ], [ 114.023666400000025, 36.33399490000005 ], [ 114.020501400000057, 36.330900700000029 ], [ 114.019761100000096, 36.329820300000051 ], [ 114.019364100000075, 36.329094200000043 ], [ 114.01927830000011, 36.328532400000029 ], [ 114.019460700000081, 36.326293700000065 ], [ 114.019879100000026, 36.325394700000061 ], [ 114.020469200000093, 36.324806900000056 ], [ 114.021166600000015, 36.324668600000052 ], [ 114.021745900000042, 36.32482420000008 ], [ 114.022872400000097, 36.326094900000044 ], [ 114.023398200000088, 36.326509800000053 ], [ 114.024760700000115, 36.32678640000006 ], [ 114.028043700000012, 36.326890100000071 ], [ 114.033376, 36.327020800000071 ], [ 114.03828980000003, 36.326699900000051 ], [ 114.0394056, 36.32669130000005 ], [ 114.040296100000091, 36.326898800000038 ], [ 114.044909500000017, 36.329491800000028 ], [ 114.046454400000016, 36.32998450000008 ], [ 114.047688200000039, 36.330122800000026 ], [ 114.048686, 36.329975800000057 ], [ 114.049533600000018, 36.329690600000049 ], [ 114.050563600000032, 36.328981900000031 ], [ 114.052784400000064, 36.326561600000048 ], [ 114.053202900000088, 36.325463900000045 ], [ 114.053117, 36.321755600000074 ], [ 114.0531492, 36.321046800000033 ], [ 114.053245800000013, 36.320286 ], [ 114.053492500000061, 36.319542600000034 ], [ 114.05382510000004, 36.318704100000048 ], [ 114.055262800000037, 36.318185400000061 ], [ 114.056743400000073, 36.318073 ], [ 114.058299100000113, 36.318124900000043 ], [ 114.059296800000084, 36.318038500000057 ], [ 114.060895400000049, 36.317805100000044 ], [ 114.062826600000108, 36.31713940000003 ], [ 114.063599100000033, 36.316681200000062 ], [ 114.063878, 36.316283600000077 ], [ 114.063921, 36.315522800000053 ], [ 114.063255800000093, 36.313352900000041 ], [ 114.063588400000071, 36.31215990000004 ], [ 114.064199900000062, 36.310690100000045 ], [ 114.065487400000052, 36.306972500000029 ], [ 114.066281300000014, 36.30598690000005 ], [ 114.067128900000057, 36.305113600000027 ], [ 114.067987200000061, 36.304681300000027 ], [ 114.069060100000115, 36.304620800000066 ], [ 114.070358300000066, 36.304958 ], [ 114.071753, 36.305139500000053 ], [ 114.073201400000016, 36.305347100000063 ], [ 114.0745425, 36.306358600000067 ], [ 114.074993100000029, 36.307033 ], [ 114.075175500000114, 36.30760360000005 ], [ 114.075057500000071, 36.308061900000041 ], [ 114.073802200000046, 36.30976510000005 ], [ 114.073619800000074, 36.310638300000051 ], [ 114.073727100000042, 36.311433700000066 ], [ 114.074049, 36.312030200000038 ], [ 114.077235400000063, 36.314917700000024 ], [ 114.080539900000076, 36.317407400000036 ], [ 114.081655700000056, 36.31873 ], [ 114.08241750000002, 36.320242800000074 ], [ 114.082481800000096, 36.324703200000044 ], [ 114.08117290000007, 36.328610200000071 ], [ 114.08018590000006, 36.333208400000046 ], [ 114.080700900000011, 36.335058 ], [ 114.081902500000069, 36.337339600000064 ], [ 114.082760800000074, 36.338342200000056 ], [ 114.083490400000073, 36.338757 ], [ 114.084649100000092, 36.339068100000077 ], [ 114.086097500000051, 36.339223700000048 ], [ 114.086848500000087, 36.339189100000056 ], [ 114.088050100000032, 36.338428600000043 ], [ 114.0905285, 36.337356900000032 ], [ 114.091537, 36.336458100000073 ], [ 114.09265280000011, 36.335628400000076 ], [ 114.095002400000112, 36.334401100000036 ], [ 114.095925100000045, 36.334193700000071 ], [ 114.096751200000085, 36.333986300000049 ], [ 114.097427100000118, 36.333683800000074 ], [ 114.099004300000047, 36.332404600000075 ], [ 114.09963730000004, 36.331704500000058 ], [ 114.099926900000014, 36.331350100000066 ], [ 114.100345400000037, 36.331073500000059 ], [ 114.101976100000115, 36.330883400000062 ], [ 114.105892200000085, 36.329707900000074 ], [ 114.110688300000106, 36.328903400000058 ], [ 114.113241400000106, 36.328662 ], [ 114.116932100000099, 36.328999100000033 ], [ 114.119153, 36.329094200000043 ], [ 114.120451200000048, 36.328964600000063 ], [ 114.121835200000078, 36.328610200000071 ], [ 114.122983200000021, 36.327953300000047 ], [ 114.123852200000101, 36.327227200000038 ], [ 114.124324300000012, 36.326544400000046 ], [ 114.124496, 36.325783700000045 ], [ 114.124538900000061, 36.323674600000061 ], [ 114.124324300000012, 36.322576800000036 ], [ 114.124045400000114, 36.321677800000032 ], [ 114.123787900000025, 36.320908400000064 ], [ 114.123745, 36.320372500000076 ], [ 114.124026600000093, 36.31968530000006 ], [ 114.125407900000027, 36.318790500000034 ], [ 114.126319900000112, 36.318548500000077 ], [ 114.134817100000078, 36.317632200000048 ], [ 114.137188200000082, 36.317027 ], [ 114.139205200000106, 36.31637 ], [ 114.140052800000035, 36.314986900000065 ], [ 114.140481900000054, 36.313050400000066 ], [ 114.14056770000002, 36.308520100000067 ], [ 114.141383100000098, 36.306583500000045 ], [ 114.142413100000113, 36.30589180000004 ], [ 114.144221300000027, 36.305171900000062 ] ] } },
{ "type": "Feature", "properties": { "osm_id": "748909759", "code": 8101, "fclass": "river", "width": 0, "name": "漳河", "Shape_Leng": 0.0032508649132200001 }, "geometry": { "type": "LineString", "coordinates": [ [ 114.207443100000091, 36.281487200000072 ], [ 114.207823800000028, 36.281352300000037 ], [ 114.208876500000088, 36.28082930000005 ], [ 114.209331, 36.280603500000041 ], [ 114.210373400000094, 36.280085500000041 ] ] } },
{ "type": "Feature", "properties": { "osm_id": "771206335", "code": 8101, "fclass": "river", "width": 0, "name": "老漳河", "Shape_Leng": 0.106388939155 }, "geometry": { "type": "LineString", "coordinates": [ [ 115.039894000000118, 36.880542700000035 ], [ 115.041425200000049, 36.88181110000005 ], [ 115.0447646, 36.884681700000044 ], [ 115.047934900000087, 36.887498500000049 ], [ 115.048385600000074, 36.887944700000048 ], [ 115.048608200000103, 36.888204200000075 ], [ 115.049973400000113, 36.890124200000059 ], [ 115.053787500000112, 36.895362600000055 ], [ 115.05971790000001, 36.904377700000055 ], [ 115.061960200000044, 36.907918700000039 ], [ 115.062644500000033, 36.908885400000031 ], [ 115.063247700000034, 36.90973740000004 ], [ 115.06455660000006, 36.911534600000039 ], [ 115.066321500000072, 36.913915100000054 ], [ 115.067367500000046, 36.914983 ], [ 115.068478500000083, 36.916093 ], [ 115.069631300000083, 36.917350500000055 ], [ 115.072147200000018, 36.919992400000069 ], [ 115.0750011, 36.923033100000055 ], [ 115.077559900000097, 36.925854900000047 ], [ 115.079566200000045, 36.928312100000028 ], [ 115.082109, 36.931189400000051 ], [ 115.083112100000108, 36.932493 ], [ 115.084496100000024, 36.934294 ], [ 115.086202, 36.936639400000047 ], [ 115.088079600000015, 36.939323500000057 ], [ 115.088996900000097, 36.940674100000024 ], [ 115.089243600000032, 36.941252900000052 ], [ 115.089490400000045, 36.942063300000029 ], [ 115.090971, 36.947465300000033 ], [ 115.091357200000061, 36.948978600000032 ], [ 115.092135100000064, 36.950650600000074 ], [ 115.095294700000068, 36.95609920000004 ], [ 115.096024300000067, 36.957350900000051 ], [ 115.097145400000045, 36.96047150000004 ], [ 115.098449, 36.964350600000046 ], [ 115.098648600000047, 36.965563900000063 ], [ 115.098807100000045, 36.967098800000031 ] ] } },
{ "type": "Feature", "properties": { "osm_id": "889174122", "code": 8101, "fclass": "river", "width": 0, "name": "漳河", "Shape_Leng": 0.00232550752529 }, "geometry": { "type": "LineString", "coordinates": [ [ 114.205237200000056, 36.282223400000078 ], [ 114.207443100000091, 36.281487200000072 ] ] } },
{ "type": "Feature", "properties": { "osm_id": "889174123", "code": 8101, "fclass": "river", "width": 0, "name": "漳河", "Shape_Leng": 0.065348879082000003 }, "geometry": { "type": "LineString", "coordinates": [ [ 114.144221300000027, 36.305171900000062 ], [ 114.186444200000096, 36.287214100000028 ], [ 114.196658100000036, 36.284031600000048 ], [ 114.205237200000056, 36.282223400000078 ] ] } }
]
}
