{
"type": "FeatureCollection",
"name": "ChinaBoundline",
"crs": { "type": "name", "properties": { "name": "urn:ogc:def:crs:OGC:1.3:CRS84" } },
"features": [
{ "type": "Feature", "properties": { "FNODE_": 2, "TNODE_": 1, "LPOLY_": 3, "RPOLY_": 2, "LENGTH": 547498.0, "BOUNT_": 1, "BOUNT_ID": 2, "GEO_CODE": 61030, "BCODE": 1523, "BNAME": "蒙黑线", "BountName": "省区直", "SHAPE_Leng": 6.4293875594600003 }, "geometry": { "type": "LineString", "coordinates": [ [ 125.342015015000015, 51.621980222000047 ], [ 125.264965471000096, 51.637256756000056 ], [ 125.117513709000036, 51.659870908000073 ], [ 125.10505459, 51.659997143000055 ], [ 125.088574216000097, 51.650204293000058 ], [ 125.06042805900006, 51.623381980000033 ], [ 125.05241525200006, 51.604503047000037 ], [ 125.063951102000033, 51.563164460000053 ], [ 125.052191904000097, 51.528721964000056 ], [ 124.865720547000024, 51.384295990000055 ], [ 124.698433049000073, 51.339123599000061 ], [ 124.610524289000068, 51.331565026000078 ], [ 124.070283078000102, 51.322374786000069 ], [ 123.539180754000085, 51.289654109000026 ], [ 123.276461272, 51.247756252000045 ], [ 123.014505406000012, 51.31017756600005 ], [ 122.976028889000077, 51.323821206000048 ], [ 122.89418688, 51.415169947000038 ], [ 122.86782792300005, 51.450199281000039 ], [ 122.8535534130001, 51.478533755000058 ], [ 122.877548112000113, 51.508064923000063 ], [ 122.774705202000064, 51.695201639000061 ], [ 122.714642574000095, 51.876950256000043 ], [ 122.624441171000058, 52.125598878000062 ], [ 122.496732841000039, 52.286038456000028 ], [ 122.318431155000098, 52.454409013000031 ], [ 122.290965672000084, 52.475435195000045 ], [ 122.167646029000025, 52.486353303000044 ], [ 122.126714240000069, 52.489629475000072 ], [ 122.036429436000049, 52.393208880000032 ], [ 121.935608964000039, 52.29296148800006 ], [ 121.898459084000024, 52.280282096000064 ], [ 121.844969215000106, 52.282199287000026 ], [ 121.711221396000042, 52.313604333000058 ], [ 121.407465881, 52.497295444000031 ], [ 121.195452550000027, 52.584079054000028 ], [ 121.182460823000042, 52.59629525500003 ], [ 121.197545037000054, 52.607806168000081 ], [ 121.306384246000107, 52.675483030000066 ], [ 121.368969008000022, 52.683924392000051 ], [ 121.583527302000107, 52.824108906000049 ], [ 121.779598903000078, 53.021019673000069 ], [ 121.812429257000076, 53.062163505000058 ], [ 121.755217689, 53.134937282000067 ], [ 121.6734921850001, 53.237681739000038 ], [ 121.643331043000103, 53.256659882000065 ], [ 121.566011989000117, 53.296600516000069 ], [ 121.494788853000045, 53.332933301000082 ] ] } },
{ "type": "Feature", "properties": { "FNODE_": 3, "TNODE_": 1, "LPOLY_": 1, "RPOLY_": 3, "LENGTH": 662149.0, "BOUNT_": 2, "BOUNT_ID": 3, "GEO_CODE": 61011, "BCODE": 0, "BNAME": null, "BountName": "国界2", "SHAPE_Leng": 7.5371290797499997 }, "geometry": { "type": "LineString", "coordinates": [ [ 117.802350195000031, 49.51996586100006 ], [ 117.870053304000066, 49.598221472000034 ], [ 117.980614470000091, 49.625989917000027 ], [ 118.074611798000092, 49.619604927000069 ], [ 118.152938963000111, 49.661674935000065 ], [ 118.196725819000108, 49.689293440000029 ], [ 118.313865358000044, 49.771705590000067 ], [ 118.562038181000048, 49.93620207500004 ], [ 118.653296483000076, 49.958147705000044 ], [ 118.763552578000031, 49.960747543000082 ], [ 118.925584429000082, 49.995117322000056 ], [ 118.988293185000089, 49.981679416000077 ], [ 119.100494750000053, 50.000347799000053 ], [ 119.156801930000029, 50.02310749600008 ], [ 119.232000932, 50.075833370000055 ], [ 119.310053178000089, 50.163643941000032 ], [ 119.380394098000011, 50.321575145000054 ], [ 119.356369266000115, 50.356972710000036 ], [ 119.243497816000058, 50.444513423000046 ], [ 119.252372278000053, 50.507025818000045 ], [ 119.26000254600001, 50.539635009000051 ], [ 119.286660939000058, 50.571711589000074 ], [ 119.348531401000059, 50.629489461000048 ], [ 119.49810569300007, 50.751499908000028 ], [ 119.491269372000033, 50.769226375000073 ], [ 119.489547497000103, 50.880211255000063 ], [ 119.587896102000059, 50.982119757000078 ], [ 119.717830675000073, 51.048224324000046 ], [ 119.759831758000018, 51.089147396000044 ], [ 119.752898023000057, 51.122322412000074 ], [ 119.777129780000109, 51.147064506000049 ], [ 119.783203737, 51.170473039000058 ], [ 119.762634731000048, 51.216694677000078 ], [ 119.806223887000101, 51.277152397000066 ], [ 119.904573502000062, 51.386251689000062 ], [ 119.975468474000081, 51.407518364000055 ], [ 119.960544741000035, 51.429809254000077 ], [ 119.972546504000093, 51.481670430000065 ], [ 119.978796492000015, 51.504955799000072 ], [ 120.041651479000052, 51.611054725000031 ], [ 120.086736469000016, 51.680852127000037 ], [ 120.179711552000072, 51.68249551100007 ], [ 120.408231924, 51.816912401000081 ], [ 120.65863114800004, 51.931653838000045 ], [ 120.712750012000015, 52.000564724000071 ], [ 120.760338927000021, 52.11301919400006 ], [ 120.780246158000068, 52.165742415000068 ], [ 120.708926209000083, 52.267310585000075 ], [ 120.642686770000068, 52.365731302000029 ], [ 120.687413910000032, 52.437368347000074 ], [ 120.687965266000106, 52.548981974000071 ], [ 120.461655351000104, 52.643973310000035 ], [ 120.28582249100009, 52.624626306000039 ], [ 120.198690069, 52.583377399000028 ], [ 120.060609057000079, 52.591662768000049 ], [ 120.035318303000054, 52.651813038000057 ], [ 120.028591413000072, 52.777142297000069 ], [ 120.183526917000108, 52.810378208000031 ], [ 120.281677478, 52.863891526000032 ], [ 120.341906624000103, 52.90157664000003 ], [ 120.641727374000084, 53.106803999000078 ], [ 120.690924495000104, 53.145545625000068 ], [ 120.694709049000039, 53.177573184000039 ], [ 120.822408818000099, 53.268581094000069 ], [ 120.880556401000035, 53.292603510000049 ], [ 121.029981935000023, 53.287601118000055 ], [ 121.126039692000063, 53.27624071200006 ], [ 121.238501058000111, 53.27880575000006 ], [ 121.453024673000073, 53.322686585000042 ], [ 121.494788853000045, 53.332933301000082 ] ] } },
{ "type": "Feature", "properties": { "FNODE_": 2, "TNODE_": 4, "LPOLY_": 2, "RPOLY_": 3, "LENGTH": 562158.0, "BOUNT_": 3, "BOUNT_ID": 298, "GEO_CODE": 61031, "BCODE": 1523, "BNAME": "蒙黑线", "BountName": "省界桩", "SHAPE_Leng": 5.8146558454599999 }, "geometry": { "type": "LineString", "coordinates": [ [ 125.342015015000015, 51.621980222000047 ], [ 125.378402103000099, 51.593227311000078 ], [ 125.500567438000076, 51.496692304000078 ], [ 125.602540620000013, 51.411227653000026 ], [ 125.759683170000017, 51.248369792000062 ], [ 125.834668229000044, 51.217016562000026 ], [ 125.933141488000047, 51.128982183000062 ], [ 125.928914095000096, 51.113379977000079 ], [ 125.993109899000046, 51.120911828000033 ], [ 126.053253934000054, 51.038826297000071 ], [ 126.051412284000094, 50.959906207000074 ], [ 126.039365018000012, 50.923633185000028 ], [ 126.022966701000087, 50.901253094000026 ], [ 125.987900540000055, 50.867583590000038 ], [ 125.838638742000057, 50.758668856000043 ], [ 125.826307109000027, 50.701783539000076 ], [ 125.808323596000037, 50.618604381000068 ], [ 125.821285440000111, 50.566841757000077 ], [ 125.815181581000047, 50.544551419000072 ], [ 125.760657700000024, 50.532003600000053 ], [ 125.731231570000091, 50.522053954000057 ], [ 125.671651691000079, 50.495403100000033 ], [ 125.555960896000101, 50.439602094000065 ], [ 125.523315040000057, 50.420718734000047 ], [ 125.501788513000065, 50.406606104000048 ], [ 125.529797251000105, 50.382823505000033 ], [ 125.542340542000034, 50.357444655000052 ], [ 125.514864982000063, 50.309749545000045 ], [ 125.457952784000099, 50.227214943000035 ], [ 125.442136780000055, 50.210601976000078 ], [ 125.369012875000067, 50.138507317000062 ], [ 125.314056477, 50.116014780000057 ], [ 125.294477885000106, 50.141665191000072 ], [ 125.252637319000087, 50.098280797000029 ], [ 125.329046800000015, 50.057459597000047 ], [ 125.191093453, 49.93912126400005 ], [ 125.187856424000074, 49.81364426500005 ], [ 125.220044362000067, 49.79877073800003 ], [ 125.218463137000072, 49.725124059000052 ], [ 125.213837323, 49.667398878000029 ], [ 125.183555506000062, 49.647025419000045 ], [ 125.149696092000113, 49.674568513000054 ], [ 125.122434763000115, 49.668164736000051 ], [ 125.121298671000091, 49.644896674000051 ], [ 125.145017005000113, 49.615341394000041 ], [ 125.188863796000078, 49.567649015000029 ], [ 125.225089218000107, 49.560114412000075 ], [ 125.228035350000027, 49.289203542000052 ], [ 125.122913452000034, 49.153694590000043 ], [ 124.883351419000064, 49.177623302000029 ], [ 124.853365210000106, 49.163002751000079 ], [ 124.798315305000074, 49.111747237000031 ], [ 124.773114488000033, 48.996925673000078 ], [ 124.758998145000078, 48.979418844000065 ], [ 124.738610489000052, 48.917038282000078 ], [ 124.691998694000063, 48.840616270000055 ], [ 124.643726750000042, 48.822133894000046 ], [ 124.60767359700003, 48.746790133000047 ], [ 124.611876064000057, 48.676722584000061 ], [ 124.59748520900007, 48.601328207000051 ], [ 124.513810482000054, 48.548778410000068 ], [ 124.511008767000021, 48.379760299000054 ], [ 124.510572198000091, 48.33392606600006 ], [ 124.552488883000024, 48.32336261100005 ], [ 124.573072411000112, 48.273747420000063 ], [ 124.561886834, 48.234323442000061 ], [ 124.503317654000057, 48.124494722000065 ], [ 124.419515950000118, 48.086949700000048 ], [ 124.469566028000031, 48.13699593900003 ], [ 124.436491586000102, 48.220823548000055 ], [ 124.370506047000049, 48.287093696000056 ], [ 124.320930039000018, 48.357221688000038 ], [ 124.316302514000085, 48.483645509000041 ], [ 124.249420842000063, 48.52978347800007 ] ] } },
{ "type": "Feature", "properties": { "FNODE_": 5, "TNODE_": 1, "LPOLY_": 2, "RPOLY_": 1, "LENGTH": 1987370.0, "BOUNT_": 4, "BOUNT_ID": 294, "GEO_CODE": 61011, "BCODE": 0, "BNAME": null, "BountName": "国界2", "SHAPE_Leng": 22.920371866100002 }, "geometry": { "type": "LineString", "coordinates": [ [ 133.463067424000087, 45.625822149000044 ], [ 133.477687022000055, 45.661821492000058 ], [ 133.472836122000103, 45.740210629000046 ], [ 133.463378073000058, 45.777019845000041 ], [ 133.458388012000114, 45.793214424000041 ], [ 133.4564036700001, 45.832005153000068 ], [ 133.478393744000073, 45.861911433000046 ], [ 133.515870133000021, 45.891871363000064 ], [ 133.581544829000109, 45.868107044000055 ], [ 133.665106452000032, 45.942923485000051 ], [ 133.735639759000037, 46.067046259000051 ], [ 133.680906312000047, 46.13080472300004 ], [ 133.68273385800012, 46.154708823000078 ], [ 133.764494066000111, 46.177965107000034 ], [ 133.844347817000084, 46.203535933000069 ], [ 133.907369353000036, 46.255865043000028 ], [ 133.940255864000051, 46.395018562000075 ], [ 133.917596910000043, 46.430766331000029 ], [ 133.886928098000112, 46.447126698000034 ], [ 133.849572941000019, 46.444075850000047 ], [ 133.839868520000095, 46.469720122000069 ], [ 133.913649143000043, 46.591831166000077 ], [ 134.01193497700001, 46.644561331000034 ], [ 134.023564111000042, 46.742150652000078 ], [ 134.018273091000083, 46.826494198000034 ], [ 134.091351005000092, 46.998148509000032 ], [ 134.131117886000084, 47.084409521000055 ], [ 134.227252357000111, 47.108450797000046 ], [ 134.219685782000056, 47.19373382200007 ], [ 134.151281205000032, 47.251036081000052 ], [ 134.176854458000093, 47.329363407000073 ], [ 134.262766707000083, 47.395369605000042 ], [ 134.321730035000087, 47.435318360000053 ], [ 134.490451778000079, 47.439393263000056 ], [ 134.55997410100008, 47.471004307000044 ], [ 134.67507639400003, 47.583671620000075 ], [ 134.780671708000114, 47.725121604000037 ], [ 134.76497259100006, 47.763097601000027 ], [ 134.682785951000028, 47.818114728000069 ], [ 134.604066702000068, 47.903676078000046 ], [ 134.549778726000113, 47.984393288000035 ], [ 134.549762116000011, 48.021860657000047 ], [ 134.566669870000055, 48.040011891000063 ], [ 134.662302690000047, 48.139403690000051 ], [ 134.67803763400002, 48.25510984400006 ], [ 134.835700339000027, 48.320880812000041 ], [ 135.075970784000106, 48.394240812000078 ], [ 135.088716815000112, 48.435321412000064 ], [ 135.040447507000067, 48.472394142000041 ], [ 135.048779010000089, 48.452367628000047 ], [ 135.018308199000103, 48.436626333000049 ], [ 134.79776624200008, 48.369763238000075 ], [ 134.757968170000026, 48.368049069000051 ], [ 134.690431709000109, 48.405188517000056 ], [ 134.516018959, 48.417586726000081 ], [ 134.197056132000057, 48.380443856000056 ], [ 134.124771585000076, 48.333290142000067 ], [ 133.996577798000089, 48.303361696000081 ], [ 133.734131139000056, 48.252743723000037 ], [ 133.686857214000042, 48.184901677000028 ], [ 133.524603495000065, 48.11434528500007 ], [ 133.40120373700006, 48.122345142000029 ], [ 133.147304587, 48.134808123000028 ], [ 133.068950373, 48.118507497000053 ], [ 132.876390939000089, 48.000356253000064 ], [ 132.812680955000019, 47.935031524000067 ], [ 132.762965412000085, 47.936669728000027 ], [ 132.716549099000076, 47.960910299000034 ], [ 132.665521115000047, 47.953694588000076 ], [ 132.653527439000072, 47.930672716000061 ], [ 132.598972937000099, 47.804493457000035 ], [ 132.592333224000072, 47.735119213000075 ], [ 132.552123478000112, 47.716444220000028 ], [ 132.466612155, 47.721701129000053 ], [ 132.24581029, 47.708068092000076 ], [ 131.970794045000048, 47.668302937000078 ], [ 131.632798984000033, 47.660566470000049 ], [ 131.598024355, 47.659822126000051 ], [ 131.573136364000106, 47.671298420000028 ], [ 131.542620250000027, 47.732655455000042 ], [ 131.460236418000022, 47.744787381000037 ], [ 131.262460594000117, 47.737935001000039 ], [ 131.101031502000069, 47.686205760000064 ], [ 131.013444187000118, 47.694589111000028 ], [ 130.963731181000071, 47.723538173000065 ], [ 130.956284751000112, 47.823476521000032 ], [ 130.884585190000053, 47.925727858000073 ], [ 130.754791837000084, 48.000380150000069 ], [ 130.683318305000057, 48.051132684000038 ], [ 130.659957316000032, 48.09704092000004 ], [ 130.663497054000118, 48.121350279000069 ], [ 130.75104181100005, 48.18136277900004 ], [ 130.773458930000061, 48.248507424000081 ], [ 130.773797123, 48.358133724000027 ], [ 130.739450835000071, 48.429167130000053 ], [ 130.649009196000065, 48.48801149500008 ], [ 130.621132805000116, 48.49427903000003 ], [ 130.529852670000082, 48.614884389000053 ], [ 130.618514002000097, 48.785035475000029 ], [ 130.68577877000007, 48.853029371000048 ], [ 130.671802354000079, 48.879221131000065 ], [ 130.441219963000094, 48.90829294100007 ], [ 130.294974961000094, 48.869430391000037 ], [ 130.230292049000013, 48.868006229000059 ], [ 129.919644902000073, 49.045554001000028 ], [ 129.910080752000113, 49.05996536300006 ], [ 129.92623908500002, 49.090491999000051 ], [ 129.848571562000075, 49.175474017000056 ], [ 129.721449694000057, 49.287511960000074 ], [ 129.574731387000043, 49.280831950000049 ], [ 129.549843936000116, 49.309376839000038 ], [ 129.531840539000086, 49.403072260000044 ], [ 129.513515556000016, 49.422556328000042 ], [ 129.447917804000099, 49.439602410000077 ], [ 129.377936354000099, 49.425852035000048 ], [ 129.377218542000037, 49.37033606600005 ], [ 129.362233078000031, 49.356266389000041 ], [ 129.1328543300001, 49.35386842500003 ], [ 129.096036164000111, 49.354334041000072 ], [ 129.055279244000076, 49.37239750100008 ], [ 129.018932518000042, 49.446253075000072 ], [ 128.999904061000052, 49.455870498000081 ], [ 128.716115965000085, 49.564309864000052 ], [ 128.532012678000115, 49.602826267000069 ], [ 128.374461716000042, 49.584333904000061 ], [ 128.269704447000095, 49.565491656000063 ], [ 128.186632176000103, 49.540033176000065 ], [ 128.060423858000036, 49.556121518000054 ], [ 127.805169554000031, 49.59541815700004 ], [ 127.687505500000043, 49.676278578000051 ], [ 127.558047548000104, 49.792057769000053 ], [ 127.523770905000106, 49.836091166000074 ], [ 127.484639689000119, 49.999472396000044 ], [ 127.485970309000095, 50.023841054000059 ], [ 127.510729217000062, 50.079561113000068 ], [ 127.587385525000059, 50.156663592000029 ], [ 127.597701760000064, 50.236272106000058 ], [ 127.388141001, 50.279656135000039 ], [ 127.342926983000098, 50.31563213700008 ], [ 127.355008744000088, 50.393718961000047 ], [ 127.357396378000089, 50.430950597000049 ], [ 127.362586883000063, 50.580709617000082 ], [ 127.229852590000064, 50.780326572000035 ], [ 127.137903732000041, 50.905293994000033 ], [ 127.035560459000067, 50.959416884000063 ], [ 126.911534105000101, 51.061965669000074 ], [ 126.877111253000066, 51.275802636000037 ], [ 126.77342494100003, 51.452868103000071 ], [ 126.672137496000119, 51.586728862000029 ], [ 126.668521517000045, 51.605237461000058 ], [ 126.655906504000086, 51.733359931000052 ], [ 126.605695651000019, 51.776749161000055 ], [ 126.452482161000034, 51.947518590000072 ], [ 126.439505251000014, 52.02581388200008 ], [ 126.511462159000075, 52.036899078000033 ], [ 126.551161723000064, 52.130287745000032 ], [ 126.503803371000117, 52.154610467000055 ], [ 126.302556344000095, 52.203228 ], [ 126.29471512300006, 52.224410935000037 ], [ 126.307611778000023, 52.336274780000053 ], [ 126.34127581000007, 52.37640631000005 ], [ 126.327267422000091, 52.411546047000058 ], [ 126.264181058000077, 52.472608342000058 ], [ 126.174502353000094, 52.549787511000034 ], [ 126.069687260000023, 52.603024272000027 ], [ 126.058894760000044, 52.685163088000081 ], [ 125.975549768000064, 52.758831807000035 ], [ 125.82134445500003, 52.893356624000035 ], [ 125.756902277000108, 52.894586278000077 ], [ 125.660121224000022, 52.860059658000068 ], [ 125.653285231000041, 52.917601866000041 ], [ 125.716405790000067, 52.93981042200005 ], [ 125.734421006000048, 52.986249972000053 ], [ 125.599507873000107, 53.08154945800004 ], [ 125.486344497000118, 53.095712496000033 ], [ 125.156006551000019, 53.20180601900006 ], [ 124.982554793000077, 53.198689103000049 ], [ 124.905996071000118, 53.177513851000072 ], [ 124.506491563000054, 53.203150966000067 ], [ 124.434546525000087, 53.220762439000055 ], [ 124.366361476000066, 53.26162326900004 ], [ 124.33398877500008, 53.312156210000069 ], [ 124.240749672000106, 53.375136570000052 ], [ 124.111973566000074, 53.346302641000079 ], [ 124.024853074000021, 53.392830681000078 ], [ 123.878365879000057, 53.481790243000034 ], [ 123.608559506, 53.548910655000043 ], [ 123.532185318000074, 53.55510699000007 ], [ 123.275331818000041, 53.558672261000027 ], [ 123.052553178000039, 53.506329076000043 ], [ 122.85804908700004, 53.457496511000045 ], [ 122.437355115000059, 53.442772023000032 ], [ 122.336149590000105, 53.499174577000076 ], [ 121.870591733000083, 53.424477129000081 ], [ 121.494788853000045, 53.332933301000082 ] ] } },
{ "type": "Feature", "properties": { "FNODE_": 7, "TNODE_": 6, "LPOLY_": 1, "RPOLY_": 2, "LENGTH": 69087.7, "BOUNT_": 5, "BOUNT_ID": 4, "GEO_CODE": 61014, "BCODE": 0, "BNAME": null, "BountName": "国界2", "SHAPE_Leng": 0.86346190755600005 }, "geometry": { "type": "LineString", "coordinates": [ [ 132.845866762000014, 45.060364873000026 ], [ 132.003348425000013, 45.249386876000074 ] ] } },
{ "type": "Feature", "properties": { "FNODE_": 7, "TNODE_": 5, "LPOLY_": 2, "RPOLY_": 1, "LENGTH": 97510.3, "BOUNT_": 6, "BOUNT_ID": 5, "GEO_CODE": 61010, "BCODE": 0, "BNAME": null, "BountName": "国界", "SHAPE_Leng": 1.0328186513399999 }, "geometry": { "type": "LineString", "coordinates": [ [ 132.845866762000014, 45.060364873000026 ], [ 132.938399001000107, 45.01675300900007 ], [ 132.967955986000106, 45.022583728000029 ], [ 133.028747105000093, 45.056409604000066 ], [ 133.101657335000027, 45.125485808000064 ], [ 133.114430726000023, 45.139417570000035 ], [ 133.125708227000018, 45.189796102000059 ], [ 133.086829743000067, 45.255231200000026 ], [ 133.092310161000114, 45.311395550000043 ], [ 133.179671085000109, 45.497474057000034 ], [ 133.194120517000101, 45.514819251000063 ], [ 133.420313313000065, 45.633971753000026 ], [ 133.463067424000087, 45.625822149000044 ] ] } },
{ "type": "Feature", "properties": { "FNODE_": 4, "TNODE_": 9, "LPOLY_": 2, "RPOLY_": 3, "LENGTH": 460324.0, "BOUNT_": 7, "BOUNT_ID": 6, "GEO_CODE": 61030, "BCODE": 1523, "BNAME": "蒙黑线", "BountName": "省区直", "SHAPE_Leng": 5.1468215528699996 }, "geometry": { "type": "LineString", "coordinates": [ [ 124.249420842000063, 48.52978347800007 ], [ 124.076682581000114, 48.437329586000033 ], [ 123.991841329000067, 48.376892898000051 ], [ 123.814823112000113, 48.246079804000033 ], [ 123.675175639000031, 48.133352881000064 ], [ 123.602799835000042, 48.06942132100005 ], [ 123.527899206000029, 48.020036737000055 ], [ 123.462214015000086, 48.001736840000035 ], [ 123.295674438000106, 47.951740032000032 ], [ 123.278636485000106, 47.932800478000047 ], [ 123.233537050000109, 47.854390761000047 ], [ 123.160664386, 47.782616890000043 ], [ 123.059196416000077, 47.752124185000071 ], [ 122.858766364000076, 47.67807851300006 ], [ 122.586629441000014, 47.545543044000055 ], [ 122.56311366400007, 47.528053147000037 ], [ 122.411479715000041, 47.348673991000055 ], [ 122.413943585000084, 47.328418235000072 ], [ 122.424511494000058, 47.323009267000032 ], [ 122.427943681000102, 47.309246706000067 ], [ 122.456006199000058, 47.274869358000046 ], [ 122.517772953000076, 47.202657779000049 ], [ 122.527668156000118, 47.192885855000043 ], [ 122.5452475620001, 47.17635733000003 ], [ 122.605603573000053, 47.122981077000077 ], [ 122.628654380000057, 47.111686187000032 ], [ 122.819783701, 47.063936001000059 ], [ 122.771477740000023, 47.001279179000051 ], [ 122.769340047000014, 46.986791400000072 ], [ 122.767922571000099, 46.972486126000035 ], [ 122.784332777000031, 46.940078830000061 ], [ 122.91419531400004, 46.797909379000032 ], [ 123.014866132000066, 46.714389741000048 ], [ 123.160585389000062, 46.73984312500005 ], [ 123.187632879000034, 46.793202247000067 ], [ 123.210324821000086, 46.836118967000061 ], [ 123.223897425000018, 46.858482167000034 ], [ 123.412048902000038, 46.935346966000054 ], [ 123.449103651000087, 46.944611848000079 ], [ 123.480124111, 46.951672626000061 ], [ 123.520022122000114, 46.957615937000071 ], [ 123.622805243000016, 46.807710324000027 ], [ 123.624557866000032, 46.728653911000038 ], [ 123.596686211000019, 46.688189493000039 ], [ 123.49009331000002, 46.68566475800003 ], [ 123.422593313000107, 46.681354274000057 ], [ 123.329297537000116, 46.667096944000036 ], [ 123.267162495000093, 46.656858336000028 ], [ 123.070446455000024, 46.620594420000032 ], [ 123.039957488000027, 46.61012800900005 ], [ 122.995813601, 46.573497359000044 ], [ 122.998708649000037, 46.44506171200004 ], [ 123.00365380400001, 46.435726851000027 ], [ 123.067175862000113, 46.363411953000025 ], [ 123.171434192000106, 46.246593596000025 ] ] } },
{ "type": "Feature", "properties": { "FNODE_": 10, "TNODE_": 8, "LPOLY_": 2, "RPOLY_": 5, "LENGTH": 53694.0, "BOUNT_": 8, "BOUNT_ID": 7, "GEO_CODE": 61030, "BCODE": 2223, "BNAME": "吉黑线", "BountName": "省区直", "SHAPE_Leng": 0.68687711139899998 }, "geometry": { "type": "LineString", "coordinates": [ [ 123.168941400000108, 46.244090292000067 ], [ 123.569737816000043, 46.229243157000042 ], [ 123.780011787000035, 46.26616449800008 ], [ 123.844656848000113, 46.298575479000078 ] ] } },
{ "type": "Feature", "properties": { "FNODE_": 9, "TNODE_": 10, "LPOLY_": 2, "RPOLY_": 3, "LENGTH": 337.312, "BOUNT_": 9, "BOUNT_ID": 8, "GEO_CODE": 61030, "BCODE": 1522, "BNAME": "蒙吉线", "BountName": "省区直", "SHAPE_Leng": 0.0035327811808099998 }, "geometry": { "type": "LineString", "coordinates": [ [ 123.171434192000106, 46.246593596000025 ], [ 123.168941400000108, 46.244090292000067 ] ] } },
{ "type": "Feature", "properties": { "FNODE_": 8, "TNODE_": 11, "LPOLY_": 2, "RPOLY_": 5, "LENGTH": 388676.0, "BOUNT_": 10, "BOUNT_ID": 299, "GEO_CODE": 61031, "BCODE": 2223, "BNAME": "吉黑线", "BountName": "省界桩", "SHAPE_Leng": 4.3478536306900004 }, "geometry": { "type": "LineString", "coordinates": [ [ 123.844656848000113, 46.298575479000078 ], [ 123.847136608000028, 46.295512319000068 ], [ 123.95897005300003, 46.165827120000074 ], [ 123.998086582000042, 46.062380105000045 ], [ 123.955991175, 45.953454124000075 ], [ 123.998819829000013, 45.777964626000028 ], [ 124.004177089000109, 45.747626758000081 ], [ 124.143971180000108, 45.616750658000058 ], [ 124.251051468000014, 45.560829572000046 ], [ 124.345039633000056, 45.492070092000063 ], [ 124.390252628000098, 45.438287980000041 ], [ 124.539550419000079, 45.409336167000049 ], [ 124.625826292000056, 45.431145224000034 ], [ 124.649171107000029, 45.435917786000061 ], [ 124.716243242000019, 45.441849101000059 ], [ 124.870324908000043, 45.480517238000061 ], [ 124.909589652000022, 45.535842774000059 ], [ 124.967886243000066, 45.487656622000031 ], [ 125.126120976000038, 45.405560192000053 ], [ 125.307562184000062, 45.421618899000066 ], [ 125.434268410000072, 45.459094310000069 ], [ 125.609759568000072, 45.513231100000041 ], [ 125.682670121000115, 45.514324550000026 ], [ 125.67988923300004, 45.484113816000047 ], [ 125.691256546000091, 45.376321632000042 ], [ 125.696366960000091, 45.334831697000027 ], [ 125.748613799000054, 45.282777657000054 ], [ 125.902434119000077, 45.190939128000025 ], [ 125.989783415000034, 45.158994317000065 ], [ 126.015175587000044, 45.151998124000045 ], [ 126.086955407000119, 45.141288356000075 ], [ 126.160695220000093, 45.130521803000079 ], [ 126.307343102000118, 45.144135305000077 ], [ 126.337358392000056, 45.158423351000067 ], [ 126.383770357000117, 45.206162944000027 ], [ 126.425107855000078, 45.22896632700008 ], [ 126.486451824000028, 45.234209268000029 ], [ 126.522820780000075, 45.228311424000026 ], [ 126.556468738000035, 45.247011474000033 ], [ 126.605380611000101, 45.233987960000036 ], [ 126.684163622000028, 45.181681513000058 ], [ 126.759894790000089, 45.172072625000055 ], [ 126.783011689000091, 45.152284871000063 ], [ 126.961874307000016, 45.133431397000038 ], [ 126.964275193000049, 45.07264736500008 ], [ 127.087681237000083, 44.942844024000067 ], [ 127.085500369000101, 44.916519698000059 ], [ 127.068897517000096, 44.908700466000028 ], [ 127.070268807000048, 44.905428184000073 ] ] } },
{ "type": "Feature", "properties": { "FNODE_": 12, "TNODE_": 6, "LPOLY_": 2, "RPOLY_": 1, "LENGTH": 274590.0, "BOUNT_": 11, "BOUNT_ID": 9, "GEO_CODE": 61010, "BCODE": 0, "BNAME": null, "BountName": "国界", "SHAPE_Leng": 2.8358298978400001 }, "geometry": { "type": "LineString", "coordinates": [ [ 131.279201213000078, 43.493363243000033 ], [ 131.262448990000053, 43.499042962000033 ], [ 131.213558400000011, 43.519372281000074 ], [ 131.193541090000053, 43.534833658000025 ], [ 131.193250093000074, 43.555778382000028 ], [ 131.199983885000051, 43.825421041000027 ], [ 131.201343319000102, 43.833024269000077 ], [ 131.230428876000019, 43.985415302000035 ], [ 131.233435462000102, 43.988488344000075 ], [ 131.24913820900008, 44.000283750000051 ], [ 131.300392978000104, 44.046782277000034 ], [ 131.22549072400011, 44.296876825000027 ], [ 131.153365091000069, 44.534218966000026 ], [ 131.13642986900004, 44.59073046900005 ], [ 131.099901270000032, 44.711018890000048 ], [ 131.054917536000062, 44.780309719000059 ], [ 130.998428389000082, 44.812951893000047 ], [ 130.989532135000104, 44.817795394000029 ], [ 130.98199562800005, 44.817954917000066 ], [ 130.958679130000064, 44.818001325000068 ], [ 130.958769456000027, 44.852025722000064 ], [ 131.189171620000025, 44.930375559000026 ], [ 131.412384035000059, 44.978729176000058 ], [ 131.493763014000024, 44.974642697000036 ], [ 131.663873870000089, 45.104821303000051 ], [ 131.675364446000117, 45.11452644700006 ], [ 131.679803737000043, 45.118982579000033 ], [ 131.681649745000072, 45.123505650000027 ], [ 131.684200283000109, 45.145833052000057 ], [ 131.676221055000042, 45.214054287000067 ], [ 131.915318499000023, 45.335701659000051 ], [ 132.001166940000076, 45.253109734000077 ], [ 132.003348425000013, 45.249386876000074 ] ] } },
{ "type": "Feature", "properties": { "FNODE_": 11, "TNODE_": 12, "LPOLY_": 2, "RPOLY_": 5, "LENGTH": 639450.0, "BOUNT_": 12, "BOUNT_ID": 10, "GEO_CODE": 61030, "BCODE": 2223, "BNAME": "吉黑线", "BountName": "省区直", "SHAPE_Leng": 6.8779522135600004 }, "geometry": { "type": "LineString", "coordinates": [ [ 127.070268807000048, 44.905428184000073 ], [ 127.029894257000024, 44.901916566000068 ], [ 126.998064198000066, 44.878378258000055 ], [ 126.987015252000106, 44.834762066000053 ], [ 126.985603305000041, 44.790271591000078 ], [ 127.035276209000017, 44.611860786000079 ], [ 127.097472781000079, 44.613426636000042 ], [ 127.191661061000104, 44.643253048000076 ], [ 127.389787829000056, 44.63234467400008 ], [ 127.415345677000118, 44.617856008000047 ], [ 127.561452693000092, 44.548966134000068 ], [ 127.477945373000011, 44.526771986000028 ], [ 127.457216214000027, 44.484114379000061 ], [ 127.476889437000068, 44.399716811000076 ], [ 127.584076123000045, 44.226299058000052 ], [ 127.627815880000071, 44.184668167000041 ], [ 127.72538050300011, 44.095969088000061 ], [ 127.78478566900003, 44.072057213000051 ], [ 127.858418358000108, 44.06051369000005 ], [ 127.908796339000105, 44.064257595000072 ], [ 128.054088756000056, 44.108334959000047 ], [ 128.089581523000106, 44.135365833000037 ], [ 128.094085411000037, 44.292592212000045 ], [ 128.115145233000021, 44.34978570800007 ], [ 128.213430889000051, 44.438725247000036 ], [ 128.299982798000087, 44.485213276000081 ], [ 128.361859014000061, 44.511448980000068 ], [ 128.425138639000011, 44.463486557000067 ], [ 128.455975623000086, 44.429332176000059 ], [ 128.471645109000065, 44.368124993000038 ], [ 128.46854749900001, 44.308435155000041 ], [ 128.449808580000081, 44.253297674000066 ], [ 128.457313567000028, 44.196529800000064 ], [ 128.480721188000075, 44.142968517000043 ], [ 128.636086498000054, 43.890263145000063 ], [ 128.729120838000085, 43.880352120000055 ], [ 128.744926965000104, 43.780199 ], [ 128.75208533700004, 43.766661241000065 ], [ 128.743645982000089, 43.756308997000076 ], [ 128.827462550000064, 43.590920075000042 ], [ 128.868723656000043, 43.543180675000031 ], [ 129.006284056000027, 43.520906758000081 ], [ 129.213826263000101, 43.583851090000053 ], [ 129.225545281000109, 43.617001671000025 ], [ 129.210621971000023, 43.649461588000065 ], [ 129.207190111000045, 43.784109005000062 ], [ 129.250605131000043, 43.817317709000065 ], [ 129.494555075000108, 43.877415349000046 ], [ 129.778424435000034, 43.962672376000057 ], [ 129.845365398000013, 43.995369245000063 ], [ 129.909790437000083, 44.018182767000042 ], [ 129.949220216000072, 44.022564374000069 ], [ 129.992831477000095, 43.996472182000048 ], [ 130.014390321000064, 43.930391603000032 ], [ 130.115131672000075, 43.875788079000074 ], [ 130.154485173000012, 43.916780685000049 ], [ 130.30965892200004, 44.033417044000032 ], [ 130.34330654200005, 44.049057187000074 ], [ 130.358503351000081, 44.046227940000051 ], [ 130.359863147000056, 44.012137044000042 ], [ 130.337368035000054, 43.961625965000053 ], [ 130.335155377000092, 43.94368903000003 ], [ 130.356272372000035, 43.838799118000054 ], [ 130.388818582000113, 43.694518643000038 ], [ 130.411735492000048, 43.648014090000061 ], [ 130.51392670700011, 43.631400649000057 ], [ 130.62368574900006, 43.620301211000026 ], [ 130.618009467000093, 43.585678733000066 ], [ 130.666669929000022, 43.563716425000052 ], [ 130.816804008000076, 43.497589422000033 ], [ 130.932973319000098, 43.470965987000056 ], [ 131.060783903000015, 43.479105766000032 ], [ 131.125816570000097, 43.42706570200005 ], [ 131.279201213000078, 43.493363243000033 ] ] } },
{ "type": "Feature", "properties": { "FNODE_": 12, "TNODE_": 13, "LPOLY_": 1, "RPOLY_": 5, "LENGTH": 168225.0, "BOUNT_": 13, "BOUNT_ID": 290, "GEO_CODE": 61010, "BCODE": 0, "BNAME": null, "BountName": "国界", "SHAPE_Leng": 1.7533099812299999 }, "geometry": { "type": "LineString", "coordinates": [ [ 131.279201213000078, 43.493363243000033 ], [ 131.311874035000073, 43.482275284000025 ], [ 131.309034680000082, 43.47226592800007 ], [ 131.240898693000076, 43.25606540800004 ], [ 131.213873855000088, 43.151384221000058 ], [ 131.20638029700001, 43.133400295000058 ], [ 131.169253882000021, 43.070625667000058 ], [ 131.110809537000023, 42.975819211000044 ], [ 131.036769980000031, 42.865523538000048 ], [ 131.033869364000111, 42.861561130000041 ], [ 131.002848354000093, 42.856681992000063 ], [ 130.981132952000053, 42.856061311000076 ], [ 130.971504777000064, 42.856916926000054 ], [ 130.904670239000097, 42.864711598000042 ], [ 130.841574464000018, 42.874497554000072 ], [ 130.83049607800001, 42.877194016000033 ], [ 130.823065220000103, 42.877769571000044 ], [ 130.808460745000048, 42.876633894000065 ], [ 130.804371497000034, 42.87631525200004 ], [ 130.664581099000088, 42.842746552000051 ], [ 130.619414772000027, 42.824611603000051 ], [ 130.445778573000098, 42.754070169000045 ], [ 130.41591586200002, 42.728490407000038 ], [ 130.429084182000111, 42.704392580000047 ], [ 130.452139980000084, 42.682911472000058 ], [ 130.455712304000031, 42.682725552000079 ], [ 130.565423438000039, 42.551792947000081 ], [ 130.632913161000033, 42.420093929000075 ] ] } },
{ "type": "Feature", "properties": { "FNODE_": 14, "TNODE_": 15, "LPOLY_": 6, "RPOLY_": 3, "LENGTH": 992.381, "BOUNT_": 14, "BOUNT_ID": 11, "GEO_CODE": 61030, "BCODE": 1521, "BNAME": "蒙辽线", "BountName": "省区直", "SHAPE_Leng": 0.00903353724866 }, "geometry": { "type": "LineString", "coordinates": [ [ 123.697802430000024, 43.370968407000078 ], [ 123.698289607000106, 43.361948016000042 ] ] } },
{ "type": "Feature", "properties": { "FNODE_": 10, "TNODE_": 14, "LPOLY_": 5, "RPOLY_": 3, "LENGTH": 635471.0, "BOUNT_": 15, "BOUNT_ID": 12, "GEO_CODE": 61030, "BCODE": 1522, "BNAME": "蒙吉线", "BountName": "省区直", "SHAPE_Leng": 6.6916831911200001 }, "geometry": { "type": "LineString", "coordinates": [ [ 123.168941400000108, 46.244090292000067 ], [ 123.09572348100005, 46.170412942000041 ], [ 122.786492551000038, 46.071766739000054 ], [ 122.791420372000061, 46.049509914000055 ], [ 122.797157588000118, 46.023509386000057 ], [ 122.806174738000095, 45.982637836000038 ], [ 122.812615681000011, 45.953426793000062 ], [ 122.821990278000044, 45.910848314000077 ], [ 122.820089471000074, 45.900070241000037 ], [ 122.785832224000046, 45.764703746000066 ], [ 122.754451013000107, 45.72069520000008 ], [ 122.740548375000117, 45.708050107000076 ], [ 122.735474836000094, 45.703565935000029 ], [ 122.664947383000026, 45.69914272300008 ], [ 122.643669368000019, 45.730111261000047 ], [ 122.597188590000087, 45.77673267800003 ], [ 122.439265043000091, 45.915272670000036 ], [ 122.364113608000025, 45.918185476000076 ], [ 122.355369224000015, 45.915795767000077 ], [ 122.353982576000021, 45.902385155000047 ], [ 122.231050983000046, 45.825238636000051 ], [ 122.194345812000051, 45.855322603000047 ], [ 122.029334359000018, 45.957250689000034 ], [ 121.886362643000098, 46.000532897000028 ], [ 121.841529971000114, 46.013573610000037 ], [ 121.807944967000026, 46.019809516000066 ], [ 121.760518390000016, 45.998283195000056 ], [ 121.752751812000042, 45.992809034000061 ], [ 121.747522849, 45.793370485000025 ], [ 121.860707537000053, 45.718352653000068 ], [ 121.973394326000061, 45.594152782000037 ], [ 122.232591285000012, 45.274702251000065 ], [ 122.235407455000086, 45.246181358000058 ], [ 122.223671513000113, 45.205262022000056 ], [ 122.209945953000101, 45.192298187000063 ], [ 122.186124693000011, 45.179018732000031 ], [ 122.13660195500006, 45.181305726000062 ], [ 122.10317545700002, 45.140303073000041 ], [ 122.066846533000103, 44.875305189000073 ], [ 122.096446645000015, 44.672272087000067 ], [ 122.099986803000093, 44.650812459000065 ], [ 122.106851481000035, 44.613774812000031 ], [ 122.125102788000049, 44.575847616000033 ], [ 122.156964277000043, 44.566357205000031 ], [ 122.189625713000055, 44.558242078000035 ], [ 122.196410145000073, 44.553064422000034 ], [ 122.279821767000044, 44.476204471000074 ], [ 122.288160994, 44.409331981000037 ], [ 122.286198521000074, 44.338877197000045 ], [ 122.285366675000091, 44.308638275000078 ], [ 122.267978320000111, 44.272268505000056 ], [ 122.262202957000113, 44.268194678000043 ], [ 122.259677251000085, 44.265616545000057 ], [ 122.265131981000081, 44.254030339000053 ], [ 122.291035224000098, 44.238954625000076 ], [ 122.305697598000052, 44.23291981400007 ], [ 122.313082455000085, 44.231188622000047 ], [ 122.448639386000082, 44.23513489100003 ], [ 122.484978120000051, 44.238003413000058 ], [ 122.591299913000057, 44.271064662000072 ], [ 122.685455715000103, 44.301758910000046 ], [ 122.692301486000019, 44.311518890000059 ], [ 122.696709343000066, 44.317148332000045 ], [ 122.705271196000012, 44.325638520000041 ], [ 122.720348286000103, 44.340400552000062 ], [ 122.733111872000109, 44.35177583400008 ], [ 122.742908317000115, 44.359856057000059 ], [ 122.754269001000011, 44.368117256000062 ], [ 123.0181945490001, 44.491375881000067 ], [ 123.024344579000058, 44.493855118000056 ], [ 123.033483478000107, 44.497427881000078 ], [ 123.060280777000116, 44.504454205000059 ], [ 123.106607198, 44.508278415000063 ], [ 123.113107202000037, 44.508143669000049 ], [ 123.11792179400004, 44.507873928000038 ], [ 123.12632239200002, 44.50341426500006 ], [ 123.129220478000093, 44.500703502000079 ], [ 123.270328673000108, 44.250901704000057 ], [ 123.392382568000016, 43.976442241000029 ], [ 123.492264362000014, 43.730838309000035 ], [ 123.519059600000105, 43.686637732000065 ], [ 123.417081408000058, 43.622632113000066 ], [ 123.297783117000108, 43.548641313000076 ], [ 123.299706618000073, 43.532796590000032 ], [ 123.309287031000054, 43.489908730000025 ], [ 123.382554848000041, 43.447175380000033 ], [ 123.602134444000058, 43.364418380000075 ], [ 123.697802430000024, 43.370968407000078 ] ] } },
{ "type": "Feature", "properties": { "FNODE_": 16, "TNODE_": 15, "LPOLY_": 3, "RPOLY_": 6, "LENGTH": 43021.2, "BOUNT_": 16, "BOUNT_ID": 301, "GEO_CODE": 61031, "BCODE": 1521, "BNAME": "蒙辽线", "BountName": "省界桩", "SHAPE_Leng": 0.408829228381 }, "geometry": { "type": "LineString", "coordinates": [ [ 123.567571468000097, 42.992823544000032 ], [ 123.578712931000041, 42.998071424000045 ], [ 123.606188942000017, 43.035972571000059 ], [ 123.66239225400011, 43.174645414000054 ], [ 123.701436090000016, 43.274611496000034 ], [ 123.715433003000044, 43.31045320100003 ], [ 123.698289607000106, 43.361948016000042 ] ] } },
{ "type": "Feature", "properties": { "FNODE_": 13, "TNODE_": 17, "LPOLY_": 1, "RPOLY_": 5, "LENGTH": 305257.0, "BOUNT_": 17, "BOUNT_ID": 291, "GEO_CODE": 61011, "BCODE": 0, "BNAME": null, "BountName": "国界2", "SHAPE_Leng": 3.2582064943 }, "geometry": { "type": "LineString", "coordinates": [ [ 130.632913161000033, 42.420093929000075 ], [ 130.570303557000102, 42.435577505000026 ], [ 130.383105791000048, 42.601101955000047 ], [ 130.238817030000064, 42.73183621000004 ], [ 130.267386436000038, 42.893573690000039 ], [ 130.102328200000102, 42.987296745000037 ], [ 130.080095172000028, 42.976087904000053 ], [ 130.006759057000068, 42.971692543000074 ], [ 129.948150288000079, 43.00889456200008 ], [ 129.891416279000055, 42.99961754800006 ], [ 129.85490044200003, 42.956484513000078 ], [ 129.8036888150001, 42.821854575000032 ], [ 129.804786564000096, 42.799386192000043 ], [ 129.756824994000112, 42.716450845000054 ], [ 129.745135640000058, 42.646406163000051 ], [ 129.73712290800006, 42.581418776000078 ], [ 129.730437900000084, 42.500187958000026 ], [ 129.646449246000088, 42.424564352000061 ], [ 129.548789221000106, 42.358238612000036 ], [ 129.446326176000071, 42.438737193000065 ], [ 129.394932939000114, 42.446711882000045 ], [ 129.36597081900004, 42.450757772000031 ], [ 129.338411720000067, 42.449354993000043 ], [ 129.234953155000085, 42.374288856000078 ], [ 129.225447208000105, 42.354039629000056 ], [ 129.254546953000045, 42.333532883000032 ], [ 129.25100614400003, 42.321127442000034 ], [ 129.184930586000064, 42.206827547000046 ], [ 129.105292058000032, 42.142775763000031 ], [ 128.947709713000108, 42.023541462000026 ], [ 128.904907711000078, 42.011150375000057 ], [ 128.56438163100006, 41.994469117000051 ], [ 128.502750536, 41.998497753000038 ], [ 128.461048773000016, 42.01858128300006 ], [ 128.422414832000072, 42.017316148000077 ] ] } },
{ "type": "Feature", "properties": { "FNODE_": 17, "TNODE_": 18, "LPOLY_": 1, "RPOLY_": 5, "LENGTH": 56199.1, "BOUNT_": 18, "BOUNT_ID": 292, "GEO_CODE": 61010, "BCODE": 0, "BNAME": null, "BountName": "国界", "SHAPE_Leng": 0.62108476510400001 }, "geometry": { "type": "LineString", "coordinates": [ [ 128.422414832000072, 42.017316148000077 ], [ 128.079476259000103, 42.016737854000041 ], [ 128.059487385000011, 42.009432619000052 ], [ 128.037817274000076, 42.002471449000041 ], [ 128.080620015000022, 41.959415764000028 ], [ 128.101692444000037, 41.944279639000058 ], [ 128.102076824000051, 41.892642998000042 ], [ 128.102788229000112, 41.79683717100005 ] ] } },
{ "type": "Feature", "properties": { "FNODE_": 19, "TNODE_": 20, "LPOLY_": 1, "RPOLY_": 4, "LENGTH": 3474250.0, "BOUNT_": 19, "BOUNT_ID": 14, "GEO_CODE": 61010, "BCODE": 0, "BNAME": null, "BountName": "国界", "SHAPE_Leng": 38.293258926199996 }, "geometry": { "type": "LineString", "coordinates": [ [ 73.535479452000061, 39.272600365000073 ], [ 73.55009056800003, 39.350133816000039 ], [ 73.565928921000079, 39.400767931000075 ], [ 73.606882678000034, 39.466078355000036 ], [ 73.619678266000051, 39.47036754100003 ], [ 73.631106619000036, 39.47307980000005 ], [ 73.643069394000065, 39.474557580000067 ], [ 73.818728040000053, 39.470049632000041 ], [ 73.947887416000071, 39.616318493000051 ], [ 73.924922078000066, 39.681980561000046 ], [ 73.838090589000046, 39.756427805000044 ], [ 73.835130645000049, 39.77980840400005 ], [ 73.834450367000045, 39.800225701000045 ], [ 73.836905480000041, 39.814265027000033 ], [ 73.841590795000059, 39.831308419000038 ], [ 73.907400338000059, 39.934844629000054 ], [ 73.942168903000038, 39.973412454000027 ], [ 73.975229198000079, 40.000290495000058 ], [ 73.96246340600004, 40.009503150000057 ], [ 73.961402984000074, 40.029162331000066 ], [ 74.019670402000031, 40.084999239000069 ], [ 74.026963738000063, 40.089284688000077 ], [ 74.207633874000066, 40.121217184000045 ], [ 74.21755326400006, 40.122664210000039 ], [ 74.249365631000046, 40.124819542000068 ], [ 74.25966849100007, 40.12506754900005 ], [ 74.266228661000071, 40.122259770000028 ], [ 74.270477392000032, 40.119810664000056 ], [ 74.297205848000033, 40.105185308000046 ], [ 74.340986181000062, 40.089889662000076 ], [ 74.344768283000064, 40.089651722000042 ], [ 74.35292361900008, 40.08913608000006 ], [ 74.429564868000057, 40.131504684000049 ], [ 74.439016370000047, 40.137163907000058 ], [ 74.69714820300004, 40.346404363000033 ], [ 74.815771624000035, 40.505865295000035 ], [ 74.833396271000083, 40.520914960000027 ], [ 74.841095362000033, 40.52135454900008 ], [ 74.867150311000046, 40.51448879600008 ], [ 74.88856566700008, 40.50782418700004 ], [ 74.905375373000084, 40.500479553000048 ], [ 74.947389936000036, 40.475354086000038 ], [ 74.959659778000059, 40.464680225000052 ], [ 74.969807425000056, 40.460451715000033 ], [ 74.981861163000076, 40.456546519000028 ], [ 74.991909813000063, 40.454980886000044 ], [ 75.098762413000031, 40.439602181000055 ], [ 75.105010310000068, 40.440114154000071 ], [ 75.249660203000076, 40.467430169000068 ], [ 75.363569059000042, 40.542670713000064 ], [ 75.546366934000048, 40.648696134000033 ], [ 75.564908426000045, 40.656999150000047 ], [ 75.58090763000007, 40.659130550000043 ], [ 75.595707578000031, 40.659641049000072 ], [ 75.601140004000058, 40.655190406000031 ], [ 75.633193664000032, 40.624461480000036 ], [ 75.720454003000043, 40.467829290000054 ], [ 75.762166719000049, 40.304889266000032 ], [ 75.91060834600006, 40.293839694000042 ], [ 75.937519010000074, 40.341452054000058 ], [ 75.964489825000044, 40.374649473000034 ], [ 75.970576063000067, 40.379119299000081 ], [ 75.982838512000058, 40.381877834000079 ], [ 76.276303829000085, 40.439124398000047 ], [ 76.283305351000081, 40.43210502800008 ], [ 76.308034406000047, 40.405195840000033 ], [ 76.33318459000003, 40.33695743100003 ], [ 76.433819991000064, 40.387649107000072 ], [ 76.505643237000072, 40.429462260000037 ], [ 76.532375493000075, 40.459281817000033 ], [ 76.536190813000076, 40.464003605000073 ], [ 76.656698985000048, 40.622389593000037 ], [ 76.673323885000059, 40.695979272000045 ], [ 76.667074611000032, 40.708022330000063 ], [ 76.662436945000081, 40.711288711000066 ], [ 76.658299327000066, 40.712058158000048 ], [ 76.650166336000041, 40.725325044000044 ], [ 76.64374424600004, 40.736545891000048 ], [ 76.64110959900006, 40.749347861000047 ], [ 76.643413763000069, 40.76001382100003 ], [ 76.758566445000042, 40.953568293000046 ], [ 76.980771984000057, 41.065985918000081 ], [ 76.993910202000052, 41.072136802000045 ], [ 76.99870155900004, 41.072940542000026 ], [ 77.087716975000035, 41.062031078000075 ], [ 77.094324520000043, 41.059964502000071 ], [ 77.104419575000065, 41.054956149000077 ], [ 77.108683314000075, 41.051425470000027 ], [ 77.109063544000037, 41.047602887000039 ], [ 77.131960928000069, 41.031104707000054 ], [ 77.160662433000084, 41.014595818000032 ], [ 77.271008782000081, 41.00493640600007 ], [ 77.292816658000049, 41.00447794300004 ], [ 77.681547699000078, 41.007399471000042 ], [ 77.691844715000059, 41.008515363000072 ], [ 77.767341932000079, 41.019859997000026 ], [ 77.777230045000067, 41.022540633000062 ], [ 77.819777982000062, 41.06701731000004 ], [ 77.805571886000052, 41.116024651000032 ], [ 77.999432914000067, 41.188875900000028 ], [ 78.132574974000079, 41.22519167400003 ], [ 78.133577613000057, 41.235878661000072 ], [ 78.143273510000029, 41.307923426000059 ], [ 78.155166012000052, 41.365973069000063 ], [ 78.156470958000057, 41.37112206300003 ], [ 78.159364477000054, 41.375043382000058 ], [ 78.16265276300004, 41.378652345000035 ], [ 78.16845943800007, 41.381088018000071 ], [ 78.173050932000081, 41.382933824000077 ], [ 78.177101776000029, 41.384559105000051 ], [ 78.181526405000056, 41.386095909000062 ], [ 78.187037359000044, 41.388007463000065 ], [ 78.214983157000063, 41.395428401000061 ], [ 78.226297247000048, 41.396831536000036 ], [ 78.388680537000084, 41.407297567000057 ], [ 78.44597836500003, 41.410706601000072 ], [ 78.451836334000063, 41.411367842000061 ], [ 78.634071021000068, 41.474204247000046 ], [ 78.656494721000058, 41.483348571000079 ], [ 78.822588879000079, 41.559580040000071 ], [ 78.88904240100004, 41.597160773000041 ], [ 78.913162815000078, 41.61429025800004 ], [ 78.92859618500006, 41.62624091400005 ], [ 78.93587382100003, 41.635212540000055 ], [ 78.955132519000074, 41.650806720000048 ], [ 78.957207372000084, 41.651789523000048 ], [ 79.316593663000049, 41.802611054000067 ], [ 79.412191823000057, 41.835780216000046 ], [ 79.416531295000084, 41.83706856200007 ], [ 79.453977433000034, 41.846824039000069 ], [ 79.459646639000084, 41.847555817000057 ], [ 79.464132680000034, 41.847394029000043 ], [ 79.474271396000063, 41.845888243000047 ], [ 79.484968507000076, 41.84173551300006 ], [ 79.490685807000034, 41.838589218000038 ], [ 79.498199439000075, 41.834772248000036 ], [ 79.506731268000067, 41.833225747000029 ], [ 79.512833693000061, 41.832643239000049 ], [ 79.519082421000064, 41.832119585000044 ], [ 79.523933913000064, 41.83171503300008 ], [ 79.539636347000055, 41.833044290000032 ], [ 79.557284662000029, 41.835831088000077 ], [ 79.563891993000084, 41.837157526000055 ], [ 79.573321184000065, 41.839055114000075 ], [ 79.58398012400005, 41.842341676000046 ], [ 79.593004737000058, 41.845119624000063 ], [ 79.757599560000074, 41.896448059000079 ], [ 80.165096339000058, 42.095818798000039 ], [ 80.283767820000037, 42.232213561000037 ], [ 80.285720495000078, 42.237801542000057 ], [ 80.28967102200005, 42.258819586000072 ], [ 80.28136298700008, 42.319838937000043 ], [ 80.245250079000073, 42.513556269000048 ], [ 80.172889569000063, 42.671188344000029 ], [ 80.257774579000056, 42.823177515000054 ], [ 80.571711573000073, 42.891071159000035 ], [ 80.375551347000055, 43.030405200000075 ], [ 80.382121084000062, 43.036681325000075 ], [ 80.389850829000068, 43.04189032000005 ], [ 80.404965425000057, 43.050950322000062 ], [ 80.413822143000061, 43.055621531000043 ], [ 80.590768147000063, 43.132742648000033 ], [ 80.62765054700003, 43.143118468000068 ], [ 80.638576241000067, 43.145022676000053 ], [ 80.643474927000057, 43.145663483000078 ], [ 80.648364890000039, 43.14630709000005 ], [ 80.663133856000059, 43.146696782000049 ], [ 80.739301473000069, 43.144453364000071 ], [ 80.777641097000071, 43.136157361000073 ], [ 80.785880888000065, 43.134868544000028 ], [ 80.791619240000045, 43.136454033000064 ], [ 80.794379436000042, 43.142332786000054 ], [ 80.801422167000055, 43.177479443000038 ], [ 80.769514314000048, 43.310855145000062 ], [ 80.720387194000068, 43.375360440000065 ], [ 80.758007280000072, 43.445547297000076 ], [ 80.751970554000081, 43.493234125000072 ], [ 80.519333553000081, 43.815873160000081 ], [ 80.45523434200004, 44.000428096000064 ], [ 80.444225308000057, 44.065361435000057 ], [ 80.396019205000073, 44.300487480000072 ], [ 80.37265446400005, 44.53231756100007 ], [ 80.38454220300008, 44.55819735700004 ], [ 80.404844105000052, 44.606848239000044 ], [ 80.405944380000051, 44.614992986000061 ], [ 80.400357965000069, 44.621591685000055 ], [ 80.375629266000033, 44.650431106000042 ], [ 80.367320524000036, 44.66004808100007 ], [ 80.341569096000057, 44.687427122000031 ], [ 80.328310173000034, 44.698183697000047 ], [ 80.175838648000081, 44.796447479000051 ], [ 80.185025075000055, 44.825308736000068 ], [ 80.08464183500007, 44.816402311000047 ], [ 79.989118275000067, 44.829847657000073 ], [ 79.887635952000039, 44.897127053000077 ], [ 79.884453913000073, 44.904124243000069 ], [ 79.885124549000068, 44.90899739300005 ], [ 80.067304852000063, 45.031762032000074 ], [ 80.093742323000072, 45.048196457000074 ], [ 80.100920699000085, 45.052576196000075 ], [ 80.141648194000084, 45.058299888000079 ], [ 80.15847225300007, 45.055449156000066 ], [ 80.441111474000081, 45.076906816000076 ], [ 80.895258325000043, 45.127376895000054 ], [ 81.067404433000036, 45.177469275000078 ], [ 81.07735365800005, 45.182330327000045 ], [ 81.090188536000085, 45.198540970000067 ], [ 81.107810872000073, 45.217724559000033 ], [ 81.113166758000034, 45.220693642000072 ], [ 81.40929763500003, 45.280305747000057 ], [ 81.533201348000034, 45.303859589000069 ], [ 81.572137398000052, 45.307581840000068 ], [ 81.785026902000084, 45.383256945000028 ], [ 81.921802505000073, 45.234449294000058 ], [ 82.049242222000032, 45.255222313000047 ], [ 82.057305991000078, 45.255782507000049 ], [ 82.088115431000062, 45.252371721000031 ], [ 82.341114711000046, 45.218341714000076 ], [ 82.384008219000066, 45.204584289000081 ], [ 82.475221133000048, 45.181819976000043 ], [ 82.483224368000037, 45.18063446900004 ], [ 82.55956692400008, 45.204232891000061 ], [ 82.579631383000049, 45.219011513000055 ], [ 82.543420017000074, 45.425518828000065 ], [ 82.444294300000081, 45.460739900000078 ], [ 82.278473606000034, 45.538406239000039 ], [ 82.263203402000045, 45.619695446000037 ], [ 82.338965753000082, 45.93465647000005 ], [ 82.342413441000076, 45.943277255000055 ], [ 82.353468573000043, 45.950735227000052 ], [ 82.397482487000048, 45.971711219000042 ], [ 82.419671720000053, 45.970495281000069 ], [ 82.431855111000061, 45.968451254000058 ], [ 82.457826586000067, 45.979557542000066 ], [ 82.605450320000045, 46.295032781000032 ], [ 82.723655185000041, 46.495284464000065 ], [ 82.924264828000048, 46.945095619000028 ], [ 83.005755162000071, 47.104025976000059 ], [ 83.023516467000036, 47.21489710000003 ], [ 83.02610317400007, 47.219035753000071 ], [ 83.140112798000075, 47.235145286000034 ], [ 83.15083278000003, 47.235491163000063 ], [ 83.366385839000031, 47.177946271000053 ], [ 83.507780140000079, 47.108083503000046 ], [ 83.627521116000082, 47.047047432000056 ], [ 83.999581399000078, 46.990231227000038 ], [ 84.129133927000055, 46.970411355000067 ], [ 84.356412387000034, 46.993446399000049 ], [ 84.696520709000083, 47.008086501000037 ], [ 84.744906592000063, 47.009412480000037 ], [ 84.847969129000035, 46.95047009700005 ], [ 84.897753772000044, 46.903083397000046 ], [ 84.911753918000045, 46.889391727000032 ], [ 84.927028114000052, 46.869076170000028 ], [ 85.188197654000078, 47.012517796000054 ], [ 85.210712354000066, 47.040620967000052 ], [ 85.54310554400007, 47.062495671000079 ], [ 85.540405278000037, 47.079974950000064 ], [ 85.540886126000032, 47.088235144000066 ], [ 85.541382272000078, 47.094469493000076 ], [ 85.544045757000049, 47.101839435000045 ], [ 85.546135309000078, 47.107534154000064 ], [ 85.549049626000055, 47.11462294200004 ], [ 85.559411708000084, 47.125076375000049 ], [ 85.564859292000051, 47.13053911600008 ], [ 85.639100825000071, 47.198555526000064 ], [ 85.673169527000084, 47.226713583000048 ], [ 85.679661814000042, 47.231840959000067 ], [ 85.685733066000068, 47.238836338000056 ], [ 85.689449306000085, 47.245448466000028 ], [ 85.696958542000061, 47.281062613000074 ], [ 85.70087105600004, 47.384269493000033 ], [ 85.683445240000083, 47.443231493000042 ], [ 85.616655121000065, 47.537199861000033 ], [ 85.55641302500004, 47.932860550000044 ], [ 85.549372323000057, 47.988458646000026 ], [ 85.538851264000073, 48.000548292000076 ], [ 85.535622555000032, 48.028970567000044 ], [ 85.543055071000083, 48.05228967100004 ], [ 85.577187345000084, 48.160928476000038 ], [ 85.621309774000053, 48.204824777000056 ], [ 85.714765489000058, 48.362211819000038 ], [ 85.756117670000037, 48.400150731000053 ], [ 85.762739747000069, 48.403874676000044 ], [ 85.767104996000057, 48.40611842900006 ], [ 85.786406488000068, 48.414738400000033 ], [ 85.827523107000047, 48.42523189800005 ], [ 85.83783074300004, 48.42785137900006 ], [ 85.845011175000081, 48.42886969400007 ], [ 85.910571781000044, 48.436621831000082 ], [ 86.230355304000057, 48.436420657000042 ], [ 86.403601651000031, 48.476682958000026 ], [ 86.591787139000076, 48.539359087000037 ], [ 86.759906866000051, 48.701974369000027 ], [ 86.769824070000084, 48.712967779000053 ], [ 86.77631642800003, 48.722802281000043 ], [ 86.781100304000063, 48.731661486000064 ], [ 86.82529162600008, 48.837116800000047 ], [ 86.824032661000047, 48.843597247000048 ], [ 86.819394475000081, 48.851933742000028 ], [ 86.813503471000047, 48.860791461000076 ], [ 86.811023833000036, 48.86450568600003 ], [ 86.787286489000053, 48.880048084000066 ], [ 86.764986442000065, 48.893028223000044 ], [ 86.750130004000084, 48.908286673000077 ], [ 86.745255709000048, 48.914112658000079 ], [ 86.733239200000071, 48.949222872000064 ], [ 86.733076479000033, 48.955832698000052 ], [ 86.734520309000061, 48.98741730900008 ], [ 86.735496798000042, 48.992934793000074 ], [ 86.737052123000069, 48.997723440000073 ], [ 86.742568926000047, 49.004866334000042 ], [ 86.747047159000033, 49.010674343000062 ], [ 86.849689138000031, 49.101548425000033 ], [ 86.85953840600007, 49.109982527000057 ], [ 86.864505372000053, 49.113954566000075 ], [ 86.882411565000041, 49.128036321000081 ], [ 86.887525172000039, 49.131194158000028 ], [ 86.893963272000065, 49.132388694000042 ], [ 87.001138943000058, 49.142511199000069 ], [ 87.013702734000049, 49.140744341000072 ], [ 87.030403782000064, 49.134129432000066 ], [ 87.323284371000057, 49.107701116000044 ], [ 87.392655731000048, 49.09251137900003 ], [ 87.510137911000072, 49.112517002000061 ], [ 87.559431374000042, 49.142297413000051 ], [ 87.718618327000058, 49.180791330000034 ], [ 87.784598788000039, 49.181987035000077 ], [ 87.789427358000069, 49.181994991000067 ], [ 87.798286322000081, 49.179374779000057 ], [ 87.817313917000035, 49.173493025000028 ], [ 87.842194191000033, 49.145751811000082 ], [ 87.84787106400006, 49.137320001000035 ], [ 87.850076872000045, 49.134032569000055 ], [ 87.851648240000031, 49.13135585200007 ], [ 87.860673486000053, 49.115516996000053 ], [ 87.863664859000039, 49.108510627000044 ], [ 87.879764313000067, 49.023612296000067 ], [ 87.885350391000031, 48.972652335000078 ], [ 87.873118592000083, 48.948996073000046 ], [ 87.864902407000045, 48.944597007000027 ], [ 87.859308749000036, 48.944035099000075 ], [ 87.853044766000039, 48.943938759000048 ], [ 87.846819092000032, 48.944528141000035 ], [ 87.840937352000083, 48.945114835000027 ], [ 87.834757011000079, 48.946617684000046 ], [ 87.829592350000041, 48.947647822000079 ], [ 87.819123653000077, 48.94695162000005 ], [ 87.81103580000007, 48.945062997000036 ], [ 87.756194023000035, 48.925627666000025 ], [ 87.754684482000073, 48.923144042000047 ], [ 87.739554498000075, 48.883416050000051 ], [ 87.738739210000062, 48.88091898700003 ], [ 87.740462400000069, 48.873566056000072 ], [ 87.820582566000041, 48.80233467100004 ], [ 87.822916301000078, 48.800677865000068 ], [ 87.949980958000083, 48.771123333000048 ], [ 87.953873746000056, 48.772635334000029 ], [ 87.958059989000049, 48.773229547000028 ], [ 87.963881503000039, 48.77195529100004 ], [ 87.969680356000083, 48.77021908100005 ], [ 87.974106815000084, 48.768743526000037 ], [ 88.018596823000053, 48.752687261000062 ], [ 88.025569692000033, 48.749749951000069 ], [ 88.093321476000085, 48.716531245000056 ], [ 88.09488314400005, 48.70987238500004 ], [ 88.092427502000078, 48.703070560000072 ], [ 88.0894, 48.69833793600003 ], [ 88.085712608000051, 48.694309530000055 ], [ 88.007166751000057, 48.618543830000078 ], [ 87.979592211000067, 48.611690577000047 ], [ 87.958153817000039, 48.599154766000026 ], [ 87.957139256000062, 48.591365591000056 ], [ 87.959206648000077, 48.586862820000079 ], [ 87.969644837000033, 48.575720753000041 ], [ 88.037640922000037, 48.547864096000069 ], [ 88.049970386000041, 48.546206921000078 ], [ 88.055455991000031, 48.545616334000044 ], [ 88.068349907000083, 48.546688164000045 ], [ 88.08225096700005, 48.548215877000075 ], [ 88.09729741700005, 48.547438029000034 ], [ 88.257481733000077, 48.496514696000077 ], [ 88.314521426000056, 48.477870780000046 ], [ 88.333191289000069, 48.471682380000061 ], [ 88.500549272000057, 48.412595684000053 ], [ 88.510262168000054, 48.409071152000081 ], [ 88.51630411900004, 48.405313720000038 ], [ 88.519760640000072, 48.403165050000041 ], [ 88.59735512900005, 48.342227937000075 ], [ 88.603068906000033, 48.337590852000062 ], [ 88.638189602000068, 48.181603575000054 ], [ 88.927552333000051, 48.119116777000045 ], [ 88.94550445200008, 48.097951134000027 ], [ 89.041364785000042, 48.00918979000005 ], [ 89.065314102000059, 48.000557336000043 ], [ 89.066565340000068, 47.990574109000079 ], [ 89.285109488000046, 48.00056113200003 ], [ 89.595904368000049, 48.000557994000076 ], [ 89.594760398000062, 47.996936104000042 ], [ 89.592799226000068, 47.989888689000054 ], [ 89.591394708000053, 47.983464 ], [ 89.591959468000084, 47.978201634000072 ], [ 89.593011376000049, 47.972976928000037 ], [ 89.600580490000084, 47.962809346000029 ], [ 89.759209939000073, 47.835084724000069 ], [ 89.765061421000041, 47.831873079000047 ], [ 89.773416453000038, 47.831724407000081 ], [ 89.867123513000081, 47.833798007000041 ], [ 89.930794265000031, 47.835217700000044 ], [ 89.935395638000045, 47.835554558000069 ], [ 89.948738807000041, 47.837035010000079 ], [ 89.95552181000005, 47.842402869000068 ], [ 89.999788273000036, 47.881173908000051 ], [ 90.067831371000068, 47.819682427000032 ], [ 90.258701419000033, 47.696165538000059 ], [ 90.373551684000063, 47.602120576000061 ], [ 90.465856436000081, 47.49683897400007 ], [ 90.524557911000045, 47.378278694000073 ], [ 90.506429986000057, 47.336220256000047 ], [ 90.487029375000077, 47.32321599800008 ], [ 90.559664402000067, 47.20655725000006 ], [ 90.651921810000033, 47.111139215000037 ], [ 90.669012157000054, 47.093489289000047 ], [ 90.712013898000066, 47.051324416000057 ], [ 90.756951302000061, 47.010426008000081 ], [ 90.806103219000079, 46.995275112000058 ], [ 90.828900445000045, 46.995372398000029 ], [ 90.851621414000078, 46.98517627800004 ], [ 90.899710848000041, 46.960391770000058 ], [ 90.92029692400007, 46.938294094000071 ], [ 91.051840351000067, 46.716815818000043 ], [ 91.015774437000061, 46.581844252000053 ], [ 91.065779784000085, 46.578641572000038 ], [ 91.032986786000038, 46.494851247000042 ], [ 91.02408452700007, 46.467081761000031 ], [ 90.98168671500008, 46.374505920000047 ], [ 90.997495436000065, 46.148336017000076 ], [ 90.889414214000055, 45.921084261000033 ], [ 90.848327913000048, 45.887583336000034 ], [ 90.798125614000071, 45.834536774000071 ], [ 90.747144375000062, 45.772078420000071 ], [ 90.712857857000074, 45.728330345000074 ], [ 90.683818821000045, 45.617127277000066 ], [ 90.675029572000085, 45.581991272000039 ], [ 90.668422831000044, 45.547446982000054 ], [ 90.667529346000038, 45.49383879700008 ], [ 90.688229487000058, 45.477339482000048 ], [ 90.770400744000085, 45.432090183000071 ], [ 90.772247235000066, 45.405304710000053 ], [ 90.786095524000075, 45.374893344000043 ], [ 90.865123709000045, 45.208834240000044 ], [ 90.880230044000086, 45.191339395000057 ], [ 90.905812702000048, 45.193446259000041 ], [ 90.959807901000033, 45.200821111000039 ], [ 90.971335919000069, 45.204817111000068 ], [ 90.992043873000057, 45.215321884000048 ], [ 91.006082736000053, 45.217759510000064 ], [ 91.094929633000049, 45.216492342000038 ], [ 91.127468768000085, 45.215160565000076 ], [ 91.16888337000006, 45.198662988000081 ], [ 91.375196676000087, 45.110238672000037 ], [ 91.516933549000044, 45.096272096000064 ], [ 91.574208941000052, 45.081602749000069 ], [ 91.717922798000075, 45.069523918000073 ], [ 91.801527366000073, 45.082126733000052 ], [ 92.042966710000087, 45.083615071000054 ], [ 92.065177270000049, 45.083549766000033 ], [ 92.313851240000076, 45.028175989000033 ], [ 92.49533811200007, 45.000484507000067 ], [ 92.499885548000066, 45.000484522000079 ], [ 92.682730264000043, 45.025169761000029 ], [ 92.789233354000032, 45.044790073000058 ], [ 92.883000157000083, 45.046322061000069 ], [ 93.374823487000072, 44.98463203700004 ], [ 93.546613415000081, 44.950242014000025 ], [ 93.668977390000066, 44.908252837000077 ], [ 94.064400361000082, 44.731344086000036 ], [ 94.22582076100008, 44.64502800200006 ], [ 94.487410834000059, 44.501351302000046 ], [ 94.700507469000058, 44.362365508000039 ], [ 94.766725136000048, 44.339767475000031 ], [ 94.949799018000078, 44.283946632000038 ], [ 95.174866426000051, 44.270093474000078 ], [ 95.374534234000066, 44.22636052200005 ], [ 95.358076197000059, 44.179961650000052 ], [ 95.354247098000087, 44.164907971000048 ], [ 95.32513973600004, 44.027657691000059 ], [ 95.424767860000031, 44.008371965000038 ], [ 95.526943792000054, 44.000461134000034 ], [ 95.598685744000079, 43.888844433000031 ], [ 95.636673441000084, 43.815463381000029 ], [ 95.757039217000056, 43.55954661700008 ], [ 95.87900637100006, 43.279033323000078 ], [ 95.884667404000083, 43.270153647000029 ], [ 95.910150497000075, 43.239674960000059 ], [ 95.920641084000067, 43.228550432000077 ], [ 95.944819920000043, 43.209525227000029 ], [ 95.985989557000039, 43.179782445000058 ], [ 96.000005285000043, 43.16991661000003 ], [ 96.362794676000078, 42.899154510000074 ] ] } },
{ "type": "Feature", "properties": { "FNODE_": 20, "TNODE_": 22, "LPOLY_": 1, "RPOLY_": 4, "LENGTH": 19150.4, "BOUNT_": 20, "BOUNT_ID": 14, "GEO_CODE": 61010, "BCODE": 0, "BNAME": null, "BountName": "国界", "SHAPE_Leng": 0.175167878916 }, "geometry": { "type": "LineString", "coordinates": [ [ 96.362794676000078, 42.899154510000074 ], [ 96.365442301000087, 42.886952118000067 ], [ 96.38176227200006, 42.767708015000039 ], [ 96.38598584500005, 42.725593429000071 ] ] } },
{ "type": "Feature", "properties": { "FNODE_": 22, "TNODE_": 21, "LPOLY_": 1, "RPOLY_": 8, "LENGTH": 64325.8, "BOUNT_": 21, "BOUNT_ID": 15, "GEO_CODE": 61010, "BCODE": 0, "BNAME": null, "BountName": "国界", "SHAPE_Leng": 0.79101423260799997 }, "geometry": { "type": "LineString", "coordinates": [ [ 96.38598584500005, 42.725593429000071 ], [ 96.388841889000048, 42.726105223000047 ], [ 96.396929556000032, 42.727545464000059 ], [ 96.491270814000075, 42.73538601100006 ], [ 96.697355085000083, 42.751725037000028 ], [ 96.758125294000081, 42.755210817000034 ], [ 96.802040992000059, 42.754635624000059 ], [ 96.856486242000074, 42.754414895000025 ], [ 96.93570546400008, 42.754542448000052 ], [ 96.967917325000087, 42.755206370000053 ], [ 96.982192541000074, 42.756258011000057 ], [ 97.072634360000052, 42.772915080000075 ], [ 97.123226543000044, 42.783142376000058 ], [ 97.16010050400007, 42.790938674000074 ], [ 97.17199531600005, 42.793848266000055 ] ] } },
{ "type": "Feature", "properties": { "FNODE_": 24, "TNODE_": 19, "LPOLY_": 1, "RPOLY_": 4, "LENGTH": 91730.8, "BOUNT_": 22, "BOUNT_ID": 14, "GEO_CODE": 61010, "BCODE": 0, "BNAME": null, "BountName": "国界", "SHAPE_Leng": 0.92512812867299998 }, "geometry": { "type": "LineString", "coordinates": [ [ 73.795550641000034, 38.656084097000075 ], [ 73.774308017000067, 38.678490597000064 ], [ 73.753301970000052, 38.729490299000076 ], [ 73.763563881000039, 38.77772352900007 ], [ 73.697272634000058, 38.868486776000054 ], [ 73.705274282000062, 38.893756127000074 ], [ 73.738406973000053, 38.934110403000034 ], [ 73.742048170000032, 38.935220317000073 ], [ 73.774031500000035, 38.938149029000044 ], [ 73.791343562000066, 38.931207044000075 ], [ 73.815475193000054, 38.91917847700006 ], [ 73.822685865000039, 38.917311324000025 ], [ 73.828202368000063, 38.923946638000075 ], [ 73.837126631000046, 38.936187185000051 ], [ 73.840285724000069, 38.947315245000027 ], [ 73.842711079000082, 38.962739133000071 ], [ 73.842614551000054, 38.972384178000027 ], [ 73.838561643000048, 39.00164424500008 ], [ 73.836393346000079, 39.008729678000066 ], [ 73.816535256000066, 39.041886375000047 ], [ 73.619231003000039, 39.235472981000044 ], [ 73.605604045000064, 39.238746549000041 ], [ 73.591987595000035, 39.236952906000056 ], [ 73.576458979000051, 39.237861338000073 ], [ 73.570652854000059, 39.241874087000042 ], [ 73.538518081000063, 39.269886334000034 ], [ 73.535479452000061, 39.272600365000073 ] ] } },
{ "type": "Feature", "properties": { "FNODE_": 23, "TNODE_": 16, "LPOLY_": 3, "RPOLY_": 6, "LENGTH": 481578.0, "BOUNT_": 23, "BOUNT_ID": 16, "GEO_CODE": 61030, "BCODE": 1521, "BNAME": "蒙辽线", "BountName": "省区直", "SHAPE_Leng": 5.3744574586200002 }, "geometry": { "type": "LineString", "coordinates": [ [ 119.466569437000089, 42.349286444000029 ], [ 119.491226716000028, 42.365216652000072 ], [ 119.764915365000093, 42.209611611000071 ], [ 119.823844455000085, 42.140880139000046 ], [ 119.955606831000068, 41.957423282000036 ], [ 120.029114411000023, 41.706475166000075 ], [ 120.132656954000026, 41.728517951000072 ], [ 120.194251720000011, 41.847210981000046 ], [ 120.468867983000109, 42.109442777000027 ], [ 120.515530997000042, 42.132130640000071 ], [ 120.59720733100005, 42.164631564000047 ], [ 120.747534966000103, 42.220765396000047 ], [ 120.884172714000101, 42.270168456000079 ], [ 120.93591789300001, 42.276442499000041 ], [ 120.990309689000014, 42.258707051000044 ], [ 121.018210695000107, 42.24315229900003 ], [ 121.027640685000051, 42.243085968000059 ], [ 121.06410276400004, 42.252173103000075 ], [ 121.280839406000041, 42.389243172000079 ], [ 121.898894629000097, 42.574757612000042 ], [ 121.893346862000044, 42.593130747000032 ], [ 121.903702450000083, 42.637313519000031 ], [ 121.909950082000023, 42.655174171000056 ], [ 121.938547794000101, 42.68667774000005 ], [ 121.956202543000018, 42.697495075000063 ], [ 122.052564586000017, 42.721029976000068 ], [ 122.32797860200003, 42.678392354000039 ], [ 122.391158187000087, 42.688684330000058 ], [ 122.454950365000059, 42.754137095000033 ], [ 122.36801958, 42.773052390000032 ], [ 122.350608735000037, 42.832948935000047 ], [ 122.418841625000027, 42.840967535000061 ], [ 122.463451279000083, 42.836768579000079 ], [ 122.502804791000017, 42.832438517000071 ], [ 122.529165183000032, 42.827933212000062 ], [ 122.566116324000063, 42.820837461000053 ], [ 122.727344411000104, 42.782604046000074 ], [ 122.773295828000073, 42.754200328000024 ], [ 122.824612858000023, 42.720418147000032 ], [ 122.850714394000079, 42.709614966000061 ], [ 123.064595256000075, 42.77707549400003 ], [ 123.163140603000102, 42.810655568000072 ], [ 123.195032373000117, 42.822715212000048 ], [ 123.21425849100001, 42.833218169000077 ], [ 123.19339987, 42.841812829000048 ], [ 123.169841267000038, 42.847733585000071 ], [ 123.165895153000065, 42.862766504000035 ], [ 123.179133555000021, 42.914365200000077 ], [ 123.189785463000021, 42.937131184000066 ], [ 123.2444063370001, 42.984335784000052 ], [ 123.280418391000012, 42.996388205000073 ], [ 123.456502483, 43.037010186000032 ], [ 123.51710398900002, 43.020265282000025 ], [ 123.550285627000108, 43.008792988000039 ], [ 123.561431822000031, 43.004614183000058 ], [ 123.567571468000097, 42.992823544000032 ] ] } },
{ "type": "Feature", "properties": { "FNODE_": 18, "TNODE_": 25, "LPOLY_": 1, "RPOLY_": 5, "LENGTH": 347707.0, "BOUNT_": 24, "BOUNT_ID": 293, "GEO_CODE": 61011, "BCODE": 0, "BNAME": null, "BountName": "国界2", "SHAPE_Leng": 3.7326023563800002 }, "geometry": { "type": "LineString", "coordinates": [ [ 128.102788229000112, 41.79683717100005 ], [ 128.158300511000107, 41.712028436000026 ], [ 128.241446454000084, 41.678754214000037 ], [ 128.269904303000089, 41.65589581200004 ], [ 128.290106641000079, 41.607867425000052 ], [ 128.297536812000089, 41.537538468000037 ], [ 128.233920537000017, 41.446996714000079 ], [ 128.200119815000107, 41.410712534000027 ], [ 128.114501793000045, 41.365519678000055 ], [ 128.089735646, 41.372168827000053 ], [ 128.039866776000054, 41.391678725000077 ], [ 128.041196511000066, 41.41604581200005 ], [ 127.93192604, 41.457312695000041 ], [ 127.868608773000119, 41.440210175000061 ], [ 127.65192623300004, 41.406165825000073 ], [ 127.252304072000015, 41.479112605000068 ], [ 127.161260713000047, 41.540326149000066 ], [ 127.122601779000092, 41.621864971000036 ], [ 127.04852753800003, 41.738058367000065 ], [ 126.947734487000048, 41.801091515000053 ], [ 126.933283842000037, 41.808106157000054 ], [ 126.880112948000033, 41.784034441000074 ], [ 126.841749761000074, 41.722046855000031 ], [ 126.795889359000057, 41.695707759000072 ], [ 126.754117689000054, 41.727604169000074 ], [ 126.712996065000084, 41.744431629000076 ], [ 126.70304963000001, 41.736142176000044 ], [ 126.569613681000078, 41.612658048000071 ], [ 126.507451058000015, 41.401316828000063 ], [ 126.515305915000113, 41.380241365000074 ], [ 126.483404992000033, 41.370029291000037 ], [ 126.410397635000095, 41.326564180000048 ], [ 126.356577711000114, 41.244139651000069 ], [ 126.283071114000109, 41.158641429000056 ], [ 126.128914810000083, 41.052882889000045 ], [ 126.027209466000045, 40.930593489000046 ], [ 126.022609578000015, 40.90247497200005 ], [ 125.856840806000037, 40.881203463000077 ], [ 125.707200761000081, 40.860211797000034 ] ] } },
{ "type": "Feature", "properties": { "FNODE_": 14, "TNODE_": 25, "LPOLY_": 5, "RPOLY_": 6, "LENGTH": 458629.0, "BOUNT_": 25, "BOUNT_ID": 270, "GEO_CODE": 61030, "BCODE": 2122, "BNAME": "辽吉线", "BountName": "省区直", "SHAPE_Leng": 4.6686200483000002 }, "geometry": { "type": "LineString", "coordinates": [ [ 123.697802430000024, 43.370968407000078 ], [ 123.718695074000038, 43.40346941100006 ], [ 123.72252564900009, 43.411259380000047 ], [ 123.764943825000046, 43.480386983000074 ], [ 124.116254835000063, 43.245795378000025 ], [ 124.26992919700001, 43.23077580000006 ], [ 124.267197363000037, 43.176685860000077 ], [ 124.362066566000067, 42.881603268000049 ], [ 124.447991676000015, 42.85039187600006 ], [ 124.463839213000028, 42.847641838000072 ], [ 124.495737751000092, 42.85937463700003 ], [ 124.536578579000093, 42.877586815000029 ], [ 124.577994102000048, 42.902497223000069 ], [ 124.591017868000108, 42.915299542000071 ], [ 124.629403525000043, 42.971544656000049 ], [ 124.663827802000014, 43.030879336000055 ], [ 124.718556679000017, 43.073714787000029 ], [ 124.784064457000113, 43.116814333000036 ], [ 124.882496497000034, 43.132255372000031 ], [ 124.888667367000039, 43.12184836800003 ], [ 124.880579772000033, 43.113039905000051 ], [ 124.847539303000076, 42.86842901600005 ], [ 124.895894555000041, 42.788108453000063 ], [ 125.075835532000042, 42.498615457000028 ], [ 125.298934693000092, 42.147552915000063 ], [ 125.324722700000052, 42.139961829000072 ], [ 125.34920541300005, 42.14343191100005 ], [ 125.446697902000096, 42.100243747000036 ], [ 125.342513736000114, 41.935135253000055 ], [ 125.299526402000083, 41.918339955000079 ], [ 125.288136228000099, 41.872803173000079 ], [ 125.310450475000039, 41.784049627000059 ], [ 125.326770893000116, 41.734086385000069 ], [ 125.327792080000108, 41.730951233000042 ], [ 125.312562798000044, 41.678974683000035 ], [ 125.400859710000077, 41.688311527000053 ], [ 125.443883854000092, 41.671717024000031 ], [ 125.462399443000095, 41.633035023000048 ], [ 125.534527450000041, 41.456490697000049 ], [ 125.551556523000045, 41.396110301000078 ], [ 125.615810970000098, 41.312444938000056 ], [ 125.684369580000066, 41.244635026000026 ], [ 125.730751233000092, 41.197878207000031 ], [ 125.745428568000079, 41.126956630000052 ], [ 125.720021062000114, 41.053629990000047 ], [ 125.675661842000068, 40.978706957000043 ], [ 125.631608263000089, 40.944824616000062 ], [ 125.578314123000041, 40.917174611000064 ], [ 125.707200761000081, 40.860211797000034 ] ] } },
{ "type": "Feature", "properties": { "FNODE_": 23, "TNODE_": 26, "LPOLY_": 6, "RPOLY_": 3, "LENGTH": 91588.3, "BOUNT_": 26, "BOUNT_ID": 300, "GEO_CODE": 61031, "BCODE": 1521, "BNAME": "蒙辽线", "BountName": "省界桩", "SHAPE_Leng": 0.91942363205800004 }, "geometry": { "type": "LineString", "coordinates": [ [ 119.466569437000089, 42.349286444000029 ], [ 119.455396841000038, 42.332543228000077 ], [ 119.38466981800002, 42.308407868000074 ], [ 119.278037967000046, 42.268386440000029 ], [ 119.229308144000015, 42.203185554000072 ], [ 119.3132249680001, 42.119000174000064 ], [ 119.358346465000068, 42.111370642000054 ], [ 119.374727768000071, 42.090021998000054 ], [ 119.375741742000059, 42.034416528000065 ], [ 119.306766996000079, 41.84870548300006 ], [ 119.310947262000013, 41.824588222000045 ], [ 119.311702555000011, 41.731426996000039 ], [ 119.304391467000073, 41.665461156000049 ] ] } },
{ "type": "Feature", "properties": { "FNODE_": 27, "TNODE_": 22, "LPOLY_": 4, "RPOLY_": 8, "LENGTH": 105209.0, "BOUNT_": 27, "BOUNT_ID": 17, "GEO_CODE": 61030, "BCODE": 6265, "BNAME": "甘新线", "BountName": "省区直", "SHAPE_Leng": 1.0838379603699999 }, "geometry": { "type": "LineString", "coordinates": [ [ 96.106171723000045, 41.972311102000049 ], [ 96.134538714000087, 42.021635435000064 ], [ 96.176425233000032, 42.216757074000043 ], [ 96.039122908000081, 42.324786837000033 ], [ 95.976780702000042, 42.43519556800004 ], [ 96.021513032000087, 42.541083982000032 ], [ 96.101463860000081, 42.602954333000071 ], [ 96.38598584500005, 42.725593429000071 ] ] } },
{ "type": "Feature", "properties": { "FNODE_": 27, "TNODE_": 28, "LPOLY_": 8, "RPOLY_": 4, "LENGTH": 112222.0, "BOUNT_": 28, "BOUNT_ID": 325, "GEO_CODE": 61033, "BCODE": 6265, "BNAME": "甘新线", "BountName": "未分类", "SHAPE_Leng": 1.21970848348 }, "geometry": { "type": "LineString", "coordinates": [ [ 96.106171723000045, 41.972311102000049 ], [ 96.098023674000046, 41.967069061000075 ], [ 96.093307735000053, 41.961924206000049 ], [ 96.087036682000075, 41.957201090000069 ], [ 96.072471132000032, 41.944736141000078 ], [ 96.065001515000063, 41.939529652000033 ], [ 96.055372959000067, 41.934505129000058 ], [ 96.043310299000041, 41.929195929000059 ], [ 96.031500566000034, 41.925267309000048 ], [ 96.021681115000035, 41.917252554000072 ], [ 96.015348516000074, 41.914589032000038 ], [ 96.00784851800006, 41.910298106000027 ], [ 96.002797042000054, 41.906058499000039 ], [ 96.000004990000036, 41.90443865900005 ], [ 95.99397050500005, 41.896259759000031 ], [ 95.986202963000039, 41.893419096000059 ], [ 95.976208103000033, 41.888092855000025 ], [ 95.967205719000049, 41.88481095700007 ], [ 95.925082349000036, 41.872474885000031 ], [ 95.905222689000084, 41.865248095000027 ], [ 95.897737196000037, 41.861253445000045 ], [ 95.891526792000036, 41.858835596000063 ], [ 95.883973180000055, 41.852544987000044 ], [ 95.876763898000036, 41.84762063900007 ], [ 95.868356040000037, 41.843404701000054 ], [ 95.859703667000076, 41.84125677600008 ], [ 95.849556257000074, 41.840280098000051 ], [ 95.833670607000045, 41.842374943000038 ], [ 95.814315196000052, 41.840857930000027 ], [ 95.805662546000065, 41.83870621300008 ], [ 95.75508592400007, 41.828739101000053 ], [ 95.741252929000041, 41.82735080100008 ], [ 95.728618452000035, 41.825023756000064 ], [ 95.696696246000045, 41.82368070900003 ], [ 95.671777496000061, 41.820393719000037 ], [ 95.657289400000082, 41.817396897000037 ], [ 95.627853594000044, 41.805683006000038 ], [ 95.617912983000053, 41.80054986500005 ], [ 95.608665181000049, 41.79839572000003 ], [ 95.597518038000032, 41.794200956000054 ], [ 95.576811473000078, 41.787391753000065 ], [ 95.568441440000072, 41.783381900000052 ], [ 95.562734796000086, 41.776125613000033 ], [ 95.550848145000032, 41.766435182000066 ], [ 95.537603229000069, 41.763179844000035 ], [ 95.499721884000053, 41.742380598000068 ], [ 95.49138302700004, 41.73928090000004 ], [ 95.475223118000031, 41.729411906000053 ], [ 95.463137527000072, 41.723611532000064 ], [ 95.45101356400005, 41.715749482000035 ], [ 95.430223029000047, 41.703409200000067 ], [ 95.400528997000038, 41.689574037000057 ], [ 95.389924055000051, 41.680764362000048 ], [ 95.385856888000035, 41.676690596000071 ], [ 95.375969178000048, 41.672232616000031 ], [ 95.368156122000073, 41.664992038000037 ], [ 95.356055257000037, 41.657120465000048 ], [ 95.339209045000075, 41.641739442000073 ], [ 95.335387261000051, 41.635134479000044 ], [ 95.333350091000057, 41.62576057800004 ], [ 95.333205054000075, 41.619345419000069 ], [ 95.329923772000086, 41.60906861400008 ], [ 95.324560627000039, 41.601337937000039 ], [ 95.321989337000048, 41.59540987400004 ], [ 95.320928990000084, 41.588771187000077 ], [ 95.318319804000055, 41.581466164000062 ], [ 95.316946142000063, 41.57437854300008 ], [ 95.315313247000063, 41.569584556000052 ], [ 95.311529637000035, 41.563894880000078 ], [ 95.303739159000031, 41.556653915000027 ], [ 95.146924753000064, 41.775309560000039 ] ] } },
{ "type": "Feature", "properties": { "FNODE_": 29, "TNODE_": 26, "LPOLY_": 3, "RPOLY_": 6, "LENGTH": 45380.4, "BOUNT_": 29, "BOUNT_ID": 18, "GEO_CODE": 61030, "BCODE": 1521, "BNAME": "蒙辽线", "BountName": "省区直", "SHAPE_Leng": 0.45299890491 }, "geometry": { "type": "LineString", "coordinates": [ [ 119.233202788000085, 41.310378805000028 ], [ 119.323341143000107, 41.384934211000029 ], [ 119.399012740000103, 41.479722397000046 ], [ 119.398944879000055, 41.501219840000033 ], [ 119.365144195000084, 41.534230573000059 ], [ 119.354670250000026, 41.54318300400007 ], [ 119.304391467000073, 41.665461156000049 ] ] } },
{ "type": "Feature", "properties": { "FNODE_": 21, "TNODE_": 3, "LPOLY_": 1, "RPOLY_": 3, "LENGTH": 3076370.0, "BOUNT_": 30, "BOUNT_ID": 273, "GEO_CODE": 61010, "BCODE": 0, "BNAME": null, "BountName": "国界", "SHAPE_Leng": 35.712044048199999 }, "geometry": { "type": "LineString", "coordinates": [ [ 97.17199531600005, 42.793848266000055 ], [ 97.226326055000072, 42.787464592000049 ], [ 97.281991919000063, 42.780823102000056 ], [ 97.831181547000085, 42.704897366000068 ], [ 97.987574037000059, 42.682427795000081 ], [ 98.395088884000074, 42.642947474000039 ], [ 99.329597614000079, 42.57864005600004 ], [ 99.453426896000053, 42.569944981000049 ], [ 99.48115309800005, 42.56825557600007 ], [ 99.506132437000076, 42.566867066000043 ], [ 99.511015347000068, 42.567186961000061 ], [ 99.530898239000066, 42.569998297000041 ], [ 99.559494564000033, 42.575477981000063 ], [ 99.617151805000049, 42.586308015000043 ], [ 99.63511212800006, 42.589516071000048 ], [ 99.658054251000067, 42.593634264000059 ], [ 99.87267636100006, 42.631849858000066 ], [ 99.940183532000049, 42.642508464000059 ], [ 99.967703536000045, 42.646704402000069 ], [ 100.323832507000077, 42.688669496000045 ], [ 100.333431031000032, 42.688555225000073 ], [ 100.398999652000043, 42.687036769000031 ], [ 100.825077184000065, 42.673967018000042 ], [ 100.861211260000061, 42.670114031000026 ], [ 100.902900039000087, 42.662484495000058 ], [ 100.92699396200004, 42.65768885500006 ], [ 101.237825716000032, 42.59563354900007 ], [ 101.789448952000043, 42.50584204300003 ], [ 101.801748098000076, 42.50247844900008 ], [ 101.806500996000068, 42.498639368000056 ], [ 101.817052877000037, 42.489493263000043 ], [ 101.868095273000051, 42.438680433000059 ], [ 101.98011322800005, 42.325327413000025 ], [ 101.98535447200004, 42.319451815000036 ], [ 102.000201742000058, 42.301814852000064 ], [ 102.091604645000075, 42.222142535000046 ], [ 102.446955384000034, 42.142605222000043 ], [ 102.539289233000034, 42.161071710000044 ], [ 102.710124148000034, 42.151515699000072 ], [ 102.99946297300005, 42.035139190000052 ], [ 103.019757933000051, 42.026729308000029 ], [ 103.415796575000059, 41.880796642000064 ], [ 103.451961094000069, 41.875920840000049 ], [ 103.742756946000043, 41.82432162300006 ], [ 103.835640294000086, 41.805566014000078 ], [ 103.866456313000072, 41.801352786000052 ], [ 104.051513468000053, 41.804316544000073 ], [ 104.092843180000045, 41.80699538500005 ], [ 104.249182088000055, 41.830936140000063 ], [ 104.362474721000069, 41.849967919000051 ], [ 104.415645775000087, 41.858949528000039 ], [ 104.472303536000084, 41.866831984000044 ], [ 104.527343889000065, 41.873557450000078 ], [ 104.527587647000075, 41.831388392000065 ], [ 104.523055386000067, 41.744010952000053 ], [ 104.521468054000081, 41.660569835000047 ], [ 104.685955319000072, 41.643971178000072 ], [ 104.80044575800008, 41.650806282000076 ], [ 104.904781148000041, 41.654778488000034 ], [ 104.919948762000047, 41.652915647000043 ], [ 104.962392302000069, 41.621988895000072 ], [ 105.006171024000082, 41.58178786600007 ], [ 105.207655246000058, 41.736441613000068 ], [ 105.28768259800006, 41.74846933300006 ], [ 105.317651856000055, 41.761671656000033 ], [ 105.361240123000073, 41.781557354000029 ], [ 105.429884128000083, 41.816574030000027 ], [ 105.585567280000078, 41.887166441000034 ], [ 105.672079950000068, 41.923517212000036 ], [ 105.737504244000036, 41.947812425000052 ], [ 106.608673382000063, 42.240506226000036 ], [ 106.781210328000043, 42.29005516400008 ], [ 106.994168977000072, 42.311846455000079 ], [ 107.023772009000083, 42.314658770000051 ], [ 107.046164997000062, 42.317681953000033 ], [ 107.266646619000085, 42.362649195000074 ], [ 107.288605003000043, 42.406095935000053 ], [ 107.298950749000085, 42.411176838000074 ], [ 107.390804338000066, 42.437893733000067 ], [ 107.460882541000046, 42.457278121000058 ], [ 107.496543508000059, 42.455379771000025 ], [ 107.569543730000078, 42.411758696000049 ], [ 107.934339544000068, 42.402445843000066 ], [ 107.981757879000043, 42.411752147000072 ], [ 108.00039703200008, 42.422013733000028 ], [ 108.029466252000077, 42.432370889000026 ], [ 108.233032695000077, 42.458874028000025 ], [ 108.243225977000066, 42.458435160000079 ], [ 108.58321002200006, 42.432440689000032 ], [ 108.712196688000063, 42.413069915000051 ], [ 108.825344155000039, 42.40474406800007 ], [ 109.26881727600005, 42.435234039000079 ], [ 109.377455737000048, 42.446067754000069 ], [ 109.556287009000073, 42.482710636000036 ], [ 109.593001102000073, 42.506243636000079 ], [ 109.63666567000007, 42.533631616000037 ], [ 109.678468535000036, 42.557549873000028 ], [ 109.727870729000074, 42.57759937000003 ], [ 109.877297180000085, 42.627180421000048 ], [ 109.900758779000057, 42.634418574000051 ], [ 110.180560794000087, 42.688642292000054 ], [ 110.334046711000042, 42.736853594000081 ], [ 110.34242370000004, 42.740352231000031 ], [ 110.431233390000045, 42.779644097000073 ], [ 110.625843658000065, 42.934542495000073 ], [ 110.655607276000069, 42.977675490000081 ], [ 110.683562485000039, 43.019896770000059 ], [ 110.681403429000056, 43.034903439000061 ], [ 110.696289226000033, 43.051441358000034 ], [ 110.730546459000038, 43.08792294400007 ], [ 111.014172846000065, 43.328279515000077 ], [ 111.063071279000042, 43.356050336000067 ], [ 111.14433494900004, 43.378375133000077 ], [ 111.393313513000066, 43.470896591000042 ], [ 111.712371092000069, 43.606871259000059 ], [ 111.78748534500005, 43.670253019000029 ], [ 111.885068710000041, 43.672504519000029 ], [ 111.963921355000082, 43.746811857000068 ], [ 111.782910426000058, 44.000423414000068 ], [ 111.741046823000033, 44.01406852000008 ], [ 111.695459726000081, 44.032619860000068 ], [ 111.675592380000069, 44.045815446000063 ], [ 111.656312496000055, 44.059873957000036 ], [ 111.602638115000047, 44.11322679400007 ], [ 111.558882922000066, 44.162786465000067 ], [ 111.421634549000089, 44.317968185000041 ], [ 111.408954437000034, 44.355710558000055 ], [ 111.420269356000063, 44.39281266100005 ], [ 111.578793578000045, 44.704710527000032 ], [ 111.605451646000063, 44.756195497000078 ], [ 111.617926675000035, 44.777344087000074 ], [ 111.740086259000066, 44.944494421000059 ], [ 111.757512795000082, 44.968107628000041 ], [ 111.768644496000036, 44.975879788000043 ], [ 111.793234941000037, 44.991050113000028 ], [ 111.839890327000035, 45.019529877000025 ], [ 111.883013520000077, 45.044312433000073 ], [ 111.896754501000089, 45.051108257000067 ], [ 111.969496159000073, 45.079905283000073 ], [ 111.995780351000064, 45.089543879000075 ], [ 112.064004615000044, 45.094582223000032 ], [ 112.38933993, 45.063108652000039 ], [ 112.593241034000016, 44.929514791000031 ], [ 112.624972421000052, 44.913823731000036 ], [ 112.705274406000058, 44.878176049000047 ], [ 112.733060904000013, 44.869329151000045 ], [ 112.792221621000067, 44.853076777000069 ], [ 112.843851034000068, 44.839524019000066 ], [ 113.121813375000102, 44.79561530400008 ], [ 113.164928819000011, 44.792924508000056 ], [ 113.444081791000031, 44.778894315000059 ], [ 113.463613982000084, 44.77799884600006 ], [ 113.551698137000017, 44.756350022000049 ], [ 113.605517801000019, 44.747056934000057 ], [ 113.624408625000115, 44.744391740000026 ], [ 113.654576364000036, 44.757934083000066 ], [ 113.705305801, 44.786912948000065 ], [ 113.819659177000062, 44.856216283000037 ], [ 113.942024327000013, 44.914639117000036 ], [ 114.000612446000105, 44.926280004000034 ], [ 114.058361461000118, 44.929756564000058 ], [ 114.109892709000064, 44.955435684000065 ], [ 114.340629855000088, 45.117938661000039 ], [ 114.453106812000101, 45.211911985000029 ], [ 114.466886288000069, 45.22730279700005 ], [ 114.513244308000026, 45.282399677000058 ], [ 114.523255422000034, 45.301664326000036 ], [ 114.533410235000019, 45.324742198000081 ], [ 114.538515024000048, 45.344091482000067 ], [ 114.544924084000058, 45.386324300000069 ], [ 114.594516629000054, 45.402457745000049 ], [ 114.738732803000062, 45.436929242000076 ], [ 115.008531524000091, 45.382162420000043 ], [ 115.171173039000109, 45.394534284000031 ], [ 115.244761362000077, 45.392829680000034 ], [ 115.30186892100005, 45.391827926000076 ], [ 115.358000344000061, 45.390814465000062 ], [ 115.693346714000086, 45.458184625000058 ], [ 115.816695993000053, 45.54434503400006 ], [ 115.93058454800007, 45.631699182000034 ], [ 116.02038622200007, 45.659602652000046 ], [ 116.108943056000044, 45.678096795000044 ], [ 116.119464988000118, 45.679286474000037 ], [ 116.16800498200007, 45.687091255000041 ], [ 116.280672802000026, 45.773761541000056 ], [ 116.274859214000116, 45.814689385000065 ], [ 116.268382587000019, 45.847771813000065 ], [ 116.258723595000106, 45.862467869000056 ], [ 116.236849242000062, 45.874816614000054 ], [ 116.238359647000038, 45.890393089000042 ], [ 116.244280572000093, 45.914518459000078 ], [ 116.265499938000062, 45.965445656000043 ], [ 116.407657457000028, 46.132628643000032 ], [ 116.579250110000089, 46.291274994000048 ], [ 116.603009523000082, 46.304939800000056 ], [ 116.828305799000077, 46.382978018000074 ], [ 116.840338046000056, 46.38186124300006 ], [ 116.897674414000107, 46.372290511000074 ], [ 117.075162646000081, 46.356882382000038 ], [ 117.090612644000089, 46.355752817000052 ], [ 117.365142283000068, 46.358804379000048 ], [ 117.367988198000035, 46.36593930600003 ], [ 117.376793922000047, 46.393670946000043 ], [ 117.391512059000092, 46.47130745700008 ], [ 117.413113656000064, 46.580641814000046 ], [ 117.488929623000104, 46.599286627000026 ], [ 117.589495249000038, 46.602421062000076 ], [ 117.604426767000064, 46.599241200000051 ], [ 117.616482278000035, 46.594869417000041 ], [ 117.623600249000106, 46.590589357000056 ], [ 117.918554560000075, 46.611958528000059 ], [ 118.268649545000017, 46.714649822000069 ], [ 118.791501798000013, 46.688001222000025 ], [ 119.097702045, 46.647957182000027 ], [ 119.306927871000084, 46.609472495000034 ], [ 119.319494957000074, 46.607287824000025 ], [ 119.367591023000045, 46.60173261400007 ], [ 119.384071354000071, 46.612545757000078 ], [ 119.425219339000023, 46.637190621000059 ], [ 119.80734881300009, 46.667126866000046 ], [ 119.906132055000057, 46.668591670000069 ], [ 119.911343166000051, 46.757192454000062 ], [ 119.900463826000077, 46.760861360000035 ], [ 119.923119284000109, 46.902496900000074 ], [ 119.911811536000073, 46.904659274000039 ], [ 119.853909446000102, 46.915808950000041 ], [ 119.788990637000097, 47.011483130000045 ], [ 119.783534636000013, 47.025861126000052 ], [ 119.783460010000113, 47.037357714000052 ], [ 119.784901707000017, 47.043671912000036 ], [ 119.792043822000096, 47.047882972000025 ], [ 119.800603016000082, 47.053412991000073 ], [ 119.756727589000093, 47.129453937000051 ], [ 119.747907784000063, 47.140331783000079 ], [ 119.710247630000026, 47.184247837000044 ], [ 119.477576427000031, 47.335635757000034 ], [ 119.314066361000073, 47.423636029000079 ], [ 119.35915022100005, 47.475605064000035 ], [ 119.127441414000032, 47.66267718000006 ], [ 119.110496481000041, 47.668384321000076 ], [ 118.766683046000026, 47.769539361000056 ], [ 118.5940799870001, 47.958368700000051 ], [ 118.445699593000086, 47.994718438000064 ], [ 118.431028216000072, 48.001062814000079 ], [ 118.410062552000113, 48.017276724000055 ], [ 118.228576056000065, 48.041758421000054 ], [ 118.169011365000074, 48.046228777000067 ], [ 118.114977301000067, 48.045070292000048 ], [ 118.032218822000118, 48.013147317000062 ], [ 117.895648092000101, 48.020803613000055 ], [ 117.885192177000022, 48.025428814000065 ], [ 117.813286141000049, 48.01542334100003 ], [ 117.789779119000059, 48.000493203000076 ], [ 117.522180830000025, 47.781392091000043 ], [ 117.377032127, 47.639483301000041 ], [ 117.172765036000101, 47.767371997000055 ], [ 117.131596009000077, 47.794865731000073 ], [ 117.087734137000098, 47.822243597000067 ], [ 116.87273076200006, 47.892572474000076 ], [ 116.811412366000013, 47.896184165000079 ], [ 116.784746377000033, 47.896198348000041 ], [ 116.259253315000024, 47.875229470000079 ], [ 116.123742458000038, 47.821755152000037 ], [ 116.112733177000109, 47.815676094000025 ], [ 116.104057186000091, 47.810085301000072 ], [ 115.961809096000025, 47.688498141000025 ], [ 115.946664438000084, 47.68472767600008 ], [ 115.932671584000104, 47.681759492000026 ], [ 115.582991882000101, 47.915944627000044 ], [ 115.578338041000052, 47.922001532000081 ], [ 115.562225222000052, 48.000506628000039 ], [ 115.535858641000118, 48.102885966000031 ], [ 115.532120510000027, 48.139336286000059 ], [ 115.531403364000084, 48.149353624000071 ], [ 115.803906139000105, 48.255704104000074 ], [ 115.816151314000081, 48.258170283000027 ], [ 115.792503042000021, 48.513861176000034 ], [ 115.79499824800007, 48.521668360000035 ], [ 115.800926184000105, 48.529531372000065 ], [ 115.823701180000057, 48.558899681000071 ], [ 115.896015899000076, 48.635137806000046 ], [ 116.062443914000028, 48.809923031000039 ], [ 116.071135271000117, 48.82100371100006 ], [ 116.041609319000031, 48.872065173000067 ], [ 116.711110693000023, 49.846199913000078 ], [ 116.718328592000034, 49.854470264000042 ], [ 116.729689195000105, 49.846460725000043 ], [ 116.928600983000024, 49.755288316000076 ], [ 117.03768897100008, 49.705503293000049 ], [ 117.154201477000015, 49.668437428000061 ], [ 117.270881474000021, 49.63513785300006 ], [ 117.394008363000012, 49.632567675000075 ], [ 117.56668176300002, 49.598552168000026 ], [ 117.802350195000031, 49.51996586100006 ] ] } },
{ "type": "Feature", "properties": { "FNODE_": 25, "TNODE_": 30, "LPOLY_": 1, "RPOLY_": 6, "LENGTH": 163442.0, "BOUNT_": 31, "BOUNT_ID": 293, "GEO_CODE": 61011, "BCODE": 0, "BNAME": null, "BountName": "国界2", "SHAPE_Leng": 1.764403262 }, "geometry": { "type": "LineString", "coordinates": [ [ 125.707200761000081, 40.860211797000034 ], [ 125.637252087000093, 40.815751644000045 ], [ 125.446700372, 40.67259120500006 ], [ 125.412984249000033, 40.629592059000061 ], [ 125.256394924000119, 40.616645597000058 ], [ 125.154995412000062, 40.590992849000031 ], [ 125.004501124000058, 40.522342820000063 ], [ 124.99840421600004, 40.50206731600008 ], [ 124.7250944970001, 40.325678248000031 ], [ 124.698169652000047, 40.311028994000026 ], [ 124.620309936000012, 40.290416854000057 ], [ 124.409746275000089, 40.135521362000077 ], [ 124.366557146000105, 40.089067646000046 ], [ 124.299413769000012, 39.923213503000056 ] ] } },
{ "type": "Feature", "properties": { "FNODE_": 24, "TNODE_": 31, "LPOLY_": 4, "RPOLY_": 1, "LENGTH": 282313.0, "BOUNT_": 32, "BOUNT_ID": 19, "GEO_CODE": 61020, "BCODE": 0, "BNAME": null, "BountName": "未定国", "SHAPE_Leng": 2.91810630171 }, "geometry": { "type": "LineString", "coordinates": [ [ 73.795550641000034, 38.656084097000075 ], [ 73.793712957000082, 38.614681484000073 ], [ 73.794793905000063, 38.612554148000072 ], [ 73.91425999900008, 38.538912855000035 ], [ 73.922537487000056, 38.536615411000071 ], [ 73.948995797000066, 38.533925992000036 ], [ 73.984649372000035, 38.531620897000039 ], [ 74.086767214000076, 38.542408311000031 ], [ 74.080495008000071, 38.553714389000049 ], [ 74.073009027000069, 38.568314128000054 ], [ 74.064730390000079, 38.585826490000045 ], [ 74.084115910000037, 38.611284096000077 ], [ 74.133930255000053, 38.671097461000045 ], [ 74.138928407000037, 38.674958717000038 ], [ 74.144282932000067, 38.677108219000047 ], [ 74.418035149000048, 38.647814873000073 ], [ 74.503036416000043, 38.638034946000062 ], [ 74.510993711000083, 38.636375005000048 ], [ 74.789460838000082, 38.536563147000038 ], [ 74.853991264000058, 38.490964796000071 ], [ 74.859370504000083, 38.484640870000078 ], [ 74.868862567000065, 38.416139718000068 ], [ 74.864886412000033, 38.404504584000051 ], [ 74.845127381000054, 38.377831910000054 ], [ 74.820621456000083, 38.364353375000064 ], [ 74.811396230000071, 38.357328778000067 ], [ 74.794475061000071, 38.342537208000067 ], [ 74.787357200000031, 38.333380326000054 ], [ 74.786044374000085, 38.325125926000055 ], [ 74.789790722000077, 38.271273652000048 ], [ 74.801190179000059, 38.167477094000049 ], [ 74.803006542000048, 38.156231289000061 ], [ 74.818273928000053, 38.103518528000052 ], [ 74.829878481000037, 38.085956757000076 ], [ 74.876077684000052, 38.02173405700006 ], [ 74.907944028000031, 37.967602082000042 ], [ 74.915690570000038, 37.908649479000076 ], [ 74.932774709000057, 37.718036225000048 ], [ 74.888875475000077, 37.668661546000067 ], [ 74.889661083000078, 37.661573360000034 ], [ 74.927520890000039, 37.57224145400005 ], [ 74.93710883600005, 37.55957720300006 ], [ 74.998047203000056, 37.51961345400008 ], [ 75.043992806000063, 37.503625492000026 ], [ 75.087239190000048, 37.487189767000075 ], [ 75.125759040000048, 37.459281408000038 ], [ 75.133520224000051, 37.446591524000041 ], [ 75.143626600000061, 37.426744789000054 ], [ 75.147199703000069, 37.419591980000064 ], [ 75.149426774000062, 37.414225483000052 ], [ 75.149418814000057, 37.409585289000063 ], [ 75.136328051000078, 37.355640867000034 ], [ 75.121944992000067, 37.322425448000047 ], [ 75.115232419000051, 37.317065613000068 ], [ 75.102025109000067, 37.314761539000074 ], [ 75.043415658000072, 37.304073329000062 ], [ 74.986826883000049, 37.287462962000063 ], [ 74.887152878000052, 37.23394687800004 ] ] } },
{ "type": "Feature", "properties": { "FNODE_": 32, "TNODE_": 29, "LPOLY_": 3, "RPOLY_": 7, "LENGTH": 896422.0, "BOUNT_": 33, "BOUNT_ID": 274, "GEO_CODE": 61030, "BCODE": 1315, "BNAME": "冀蒙线", "BountName": "省区直", "SHAPE_Leng": 9.6256537778800002 }, "geometry": { "type": "LineString", "coordinates": [ [ 114.126423325000019, 40.745758804000047 ], [ 114.096973064000053, 40.757490222000058 ], [ 114.037202875000048, 40.829789810000079 ], [ 113.94763307300002, 41.003990884000075 ], [ 113.817617471000062, 41.095884291000061 ], [ 113.988987301000066, 41.18042254900007 ], [ 114.003529127000093, 41.222132095000063 ], [ 113.998257527000078, 41.250875195000049 ], [ 113.986325062000105, 41.265702280000028 ], [ 113.917964181000116, 41.333647546000066 ], [ 113.938274553000042, 41.392475684000033 ], [ 113.863664715000027, 41.411979995000024 ], [ 113.994017924000104, 41.512611499000059 ], [ 114.223540035000042, 41.511845741000059 ], [ 114.248947840000028, 41.621602658000029 ], [ 114.216697997000097, 41.696508460000075 ], [ 114.191910592000113, 41.779978355000026 ], [ 114.208687582000039, 41.802341926000054 ], [ 114.345350975000088, 41.952271727000038 ], [ 114.512212552000051, 42.119376289000058 ], [ 114.571205119000069, 42.128565971000057 ], [ 114.584046047000015, 42.130203641000037 ], [ 114.78666587400005, 42.147454427000071 ], [ 114.812507213000117, 42.147259657000063 ], [ 114.843338988000028, 42.112044010000034 ], [ 114.893280772000026, 42.01393723800004 ], [ 114.910073933000035, 41.977857422000056 ], [ 114.921617445000038, 41.947000051000032 ], [ 114.925806039, 41.935796419000042 ], [ 114.913933382000096, 41.853258826000058 ], [ 114.89778026800002, 41.815856861000043 ], [ 114.887793452000096, 41.780245147000073 ], [ 114.897130549000053, 41.636252038000066 ], [ 114.950125719000084, 41.612312735000046 ], [ 115.196783456000048, 41.569615224000074 ], [ 115.332148475000054, 41.59234798500006 ], [ 115.370082812000078, 41.600791978000075 ], [ 115.309932084000025, 41.702785560000052 ], [ 115.551746988000104, 41.783250137000039 ], [ 115.767673843000011, 41.890390022000076 ], [ 115.788250787000038, 41.909302154000045 ], [ 115.912873765000086, 41.950761489000058 ], [ 115.92852963200005, 41.911466052000037 ], [ 115.995752721000031, 41.800100275000034 ], [ 116.026530696, 41.774979139000038 ], [ 116.080319529, 41.774469750000037 ], [ 116.105153743000074, 41.785517387000027 ], [ 116.121184226000082, 41.804094034000059 ], [ 116.165825444, 41.871770985000069 ], [ 116.223384468000063, 41.924767904000078 ], [ 116.266659636000099, 41.956108344000029 ], [ 116.338493177000032, 42.006808082000077 ], [ 116.398086857000067, 42.005808254000044 ], [ 116.493268100000023, 41.970113978000029 ], [ 116.526898462000077, 41.945482620000064 ], [ 116.545163501000047, 41.930402661000073 ], [ 116.580710248000059, 41.923961868000049 ], [ 116.628921389000084, 41.928257615000064 ], [ 116.717639671000029, 41.950694148000025 ], [ 116.789800749000051, 41.974989260000029 ], [ 116.851318054000103, 42.000356547000081 ], [ 116.891840862000095, 42.071243724000055 ], [ 116.897791616000063, 42.196168964000037 ], [ 116.897792244000016, 42.261604779000038 ], [ 116.888631889000067, 42.387853844000063 ], [ 116.915961073000062, 42.404616029000067 ], [ 117.015200144, 42.455060092000053 ], [ 117.103421403000084, 42.474636818000079 ], [ 117.261660248000112, 42.482067203000042 ], [ 117.408149175000062, 42.500439515000039 ], [ 117.382155330000046, 42.517122381000036 ], [ 117.392814590000057, 42.542664276000039 ], [ 117.431337020000115, 42.583330831000069 ], [ 117.46672378400001, 42.600663269000052 ], [ 117.779903856000033, 42.615196686000047 ], [ 117.798749772000065, 42.614912421000042 ], [ 118.023843563000014, 42.382856129000061 ], [ 118.050797697, 42.285600746000057 ], [ 117.973601201000065, 42.24902675800007 ], [ 118.119981730000063, 42.093099056000028 ], [ 118.213451852000048, 42.080808330000025 ], [ 118.235593498000071, 42.090458857000044 ], [ 118.255628205000107, 42.086548100000073 ], [ 118.264479196000025, 42.082329392000076 ], [ 118.289472950000118, 42.04646981500008 ], [ 118.306814272000111, 41.985923342000035 ], [ 118.338788538000017, 41.843116159000033 ], [ 118.300396424000041, 41.779742757000065 ], [ 118.292613731000074, 41.771836051000037 ], [ 118.274774613000091, 41.760793531000047 ], [ 118.252671883000062, 41.762743648000026 ], [ 118.239251900000113, 41.776181013000041 ], [ 118.240892090000102, 41.793347066000081 ], [ 118.218973088000098, 41.812621307000029 ], [ 118.164680284000042, 41.811973942000066 ], [ 118.143317613000022, 41.798179627000025 ], [ 118.134619224000062, 41.771283664000066 ], [ 118.132467827000028, 41.72683894100004 ], [ 118.349731594000104, 41.362942300000043 ], [ 118.411462552000103, 41.33328758600004 ], [ 118.893737485000088, 41.29840972900007 ], [ 119.140465266000092, 41.296678772000064 ], [ 119.233202788000085, 41.310378805000028 ] ] } },
{ "type": "Feature", "properties": { "FNODE_": 21, "TNODE_": 33, "LPOLY_": 3, "RPOLY_": 8, "LENGTH": 407520.0, "BOUNT_": 34, "BOUNT_ID": 21, "GEO_CODE": 61030, "BCODE": 1562, "BNAME": "蒙甘线", "BountName": "省区直", "SHAPE_Leng": 4.1571403286999997 }, "geometry": { "type": "LineString", "coordinates": [ [ 97.17199531600005, 42.793848266000055 ], [ 97.178060826000035, 42.78231947200004 ], [ 97.348201721000066, 42.491426112000056 ], [ 97.383298090000039, 42.431940483000062 ], [ 97.432074443000033, 42.352225158000067 ], [ 97.481453344000045, 42.271916007000073 ], [ 97.50584546400006, 42.231462578000048 ], [ 97.559977634000063, 42.140446644000065 ], [ 97.582584011000051, 42.102375719000065 ], [ 97.622441494000043, 42.03514896400003 ], [ 97.772348338000086, 41.780541670000048 ], [ 97.845524457000067, 41.655613525000035 ], [ 97.773538470000062, 41.600887260000036 ], [ 97.682639172000052, 41.531700994000062 ], [ 97.612682254000049, 41.476259138000046 ], [ 97.626957660000073, 41.44009188900003 ], [ 97.631718851000073, 41.435332193000079 ], [ 97.683592708000049, 41.383458725000025 ], [ 97.961043947000064, 41.106482352000057 ], [ 97.975563216000069, 41.094349352000052 ], [ 97.999832509000044, 41.080546839000078 ], [ 98.108105312000077, 41.01939204200005 ], [ 98.210426035000069, 40.966568492000079 ], [ 98.334392302000083, 40.81404034500008 ], [ 98.335345539000059, 40.784533973000066 ], [ 98.337016899000048, 40.732892487000072 ], [ 98.341770052000072, 40.578464770000039 ], [ 98.342724097000087, 40.567277285000046 ], [ 98.573298600000044, 40.656516557000032 ], [ 98.591625848000035, 40.663650770000061 ], [ 98.626363225000034, 40.677212074000067 ], [ 98.613987503000033, 40.691494225000042 ], [ 98.602810629000032, 40.704817668000032 ], [ 98.568545720000031, 40.745747824000034 ], [ 98.592335372000036, 40.75288246100007 ], [ 98.63326808000005, 40.763593022000066 ], [ 98.666815807000035, 40.772158166000054 ], [ 98.688369102000081, 40.691358784000045 ], [ 98.800883578000082, 40.606290797000042 ], [ 98.796267732000047, 40.623675785000046 ], [ 98.786982451000085, 40.678879552000069 ], [ 98.789125861000059, 40.70505610400005 ], [ 98.982820172000061, 40.78191660400006 ], [ 99.038974044000042, 40.692440213000054 ], [ 99.099652480000032, 40.675308352000059 ], [ 99.172233567000035, 40.747170802000028 ] ] } },
{ "type": "Feature", "properties": { "FNODE_": 29, "TNODE_": 34, "LPOLY_": 6, "RPOLY_": 7, "LENGTH": 208595.0, "BOUNT_": 35, "BOUNT_ID": 22, "GEO_CODE": 61030, "BCODE": 1321, "BNAME": "冀辽线", "BountName": "省区直", "SHAPE_Leng": 2.1590152657699999 }, "geometry": { "type": "LineString", "coordinates": [ [ 119.233202788000085, 41.310378805000028 ], [ 119.242107287000067, 41.280086383000025 ], [ 119.188675808000085, 41.196201409000025 ], [ 119.067722731000117, 41.075677600000063 ], [ 119.022547749000069, 41.067014379000057 ], [ 118.957862785000088, 41.077884608000033 ], [ 118.929480557000034, 41.036187037000047 ], [ 118.88045903200009, 40.923903769000049 ], [ 118.839082694000012, 40.814968517000068 ], [ 118.893228276000059, 40.753382624000039 ], [ 118.980602246000103, 40.69706900400007 ], [ 119.25928887300006, 40.53599944900003 ], [ 119.290515559000028, 40.529324428000052 ], [ 119.345473632000108, 40.535827780000034 ], [ 119.378980574000025, 40.547304893000046 ], [ 119.504023699000072, 40.552991292000058 ], [ 119.540546043000063, 40.543640151000034 ], [ 119.564457188, 40.530636476000041 ], [ 119.59301572600009, 40.46758092400006 ], [ 119.594204836000017, 40.45092283200006 ], [ 119.589442511000016, 40.393815344000075 ], [ 119.594507834000069, 40.336159089000034 ], [ 119.620798775000026, 40.222293138000055 ], [ 119.842222641000035, 39.994648614000027 ] ] } },
{ "type": "Feature", "properties": { "FNODE_": 36, "TNODE_": 36, "LPOLY_": 1, "RPOLY_": 12, "LENGTH": 22063.0, "BOUNT_": 36, "BOUNT_ID": 23, "GEO_CODE": 26010, "BCODE": 0, "BNAME": null, "BountName": "海岸线", "SHAPE_Leng": 0.23229690205100001 }, "geometry": { "type": "LineString", "coordinates": [ [ 122.970648219000054, 39.497460241000056 ], [ 122.96457483100005, 39.518252061000055 ], [ 122.948569256000042, 39.518872553000051 ], [ 122.94949194000003, 39.532448485000032 ], [ 122.966468732000067, 39.543886034000025 ], [ 122.974967768000056, 39.558326028000067 ], [ 122.99396523300004, 39.554520589000049 ], [ 123.025749876000077, 39.546177390000025 ], [ 123.031168051, 39.53292828900004 ], [ 122.999105783000118, 39.496205363000058 ], [ 122.970648219000054, 39.497460241000056 ] ] } },
{ "type": "Feature", "properties": { "FNODE_": 35, "TNODE_": 37, "LPOLY_": 11, "RPOLY_": 9, "LENGTH": 21918.9, "BOUNT_": 37, "BOUNT_ID": 24, "GEO_CODE": 61030, "BCODE": 1112, "BNAME": "京津线", "BountName": "省区直", "SHAPE_Leng": 0.23143682754200001 }, "geometry": { "type": "LineString", "coordinates": [ [ 117.382589519000021, 40.226791592000041 ], [ 117.202650405000099, 40.081241187000046 ] ] } },
{ "type": "Feature", "properties": { "FNODE_": 38, "TNODE_": 38, "LPOLY_": 13, "RPOLY_": 1, "LENGTH": 55778.5, "BOUNT_": 38, "BOUNT_ID": 25, "GEO_CODE": 26010, "BCODE": 0, "BNAME": null, "BountName": "海岸线", "SHAPE_Leng": 0.60299182155700004 }, "geometry": { "type": "LineString", "coordinates": [ [ 121.272182663000081, 39.510229563000053 ], [ 121.386865878000094, 39.532323898000072 ], [ 121.419085753000104, 39.553037324000059 ], [ 121.467415121000045, 39.603666083000064 ], [ 121.462813336000067, 39.640489712000033 ], [ 121.444402603000071, 39.658898092000072 ], [ 121.414071904000025, 39.652015499000072 ], [ 121.289949746000048, 39.604882631000066 ], [ 121.259858468000061, 39.580264861000046 ], [ 121.227100144000019, 39.549439741000072 ], [ 121.232500669000046, 39.525553393000052 ], [ 121.272182663000081, 39.510229563000053 ] ] } },
{ "type": "Feature", "properties": { "FNODE_": 33, "TNODE_": 39, "LPOLY_": 3, "RPOLY_": 8, "LENGTH": 166938.0, "BOUNT_": 39, "BOUNT_ID": 26, "GEO_CODE": 61038, "BCODE": 1562, "BNAME": "蒙甘线", "BountName": "未分类", "SHAPE_Leng": 1.7668492409500001 }, "geometry": { "type": "LineString", "coordinates": [ [ 99.172233567000035, 40.747170802000028 ], [ 99.173660432000077, 40.86852723700008 ], [ 99.562710865000042, 40.952525003000062 ], [ 99.707628396000075, 40.964422236000075 ], [ 99.926545992000058, 40.963707312000054 ], [ 100.133324368000046, 40.908261091000043 ], [ 100.156884354000056, 40.890896144000067 ], [ 100.169023197000058, 40.867096902000071 ], [ 100.205423918000065, 40.769062656000074 ], [ 100.216608612000073, 40.723376391000045 ], [ 100.221606285000064, 40.674358900000072 ], [ 100.188768117000052, 40.592025921000072 ], [ 100.167832260000068, 40.543243346000054 ], [ 100.159264152000048, 40.484707791000062 ], [ 100.157119889000057, 40.273406045000058 ] ] } },
{ "type": "Feature", "properties": { "FNODE_": 40, "TNODE_": 40, "LPOLY_": 1, "RPOLY_": 15, "LENGTH": 43054.9, "BOUNT_": 40, "BOUNT_ID": 27, "GEO_CODE": 26010, "BCODE": 0, "BNAME": null, "BountName": "海岸线", "SHAPE_Leng": 0.45499618449200002 }, "geometry": { "type": "LineString", "coordinates": [ [ 121.285431305000088, 39.371403615000077 ], [ 121.252603355000019, 39.387814741000057 ], [ 121.252604030000043, 39.415170553000053 ], [ 121.277225001000033, 39.439793260000044 ], [ 121.323730869000087, 39.458943516000033 ], [ 121.364764974000082, 39.46167792600005 ], [ 121.400325980000048, 39.431585702000064 ], [ 121.419475302000023, 39.398759381000048 ], [ 121.411268172000064, 39.368664503000048 ], [ 121.375704555000084, 39.365930289000062 ], [ 121.342878965000068, 39.401493906000042 ], [ 121.285431305000088, 39.371403615000077 ] ] } },
{ "type": "Feature", "properties": { "FNODE_": 37, "TNODE_": 41, "LPOLY_": 14, "RPOLY_": 9, "LENGTH": 79283.6, "BOUNT_": 41, "BOUNT_ID": 28, "GEO_CODE": 61030, "BCODE": 1113, "BNAME": "京冀线", "BountName": "省区直", "SHAPE_Leng": 0.84908700240099999 }, "geometry": { "type": "LineString", "coordinates": [ [ 117.202650405000099, 40.081241187000046 ], [ 117.18323307300011, 40.081359837000036 ], [ 117.090129189000095, 40.073715170000071 ], [ 116.83781013600003, 40.050813935000065 ], [ 116.771310024000059, 40.030548972000076 ], [ 116.763039029000083, 40.009791699000061 ], [ 116.751037752000116, 39.959097522000036 ], [ 116.801552386000026, 39.888711642000032 ], [ 116.848603714000092, 39.853477187000067 ], [ 116.89135236900006, 39.831716634000031 ], [ 116.903535384000065, 39.755760552000027 ], [ 116.899689996, 39.687245319000056 ] ] } },
{ "type": "Feature", "properties": { "FNODE_": 37, "TNODE_": 41, "LPOLY_": 11, "RPOLY_": 14, "LENGTH": 74252.7, "BOUNT_": 42, "BOUNT_ID": 29, "GEO_CODE": 61030, "BCODE": 1213, "BNAME": "津冀线", "BountName": "省区直", "SHAPE_Leng": 0.74335742644299996 }, "geometry": { "type": "LineString", "coordinates": [ [ 117.202650405000099, 40.081241187000046 ], [ 117.162961843000062, 39.96539793200003 ], [ 117.188205966000055, 39.866808430000049 ], [ 117.152478561000066, 39.818650519000073 ], [ 117.157719106000059, 39.732178741000041 ], [ 117.165579448000017, 39.692870241000037 ], [ 117.15799044500011, 39.635113707000073 ], [ 117.122284394000076, 39.616023244000075 ], [ 117.013180353000052, 39.650859510000032 ], [ 116.899689996, 39.687245319000056 ] ] } },
{ "type": "Feature", "properties": { "FNODE_": 41, "TNODE_": 42, "LPOLY_": 11, "RPOLY_": 9, "LENGTH": 11186.2, "BOUNT_": 43, "BOUNT_ID": 30, "GEO_CODE": 61030, "BCODE": 1112, "BNAME": "京津线", "BountName": "省区直", "SHAPE_Leng": 0.118547034291 }, "geometry": { "type": "LineString", "coordinates": [ [ 116.899689996, 39.687245319000056 ], [ 116.805677425000113, 39.615030114000035 ] ] } },
{ "type": "Feature", "properties": { "FNODE_": 42, "TNODE_": 35, "LPOLY_": 7, "RPOLY_": 9, "LENGTH": 555953.0, "BOUNT_": 44, "BOUNT_ID": 31, "GEO_CODE": 61030, "BCODE": 1113, "BNAME": "京冀线", "BountName": "省区直", "SHAPE_Leng": 6.0009135272099998 }, "geometry": { "type": "LineString", "coordinates": [ [ 116.805677425000113, 39.615030114000035 ], [ 116.774648134000017, 39.592190021000079 ], [ 116.614044023000019, 39.60092350900004 ], [ 116.447625564000077, 39.452357238000047 ], [ 116.427910290000113, 39.442340634000061 ], [ 116.338712614000087, 39.452680417000067 ], [ 116.255512010000075, 39.498775400000056 ], [ 116.237246778000099, 39.516370995000045 ], [ 116.237583197000049, 39.553438225000036 ], [ 116.216166675000068, 39.574510671000041 ], [ 116.170206102000066, 39.589002145000052 ], [ 115.904168507, 39.572617683000033 ], [ 115.852294763000032, 39.550784144000033 ], [ 115.828902382000024, 39.529077682000036 ], [ 115.822088597000061, 39.506545090000031 ], [ 115.74702108300005, 39.511242258000038 ], [ 115.692614941000102, 39.575785153000027 ], [ 115.663301905000026, 39.615782280000076 ], [ 115.636803612000108, 39.59819690300003 ], [ 115.578376584000011, 39.588879086000077 ], [ 115.513998076, 39.633020771000076 ], [ 115.502126663000013, 39.649156049000055 ], [ 115.419208753000021, 39.770024436000028 ], [ 115.563005269000087, 39.812791419000064 ], [ 115.515098964000117, 39.899649292000049 ], [ 115.417127786000037, 39.953157286000078 ], [ 115.421217195000054, 39.983219544000065 ], [ 115.44718945000011, 40.028041302000076 ], [ 115.592045966000114, 40.11911858600007 ], [ 115.648558328000036, 40.130138743000032 ], [ 115.744013051000024, 40.139168059000042 ], [ 115.838704531000076, 40.146424689000071 ], [ 115.846753856000078, 40.153348336000079 ], [ 115.956605967000087, 40.256872348000059 ], [ 115.962190266000107, 40.263188347000039 ], [ 115.902603998000018, 40.35681065600005 ], [ 115.878494192000062, 40.356212521000032 ], [ 115.851256852, 40.363920436000058 ], [ 115.830023682000046, 40.383138482000049 ], [ 115.765347849000023, 40.448213328000065 ], [ 115.72816960800003, 40.510438595000039 ], [ 115.746023373000071, 40.537502544000063 ], [ 115.820427650000056, 40.586029950000068 ], [ 115.901026774000115, 40.616380312000047 ], [ 115.940083127000094, 40.608944358000031 ], [ 115.965138878000062, 40.601366053000049 ], [ 115.970723661000079, 40.586470853000037 ], [ 115.983953650000103, 40.578687556000034 ], [ 116.065873035000095, 40.610259675000066 ], [ 116.094445964000101, 40.626217411000027 ], [ 116.308191358000045, 40.769825052000044 ], [ 116.33821505700007, 40.892796988000043 ], [ 116.327244050000104, 40.918367022000041 ], [ 116.348011375000056, 40.935036310000044 ], [ 116.449135262000027, 40.979795219000039 ], [ 116.609694149, 41.044667085000071 ], [ 116.671134561000031, 40.974681104000069 ], [ 116.695457241000099, 40.936244010000053 ], [ 116.720069916000057, 40.899327876000029 ], [ 116.975691710000092, 40.702046755000026 ], [ 117.004126368000016, 40.692870433000053 ], [ 117.174328066000044, 40.693061889000035 ], [ 117.286613635000094, 40.65903645700007 ], [ 117.338243191000061, 40.672491366000031 ], [ 117.389163300000064, 40.682440342000064 ], [ 117.429225737000024, 40.682303189000038 ], [ 117.485540123000078, 40.674196264000045 ], [ 117.497847334000085, 40.66636006400006 ], [ 117.504339509000033, 40.653731591000053 ], [ 117.488614626000071, 40.63500614700007 ], [ 117.390945700000088, 40.568092556000067 ], [ 117.31768769100006, 40.577005949000068 ], [ 117.244201618000034, 40.552373794000061 ], [ 117.206424361000018, 40.506061804000069 ], [ 117.216928811000116, 40.372189991000027 ], [ 117.290370374000076, 40.277297855000029 ], [ 117.350857479000069, 40.229396367000049 ], [ 117.382589519000021, 40.226791592000041 ] ] } },
{ "type": "Feature", "properties": { "FNODE_": 35, "TNODE_": 43, "LPOLY_": 7, "RPOLY_": 11, "LENGTH": 204979.0, "BOUNT_": 45, "BOUNT_ID": 32, "GEO_CODE": 61030, "BCODE": 1213, "BNAME": "津冀线", "BountName": "省区直", "SHAPE_Leng": 2.1487429705199999 }, "geometry": { "type": "LineString", "coordinates": [ [ 117.382589519000021, 40.226791592000041 ], [ 117.408423686000106, 40.247656063000079 ], [ 117.435294954000028, 40.251460359000077 ], [ 117.553012269000078, 40.228031755000075 ], [ 117.763847705000103, 40.060855149000076 ], [ 117.785942499000043, 40.010985306000066 ], [ 117.789405640000041, 39.995626198000025 ], [ 117.7748100230001, 39.965349563000075 ], [ 117.736608800000113, 39.971383298000035 ], [ 117.693906285000025, 39.984879943000067 ], [ 117.585893739000085, 39.993653843000061 ], [ 117.536521640000046, 39.993620949000046 ], [ 117.503653345000089, 39.939606367000067 ], [ 117.502943440000081, 39.892876415000046 ], [ 117.532568861000073, 39.849353491000045 ], [ 117.556632379, 39.799152486000025 ], [ 117.539129511000056, 39.762813597000047 ], [ 117.594077116000108, 39.746403110000074 ], [ 117.602094320000106, 39.739478470000051 ], [ 117.666253424000047, 39.651690717000065 ], [ 117.620032585000104, 39.596589858000073 ], [ 117.650015927000027, 39.575881811000045 ], [ 117.686333371000046, 39.560092544000042 ], [ 117.712937107000016, 39.532646682000063 ], [ 117.730684304000079, 39.57312216300005 ], [ 117.749994847000039, 39.592944747000047 ], [ 117.78596872300011, 39.599770767000052 ], [ 117.862875627000108, 39.59688695400007 ], [ 117.900588154000047, 39.588370745000077 ], [ 117.926886650000029, 39.57260622900003 ], [ 117.910635822000017, 39.549698768000042 ], [ 117.898604105000118, 39.529298176000054 ], [ 117.870419736000031, 39.462286421000044 ], [ 117.857373186000018, 39.378412912000044 ], [ 117.886303675000022, 39.326826241000049 ], [ 117.959150160000036, 39.313885021000033 ], [ 118.022812301000044, 39.282592365000028 ], [ 118.056527433000042, 39.255886266000061 ], [ 118.058548267000106, 39.234459246000029 ] ] } },
{ "type": "Feature", "properties": { "FNODE_": 44, "TNODE_": 28, "LPOLY_": 4, "RPOLY_": 8, "LENGTH": 427795.0, "BOUNT_": 46, "BOUNT_ID": 33, "GEO_CODE": 61030, "BCODE": 6265, "BNAME": "甘新线", "BountName": "省区直", "SHAPE_Leng": 4.4475618280799996 }, "geometry": { "type": "LineString", "coordinates": [ [ 92.409309093000047, 39.038239592000025 ], [ 92.339490219000083, 39.188475288000063 ], [ 92.52611700500006, 39.372452219000024 ], [ 92.629140353000082, 39.502967906000038 ], [ 92.685271090000072, 39.658993357000043 ], [ 92.754412008000031, 39.92967119900004 ], [ 92.793435781000085, 40.15335041600008 ], [ 92.892896207000035, 40.294220548000055 ], [ 92.918119435000051, 40.389875868000047 ], [ 92.925733251000054, 40.571670337000057 ], [ 93.344060346000049, 40.62639881900003 ], [ 93.676238596000076, 40.658761168000069 ], [ 93.758096916000056, 40.664472784000054 ], [ 93.818538103000037, 40.792967784000041 ], [ 93.80667378000004, 40.877015064000034 ], [ 94.007952086000046, 41.113724306000051 ], [ 94.182128056000067, 41.268399491000025 ], [ 94.531924281000045, 41.504448307000075 ], [ 94.747507927000072, 41.536808353000026 ], [ 94.792842986000039, 41.598206454000035 ], [ 94.860296875000074, 41.667205205000073 ], [ 94.966425259000061, 41.717291499000055 ], [ 95.146924753000064, 41.775309560000039 ] ] } },
{ "type": "Feature", "properties": { "FNODE_": 30, "TNODE_": 34, "LPOLY_": 1, "RPOLY_": 6, "LENGTH": 953527.0, "BOUNT_": 47, "BOUNT_ID": 34, "GEO_CODE": 26010, "BCODE": 0, "BNAME": null, "BountName": "海岸线", "SHAPE_Leng": 10.3537066568 }, "geometry": { "type": "LineString", "coordinates": [ [ 124.299413769000012, 39.923213503000056 ], [ 124.212310706000039, 39.852079597000056 ], [ 124.154245270000047, 39.828856003000055 ], [ 124.025043719000109, 39.804177426000081 ], [ 123.920844782000017, 39.839691568000035 ], [ 123.860104800000045, 39.838300440000069 ], [ 123.722823873000038, 39.823564188000034 ], [ 123.629002763000017, 39.791923641000039 ], [ 123.427046484000016, 39.730026552000027 ], [ 123.131384119000018, 39.649713331000044 ], [ 122.9533461850001, 39.634662830000025 ], [ 122.867459293000024, 39.61069189400007 ], [ 122.708924062000051, 39.561975816000029 ], [ 122.656933793, 39.543557886000031 ], [ 122.284264664000034, 39.364045499000042 ], [ 122.05890755300004, 39.198880153000061 ], [ 122.058464527000069, 39.191556093000031 ], [ 122.099114614000086, 39.16299375400007 ], [ 122.059723271000053, 39.112168180000026 ], [ 121.967127819000098, 39.028903218000039 ], [ 121.791640744, 39.018504005000068 ], [ 121.700455953000073, 39.012426871000059 ], [ 121.660332458000084, 38.992971321000027 ], [ 121.647652588000028, 38.937893538000026 ], [ 121.711237049000033, 38.90980912200007 ], [ 121.706835926000053, 38.873585138000067 ], [ 121.50674738500004, 38.819625594000058 ], [ 121.392631575000109, 38.816304248000051 ], [ 121.324324214000058, 38.822398394000061 ], [ 121.223506764000035, 38.799004378000063 ], [ 121.208634855000014, 38.738539160000073 ], [ 121.185547594000013, 38.721081861000073 ], [ 121.138343717000112, 38.726416770000071 ], [ 121.105621556000074, 38.777479552000045 ], [ 121.086517771000103, 38.911265353000033 ], [ 121.099007495000023, 38.933940674000041 ], [ 121.137530598000012, 38.952334045000043 ], [ 121.183674126000028, 38.953459116000033 ], [ 121.287871667000104, 38.971650638000028 ], [ 121.457287269000062, 39.014713739000058 ], [ 121.673199250000039, 39.09187262100005 ], [ 121.694943575000025, 39.107509834000041 ], [ 121.680362950000017, 39.135686488000033 ], [ 121.648678784000026, 39.269304743000077 ], [ 121.701551396000013, 39.293442621000054 ], [ 121.926001712000016, 39.396301946000051 ], [ 121.927176077000013, 39.410731038000051 ], [ 121.885155331000078, 39.416318121000074 ], [ 121.638151265000033, 39.357700309000052 ], [ 121.536159137000027, 39.367076245000078 ], [ 121.492532831000062, 39.383604299000069 ], [ 121.468737854000096, 39.440119032000041 ], [ 121.447918711000057, 39.49068324700005 ], [ 121.447917097000072, 39.517451096000059 ], [ 121.492534803000012, 39.520425123000052 ], [ 121.521656722000102, 39.541650822000065 ], [ 121.549117435000085, 39.602245765000077 ], [ 121.525449491000018, 39.653133690000061 ], [ 121.506704254000056, 39.686920134000047 ], [ 121.459430615000088, 39.741702323000027 ], [ 121.460163736000027, 39.747436348000065 ], [ 121.471158892000062, 39.810552525000048 ], [ 121.584093261000021, 39.862016181000058 ], [ 121.88628825, 40.001805776000026 ], [ 121.992129025000054, 40.117896214000041 ], [ 122.111754490000067, 40.250225681000074 ], [ 122.2899000110001, 40.46023860400004 ], [ 122.292036538000048, 40.486352684000053 ], [ 122.272025695000025, 40.520085227000038 ], [ 122.141575243000034, 40.67849850500005 ], [ 121.98227109000004, 40.800738384000056 ], [ 121.971154646000059, 40.797407684000063 ], [ 121.994822509000073, 40.869816459000049 ], [ 121.969148306000079, 40.925506047000056 ], [ 121.957025724000118, 40.94533388800005 ], [ 121.949221576000014, 40.956441754000025 ], [ 121.916391953000016, 40.981310965000034 ], [ 121.905771358000038, 40.987417055000037 ], [ 121.801536448000093, 41.018751891000079 ], [ 121.772947024000018, 41.023489106000056 ], [ 121.742574178000041, 40.979152106000072 ], [ 121.70206728800008, 40.912916640000049 ], [ 121.621917688000053, 40.866590115000065 ], [ 121.609610483000097, 40.862315499000033 ], [ 121.53926514300008, 40.931213666000076 ], [ 121.263868258000116, 40.907978258000071 ], [ 121.090727301000015, 40.824960888000078 ], [ 120.942405945000019, 40.724711003000039 ], [ 120.703619871000114, 40.552305989000047 ], [ 120.590602669000077, 40.464894985000058 ], [ 120.54307751500005, 40.417101755000033 ], [ 120.502462781000077, 40.323361463000026 ], [ 120.501318282000057, 40.274509584000043 ], [ 120.429987958000083, 40.204356096000026 ], [ 119.842222641000035, 39.994648614000027 ] ] } },
{ "type": "Feature", "properties": { "FNODE_": 34, "TNODE_": 43, "LPOLY_": 1, "RPOLY_": 7, "LENGTH": 221875.0, "BOUNT_": 48, "BOUNT_ID": 35, "GEO_CODE": 26010, "BCODE": 0, "BNAME": null, "BountName": "海岸线", "SHAPE_Leng": 2.3636257995199998 }, "geometry": { "type": "LineString", "coordinates": [ [ 119.842222641000035, 39.994648614000027 ], [ 119.813948394000022, 39.984460852000041 ], [ 119.640251574000104, 39.928374249000058 ], [ 119.566259333000062, 39.90723216300006 ], [ 119.536610263000057, 39.885686522000071 ], [ 119.37071052400006, 39.748543750000067 ], [ 119.350102157000038, 39.724013890000037 ], [ 119.325840747000029, 39.672037553000052 ], [ 119.289147837000087, 39.583881914000074 ], [ 119.247748987000023, 39.467116780000026 ], [ 119.278007422000087, 39.435660798000072 ], [ 119.256773373000101, 39.409775443000058 ], [ 119.071792045000052, 39.250591992000068 ], [ 119.014272495000114, 39.203357567000069 ], [ 118.911538356000051, 39.177029391000076 ], [ 118.786779682000088, 39.152490859000068 ], [ 118.722416005000014, 39.151853269000071 ], [ 118.703593419000072, 39.16547620700004 ], [ 118.688007124000023, 39.183851852000032 ], [ 118.622210365000115, 39.192373208000049 ], [ 118.546378348000076, 39.167821945000071 ], [ 118.432451885000091, 39.086700153000038 ], [ 118.380219988000022, 39.038039300000037 ], [ 118.357154654000055, 39.023905711000054 ], [ 118.319670639000037, 39.01693675100006 ], [ 118.291212059000031, 39.039882352000063 ], [ 118.258359189000089, 39.068350344000066 ], [ 118.222745031000045, 39.10989247100008 ], [ 118.174236155000017, 39.185090631000037 ], [ 118.141733818000034, 39.204154655000025 ], [ 118.058548267000106, 39.234459246000029 ] ] } },
{ "type": "Feature", "properties": { "FNODE_": 32, "TNODE_": 45, "LPOLY_": 10, "RPOLY_": 3, "LENGTH": 356733.0, "BOUNT_": 49, "BOUNT_ID": 36, "GEO_CODE": 61030, "BCODE": 1415, "BNAME": "晋蒙线", "BountName": "省区直", "SHAPE_Leng": 3.8162972264600001 }, "geometry": { "type": "LineString", "coordinates": [ [ 114.126423325000019, 40.745758804000047 ], [ 114.065782341000045, 40.679505266000035 ], [ 114.034920166, 40.607209301000069 ], [ 114.068116379000116, 40.572732017000078 ], [ 114.077531208000096, 40.557665722000024 ], [ 114.072915213000101, 40.54808746100008 ], [ 114.04442610500007, 40.530356834000031 ], [ 113.860498077000102, 40.449861759000044 ], [ 113.852776668000047, 40.462535611000078 ], [ 113.816032927000037, 40.499697595000043 ], [ 113.797546191000038, 40.514296881000064 ], [ 113.786651281000104, 40.518312518000073 ], [ 113.671428222000031, 40.43577784200005 ], [ 113.654367747000038, 40.420052473000055 ], [ 113.577979405000065, 40.370494613000062 ], [ 113.506741769000087, 40.335781588000032 ], [ 113.373764735, 40.317953980000027 ], [ 113.308096709000097, 40.319114110000044 ], [ 113.296796879000112, 40.340942420000033 ], [ 113.250364354000112, 40.41470808400004 ], [ 113.033232266000027, 40.369024344000024 ], [ 112.944972221000057, 40.344111998000074 ], [ 112.886833915000011, 40.325707977000036 ], [ 112.884346623000056, 40.304468286000031 ], [ 112.842504940000026, 40.206328045000078 ], [ 112.744448687000045, 40.16717686700008 ], [ 112.72235355600003, 40.16736166700008 ], [ 112.620888015000105, 40.235795719000066 ], [ 112.455996723000112, 40.298121640000033 ], [ 112.405953931000113, 40.292218237000043 ], [ 112.302037744000017, 40.251105994000056 ], [ 112.223024991000102, 40.170271687000024 ], [ 111.971946776000038, 39.79522563900008 ], [ 111.956671924000034, 39.766111336000051 ], [ 111.925099935000048, 39.674979153000038 ], [ 111.859728674000053, 39.609329802000047 ], [ 111.701528449000079, 39.617388756000025 ], [ 111.602663777000089, 39.635098826000046 ], [ 111.430402169000047, 39.642527349000034 ], [ 111.454572773000052, 39.61287274700004 ], [ 111.417934813000045, 39.542072714000028 ], [ 111.348519854000074, 39.42904939500005 ], [ 111.322227966000071, 39.41718620000006 ] ] } },
{ "type": "Feature", "properties": { "FNODE_": 45, "TNODE_": 46, "LPOLY_": 17, "RPOLY_": 3, "LENGTH": 21114.5, "BOUNT_": 50, "BOUNT_ID": 36, "GEO_CODE": 61030, "BCODE": 1415, "BNAME": "晋蒙线", "BountName": "省区直", "SHAPE_Leng": 0.237617244457 }, "geometry": { "type": "LineString", "coordinates": [ [ 111.322227966000071, 39.41718620000006 ], [ 111.170024528000056, 39.420902850000061 ], [ 111.118028551000066, 39.387899752000067 ], [ 111.113755411000056, 39.372088358000042 ], [ 111.117326242000047, 39.365602123000031 ] ] } },
{ "type": "Feature", "properties": { "FNODE_": 44, "TNODE_": 48, "LPOLY_": 8, "RPOLY_": 16, "LENGTH": 226126.0, "BOUNT_": 51, "BOUNT_ID": 37, "GEO_CODE": 61030, "BCODE": 6263, "BNAME": "甘青线", "BountName": "省区直", "SHAPE_Leng": 2.5355373865100002 }, "geometry": { "type": "LineString", "coordinates": [ [ 92.409309093000047, 39.038239592000025 ], [ 92.488290224000082, 39.100040225000043 ], [ 92.547899839000081, 39.110868437000079 ], [ 92.949089701000048, 39.166665660000035 ], [ 93.116010654000036, 39.178681691000065 ], [ 93.139099204000047, 39.161909284000046 ], [ 93.195489715000065, 39.045787602000075 ], [ 93.179389806000074, 38.924817846000053 ], [ 93.325254083000061, 38.907914993000077 ], [ 93.419997883000065, 38.914800485000058 ], [ 93.565023366000048, 38.925070490000053 ], [ 93.726251955000066, 38.925839661000055 ], [ 93.789219922000086, 38.890150461000076 ], [ 93.881934747000059, 38.838117609000051 ], [ 93.767475284000056, 38.820747204000043 ], [ 93.752956185000073, 38.805992528000047 ], [ 93.770564579000052, 38.770774009000036 ], [ 93.797688720000053, 38.750313148000032 ], [ 93.870741904000056, 38.721041692000028 ], [ 93.935228222000035, 38.714378999000076 ], [ 93.969729629000085, 38.724613980000072 ], [ 94.097517320000065, 38.739518974000077 ], [ 94.274372132000053, 38.75905836000004 ], [ 94.373836820000065, 38.762539912000079 ] ] } },
{ "type": "Feature", "properties": { "FNODE_": 43, "TNODE_": 49, "LPOLY_": 1, "RPOLY_": 11, "LENGTH": 92629.9, "BOUNT_": 52, "BOUNT_ID": 38, "GEO_CODE": 26010, "BCODE": 0, "BNAME": null, "BountName": "海岸线", "SHAPE_Leng": 0.94796917376300005 }, "geometry": { "type": "LineString", "coordinates": [ [ 118.058548267000106, 39.234459246000029 ], [ 117.974783652000042, 39.223814720000064 ], [ 117.848230812000111, 39.186831078000068 ], [ 117.725430207000045, 39.10586395200005 ], [ 117.771176633000096, 38.985891717000072 ], [ 117.599218475000043, 38.82152190100004 ], [ 117.554280026000015, 38.700198747000059 ], [ 117.553991968000105, 38.640412117000039 ], [ 117.559359776000065, 38.611760652000044 ] ] } },
{ "type": "Feature", "properties": { "FNODE_": 49, "TNODE_": 42, "LPOLY_": 7, "RPOLY_": 11, "LENGTH": 177565.0, "BOUNT_": 53, "BOUNT_ID": 39, "GEO_CODE": 61030, "BCODE": 1213, "BNAME": "津冀线", "BountName": "省区直", "SHAPE_Leng": 1.8191266097400001 }, "geometry": { "type": "LineString", "coordinates": [ [ 117.559359776000065, 38.611760652000044 ], [ 117.47186376500008, 38.616687304000038 ], [ 117.397496991000025, 38.585096760000056 ], [ 117.362126281000087, 38.564202371000079 ], [ 117.243722189000096, 38.559599633000062 ], [ 117.095112694000022, 38.585550924000074 ], [ 116.876959953000096, 38.680039080000029 ], [ 116.738460297000074, 38.752005561000033 ], [ 116.716503063000118, 38.853155482000034 ], [ 116.704014278000045, 38.938886050000065 ], [ 116.749411797000107, 39.04812002400007 ], [ 116.785873802000083, 39.051770579000049 ], [ 116.859255678000068, 39.157029881000028 ], [ 116.782344743000067, 39.471129268000027 ], [ 116.780338681000103, 39.550466903000029 ], [ 116.791394733000061, 39.593810757000028 ], [ 116.805677425000113, 39.615030114000035 ] ] } },
{ "type": "Feature", "properties": { "FNODE_": 50, "TNODE_": 47, "LPOLY_": 18, "RPOLY_": 3, "LENGTH": 45230.4, "BOUNT_": 54, "BOUNT_ID": 40, "GEO_CODE": 61031, "BCODE": 1564, "BNAME": "蒙宁线", "BountName": "省界桩", "SHAPE_Leng": 0.45170611317600001 }, "geometry": { "type": "LineString", "coordinates": [ [ 106.961069679000047, 39.053040321000026 ], [ 106.861105362000046, 39.091575472000045 ], [ 106.842116353000051, 39.115671822000024 ], [ 106.797376708000058, 39.202523934000055 ], [ 106.785245713000052, 39.241313121000076 ], [ 106.785482324000043, 39.245833811000068 ], [ 106.789053050000064, 39.25606510800003 ], [ 106.792860199000074, 39.260347710000076 ], [ 106.796667441000068, 39.266059650000045 ], [ 106.800238109000077, 39.272716771000034 ], [ 106.800947655000073, 39.276766923000025 ], [ 106.792860563000033, 39.346483448000072 ], [ 106.791670375000081, 39.349102300000027 ], [ 106.787146066000048, 39.357670261000067 ], [ 106.784056071000066, 39.362664847000076 ], [ 106.779531794000036, 39.367901930000073 ], [ 106.775488056000086, 39.37099646300004 ], [ 106.744557623000048, 39.387992661000055 ] ] } },
{ "type": "Feature", "properties": { "FNODE_": 48, "TNODE_": 51, "LPOLY_": 8, "RPOLY_": 16, "LENGTH": 47783.5, "BOUNT_": 55, "BOUNT_ID": 326, "GEO_CODE": 61033, "BCODE": 6263, "BNAME": "甘青线", "BountName": "未分类", "SHAPE_Leng": 0.45295566656500003 }, "geometry": { "type": "LineString", "coordinates": [ [ 94.373836820000065, 38.762539912000079 ], [ 94.481197278000081, 38.507427074000077 ], [ 94.527043723000077, 38.366303275000064 ], [ 94.530683014000033, 38.361199833000057 ], [ 94.53841170000004, 38.356483817000026 ], [ 94.543287070000076, 38.354109439000069 ], [ 94.549838479000073, 38.35152223700004 ] ] } },
{ "type": "Feature", "properties": { "FNODE_": 49, "TNODE_": 52, "LPOLY_": 1, "RPOLY_": 7, "LENGTH": 44779.9, "BOUNT_": 56, "BOUNT_ID": 41, "GEO_CODE": 26010, "BCODE": 0, "BNAME": null, "BountName": "海岸线", "SHAPE_Leng": 0.44799307763700003 }, "geometry": { "type": "LineString", "coordinates": [ [ 117.559359776000065, 38.611760652000044 ], [ 117.672757099000023, 38.431757376000064 ], [ 117.712308910000047, 38.373894513000039 ], [ 117.822296245000075, 38.286904037000056 ], [ 117.843265159000111, 38.27342128600003 ] ] } },
{ "type": "Feature", "properties": { "FNODE_": 54, "TNODE_": 52, "LPOLY_": 7, "RPOLY_": 19, "LENGTH": 167241.0, "BOUNT_": 57, "BOUNT_ID": 42, "GEO_CODE": 61031, "BCODE": 1337, "BNAME": "冀鲁线", "BountName": "省界桩", "SHAPE_Leng": 1.7746600183600001 }, "geometry": { "type": "LineString", "coordinates": [ [ 116.435698284000068, 37.471531698000035 ], [ 116.561053998000034, 37.59514961800005 ], [ 116.650527130000114, 37.679571301000067 ], [ 116.720254982000029, 37.740334383000061 ], [ 116.750002943000027, 37.769808622000028 ], [ 116.756228917000044, 37.800086622000038 ], [ 116.782551327000078, 37.822629631000041 ], [ 116.82307284400008, 37.832199238000044 ], [ 116.934632533000013, 37.839254087000029 ], [ 116.954393339000035, 37.837914320000039 ], [ 117.026805208000042, 37.829961455000046 ], [ 117.053280430000086, 37.840328880000072 ], [ 117.228166771000019, 37.840486445000067 ], [ 117.406463478000092, 37.843856797000058 ], [ 117.421486088000051, 37.844700630000034 ], [ 117.432113852000043, 37.848930817000053 ], [ 117.442955409000092, 37.857976526000073 ], [ 117.44890724000004, 37.865597191000063 ], [ 117.48812419300009, 37.928992145000052 ], [ 117.555158130000109, 38.03792827500007 ], [ 117.570409995000091, 38.064230510000073 ], [ 117.723490972000036, 38.105506021000053 ], [ 117.815273480000087, 38.233453117000067 ], [ 117.843265159000111, 38.27342128600003 ] ] } },
{ "type": "Feature", "properties": { "FNODE_": 53, "TNODE_": 54, "LPOLY_": 7, "RPOLY_": 19, "LENGTH": 16615.6, "BOUNT_": 58, "BOUNT_ID": 43, "GEO_CODE": 61030, "BCODE": 1337, "BNAME": "冀鲁线", "BountName": "省区直", "SHAPE_Leng": 0.168736345989 }, "geometry": { "type": "LineString", "coordinates": [ [ 116.316171219000012, 37.590633483000033 ], [ 116.435698284000068, 37.471531698000035 ] ] } },
{ "type": "Feature", "properties": { "FNODE_": 50, "TNODE_": 55, "LPOLY_": 3, "RPOLY_": 18, "LENGTH": 215873.0, "BOUNT_": 59, "BOUNT_ID": 275, "GEO_CODE": 61030, "BCODE": 1564, "BNAME": "蒙宁线", "BountName": "省区直", "SHAPE_Leng": 2.26528039496 }, "geometry": { "type": "LineString", "coordinates": [ [ 106.961069679000047, 39.053040321000026 ], [ 106.96656282500004, 39.025963671000056 ], [ 106.952760453000053, 38.94482183000008 ], [ 106.821408270000063, 38.839169066000068 ], [ 106.698868177000065, 38.714482965000059 ], [ 106.673880850000046, 38.645476691000056 ], [ 106.658171248000087, 38.601219822000076 ], [ 106.650083489000053, 38.526026577000039 ], [ 106.64389562100007, 38.473198291000074 ], [ 106.595119048000072, 38.39086737100007 ], [ 106.477088381000044, 38.31948039200006 ], [ 106.48399312500004, 38.304728737000062 ], [ 106.51108060200005, 38.296107952000057 ], [ 106.515149420000057, 38.294811537000044 ], [ 106.577226932000087, 38.254602022000029 ], [ 106.867899930000078, 38.15321076400005 ], [ 107.027046186000064, 38.113202308000041 ], [ 107.033897615000058, 38.126028416000054 ], [ 107.126468039000088, 38.156961012000068 ], [ 107.159778976000041, 38.160526183000059 ], [ 107.184285291000037, 38.154338721000045 ], [ 107.336099317000048, 38.082005234000064 ], [ 107.434612608000066, 37.995865124000034 ], [ 107.451984941000035, 37.941612348000035 ], [ 107.554305697000075, 37.893786328000033 ], [ 107.644014733000063, 37.864416149000078 ] ] } },
{ "type": "Feature", "properties": { "FNODE_": 55, "TNODE_": 46, "LPOLY_": 3, "RPOLY_": 17, "LENGTH": 532838.0, "BOUNT_": 60, "BOUNT_ID": 44, "GEO_CODE": 61030, "BCODE": 1561, "BNAME": "蒙陕线", "BountName": "省区直", "SHAPE_Leng": 5.6008531547900002 }, "geometry": { "type": "LineString", "coordinates": [ [ 107.644014733000063, 37.864416149000078 ], [ 107.658671114000072, 37.870585901000027 ], [ 107.713634886000079, 37.860293776000049 ], [ 107.893808142000069, 37.812224886000024 ], [ 107.911501388000033, 37.80729210100003 ], [ 107.958553017000042, 37.789890789000026 ], [ 108.002644505000035, 37.732315448000065 ], [ 108.019459852000068, 37.695214814000053 ], [ 108.056829662000041, 37.650070051000057 ], [ 108.125145012000075, 37.622855276000053 ], [ 108.142487323000068, 37.621092059000034 ], [ 108.616546343000039, 37.648955089000026 ], [ 108.779011738000065, 37.687883345000046 ], [ 108.787534107000056, 37.701975886000071 ], [ 108.786374453000064, 37.714540894000038 ], [ 108.785345022000058, 37.822812634000059 ], [ 108.790403910000066, 37.917515493000053 ], [ 108.801978621000046, 38.032569633000037 ], [ 108.884408999000073, 37.997327495000036 ], [ 108.902185885000051, 37.964909222000074 ], [ 108.938594186000046, 37.920774724000069 ], [ 108.968479569000067, 37.931291312000042 ], [ 109.063125469000056, 38.026823101000048 ], [ 109.061172706000036, 38.093955712000025 ], [ 109.014151555000069, 38.125690530000043 ], [ 108.973890187000052, 38.150570390000041 ], [ 108.946492241000044, 38.16656591800006 ], [ 108.938458438000055, 38.192154468000069 ], [ 108.964506399000072, 38.275416113000063 ], [ 108.974752941000077, 38.299718192000057 ], [ 109.001289298000074, 38.353708831000063 ], [ 109.005172701000049, 38.361413035000055 ], [ 109.045533797000076, 38.432192961000055 ], [ 109.078814316000035, 38.450981093000053 ], [ 109.177748027000064, 38.524619044000076 ], [ 109.337208120000071, 38.648793985000054 ], [ 109.331814026000075, 38.692515611000033 ], [ 109.688119251000046, 39.000532566000061 ], [ 109.914026312000033, 39.169842175000042 ], [ 109.955584904000034, 39.212820341000054 ], [ 109.962794751000047, 39.210875939000061 ], [ 109.980503278000072, 39.210232769000072 ], [ 109.995205375000069, 39.21160044100003 ], [ 110.011083048000046, 39.213446686000054 ], [ 110.026044542000079, 39.216416552000055 ], [ 110.039808554000047, 39.220056354000064 ], [ 110.05413711500006, 39.224845629000072 ], [ 110.065543116000072, 39.228674076000061 ], [ 110.072852442000055, 39.231292005000057 ], [ 110.078696648000061, 39.233439347000058 ], [ 110.211734951000039, 39.28403436800005 ], [ 110.206402, 39.298145864000048 ], [ 110.200809443000082, 39.31042678600005 ], [ 110.190295934000062, 39.331566809000037 ], [ 110.175136167000062, 39.361563766000074 ], [ 110.166552759000069, 39.374941599000067 ], [ 110.159922721000044, 39.380568783000058 ], [ 110.129434762000074, 39.395474444000058 ], [ 110.294654317000038, 39.380982128000028 ], [ 110.372354181000048, 39.323139205000075 ], [ 110.422816774000069, 39.378057694000063 ], [ 110.444515469000066, 39.380005646000029 ], [ 110.514524790000053, 39.381265266000071 ], [ 110.529547648000062, 39.373181311000053 ], [ 110.542380528000081, 39.361822773000029 ], [ 110.553397744000051, 39.348965092000071 ], [ 110.573318260000065, 39.300047665000079 ], [ 110.626145489000066, 39.266201594000052 ], [ 110.681979030000036, 39.266609765000055 ], [ 110.731274671000051, 39.336020168000061 ], [ 110.87431609500004, 39.50261163600004 ], [ 111.130572524000058, 39.585206830000061 ], [ 111.148097910000047, 39.565691867000055 ], [ 111.138522232000071, 39.538154435000024 ], [ 111.129893346000074, 39.522052462000033 ], [ 111.101915250000047, 39.47306611700003 ], [ 111.080864833000078, 39.454921529000046 ], [ 111.051925529000073, 39.445684120000067 ], [ 111.04740143500004, 39.428189542000041 ], [ 111.054641573000083, 39.405122272000028 ], [ 111.09348347100007, 39.357761688000039 ], [ 111.109673573000066, 39.358805594000046 ], [ 111.117326242000047, 39.365602123000031 ] ] } },
{ "type": "Feature", "properties": { "FNODE_": 47, "TNODE_": 56, "LPOLY_": 18, "RPOLY_": 3, "LENGTH": 352068.0, "BOUNT_": 61, "BOUNT_ID": 45, "GEO_CODE": 61030, "BCODE": 1564, "BNAME": "蒙宁线", "BountName": "省区直", "SHAPE_Leng": 3.6893558365499999 }, "geometry": { "type": "LineString", "coordinates": [ [ 106.744557623000048, 39.387992661000055 ], [ 106.597023390000061, 39.375038032000077 ], [ 106.372635548000062, 39.28366752900007 ], [ 106.143723171000033, 39.154456179000078 ], [ 106.107550945000071, 39.120672085000081 ], [ 105.963349943000082, 38.894619447000025 ], [ 105.870076711000081, 38.660467985000025 ], [ 105.821291890000055, 38.433223936000047 ], [ 105.816294195000069, 38.366124195000054 ], [ 105.822954783000057, 38.346852011000067 ], [ 105.831538112000032, 38.342549088000055 ], [ 105.854968537000047, 38.308691413000076 ], [ 105.856868183000074, 38.27545178400004 ], [ 105.838434860000064, 38.241924796000035 ], [ 105.784897631000035, 38.208732056000031 ], [ 105.764327913000045, 38.153174718000059 ], [ 105.774528477000047, 38.094511983000075 ], [ 105.791152730000078, 37.920774393000045 ], [ 105.773756792000086, 37.828533189000041 ], [ 105.767599555000061, 37.795630634000076 ], [ 105.75156970900008, 37.796704616000056 ], [ 105.621881264000081, 37.780049819000055 ], [ 105.377031069000054, 37.711754891000055 ], [ 105.008443365000062, 37.578023856000073 ], [ 104.800947859000075, 37.539004453000075 ], [ 104.789999366000075, 37.537574569000071 ], [ 104.636041154000054, 37.523533530000066 ], [ 104.61843192300006, 37.522109600000078 ], [ 104.598205844000063, 37.52068050500003 ], [ 104.552756084000066, 37.51878066200004 ], [ 104.525159731000088, 37.51758641400005 ], [ 104.396089117000088, 37.467439596000077 ], [ 104.301008721000073, 37.440669381000077 ], [ 104.281599005000032, 37.42993793800008 ] ] } },
{ "type": "Feature", "properties": { "FNODE_": 31, "TNODE_": 57, "LPOLY_": 4, "RPOLY_": 1, "LENGTH": 695060.0, "BOUNT_": 62, "BOUNT_ID": 46, "GEO_CODE": 61010, "BCODE": 0, "BNAME": null, "BountName": "国界", "SHAPE_Leng": 7.2706143779300003 }, "geometry": { "type": "LineString", "coordinates": [ [ 74.887152878000052, 37.23394687800004 ], [ 74.743088980000039, 37.284687524000049 ], [ 74.735476561000041, 37.286098318000029 ], [ 74.529095768000047, 37.247930598000039 ], [ 74.51571520300007, 37.243227312000045 ], [ 74.507687057000055, 37.240337642000043 ], [ 74.473554354000044, 37.199807643000042 ], [ 74.461422036000044, 37.147221109000043 ], [ 74.45988744400006, 37.133932394000055 ], [ 74.465640784000072, 37.127297355000053 ], [ 74.562980306000043, 37.040111446000026 ], [ 74.625452558000063, 37.063345988000037 ], [ 74.719998115000067, 37.060395619000076 ], [ 74.843168999000056, 37.045764853000037 ], [ 75.022748533000083, 37.024199463000059 ], [ 75.12724477200004, 37.011521522000066 ], [ 75.314230081000062, 36.971147520000045 ], [ 75.38095204900003, 36.955224678000036 ], [ 75.420412448000036, 36.884156353000037 ], [ 75.426133464000031, 36.873770875000048 ], [ 75.430706671000053, 36.833590525000034 ], [ 75.428238976000046, 36.767001315000073 ], [ 75.461896699000079, 36.720866390000026 ], [ 75.730971702000033, 36.746570734000045 ], [ 75.740962834000072, 36.742140782000035 ], [ 75.748822542000084, 36.737696579000044 ], [ 75.774289172000067, 36.722687086000064 ], [ 75.776832902000081, 36.720420361000038 ], [ 75.778838565000058, 36.718129643000054 ], [ 75.94275185500004, 36.601089633000072 ], [ 76.007507399000076, 36.384300541000073 ], [ 76.027545157000077, 36.270559050000031 ], [ 76.012926249000031, 36.166343509000058 ], [ 75.991716410000038, 36.162218415000041 ], [ 75.973880168000051, 36.162922553000044 ], [ 75.964583603000051, 36.159784365000064 ], [ 75.93300617400007, 36.13574322900007 ], [ 75.931145123000078, 36.127541033000057 ], [ 75.94261965100003, 36.093861915000048 ], [ 75.954514248000066, 36.059459532000062 ], [ 75.957947897000054, 36.052640675000077 ], [ 75.96528776200006, 36.043131668000058 ], [ 75.979257088000054, 36.032450545000074 ], [ 75.98958176900004, 36.02710115900004 ], [ 76.000155591000066, 36.022934167000074 ], [ 76.011020647000066, 36.019006076000039 ], [ 76.099415951000083, 36.00019521400003 ], [ 76.138151287000085, 35.95031502300003 ], [ 76.149621731000082, 35.935417097000027 ], [ 76.159303177000083, 35.91771981200003 ], [ 76.161231806000046, 35.909731244000056 ], [ 76.16021696100006, 35.90384212400005 ], [ 76.15329840000004, 35.878186112000037 ], [ 76.143226803000061, 35.840973209000026 ], [ 76.143562953000071, 35.834282247000033 ], [ 76.156823754000072, 35.825348848000033 ], [ 76.16889163500008, 35.823119260000055 ], [ 76.212627625000039, 35.824022514000035 ], [ 76.363463210000077, 35.828026616000045 ], [ 76.42832388100004, 35.852584188000037 ], [ 76.440164730000049, 35.860636402000068 ], [ 76.510462544000063, 35.882049941000048 ], [ 76.584537880000084, 35.915179713000043 ], [ 76.64218337300008, 35.765779034000047 ], [ 76.758060970000031, 35.656901450000078 ], [ 76.954881473000057, 35.593736484000033 ], [ 76.963534673000083, 35.592865654000036 ], [ 77.051527823000072, 35.598648336000053 ], [ 77.08981981200003, 35.570464820000041 ], [ 77.182137861000058, 35.523985251000056 ], [ 77.192368190000082, 35.520274022000024 ], [ 77.473686948000079, 35.474425686000075 ], [ 77.731442145000074, 35.476877199000057 ], [ 77.754512193000039, 35.498331008000036 ], [ 77.99947562400007, 35.492160169000044 ], [ 78.137419238000064, 35.495684888000028 ], [ 78.055539954000039, 35.403160127000035 ], [ 78.010355508000032, 35.366933377000066 ], [ 78.018168417000084, 35.316365635000068 ], [ 78.059508618000052, 35.115797084000064 ], [ 78.062322463000044, 35.109521505000032 ], [ 78.07555409500003, 35.101136527000051 ], [ 78.136605677000034, 35.054860465000047 ], [ 78.20362349800007, 34.898531940000055 ], [ 78.220769339000071, 34.76913699000005 ], [ 78.220654946000082, 34.717926912000053 ], [ 78.265770602000032, 34.637219490000064 ], [ 78.270118194000077, 34.631952528000056 ], [ 78.278130191000059, 34.624974438000038 ], [ 78.284004312000036, 34.622064094000052 ], [ 78.333498907000035, 34.60802076300007 ], [ 78.343165074000069, 34.605813688000069 ], [ 78.355156383000065, 34.605815444000029 ], [ 78.358988422000039, 34.606721148000076 ], [ 78.379504865000058, 34.608127894000063 ], [ 78.391833689000066, 34.607451982000043 ], [ 78.394366300000058, 34.607137719000036 ], [ 78.545432907000077, 34.573817170000041 ], [ 78.705945039000085, 34.524067040000034 ], [ 78.754776351000032, 34.485089040000048 ], [ 78.872446510000032, 34.377292040000043 ], [ 79.036773837000055, 34.336429595000027 ] ] } },
{ "type": "Feature", "properties": { "FNODE_": 39, "TNODE_": 56, "LPOLY_": 3, "RPOLY_": 8, "LENGTH": 908597.0, "BOUNT_": 63, "BOUNT_ID": 47, "GEO_CODE": 61030, "BCODE": 1562, "BNAME": "蒙甘线", "BountName": "省区直", "SHAPE_Leng": 9.7867964894299995 }, "geometry": { "type": "LineString", "coordinates": [ [ 100.157119889000057, 40.273406045000058 ], [ 99.998407738000083, 40.196312255000066 ], [ 99.957329605000041, 40.157371517000058 ], [ 99.748788741000055, 40.006187251000028 ], [ 99.573421679000035, 39.91029111000006 ], [ 99.902052351000066, 39.787746601000038 ], [ 100.130010432000063, 39.702084887000069 ], [ 100.24351647800006, 39.684237806000056 ], [ 100.309665100000075, 39.607620027000053 ], [ 100.321086642000068, 39.512671247000071 ], [ 100.495744140000056, 39.399883114000033 ], [ 100.617810593000058, 39.387271921000035 ], [ 100.717751185000054, 39.403688856000031 ], [ 100.828876740000055, 39.404166243000077 ], [ 100.865048152000043, 39.109580785000048 ], [ 100.825785817000053, 39.073176773000057 ], [ 100.827922166000064, 39.02725110800003 ], [ 100.959754197000052, 38.943493358000069 ], [ 101.604846608000059, 38.64771386700005 ], [ 101.759514688000081, 38.669129453000039 ], [ 102.070521824000082, 38.890663563000032 ], [ 101.827327797000066, 39.09316014400008 ], [ 102.281108034000056, 39.192150302000073 ], [ 102.601155976000086, 39.17287020200007 ], [ 103.008768750000058, 39.098630501000059 ], [ 103.144164445000058, 39.199763048000079 ], [ 103.296452179000084, 39.294941420000043 ], [ 103.634353754000074, 39.405590674000052 ], [ 103.846846898000081, 39.460793262000038 ], [ 104.086462793000067, 39.41986782500004 ], [ 104.19925061400005, 39.084826406000047 ], [ 104.170455767000078, 38.943723706000071 ], [ 104.030779885000072, 38.891846934000057 ], [ 103.861592134000034, 38.651039621000052 ], [ 103.429944847000058, 38.414993823000032 ], [ 103.549393660000078, 38.159909817000027 ], [ 103.365931348000061, 38.08899802600007 ], [ 103.356180506000044, 38.017610499000057 ], [ 103.393061766000073, 37.898870920000036 ], [ 103.407336689000033, 37.85889925500004 ], [ 103.580803771000035, 37.810358549000057 ], [ 103.666705654000054, 37.786081910000064 ], [ 103.88347800300005, 37.597624303000032 ], [ 104.179255068000032, 37.406547213000067 ], [ 104.22565839400005, 37.410832137000057 ], [ 104.281599005000032, 37.42993793800008 ] ] } },
{ "type": "Feature", "properties": { "FNODE_": 57, "TNODE_": 58, "LPOLY_": 4, "RPOLY_": 20, "LENGTH": 1147520.0, "BOUNT_": 64, "BOUNT_ID": 48, "GEO_CODE": 61030, "BCODE": 5465, "BNAME": "藏新线", "BountName": "省区直", "SHAPE_Leng": 12.3329642329 }, "geometry": { "type": "LineString", "coordinates": [ [ 79.036773837000055, 34.336429595000027 ], [ 79.006971734000047, 34.403908865000062 ], [ 79.050041796000073, 34.429367844000069 ], [ 79.156169466000051, 34.449359017000063 ], [ 79.519123989000036, 34.458994537000024 ], [ 79.736614920000079, 34.474700271000074 ], [ 79.797048345000064, 34.486123544000066 ], [ 79.834646663000058, 34.518008293000037 ], [ 79.858512075000078, 34.541413027000033 ], [ 79.851866571000073, 34.577101189000075 ], [ 79.898482487000081, 34.738316729000076 ], [ 79.943124905000047, 34.824971149000078 ], [ 80.039836860000037, 34.987928642000043 ], [ 80.292435453000053, 35.362024856000062 ], [ 80.313849497000035, 35.387011020000045 ], [ 80.437580397000033, 35.417945081000028 ], [ 80.593994004000081, 35.409634350000033 ], [ 80.651742718000037, 35.39771918200006 ], [ 80.683467956000072, 35.366330590000075 ], [ 80.970914035000078, 35.310172551000051 ], [ 81.006289838000043, 35.327525216000026 ], [ 81.034207754000079, 35.353008682000052 ], [ 81.124633531000029, 35.371563479000031 ], [ 81.379875329000072, 35.345375718000071 ], [ 81.438927933000059, 35.334029930000042 ], [ 81.476244625000049, 35.294215905000044 ], [ 81.498753015000034, 35.265857204000042 ], [ 81.513134427000068, 35.234727783000039 ], [ 81.628587914000036, 35.23347048100004 ], [ 81.691598541000076, 35.23948639300005 ], [ 81.858450086000062, 35.259649841000055 ], [ 81.926035788000036, 35.270593447000067 ], [ 82.024540048000063, 35.320564490000038 ], [ 82.218659384000034, 35.519849320000048 ], [ 82.349538007000035, 35.657093340000074 ], [ 82.418066859000078, 35.711161885000024 ], [ 82.442808174000049, 35.713546218000033 ], [ 82.859446912000067, 35.690685478000034 ], [ 82.876430863000053, 35.688564252000049 ], [ 82.946929222000051, 35.678906162000033 ], [ 82.963112081000077, 35.657490136000035 ], [ 82.978812061000042, 35.598481074000063 ], [ 82.979531081000061, 35.564810418000036 ], [ 82.983337765000044, 35.524359665000077 ], [ 83.000466301000074, 35.480931971000075 ], [ 83.108607927000037, 35.403678773000024 ], [ 83.157994704000032, 35.395748945000037 ], [ 83.533251531000076, 35.344643010000027 ], [ 83.627835575000063, 35.340007314000047 ], [ 84.172071449000043, 35.359264454000026 ], [ 84.302942261000055, 35.410663063000072 ], [ 84.366184968000084, 35.438181150000048 ], [ 84.439954467000064, 35.47269002400003 ], [ 84.453809352000064, 35.487759047000054 ], [ 84.462560905000032, 35.511948675000042 ], [ 85.030073767000033, 35.747522192000076 ], [ 85.263516132000063, 35.788976425000044 ], [ 85.332045397000059, 35.756614915000057 ], [ 85.365357966000033, 35.720445106000057 ], [ 85.54953559900008, 35.650013104000038 ], [ 85.595214870000063, 35.646395210000037 ], [ 85.626152855000043, 35.679996014000039 ], [ 85.633766870000045, 35.701890107000054 ], [ 85.64756215400007, 35.72373165700003 ], [ 85.674700514000051, 35.740434682000057 ], [ 85.700869392000072, 35.752334082000061 ], [ 85.73751371600008, 35.766133228000058 ], [ 85.757503131000078, 35.771373216000029 ], [ 85.797002232000068, 35.779459879000058 ], [ 85.818701135000083, 35.780783901000063 ], [ 85.962290978000055, 35.793274298000028 ], [ 86.058767214000056, 35.852073570000073 ], [ 86.087461922000045, 35.880051603000027 ], [ 86.124029257000075, 35.940335566000044 ], [ 86.15444989100007, 36.009209521000059 ], [ 86.183915479000063, 36.125442191000047 ], [ 86.186477794000041, 36.132469493000031 ], [ 86.288844393000034, 36.169892322000067 ], [ 86.401869429000044, 36.206776386000058 ], [ 86.729059464000045, 36.286488114000065 ], [ 86.758806591000052, 36.293629459000044 ], [ 86.789736796000057, 36.296006189000025 ], [ 86.84446407300004, 36.296006064000039 ], [ 87.166845921000061, 36.32569324800005 ], [ 87.451248655000086, 36.390000524000072 ], [ 87.46671264400004, 36.353122007000024 ], [ 87.512832974000048, 36.34805794600004 ], [ 87.547099580000065, 36.345676727000068 ], [ 87.586597152000081, 36.347582823000039 ], [ 87.913542305000078, 36.393746630000066 ], [ 87.96541491000005, 36.406123057000059 ], [ 88.16910345000008, 36.448476281000069 ], [ 88.373150022000061, 36.48452943500007 ], [ 88.465002436000077, 36.481197956000074 ], [ 88.567079145000037, 36.462159640000039 ], [ 88.598254084000075, 36.440034157000071 ], [ 88.713186937000046, 36.34485053800006 ], [ 89.085986432000084, 36.284116321000056 ], [ 89.228118653000081, 36.292738858000064 ], [ 89.249052798000037, 36.285598902000061 ], [ 89.352687268000068, 36.229682786000069 ], [ 89.432156864000035, 36.186376764000045 ], [ 89.475234439000076, 36.159008448000066 ], [ 89.50711850600004, 36.143542419000028 ], [ 89.524727718000065, 36.137832267000078 ], [ 89.61780895000004, 36.109223852000071 ], [ 89.657743111000059, 36.100413262000075 ], [ 89.685658913000054, 36.096222952000062 ], [ 89.70805271200004, 36.093607579000036 ] ] } },
{ "type": "Feature", "properties": { "FNODE_": 59, "TNODE_": 55, "LPOLY_": 18, "RPOLY_": 17, "LENGTH": 104147.0, "BOUNT_": 65, "BOUNT_ID": 49, "GEO_CODE": 61030, "BCODE": 6164, "BNAME": "陕宁线", "BountName": "省区直", "SHAPE_Leng": 1.0319480105100001 }, "geometry": { "type": "LineString", "coordinates": [ [ 107.262812033000046, 37.099191259000065 ], [ 107.272631489000048, 37.127905193000061 ], [ 107.311420869000074, 37.199841670000069 ], [ 107.29437637400008, 37.207221009000079 ], [ 107.256968368000059, 37.224140770000076 ], [ 107.250659165000059, 37.334815890000073 ], [ 107.258563665000054, 37.393838663000054 ], [ 107.279591465000067, 37.481776936000074 ], [ 107.379792239000039, 37.692012593000072 ], [ 107.497426021000081, 37.734738955000068 ], [ 107.610611634000065, 37.768748902000027 ], [ 107.649248254000042, 37.801119799000048 ], [ 107.660433565000062, 37.85227949800003 ], [ 107.644014733000063, 37.864416149000078 ] ] } },
{ "type": "Feature", "properties": { "FNODE_": 60, "TNODE_": 53, "LPOLY_": 7, "RPOLY_": 19, "LENGTH": 149632.0, "BOUNT_": 66, "BOUNT_ID": 302, "GEO_CODE": 61031, "BCODE": 1337, "BNAME": "冀鲁线", "BountName": "省界桩", "SHAPE_Leng": 1.5122089753800001 }, "geometry": { "type": "LineString", "coordinates": [ [ 115.359195233000037, 36.627658905000033 ], [ 115.476711999000031, 36.75858482600006 ], [ 115.673296674000085, 36.811696677000043 ], [ 115.688159283000118, 36.840572214000076 ], [ 115.758779769000057, 36.918669642000054 ], [ 115.864214483000069, 37.071819368000035 ], [ 115.959624083000108, 37.229212043000075 ], [ 115.979453813000077, 37.333030161000067 ], [ 116.069308066000076, 37.367356658000062 ], [ 116.159436888000073, 37.378696878000028 ], [ 116.234497094000062, 37.358492356000056 ], [ 116.273309589000064, 37.430326127000058 ], [ 116.272372060000066, 37.514645977000043 ], [ 116.283770882000113, 37.545584998000038 ], [ 116.316171219000012, 37.590633483000033 ] ] } },
{ "type": "Feature", "properties": { "FNODE_": 58, "TNODE_": 44, "LPOLY_": 4, "RPOLY_": 16, "LENGTH": 722101.0, "BOUNT_": 67, "BOUNT_ID": 50, "GEO_CODE": 61030, "BCODE": 6365, "BNAME": "青新线", "BountName": "省区直", "SHAPE_Leng": 7.7172459128000002 }, "geometry": { "type": "LineString", "coordinates": [ [ 89.70805271200004, 36.093607579000036 ], [ 89.946242575000042, 36.100278114000048 ], [ 89.936750180000047, 36.136543216000064 ], [ 90.008736079000073, 36.185918492000042 ], [ 90.141987458000074, 36.202576774000079 ], [ 90.174108753000041, 36.189487745000065 ], [ 90.219916370000078, 36.17104770800006 ], [ 90.275238836000085, 36.160936602000049 ], [ 90.422177651000084, 36.135947240000064 ], [ 90.498916425000061, 36.144871268000031 ], [ 90.671437666000031, 36.130595637000056 ], [ 90.710103160000074, 36.115724361000048 ], [ 90.773750482000082, 36.087169205000066 ], [ 90.791009253000084, 36.062781600000051 ], [ 90.809449585000038, 36.044934658000045 ], [ 90.827891254000065, 36.029465449000043 ], [ 90.867152875000045, 36.025898579000057 ], [ 90.919498827000041, 36.02946657800004 ], [ 91.109866566000051, 36.095495853000045 ], [ 91.119975005000072, 36.106799764000073 ], [ 91.125361549000047, 36.117151862000071 ], [ 91.03490441200006, 36.495854073000032 ], [ 91.028364808000049, 36.521435568000072 ], [ 90.994451754000067, 36.544040117000065 ], [ 90.923664454000061, 36.554151589000071 ], [ 90.824319311000068, 36.562479070000052 ], [ 90.75420272100007, 36.58732685700005 ], [ 90.728543693000063, 36.597577964000038 ], [ 90.712476575000039, 36.685024270000042 ], [ 90.720212126000035, 36.786156838000068 ], [ 90.746983757000066, 36.823632656000029 ], [ 90.818962050000039, 36.887287124000068 ], [ 90.864770779000082, 36.920601771000065 ], [ 91.127709851000077, 36.986035829000059 ], [ 91.231808543000056, 37.009833434000029 ], [ 91.284163096000043, 37.012210904000028 ], [ 91.311369801000069, 37.020863858000041 ], [ 91.300819194000042, 37.083595049000053 ], [ 91.277617293000048, 37.131780800000058 ], [ 91.249661132000085, 37.178183103000038 ], [ 91.106430537000051, 37.407229408000035 ], [ 90.873687487000041, 37.579132044000062 ], [ 90.760662756000045, 37.652899502000025 ], [ 90.658935717000077, 37.696326763000059 ], [ 90.622054658000081, 37.69989154700005 ], [ 90.58160177600007, 37.704058714000041 ], [ 90.516163491000043, 37.730828098000075 ], [ 90.514377747000083, 38.064555743000028 ], [ 90.517353595000031, 38.240044371000067 ], [ 90.349004968000031, 38.232312102000037 ], [ 90.277019597000049, 38.237663253000051 ], [ 90.144980332000046, 38.330846617000077 ], [ 90.134245057000044, 38.339985933000037 ], [ 90.111051350000082, 38.41375064500005 ], [ 90.108074796000039, 38.450000021000051 ], [ 90.109264910000036, 38.482756882000047 ], [ 90.13127796100008, 38.494063177000044 ], [ 90.297839912000086, 38.501795310000034 ], [ 90.312716520000038, 38.500602940000078 ], [ 90.326993569000081, 38.492275218000032 ], [ 90.354352436000056, 38.48037766200008 ], [ 90.384695087000068, 38.483948952000048 ], [ 90.420982156000036, 38.490490830000056 ], [ 90.46262374500003, 38.520831841000074 ], [ 90.773149706000083, 38.661818979000032 ], [ 91.023363962000076, 38.697154756000032 ], [ 91.085737313000038, 38.708788150000032 ], [ 91.134008413000061, 38.719166431000076 ], [ 91.260721706000083, 38.747718219000035 ], [ 91.343051861000049, 38.769553767000048 ], [ 91.500222762000078, 38.815537964000043 ], [ 92.054415917000085, 38.950037375000079 ], [ 92.324253643000077, 39.001613915000064 ], [ 92.409309093000047, 39.038239592000025 ] ] } },
{ "type": "Feature", "properties": { "FNODE_": 61, "TNODE_": 32, "LPOLY_": 10, "RPOLY_": 7, "LENGTH": 678164.0, "BOUNT_": 68, "BOUNT_ID": 52, "GEO_CODE": 61030, "BCODE": 1314, "BNAME": "冀晋线", "BountName": "省区直", "SHAPE_Leng": 6.8926222423899999 }, "geometry": { "type": "LineString", "coordinates": [ [ 113.736859824000021, 36.359170479000056 ], [ 113.644808843000078, 36.429974858000037 ], [ 113.553521270000033, 36.524529217000065 ], [ 113.471358658000099, 36.642436997000061 ], [ 113.470442922000075, 36.65894215700007 ], [ 113.490959653, 36.710105817000056 ], [ 113.517853732000049, 36.731598960000042 ], [ 113.610271171000022, 36.760062542000071 ], [ 113.779260659000101, 36.869337834000078 ], [ 113.790850569000099, 36.882543469000041 ], [ 113.79269725000006, 36.994366330000048 ], [ 113.789440736000074, 37.154177837000077 ], [ 113.893021789000045, 37.31398391700003 ], [ 114.029325695000011, 37.484528521000072 ], [ 114.056586818000028, 37.513180953000074 ], [ 114.088333404000082, 37.547279791000051 ], [ 114.119508711000094, 37.608555335000062 ], [ 114.129412435000063, 37.649863104000076 ], [ 114.124911179000037, 37.694365937000043 ], [ 114.036682692000113, 37.786181599000031 ], [ 113.81454954000003, 38.14949176600004 ], [ 113.700425937000091, 38.213753927000027 ], [ 113.646835589000034, 38.231688874000042 ], [ 113.597159070000089, 38.233711390000053 ], [ 113.559171305000064, 38.236336412000071 ], [ 113.534611835000078, 38.265382931000033 ], [ 113.51614904500002, 38.376635928000042 ], [ 113.55017887300005, 38.558053574000041 ], [ 113.614352204000056, 38.650775005000071 ], [ 113.677364981000096, 38.646921418000034 ], [ 113.700658011000087, 38.654408419000049 ], [ 113.823473073000059, 38.758348928000032 ], [ 113.847331606000012, 38.816237335000039 ], [ 113.839243775000114, 38.837784853000073 ], [ 113.793413092000037, 38.856111070000054 ], [ 113.767213507000065, 38.888576752000063 ], [ 113.763558979000095, 38.972367567000049 ], [ 113.773546281000108, 38.992729206000035 ], [ 113.879003627000088, 39.065179970000031 ], [ 113.944947177000017, 39.093942460000051 ], [ 114.004915652000022, 39.119982001000039 ], [ 114.035693785000035, 39.130618277000053 ], [ 114.088131993000047, 39.086948373000041 ], [ 114.109273630000075, 39.053745539000033 ], [ 114.143721282000115, 39.047094887000071 ], [ 114.187545704000058, 39.050608786000055 ], [ 114.331402769000078, 39.074370694000038 ], [ 114.341969739000092, 39.076778436000041 ], [ 114.463044574000037, 39.19279455700007 ], [ 114.467172369000082, 39.219106510000074 ], [ 114.46836440300001, 39.401124619000029 ], [ 114.454418790000091, 39.611457019000056 ], [ 114.388119404, 39.866131118000055 ], [ 114.313921617, 39.862443187000054 ], [ 114.278245121000054, 39.857520694000073 ], [ 114.217940889000033, 39.855363004000026 ], [ 114.055979553000043, 39.921027683000034 ], [ 113.939674596000032, 40.004347145000054 ], [ 113.969605834000049, 40.105937224000058 ], [ 113.976419579000094, 40.11151226100003 ], [ 114.250728336000066, 40.23343987100003 ], [ 114.407570875000033, 40.242607028000066 ], [ 114.508304920000114, 40.301644611000029 ], [ 114.504765464000116, 40.357008178000058 ], [ 114.301336583000079, 40.364861802000064 ], [ 114.201620374000072, 40.628016360000061 ], [ 114.178174511000066, 40.664722401000063 ], [ 114.126423325000019, 40.745758804000047 ] ] } },
{ "type": "Feature", "properties": { "FNODE_": 63, "TNODE_": 60, "LPOLY_": 7, "RPOLY_": 19, "LENGTH": 60237.8, "BOUNT_": 69, "BOUNT_ID": 53, "GEO_CODE": 61030, "BCODE": 1337, "BNAME": "冀鲁线", "BountName": "省区直", "SHAPE_Leng": 0.58300518608399998 }, "geometry": { "type": "LineString", "coordinates": [ [ 115.476471169000092, 36.148381673000074 ], [ 115.47615050200011, 36.171325684000067 ], [ 115.469093710000038, 36.244036121000079 ], [ 115.461090442000113, 36.267893859000026 ], [ 115.408827684000016, 36.327145894000068 ], [ 115.33601873900011, 36.397812443000078 ], [ 115.306683535000047, 36.40753979200008 ], [ 115.285373503000073, 36.412453577000065 ], [ 115.297978399000044, 36.46559534000005 ], [ 115.336348819000023, 36.587216593000051 ], [ 115.359195233000037, 36.627658905000033 ] ] } },
{ "type": "Feature", "properties": { "FNODE_": 61, "TNODE_": 63, "LPOLY_": 7, "RPOLY_": 21, "LENGTH": 179674.0, "BOUNT_": 70, "BOUNT_ID": 54, "GEO_CODE": 61030, "BCODE": 1341, "BNAME": "冀豫线", "BountName": "省区直", "SHAPE_Leng": 1.9580790718100001 }, "geometry": { "type": "LineString", "coordinates": [ [ 113.736859824000021, 36.359170479000056 ], [ 113.874032191000083, 36.356638696000061 ], [ 113.88294367200001, 36.348314129000073 ], [ 113.930864944000064, 36.337921 ], [ 114.054090967000093, 36.317478503000075 ], [ 114.219675752000057, 36.265760749000037 ], [ 114.265430568000056, 36.260720320000075 ], [ 114.538211631000081, 36.156482935000042 ], [ 114.580563035000068, 36.141255539000042 ], [ 114.630842459000064, 36.135963445000073 ], [ 114.762476025000069, 36.122353858000054 ], [ 114.819431621000035, 36.125491031000024 ], [ 114.851139885000066, 36.128033262000031 ], [ 114.857159421, 36.138925018000066 ], [ 114.868825240000092, 36.14613268100004 ], [ 114.908041266000055, 36.139587010000071 ], [ 114.921011623000027, 36.099672398000052 ], [ 114.924948004000044, 36.059525213000029 ], [ 114.969993521000106, 36.068616236000025 ], [ 114.980705568000076, 36.060800706000066 ], [ 114.995034334000025, 36.066734679000035 ], [ 115.031053781000082, 36.098960901000055 ], [ 115.043069852000031, 36.116572788000042 ], [ 115.040034435000052, 36.162178079000057 ], [ 115.061396801000114, 36.178263205000064 ], [ 115.117917410000018, 36.209341466000069 ], [ 115.142271033000043, 36.210610860000031 ], [ 115.195723908000105, 36.209702539000034 ], [ 115.241501378000066, 36.19031233000004 ], [ 115.386196698000049, 36.129203805000031 ], [ 115.476471169000092, 36.148381673000074 ] ] } },
{ "type": "Feature", "properties": { "FNODE_": 62, "TNODE_": 63, "LPOLY_": 21, "RPOLY_": 19, "LENGTH": 123078.0, "BOUNT_": 71, "BOUNT_ID": 55, "GEO_CODE": 61030, "BCODE": 3741, "BNAME": "鲁豫线", "BountName": "省区直", "SHAPE_Leng": 1.2751113616400001 }, "geometry": { "type": "LineString", "coordinates": [ [ 116.095499037000081, 36.111327598000059 ], [ 116.050957088000018, 36.106100419000029 ], [ 115.793098833000045, 36.008067036000057 ], [ 115.683536693000065, 35.961847952000028 ], [ 115.665103111, 35.937796754000033 ], [ 115.63359313400008, 35.922076097000058 ], [ 115.522330031000024, 35.892616998000051 ], [ 115.492041100000051, 35.891695199000026 ], [ 115.36393884000006, 35.792570830000045 ], [ 115.35292197900003, 35.780115261000049 ], [ 115.321236113000055, 35.79311461900005 ], [ 115.345064127000114, 35.941661461000024 ], [ 115.354373116000033, 35.97744489400003 ], [ 115.412777862000098, 36.006753179000043 ], [ 115.46177552000006, 36.087760256000024 ], [ 115.478156154000089, 36.12321187200007 ], [ 115.476471169000092, 36.148381673000074 ] ] } },
{ "type": "Feature", "properties": { "FNODE_": 52, "TNODE_": 64, "LPOLY_": 1, "RPOLY_": 19, "LENGTH": 1316660.0, "BOUNT_": 72, "BOUNT_ID": 56, "GEO_CODE": 26010, "BCODE": 0, "BNAME": null, "BountName": "海岸线", "SHAPE_Leng": 13.8307693836 }, "geometry": { "type": "LineString", "coordinates": [ [ 117.843265159000111, 38.27342128600003 ], [ 117.884102597000037, 38.247140916000035 ], [ 117.936923195000077, 38.199483944000065 ], [ 118.028210805000072, 38.078224035000062 ], [ 118.027066068000067, 38.053724412000065 ], [ 118.049076470000045, 37.982732274000057 ], [ 118.018404439000051, 37.848831413000028 ], [ 118.101690289000089, 37.973759649000044 ], [ 118.279811651000045, 38.014709455000059 ], [ 118.448114875000101, 38.114820705000056 ], [ 118.541810808000037, 37.97293853900004 ], [ 118.61337814500007, 38.046793110000067 ], [ 118.630522480000081, 38.12991162600008 ], [ 118.787418907000074, 38.142424457000061 ], [ 118.890844549, 38.126021680000065 ], [ 118.954597605000117, 38.091371181000056 ], [ 119.101024498000015, 37.916736408000077 ], [ 119.190692924000018, 37.792733195000039 ], [ 119.22934345200008, 37.72611769100007 ], [ 119.225680895000096, 37.716774566000026 ], [ 119.183794470000066, 37.70889237800003 ], [ 119.167924656000082, 37.709789257000068 ], [ 119.115517558000079, 37.712093033000031 ], [ 119.03939071100001, 37.71344238100005 ], [ 118.986653785000044, 37.703592624000066 ], [ 118.921190936000016, 37.524390078000067 ], [ 118.780330695000089, 37.328119337000032 ], [ 118.939612514000032, 37.258029414000077 ], [ 119.175954831000013, 37.153854429000035 ], [ 119.232521091000081, 37.134469617000036 ], [ 119.322854979000113, 37.111084885000025 ], [ 119.567321777000075, 37.09466847200008 ], [ 119.603371869000057, 37.094966338000063 ], [ 119.66458559900002, 37.103285815000049 ], [ 119.778746481000098, 37.132638334000035 ], [ 119.885516331000076, 37.229478396000047 ], [ 119.912076212000102, 37.303912360000027 ], [ 119.84207501800006, 37.35382594400005 ], [ 119.945211968000081, 37.404895977000024 ], [ 120.148426715000028, 37.478134819000047 ], [ 120.285440790000052, 37.577700367000034 ], [ 120.322545624000099, 37.621770320000053 ], [ 120.365407966000021, 37.694831501000067 ], [ 120.741152463000049, 37.83337259700005 ], [ 120.889953118000108, 37.828280996000046 ], [ 120.932770525000024, 37.821432418000029 ], [ 121.005242691000035, 37.742153321000046 ], [ 121.142301017000023, 37.708328335000033 ], [ 121.123903798000015, 37.669687944000032 ], [ 121.123562427000024, 37.661013496000066 ], [ 121.136638150000067, 37.61453492000004 ], [ 121.173268025000084, 37.588470064000035 ], [ 121.292814830000111, 37.57817255100008 ], [ 121.371630441000093, 37.557871762000048 ], [ 121.554433035000102, 37.429173137000078 ], [ 121.682360055000117, 37.440369386000043 ], [ 121.949380661000077, 37.470958422000024 ], [ 122.123365823000086, 37.507675623000068 ], [ 122.161246686000027, 37.423621741000034 ], [ 122.322147527000084, 37.408859675000031 ], [ 122.616838204000032, 37.41454380700003 ], [ 122.700122164000049, 37.414540316000057 ], [ 122.682274284000073, 37.372899462000078 ], [ 122.581143715000053, 37.349107022000055 ], [ 122.527724778000106, 37.264614149000067 ], [ 122.448848479000048, 37.13946349400004 ], [ 122.382157837000022, 37.031271837000077 ], [ 122.393319929000086, 36.989657367000063 ], [ 122.453776961000017, 37.031920606000028 ], [ 122.523152690000074, 37.028622564000045 ], [ 122.538129548000029, 37.022333937000042 ], [ 122.519932139000048, 36.94481638700006 ], [ 122.43679988100007, 36.877932248000036 ], [ 122.344770439000058, 36.833816212000045 ], [ 122.18567066300011, 36.846570813000028 ], [ 122.035482980000097, 36.898137676000033 ], [ 121.966939069000091, 37.020195089000026 ], [ 121.945195151, 37.023521479000067 ], [ 121.672228264000069, 36.827797087000079 ], [ 121.629328324000085, 36.748282108000069 ], [ 121.446262743000034, 36.772538485000041 ], [ 121.017247166000061, 36.585809470000072 ], [ 120.899951394000027, 36.666362193000055 ], [ 120.784163493000051, 36.632839047000061 ], [ 120.914865309000106, 36.558606878000035 ], [ 120.733524595000063, 36.446363353000038 ], [ 120.647828277000031, 36.340153866000037 ], [ 120.643211001000054, 36.321454308000057 ], [ 120.647240388000114, 36.295490014000052 ], [ 120.667632985000068, 36.243326545000059 ], [ 120.70919815600007, 36.134000502000049 ], [ 120.429130277000013, 36.060706107000044 ], [ 120.364087207000011, 36.045908699000051 ], [ 120.333149961000117, 36.068797460000042 ], [ 120.340695855000035, 36.134069896000028 ], [ 120.372549952000099, 36.165160114000059 ], [ 120.364509627000075, 36.215780878000032 ], [ 120.330695752000111, 36.283593316000065 ], [ 120.234531882000056, 36.203517722000072 ], [ 120.095673312000031, 36.233629704000066 ], [ 120.075543559000039, 36.139144114000032 ], [ 120.188692657000047, 36.051560638000069 ], [ 120.243671847000087, 36.008120191000046 ], [ 120.250801825000053, 36.001688696000031 ], [ 120.301858824000078, 35.952072264000037 ], [ 120.170984435000037, 35.886635411000043 ], [ 120.165035225000111, 35.946121902000073 ], [ 120.019105812000021, 35.856363249000026 ], [ 119.953200682000102, 35.764698132000035 ], [ 119.885555686000089, 35.666197521000072 ], [ 119.790681775000053, 35.633817136000062 ], [ 119.722976220000078, 35.629432662000056 ], [ 119.644345469000086, 35.582602003000034 ], [ 119.59387430400011, 35.465640958000051 ], [ 119.51364034300002, 35.344525972000042 ], [ 119.372400172000084, 35.113882869000065 ], [ 119.289183158000014, 35.08845707100005 ] ] } },
{ "type": "Feature", "properties": { "FNODE_": 66, "TNODE_": 66, "LPOLY_": 8, "RPOLY_": 23, "LENGTH": 36771.2, "BOUNT_": 73, "BOUNT_ID": 57, "GEO_CODE": 61030, "BCODE": 6264, "BNAME": "甘宁线", "BountName": "省区直", "SHAPE_Leng": 0.39264964648700001 }, "geometry": { "type": "LineString", "coordinates": [ [ 105.892677948000085, 35.413589481000031 ], [ 105.884369392000053, 35.43907173000008 ], [ 105.919488571000045, 35.451623255000072 ], [ 105.97351397400007, 35.470532315000071 ], [ 106.011791821000088, 35.484227679000071 ], [ 106.041185111000061, 35.489089625000076 ], [ 106.050595951000048, 35.455055036000033 ], [ 106.04652171500004, 35.44907366800004 ], [ 105.999408783000035, 35.439486264000038 ], [ 105.962092272000064, 35.426932997000051 ], [ 105.920866678000039, 35.421557538000059 ], [ 105.892677948000085, 35.413589481000031 ] ] } },
{ "type": "Feature", "properties": { "FNODE_": 67, "TNODE_": 62, "LPOLY_": 21, "RPOLY_": 19, "LENGTH": 179405.0, "BOUNT_": 74, "BOUNT_ID": 58, "GEO_CODE": 61031, "BCODE": 3741, "BNAME": "鲁豫线", "BountName": "省界桩", "SHAPE_Leng": 1.83429336007 }, "geometry": { "type": "LineString", "coordinates": [ [ 114.807237696000016, 35.00766773600003 ], [ 114.835530067000036, 35.089618770000072 ], [ 114.844045578000078, 35.17271425000007 ], [ 115.005130508000093, 35.298036638000042 ], [ 115.020451188000038, 35.374321402000078 ], [ 115.112746676000029, 35.406330454000056 ], [ 115.217974437000066, 35.418250951000061 ], [ 115.345679084000039, 35.498959971000033 ], [ 115.381439429000011, 35.562639735000062 ], [ 115.408342011000059, 35.645054600000037 ], [ 115.496205622000048, 35.729172003000031 ], [ 115.747197106000044, 35.831672644000037 ], [ 116.037002099, 35.968236449000074 ], [ 116.063911199000017, 36.040087905000064 ], [ 116.095499037000081, 36.111327598000059 ] ] } },
{ "type": "Feature", "properties": { "FNODE_": 59, "TNODE_": 56, "LPOLY_": 8, "RPOLY_": 18, "LENGTH": 740437.0, "BOUNT_": 75, "BOUNT_ID": 59, "GEO_CODE": 61030, "BCODE": 6264, "BNAME": "甘宁线", "BountName": "省区直", "SHAPE_Leng": 7.5888613944800003 }, "geometry": { "type": "LineString", "coordinates": [ [ 107.262812033000046, 37.099191259000065 ], [ 107.230721887000072, 37.096649171000024 ], [ 107.174537599000075, 37.14325279500008 ], [ 107.088574583000081, 37.117907139000067 ], [ 107.02432544800007, 37.106719812000051 ], [ 106.882269458000053, 37.100772243000051 ], [ 106.761301897000067, 37.135907356000075 ], [ 106.610525315000075, 37.134802685000068 ], [ 106.60124767700006, 37.129805771000065 ], [ 106.568644647000042, 36.745986341000048 ], [ 106.508683314000052, 36.715292437000073 ], [ 106.36899954900008, 36.548011751000047 ], [ 106.52700066400007, 36.375735618000078 ], [ 106.636553030000073, 36.27395245200006 ], [ 106.825707341000054, 36.227677781000068 ], [ 106.853921612000079, 36.207878645000051 ], [ 106.907725389000063, 36.154671975000042 ], [ 106.94961939600006, 36.094399102000068 ], [ 106.952510973000074, 36.075552228000049 ], [ 106.945323570000085, 36.005002539000031 ], [ 106.924119975000053, 35.807795806000058 ], [ 106.908318916000042, 35.771630880000032 ], [ 106.902489922000086, 35.76800098800004 ], [ 106.803502952000088, 35.712082581000061 ], [ 106.733783495000068, 35.701851692000048 ], [ 106.667627067000069, 35.701135759000067 ], [ 106.656442053000035, 35.703279443000042 ], [ 106.632172267000044, 35.712082537000072 ], [ 106.618767095000067, 35.726060434000033 ], [ 106.613853643000084, 35.733735490000072 ], [ 106.544134230000054, 35.741828564000059 ], [ 106.51966602400006, 35.744260872000041 ], [ 106.486049911000066, 35.735658364000074 ], [ 106.459575051000058, 35.718375178000031 ], [ 106.431253780000077, 35.689630562000048 ], [ 106.429231882000067, 35.676164994000032 ], [ 106.452997742000036, 35.576689411000075 ], [ 106.482249370000034, 35.484274610000057 ], [ 106.492457451000064, 35.404800525000041 ], [ 106.497492820000048, 35.354439709000076 ], [ 106.482737032000045, 35.32755282800008 ], [ 106.458215374000076, 35.309839988000078 ], [ 106.358457857000076, 35.238748990000033 ], [ 106.327596120000067, 35.255212094000058 ], [ 106.115813624000054, 35.373953325000059 ], [ 106.06036967700004, 35.504350733000024 ], [ 105.810614362000081, 35.576866454000026 ], [ 105.56057691500007, 35.689167242000053 ], [ 105.476025608000043, 35.727872382000044 ], [ 105.326882366000063, 35.894359505000068 ], [ 105.31974871400007, 35.90553989700004 ], [ 105.320694919000061, 35.940997443000072 ], [ 105.328309489000048, 36.000723752000056 ], [ 105.339258115000064, 36.034273918000054 ], [ 105.387088395000035, 36.077105218000042 ], [ 105.433484199000077, 36.103756640000029 ], [ 105.482985167000038, 36.100662509000074 ], [ 105.509635598000045, 36.15015581800003 ], [ 105.361812875000055, 36.473786167000071 ], [ 105.34554666300005, 36.509349531000055 ], [ 105.31745449500005, 36.535902449000048 ], [ 105.268533426000033, 36.561818738000056 ], [ 105.216324179000082, 36.635883787000068 ], [ 105.203720257000043, 36.679161862000058 ], [ 105.198150757000064, 36.705066799000065 ], [ 105.23426179900008, 36.741088863000073 ], [ 105.27358494300006, 36.752889664000065 ], [ 105.30832259400006, 36.741477628000041 ], [ 105.336598040000069, 36.764493689000062 ], [ 105.327602881000075, 36.806903 ], [ 105.160583477000046, 36.994766064000032 ], [ 104.961793851000039, 37.031129505000024 ], [ 104.852889188000063, 37.211904385000025 ], [ 104.800061780000078, 37.234746587000075 ], [ 104.772930842000051, 37.245929239000077 ], [ 104.71463267200005, 37.209047259000045 ], [ 104.646339961000081, 37.204048835000037 ], [ 104.625404337000077, 37.203812975000062 ], [ 104.597327397000072, 37.238553025000044 ], [ 104.607749613000067, 37.278539512000066 ], [ 104.71382447700006, 37.347761736000052 ], [ 104.675852098000064, 37.407972224000048 ], [ 104.631112018000067, 37.418920562000039 ], [ 104.529981363000047, 37.429155511000033 ], [ 104.364845709000065, 37.418921882000063 ], [ 104.281599005000032, 37.42993793800008 ] ] } },
{ "type": "Feature", "properties": { "FNODE_": 68, "TNODE_": 61, "LPOLY_": 10, "RPOLY_": 21, "LENGTH": 265167.0, "BOUNT_": 76, "BOUNT_ID": 303, "GEO_CODE": 61030, "BCODE": 1441, "BNAME": "晋豫线", "BountName": "省区直", "SHAPE_Leng": 2.7134857269500001 }, "geometry": { "type": "LineString", "coordinates": [ [ 112.048166625000022, 35.051925177000044 ], [ 112.05550611000001, 35.070215198000028 ], [ 112.060183031000065, 35.136419684000032 ], [ 112.044946912000114, 35.17829589400003 ], [ 112.033586549, 35.198318628000038 ], [ 112.045397619000028, 35.272031366000078 ], [ 112.050768793000088, 35.281175158000053 ], [ 112.407979656000066, 35.239692114000036 ], [ 112.70093358500003, 35.192164120000029 ], [ 112.750831623000067, 35.20441224700005 ], [ 112.920338744000105, 35.250798899000074 ], [ 113.120013816000096, 35.33121899300005 ], [ 113.142239381000081, 35.349854489000052 ], [ 113.147663474000069, 35.377964138000038 ], [ 113.18387455300001, 35.440260979000072 ], [ 113.318826927000032, 35.471849521000024 ], [ 113.492439296000043, 35.550422354000034 ], [ 113.618389512000022, 35.633027480000067 ], [ 113.616673088000084, 35.675871393000079 ], [ 113.599445772000081, 35.716636667000046 ], [ 113.581966936000072, 35.751433168000062 ], [ 113.573482978000015, 35.790235475000031 ], [ 113.577145506000079, 35.822357105000037 ], [ 113.638999538, 35.920176448000063 ], [ 113.668236191, 35.985110276000057 ], [ 113.678528822000089, 36.05637273800005 ], [ 113.695368767000105, 36.204516992000038 ], [ 113.722134086000096, 36.30920842200004 ], [ 113.736859824000021, 36.359170479000056 ] ] } },
{ "type": "Feature", "properties": { "FNODE_": 69, "TNODE_": 65, "LPOLY_": 19, "RPOLY_": 22, "LENGTH": 64942.4, "BOUNT_": 77, "BOUNT_ID": 60, "GEO_CODE": 61030, "BCODE": 3237, "BNAME": "苏鲁线", "BountName": "省区直", "SHAPE_Leng": 0.65923890308499999 }, "geometry": { "type": "LineString", "coordinates": [ [ 116.369054993000077, 34.637170009000045 ], [ 116.404328766000049, 34.850779985000031 ], [ 116.438615945000038, 34.897019164000028 ], [ 116.654572121000115, 34.937244613000075 ], [ 116.742366537000066, 34.924564362000069 ], [ 116.773381002000065, 34.963191491000032 ], [ 116.792294748000018, 34.977856305000046 ], [ 116.795151818000022, 34.976154913000073 ] ] } },
{ "type": "Feature", "properties": { "FNODE_": 69, "TNODE_": 70, "LPOLY_": 24, "RPOLY_": 19, "LENGTH": 17395.2, "BOUNT_": 78, "BOUNT_ID": 61, "GEO_CODE": 61030, "BCODE": 3437, "BNAME": "皖鲁线", "BountName": "省区直", "SHAPE_Leng": 0.18790778838300001 }, "geometry": { "type": "LineString", "coordinates": [ [ 116.369054993000077, 34.637170009000045 ], [ 116.192909723000071, 34.571731635000049 ] ] } },
{ "type": "Feature", "properties": { "FNODE_": 71, "TNODE_": 64, "LPOLY_": 19, "RPOLY_": 22, "LENGTH": 271273.0, "BOUNT_": 79, "BOUNT_ID": 62, "GEO_CODE": 61030, "BCODE": 3237, "BNAME": "苏鲁线", "BountName": "省区直", "SHAPE_Leng": 2.7974861072000001 }, "geometry": { "type": "LineString", "coordinates": [ [ 117.31949140100005, 34.458731574000069 ], [ 117.584602669000105, 34.46269390100008 ], [ 117.791053648000116, 34.52424478100005 ], [ 117.791022566000038, 34.536960108000073 ], [ 117.787490393000098, 34.593208384000036 ], [ 117.787482995000119, 34.655183987000044 ], [ 117.946385102000022, 34.679228128000034 ], [ 117.981335789000013, 34.675014555000075 ], [ 118.08857756000009, 34.656848353000044 ], [ 118.170984133000047, 34.548153623000076 ], [ 118.15717397200001, 34.502033904000029 ], [ 118.164704144000098, 34.383916549000048 ], [ 118.198761505000107, 34.378644275000056 ], [ 118.210756294000021, 34.378823122000028 ], [ 118.371458328000017, 34.413931966000064 ], [ 118.407081769000115, 34.443119865000028 ], [ 118.425819907000118, 34.504057042000056 ], [ 118.427926165000031, 34.543109722000054 ], [ 118.418282286000021, 34.58250492600007 ], [ 118.41941263800004, 34.612713012000029 ], [ 118.456499700000109, 34.652354799000079 ], [ 118.521802811000043, 34.712001574000055 ], [ 118.547726689000115, 34.714480988000048 ], [ 118.584273665000069, 34.716834034000044 ], [ 118.594909126000061, 34.716602608000073 ], [ 118.671106311000017, 34.69823169600005 ], [ 118.796209196000063, 34.847777465000036 ], [ 118.854103838000015, 35.024836399000037 ], [ 118.917247356000075, 35.051226684000028 ], [ 119.237653495000018, 35.127351989000033 ], [ 119.266797094000026, 35.118742663000035 ], [ 119.285177908000037, 35.112524507000046 ], [ 119.289183158000014, 35.08845707100005 ] ] } },
{ "type": "Feature", "properties": { "FNODE_": 65, "TNODE_": 71, "LPOLY_": 19, "RPOLY_": 22, "LENGTH": 77074.2, "BOUNT_": 80, "BOUNT_ID": 63, "GEO_CODE": 61038, "BCODE": 3237, "BNAME": "苏鲁线", "BountName": "未分类", "SHAPE_Leng": 0.77058512913599997 }, "geometry": { "type": "LineString", "coordinates": [ [ 116.795151818000022, 34.976154913000073 ], [ 116.920143462000055, 34.901651138000034 ], [ 117.066561883000077, 34.702715688000069 ], [ 117.096683142000074, 34.648862577000045 ], [ 117.142871882, 34.56419954200004 ], [ 117.2521727190001, 34.45772385500004 ], [ 117.31949140100005, 34.458731574000069 ] ] } },
{ "type": "Feature", "properties": { "FNODE_": 70, "TNODE_": 67, "LPOLY_": 21, "RPOLY_": 19, "LENGTH": 148906.0, "BOUNT_": 81, "BOUNT_ID": 64, "GEO_CODE": 61030, "BCODE": 3741, "BNAME": "鲁豫线", "BountName": "省区直", "SHAPE_Leng": 1.59068504639 }, "geometry": { "type": "LineString", "coordinates": [ [ 116.192909723000071, 34.571731635000049 ], [ 116.164436029000058, 34.565761405000046 ], [ 115.819807178000019, 34.558949505000044 ], [ 115.721652047000021, 34.590610149000042 ], [ 115.690561558000013, 34.600936988000058 ], [ 115.462749249000012, 34.638550923000025 ], [ 115.42248165400008, 34.806125304000034 ], [ 115.391047738000111, 34.832077495000078 ], [ 115.119221454000012, 35.007552024000063 ], [ 114.955467301000112, 34.992910621000078 ], [ 114.875653549000049, 34.998373941000068 ], [ 114.807237696000016, 35.00766773600003 ] ] } },
{ "type": "Feature", "properties": { "FNODE_": 72, "TNODE_": 45, "LPOLY_": 17, "RPOLY_": 10, "LENGTH": 598771.0, "BOUNT_": 82, "BOUNT_ID": 306, "GEO_CODE": 61031, "BCODE": 1461, "BNAME": "晋陕线", "BountName": "省界桩", "SHAPE_Leng": 5.7884543621400004 }, "geometry": { "type": "LineString", "coordinates": [ [ 110.374161788000038, 34.603786609000053 ], [ 110.298060858000042, 34.612878078000051 ], [ 110.23642090900006, 34.650318980000065 ], [ 110.229746503000058, 34.916377882000063 ], [ 110.333479127000089, 35.051736690000041 ], [ 110.39550173400005, 35.284546802000079 ], [ 110.492238490000034, 35.429295988000035 ], [ 110.59919128000007, 35.600145574000067 ], [ 110.608125552000047, 35.638415093000049 ], [ 110.595845958000041, 35.66644937600006 ], [ 110.592814583000063, 35.673365444000069 ], [ 110.550767411000038, 35.867974487000026 ], [ 110.514175189000071, 35.887208369000064 ], [ 110.466003662000048, 36.071495292000066 ], [ 110.445076031000042, 36.165084648000061 ], [ 110.449639063000063, 36.224641302000066 ], [ 110.458733774000052, 36.331403021000028 ], [ 110.484675090000053, 36.402432451000038 ], [ 110.492465021000044, 36.474846381000077 ], [ 110.500522810000064, 36.581374911000069 ], [ 110.450160764000088, 36.736441514000035 ], [ 110.372454539000046, 37.023244127000055 ], [ 110.462957395000046, 37.049972431000072 ], [ 110.517325982000045, 37.099349381000025 ], [ 110.534935627000038, 37.140752721000069 ], [ 110.657437310000034, 37.277778367000053 ], [ 110.701514078000059, 37.34321681800003 ], [ 110.786219614000061, 37.55139050300005 ], [ 110.794307700000047, 37.653327821000062 ], [ 110.747508168000081, 37.755232232000026 ], [ 110.666847951000079, 37.794528384000046 ], [ 110.513523988000088, 37.961411084000076 ], [ 110.49836422900006, 38.030601600000068 ], [ 110.500051084000063, 38.097689629000058 ], [ 110.506170478000058, 38.192750333000049 ], [ 110.517477638000059, 38.210501047000037 ], [ 110.579873313000064, 38.302499709000074 ], [ 110.656406101000073, 38.304649176000055 ], [ 110.846132886000078, 38.440250896000066 ], [ 110.873843560000068, 38.462675731000047 ], [ 110.90284433000005, 38.52172358200005 ], [ 110.917280077000044, 38.581565494000074 ], [ 110.885357878000036, 38.609472443000072 ], [ 110.883649069000057, 38.650879718000056 ], [ 110.915671079000049, 38.709940650000078 ], [ 111.014177837000034, 38.878843882000069 ], [ 111.12103981000007, 39.052733735000061 ], [ 111.169206140000085, 39.124163701000043 ], [ 111.20772123100005, 39.23235913700006 ], [ 111.205577618000063, 39.276045568000029 ], [ 111.181865299000037, 39.353705929000057 ], [ 111.322227966000071, 39.41718620000006 ] ] } },
{ "type": "Feature", "properties": { "FNODE_": 68, "TNODE_": 72, "LPOLY_": 21, "RPOLY_": 10, "LENGTH": 171285.0, "BOUNT_": 83, "BOUNT_ID": 304, "GEO_CODE": 61031, "BCODE": 1441, "BNAME": "晋豫线", "BountName": "省界桩", "SHAPE_Leng": 1.83998973679 }, "geometry": { "type": "LineString", "coordinates": [ [ 112.048166625000022, 35.051925177000044 ], [ 112.0066308910001, 35.067330431000073 ], [ 111.949988697000038, 35.081872670000052 ], [ 111.887052091000044, 35.076625106000051 ], [ 111.814516867000066, 35.069581453000069 ], [ 111.667921341000067, 34.988724433000073 ], [ 111.620250961000067, 34.922617372000047 ], [ 111.567179197000087, 34.848977830000024 ], [ 111.493255691000059, 34.83249055400006 ], [ 111.380825453000057, 34.814652487000046 ], [ 111.343878122000035, 34.827288940000074 ], [ 111.284631361000038, 34.807670864000045 ], [ 111.21827649100004, 34.790200489000028 ], [ 111.147817180000061, 34.815080032000026 ], [ 111.055849476000049, 34.753357177000055 ], [ 110.960639374000039, 34.703832986000066 ], [ 110.907689623000067, 34.678254775000028 ], [ 110.669736696000086, 34.591404682000075 ], [ 110.535165613000061, 34.584378511000068 ], [ 110.374161788000038, 34.603786609000053 ] ] } },
{ "type": "Feature", "properties": { "FNODE_": 74, "TNODE_": 75, "LPOLY_": 16, "RPOLY_": 25, "LENGTH": 66891.9, "BOUNT_": 84, "BOUNT_ID": 309, "GEO_CODE": 61031, "BCODE": 5163, "BNAME": "川青线", "BountName": "省界桩", "SHAPE_Leng": 0.71101056094399995 }, "geometry": { "type": "LineString", "coordinates": [ [ 97.698937260000037, 34.138580103000038 ], [ 97.713590897000074, 34.144097920000036 ], [ 97.76164508800008, 34.162196198000061 ], [ 97.777184564000038, 34.177794028000051 ], [ 97.795559079000043, 34.19956260400005 ], [ 97.809262290000049, 34.209987743000056 ], [ 97.874456800000075, 34.20793560900006 ], [ 97.898055613000054, 34.21224621600004 ], [ 97.940483469000071, 34.200573560000066 ], [ 97.988863103000085, 34.161731338000038 ], [ 98.007731315000058, 34.151010760000077 ], [ 98.02371484300005, 34.129027406000034 ], [ 98.047122775000048, 34.120516341000041 ], [ 98.076092283000037, 34.121726509000041 ], [ 98.082508597000071, 34.126929 ], [ 98.09876014200006, 34.124499230000026 ], [ 98.130209139000044, 34.109866115000045 ], [ 98.150122691000036, 34.110402902000033 ], [ 98.187866287000077, 34.094177926000043 ], [ 98.192398479000076, 34.094880348000061 ], [ 98.203987468000037, 34.084209804000068 ], [ 98.213921267000046, 34.083345898000061 ], [ 98.221215469000072, 34.08702657300006 ], [ 98.252847576000079, 34.085152120000032 ], [ 98.270128483000065, 34.090970946000027 ], [ 98.284563839000043, 34.088539837000042 ], [ 98.313609814000074, 34.094212103000075 ], [ 98.33781902000004, 34.101263872000061 ] ] } },
{ "type": "Feature", "properties": { "FNODE_": 76, "TNODE_": 73, "LPOLY_": 8, "RPOLY_": 16, "LENGTH": 57819.1, "BOUNT_": 85, "BOUNT_ID": 307, "GEO_CODE": 61031, "BCODE": 6263, "BNAME": "甘青线", "BountName": "省界桩", "SHAPE_Leng": 0.60751326103400005 }, "geometry": { "type": "LineString", "coordinates": [ [ 101.713826200000085, 34.085268166000048 ], [ 101.650972639000088, 34.121897840000031 ], [ 101.656161043000054, 34.149573168000074 ], [ 101.61732616200004, 34.184246851000069 ], [ 101.47717808200008, 34.223543199000062 ], [ 101.321953453000049, 34.271522570000059 ], [ 101.237127690000079, 34.298694674000046 ], [ 101.210643149000077, 34.349676637000073 ] ] } },
{ "type": "Feature", "properties": { "FNODE_": 76, "TNODE_": 51, "LPOLY_": 16, "RPOLY_": 8, "LENGTH": 1546860.0, "BOUNT_": 86, "BOUNT_ID": 51, "GEO_CODE": 61030, "BCODE": 6263, "BNAME": "甘青线", "BountName": "省区直", "SHAPE_Leng": 16.291648568799999 }, "geometry": { "type": "LineString", "coordinates": [ [ 101.713826200000085, 34.085268166000048 ], [ 101.733975500000042, 34.084695168000053 ], [ 101.745129746000032, 34.089524854000047 ], [ 101.754880538000066, 34.101198143000033 ], [ 101.760450354000056, 34.119065887000033 ], [ 101.760488290000069, 34.123786142000029 ], [ 101.784544607000043, 34.133023716000025 ], [ 101.849556520000078, 34.140979643000037 ], [ 101.869897189000085, 34.137846869000043 ], [ 101.919710943000041, 34.123141272000055 ], [ 101.955516628000055, 34.110279626000079 ], [ 102.14622698900007, 34.275889818000053 ], [ 102.165018658000065, 34.307513798000059 ], [ 102.188579158000039, 34.35760599300005 ], [ 102.171031099000061, 34.462810101000059 ], [ 102.168742246000079, 34.473880224000027 ], [ 102.152865056000053, 34.509171974000026 ], [ 102.084435262000056, 34.537154031000057 ], [ 102.022581883000043, 34.539522839000028 ], [ 101.974553547000085, 34.548731466000049 ], [ 101.934391208000079, 34.586998522000044 ], [ 101.919437145000074, 34.619134054000028 ], [ 101.915538713000046, 34.668164181000066 ], [ 101.913242271000058, 34.718771500000059 ], [ 101.928349165000043, 34.844187886000043 ], [ 102.087968812000042, 34.979630989000043 ], [ 102.121859653000058, 35.004034188000048 ], [ 102.168514796000068, 35.030529178000052 ], [ 102.240416459000073, 35.050983114000076 ], [ 102.265113359000054, 35.053597416000059 ], [ 102.289009416000056, 35.067970815000024 ], [ 102.401431977000072, 35.177657299000032 ], [ 102.398754265000036, 35.18888899500007 ], [ 102.365130626000052, 35.265569422000056 ], [ 102.337564689000033, 35.28482050100007 ], [ 102.291954778000047, 35.31810452600007 ], [ 102.284432322000043, 35.365697363000038 ], [ 102.280854067000064, 35.394979834000026 ], [ 102.289620690000049, 35.421195814000043 ], [ 102.501525962000073, 35.586238589000061 ], [ 102.531731620000073, 35.575010991000056 ], [ 102.553849811000077, 35.563055051000049 ], [ 102.741408878000072, 35.494113330000062 ], [ 102.778237016000048, 35.526426381000078 ], [ 102.803964286000053, 35.558996003000061 ], [ 102.798478394000085, 35.573196046000078 ], [ 102.760048109000081, 35.614007102000073 ], [ 102.702895151000064, 35.710462689000053 ], [ 102.682981826000059, 35.770926938000059 ], [ 102.69457138100006, 35.797650807000025 ], [ 102.710608940000043, 35.822507683000026 ], [ 102.77250039900008, 35.860125217000075 ], [ 102.825060675000032, 35.861808932000031 ], [ 102.946056853000073, 35.836718332000032 ], [ 102.940115526000056, 35.926971957000035 ], [ 102.933623337000085, 36.10287667800003 ], [ 102.986275550000073, 36.194315108000069 ], [ 103.007188356000086, 36.202992390000077 ], [ 103.071971642000051, 36.211926949000031 ], [ 102.830311431000041, 36.370956493000051 ], [ 102.721696734000034, 36.614428530000055 ], [ 102.610983546000057, 36.674949049000077 ], [ 102.718568910000045, 36.772186624000028 ], [ 102.451387706000048, 36.970368574000076 ], [ 102.555135756000084, 37.093599977000054 ], [ 102.637604305000082, 37.113995632000069 ], [ 102.600753553000061, 37.169765482000059 ], [ 102.417413809000038, 37.297769131000052 ], [ 102.298483613000087, 37.369506591000061 ], [ 102.185183706000032, 37.42679835000007 ], [ 102.123322789000042, 37.484125027000061 ], [ 102.114770032000081, 37.512238588000059 ], [ 102.126008549000062, 37.54825683100006 ], [ 102.022360568000067, 37.691817339000067 ], [ 101.995710115000065, 37.725871913000049 ], [ 101.969494950000069, 37.72707396900006 ], [ 101.928516123000065, 37.72234166100003 ], [ 101.914645509000081, 37.70901623900005 ], [ 101.862161034000053, 37.658296004000078 ], [ 101.811660735000032, 37.68154060300003 ], [ 101.66219658600005, 37.757562785000061 ], [ 101.613000709000062, 37.811453963000076 ], [ 101.595750233000047, 37.828020389000073 ], [ 101.49685501600004, 37.858154245000037 ], [ 101.440334939000081, 37.867895033000025 ], [ 101.376902018000067, 37.821491092000031 ], [ 101.338128121000068, 37.802109152000071 ], [ 101.206776651000041, 37.847094351000067 ], [ 101.156306551000057, 37.872034518000078 ], [ 101.12065341300007, 37.916148580000026 ], [ 101.100198262000049, 37.946244042000046 ], [ 100.990469153000049, 37.997576595000055 ], [ 100.960965673000032, 38.010432557000058 ], [ 100.93182822700004, 38.006596890000026 ], [ 100.915515747000086, 37.99908539300003 ], [ 100.921078063000039, 38.148343179000051 ], [ 100.935109082000054, 38.160827595000057 ], [ 100.919697179000082, 38.171707668000067 ], [ 100.749701465000044, 38.23891485200005 ], [ 100.709485661000087, 38.249151340000026 ], [ 100.636928081000065, 38.266701517000058 ], [ 100.29614311000006, 38.38832375800007 ], [ 100.239272035000056, 38.43877113700006 ], [ 100.211904596000068, 38.453999421000049 ], [ 100.061997652000059, 38.518956510000066 ], [ 100.054261033000046, 38.520149563000075 ], [ 100.023330913000052, 38.509083686000054 ], [ 99.998664008000048, 38.471675585000071 ], [ 100.179440056000033, 38.24127704600005 ], [ 100.117792675000032, 38.244956738000042 ], [ 99.654979349000087, 38.440553485000066 ], [ 99.58477976000006, 38.498017378000043 ], [ 99.462590998000053, 38.605456036000078 ], [ 99.222738632000073, 38.793436299000064 ], [ 98.813333260000036, 39.085289375000059 ], [ 98.759917792000067, 39.08850171000006 ], [ 98.744803686000068, 39.086474484000064 ], [ 98.705304996000052, 39.044241544000045 ], [ 98.690907877000086, 39.021279055000036 ], [ 98.615236504000052, 38.946921319000069 ], [ 98.586450322000076, 38.930142579000062 ], [ 98.577050674000077, 38.92907355300008 ], [ 98.48936283200004, 38.946326020000072 ], [ 98.441410891000032, 38.96322019400003 ], [ 98.244390717000044, 38.880171308000058 ], [ 98.093255506000048, 38.781527658000073 ], [ 97.679485878000037, 39.006047485000067 ], [ 97.463902318000066, 39.118006682000043 ], [ 97.343377264000083, 39.17487690400003 ], [ 97.194065067000054, 39.196531695000033 ], [ 97.02118531800005, 39.210572800000079 ], [ 96.980977511000049, 39.20581294200008 ], [ 96.961743476000038, 39.198394811000071 ], [ 97.006643716000042, 39.135942563000071 ], [ 96.970860642000048, 39.103607614000055 ], [ 96.963009241000066, 39.077796084000056 ], [ 96.934574040000086, 38.974641407000036 ], [ 96.934573704000059, 38.958461573000079 ], [ 96.937908564000054, 38.908010750000074 ], [ 96.950993280000034, 38.891237403000048 ], [ 97.030233743000053, 38.679224717000068 ], [ 97.054130202000067, 38.592906009000046 ], [ 97.017858809000074, 38.575120179000066 ], [ 96.986447669000086, 38.562149503000057 ], [ 96.93064458200007, 38.554893295000056 ], [ 96.840698857000064, 38.589632892000054 ], [ 96.809051155000077, 38.607361036000043 ], [ 96.664611987000058, 38.495890726000027 ], [ 96.686412128000086, 38.417854950000049 ], [ 96.620965229000035, 38.34257767400004 ], [ 96.650697862000072, 38.294216997000035 ], [ 96.655695640000033, 38.277081846000044 ], [ 96.664255385000047, 38.222235607000073 ], [ 96.58583059700004, 38.242243459000065 ], [ 96.500783408000075, 38.264353936000077 ], [ 96.442248889000041, 38.278987746000041 ], [ 96.396921526000085, 38.281838506000042 ], [ 96.374787410000067, 38.276128515000039 ], [ 96.333801124000047, 38.246326175000036 ], [ 96.300070783000081, 38.182970153000042 ], [ 96.306021700000088, 38.17523763500003 ], [ 96.309828875000051, 38.159531611000034 ], [ 96.271634655000071, 38.145260628000074 ], [ 96.207271663000085, 38.148469327000043 ], [ 96.198702982000043, 38.14930380100003 ], [ 96.062240116000055, 38.172503129000063 ], [ 96.054976715000066, 38.175001519000034 ], [ 95.933619852000049, 38.240319450000072 ], [ 95.851051331000065, 38.287315144000047 ], [ 95.610123532000046, 38.339782267000032 ], [ 95.533742988000085, 38.313252788000057 ], [ 95.401796483000055, 38.300878852000039 ], [ 95.288175537000086, 38.308254039000076 ], [ 95.253430351000077, 38.312420653000061 ], [ 95.209415181000054, 38.323245369000063 ], [ 95.193110815000068, 38.354060911000033 ], [ 95.189898323000079, 38.37166654400005 ], [ 95.120415128000047, 38.416048640000042 ], [ 94.963366829000051, 38.429847398000049 ], [ 94.653077954000082, 38.384158434000028 ], [ 94.582762701000036, 38.369409874000041 ], [ 94.549838479000073, 38.35152223700004 ] ] } },
{ "type": "Feature", "properties": { "FNODE_": 78, "TNODE_": 69, "LPOLY_": 24, "RPOLY_": 22, "LENGTH": 291574.0, "BOUNT_": 87, "BOUNT_ID": 66, "GEO_CODE": 61030, "BCODE": 3234, "BNAME": "苏皖线", "BountName": "省区直", "SHAPE_Leng": 2.96482091284 }, "geometry": { "type": "LineString", "coordinates": [ [ 118.054489936000095, 33.164998630000071 ], [ 117.980989051000051, 33.217527110000049 ], [ 117.966073716000096, 33.28111614900007 ], [ 118.043592499000056, 33.496009887000071 ], [ 118.101562483000066, 33.531411868000077 ], [ 118.10707125700003, 33.619039962000045 ], [ 118.149858657000095, 33.72370494300003 ], [ 118.099923599000022, 33.765285937000044 ], [ 118.065385046000074, 33.767463231000079 ], [ 117.98834109400002, 33.752777536000053 ], [ 117.961789659000033, 33.76160810500005 ], [ 117.895747623000034, 33.722011680000037 ], [ 117.829148115000066, 33.73944128800008 ], [ 117.80788524500008, 33.736576987000035 ], [ 117.750846382000077, 33.719457268000042 ], [ 117.752724310000076, 33.88297284600003 ], [ 117.487146644000063, 34.048014530000046 ], [ 117.349906291000025, 34.091466605000051 ], [ 117.263370543000065, 34.076310987000056 ], [ 117.226160539000034, 34.063408872000025 ], [ 117.185975769000038, 34.068191476000038 ], [ 117.142998239, 34.080224353000062 ], [ 117.02187166300007, 34.170414751000067 ], [ 116.967450439000118, 34.296246433000078 ], [ 116.95934008800009, 34.321100028000046 ], [ 116.953992370000037, 34.367537693000031 ], [ 116.96476536800003, 34.39287968800005 ], [ 116.761825590000058, 34.457505096000034 ], [ 116.604061348000073, 34.483866944000056 ], [ 116.486108516000058, 34.590744103000077 ], [ 116.369054993000077, 34.637170009000045 ] ] } },
{ "type": "Feature", "properties": { "FNODE_": 73, "TNODE_": 80, "LPOLY_": 8, "RPOLY_": 16, "LENGTH": 201078.0, "BOUNT_": 88, "BOUNT_ID": 68, "GEO_CODE": 61030, "BCODE": 6263, "BNAME": "甘青线", "BountName": "省区直", "SHAPE_Leng": 2.0432711809600002 }, "geometry": { "type": "LineString", "coordinates": [ [ 101.210643149000077, 34.349676637000073 ], [ 101.181965206000086, 34.327070707000075 ], [ 101.166255885000055, 34.320645210000066 ], [ 101.051834592000034, 34.32536818400007 ], [ 101.007369193000045, 34.358159698000065 ], [ 100.990522922000082, 34.372535913000036 ], [ 100.951184751000085, 34.382064545000048 ], [ 100.890307920000055, 34.373218769000061 ], [ 100.819474618000072, 34.32094726300005 ], [ 100.803116444000068, 34.289169677000075 ], [ 100.761565488000087, 34.180173266000054 ], [ 100.925411136000037, 33.976378878000048 ], [ 100.994497271000057, 33.891859096000076 ], [ 101.033736383000075, 33.878997297000069 ], [ 101.185527464000074, 33.795702213000027 ], [ 101.172892669000078, 33.733249608000051 ], [ 101.231045530000074, 33.687239828000031 ], [ 101.310316986000032, 33.665544930000067 ], [ 101.386453184000061, 33.646516602000077 ], [ 101.416200951000064, 33.654603204000068 ], [ 101.426394038000069, 33.66876402500003 ], [ 101.437800567000068, 33.689345411000033 ], [ 101.503094671000042, 33.70343611100003 ], [ 101.587203745000068, 33.673124673000075 ], [ 101.584998613000039, 33.640470680000078 ], [ 101.617210707000083, 33.515839430000028 ], [ 101.628456716000073, 33.494225308000068 ], [ 101.722018708000064, 33.497669835000067 ], [ 101.744503142000042, 33.506585705000077 ], [ 101.765576270000054, 33.540806810000049 ] ] } },
{ "type": "Feature", "properties": { "FNODE_": 78, "TNODE_": 81, "LPOLY_": 22, "RPOLY_": 24, "LENGTH": 54513.9, "BOUNT_": 89, "BOUNT_ID": 310, "GEO_CODE": 61031, "BCODE": 3234, "BNAME": "苏皖线", "BountName": "省界桩", "SHAPE_Leng": 0.54470145676100001 }, "geometry": { "type": "LineString", "coordinates": [ [ 118.054489936000095, 33.164998630000071 ], [ 118.145658372000071, 33.173453068000072 ], [ 118.213448202000109, 33.166837931000032 ], [ 118.21880301300007, 33.079392042000052 ], [ 118.254493708000041, 32.977665198000068 ], [ 118.298303671000099, 32.966542043000061 ], [ 118.31640427100001, 32.961939467000036 ], [ 118.283729202000018, 32.92044704500006 ], [ 118.249090558000034, 32.882838074000063 ], [ 118.232267147000016, 32.868983454000045 ] ] } },
{ "type": "Feature", "properties": { "FNODE_": 79, "TNODE_": 82, "LPOLY_": 22, "RPOLY_": 24, "LENGTH": 22983.1, "BOUNT_": 90, "BOUNT_ID": 279, "GEO_CODE": 61034, "BCODE": 3234, "BNAME": "苏皖线", "BountName": "未分类", "SHAPE_Leng": 0.22698165663200001 }, "geometry": { "type": "LineString", "coordinates": [ [ 119.047185655000021, 32.879422433000059 ], [ 119.204697405000047, 32.715988284000048 ] ] } },
{ "type": "Feature", "properties": { "FNODE_": 83, "TNODE_": 77, "LPOLY_": 8, "RPOLY_": 25, "LENGTH": 100987.0, "BOUNT_": 91, "BOUNT_ID": 308, "GEO_CODE": 61031, "BCODE": 5162, "BNAME": "川甘线", "BountName": "省界桩", "SHAPE_Leng": 1.01654263304 }, "geometry": { "type": "LineString", "coordinates": [ [ 102.152961842000082, 33.344397180000044 ], [ 102.221720121000033, 33.385552405000055 ], [ 102.473886749000087, 33.463822643000071 ], [ 102.448672720000047, 33.56658512000007 ], [ 102.335348489000069, 33.62025068500003 ], [ 102.31393223200007, 33.674980897000069 ], [ 102.338919272000055, 33.733278850000033 ], [ 102.253254188000085, 33.856421069000078 ], [ 102.159860435000041, 33.952195463000066 ], [ 102.129525067000088, 33.970041298000069 ] ] } },
{ "type": "Feature", "properties": { "FNODE_": 79, "TNODE_": 81, "LPOLY_": 24, "RPOLY_": 22, "LENGTH": 109496.0, "BOUNT_": 92, "BOUNT_ID": 69, "GEO_CODE": 61030, "BCODE": 3234, "BNAME": "苏皖线", "BountName": "省区直", "SHAPE_Leng": 1.11867869737 }, "geometry": { "type": "LineString", "coordinates": [ [ 119.047185655000021, 32.879422433000059 ], [ 119.039083041000026, 32.912972048000029 ], [ 119.014851329000066, 32.958507434000069 ], [ 118.989871703000063, 32.964613228000076 ], [ 118.862442829000088, 32.960610007000071 ], [ 118.842072271, 32.957724020000057 ], [ 118.742023526000025, 32.857496558000037 ], [ 118.734806598000091, 32.843993623000074 ], [ 118.728534838000087, 32.772310028000049 ], [ 118.752154957000016, 32.740196123000032 ], [ 118.694925856000054, 32.721610444000078 ], [ 118.417665942000099, 32.718118249000042 ], [ 118.36404509700003, 32.720898126000066 ], [ 118.316842037000015, 32.76613894500008 ], [ 118.245390573, 32.846865150000042 ], [ 118.232267147000016, 32.868983454000045 ] ] } },
{ "type": "Feature", "properties": { "FNODE_": 84, "TNODE_": 72, "LPOLY_": 17, "RPOLY_": 21, "LENGTH": 173237.0, "BOUNT_": 93, "BOUNT_ID": 70, "GEO_CODE": 61030, "BCODE": 4161, "BNAME": "豫陕线", "BountName": "省区直", "SHAPE_Leng": 1.6687720177900001 }, "geometry": { "type": "LineString", "coordinates": [ [ 110.987442215000044, 33.254057454000076 ], [ 111.028436448000036, 33.335112293000066 ], [ 111.027140146000079, 33.485285927000064 ], [ 111.003984998000078, 33.560693903000072 ], [ 110.775975202000041, 33.792463842000075 ], [ 110.702212427000063, 33.837027670000055 ], [ 110.665170694000039, 33.848888724000062 ], [ 110.609100684000055, 33.851635363000071 ], [ 110.593688955000061, 33.872058865000042 ], [ 110.584289332000083, 33.901205257000072 ], [ 110.575340562000065, 34.045370529000024 ], [ 110.58693788000005, 34.106344757000045 ], [ 110.432072704000063, 34.245433536000064 ], [ 110.35557192300007, 34.527548649000039 ], [ 110.359333462000052, 34.567997266000077 ], [ 110.374161788000038, 34.603786609000053 ] ] } },
{ "type": "Feature", "properties": { "FNODE_": 80, "TNODE_": 83, "LPOLY_": 8, "RPOLY_": 25, "LENGTH": 93595.0, "BOUNT_": 94, "BOUNT_ID": 71, "GEO_CODE": 61030, "BCODE": 5162, "BNAME": "川甘线", "BountName": "省区直", "SHAPE_Leng": 0.92690698230199997 }, "geometry": { "type": "LineString", "coordinates": [ [ 101.765576270000054, 33.540806810000049 ], [ 101.844344591000038, 33.605169557000067 ], [ 101.905587173000072, 33.544892866000055 ], [ 101.908775707000075, 33.483404646000054 ], [ 101.922852856000077, 33.456748555000047 ], [ 101.872375038000087, 33.333536998000056 ], [ 101.977938222000034, 33.203384017000076 ], [ 102.057904156000063, 33.198978140000065 ], [ 102.103392060000033, 33.300299131000031 ], [ 102.202294905000088, 33.321119315000033 ], [ 102.185769175000075, 33.327844437000067 ], [ 102.152961842000082, 33.344397180000044 ] ] } },
{ "type": "Feature", "properties": { "FNODE_": 74, "TNODE_": 85, "LPOLY_": 25, "RPOLY_": 16, "LENGTH": 186733.0, "BOUNT_": 95, "BOUNT_ID": 67, "GEO_CODE": 61030, "BCODE": 5163, "BNAME": "川青线", "BountName": "省区直", "SHAPE_Leng": 1.84548774543 }, "geometry": { "type": "LineString", "coordinates": [ [ 97.698937260000037, 34.138580103000038 ], [ 97.699027008000087, 34.13584159800007 ], [ 97.70222579700004, 34.037780802000043 ], [ 97.652968918000056, 33.949025394000046 ], [ 97.637976774000037, 33.923801052000044 ], [ 97.517092933000072, 33.906907764000039 ], [ 97.398597367000036, 33.889536454000051 ], [ 97.406684374000065, 33.632787097000062 ], [ 97.413589632000082, 33.606848902000024 ], [ 97.579915174000064, 33.472644032000062 ], [ 97.753668504000075, 33.407528805000027 ], [ 97.688881102000039, 33.365367803000026 ], [ 97.631552077000038, 33.345576726000047 ], [ 97.619176920000086, 33.331298071000049 ], [ 97.484972181000046, 33.170206820000033 ], [ 97.374800218000075, 32.959377797000059 ], [ 97.336102777000065, 32.884166468000046 ] ] } },
{ "type": "Feature", "properties": { "FNODE_": 86, "TNODE_": 84, "LPOLY_": 17, "RPOLY_": 26, "LENGTH": 204728.0, "BOUNT_": 96, "BOUNT_ID": 72, "GEO_CODE": 61030, "BCODE": 4261, "BNAME": "鄂陕线", "BountName": "省区直", "SHAPE_Leng": 2.16749864271 }, "geometry": { "type": "LineString", "coordinates": [ [ 109.760309565000057, 32.911834808000037 ], [ 109.776828110000054, 32.973522713000079 ], [ 109.795254071000045, 33.067665152000075 ], [ 109.691369303000045, 33.114378115000079 ], [ 109.623748330000069, 33.114935563000074 ], [ 109.438554866000061, 33.147640349000028 ], [ 109.504681279000067, 33.231925118000049 ], [ 109.520115901000054, 33.243216612000026 ], [ 109.864531829000043, 33.249619579000068 ], [ 109.938706713000045, 33.221069042000067 ], [ 110.033824821000053, 33.196853739000062 ], [ 110.211174765000067, 33.163376865000032 ], [ 110.718787826000039, 33.132186475000026 ], [ 110.814829905000067, 33.192829828000072 ], [ 110.86528445600004, 33.215545458000065 ], [ 110.966521864000072, 33.259200050000061 ], [ 110.987442215000044, 33.254057454000076 ] ] } },
{ "type": "Feature", "properties": { "FNODE_": 87, "TNODE_": 59, "LPOLY_": 8, "RPOLY_": 17, "LENGTH": 964660.0, "BOUNT_": 97, "BOUNT_ID": 73, "GEO_CODE": 61030, "BCODE": 6162, "BNAME": "陕甘线", "BountName": "省区直", "SHAPE_Leng": 9.91695638835 }, "geometry": { "type": "LineString", "coordinates": [ [ 105.494365385000037, 32.912990563000051 ], [ 105.580587542000046, 32.88422791000005 ], [ 105.600661066000043, 32.88503950300003 ], [ 105.634330543000033, 32.887004 ], [ 105.856955165000045, 32.943177454000079 ], [ 105.915756772000066, 32.99764360000006 ], [ 105.966044043000068, 33.148546782000039 ], [ 105.970705786000053, 33.163493417000041 ], [ 105.956163910000043, 33.213443922000067 ], [ 105.928621075000081, 33.234021764000033 ], [ 105.90547286900005, 33.245103610000058 ], [ 105.859496789000048, 33.234967167000036 ], [ 105.788564392000069, 33.267521841000075 ], [ 105.744434786000056, 33.29170046400003 ], [ 105.698245426000085, 33.390165048000028 ], [ 105.933253388000082, 33.573785670000063 ], [ 106.025274246000038, 33.598811888000057 ], [ 106.055655388000048, 33.605886819000034 ], [ 106.42573746000005, 33.623032903000023 ], [ 106.44311771200006, 33.618394052000042 ], [ 106.450091008000072, 33.560250490000044 ], [ 106.455980986000043, 33.541231830000072 ], [ 106.464030164000064, 33.526305340000079 ], [ 106.50803772900008, 33.515689278000025 ], [ 106.537900065000088, 33.518680808000056 ], [ 106.554250363000051, 33.532204496000077 ], [ 106.575811816000055, 33.578113801000029 ], [ 106.576269743000069, 33.619306119000044 ], [ 106.571630989000084, 33.636564184000065 ], [ 106.550184294000076, 33.674992278000047 ], [ 106.515561232000039, 33.703743372000076 ], [ 106.482021556000063, 33.739142318000063 ], [ 106.45627180300005, 33.788993904000051 ], [ 106.414164307000078, 33.879686478000053 ], [ 106.412279798000043, 33.884490502000062 ], [ 106.405726057000038, 33.910837573000038 ], [ 106.49439814200008, 34.10959977300007 ], [ 106.552139480000051, 34.22815630000008 ], [ 106.663226759000054, 34.250568213000065 ], [ 106.675113739000039, 34.25649786200006 ], [ 106.695156807000046, 34.277294270000027 ], [ 106.700207635000083, 34.28415043900003 ], [ 106.709149800000034, 34.352563855000028 ], [ 106.70673895200008, 34.37629382700004 ], [ 106.613444289000086, 34.45309701900004 ], [ 106.503814576000082, 34.514678057000026 ], [ 106.470457933000034, 34.528621979000036 ], [ 106.46233243000006, 34.53172746100006 ], [ 106.454161133000071, 34.531823706000068 ], [ 106.366870644000073, 34.525279670000032 ], [ 106.342524533000073, 34.522946760000025 ], [ 106.30594837700005, 34.582148501000063 ], [ 106.307687947000034, 34.588495839000075 ], [ 106.44409825300005, 34.694553972000051 ], [ 106.56366224900006, 34.767864214000042 ], [ 106.574206414000059, 34.779960596000024 ], [ 106.572466931000065, 34.791549312000029 ], [ 106.555224236000072, 34.860200743000064 ], [ 106.533334944000046, 34.879049337000026 ], [ 106.484765045000074, 34.942413348000059 ], [ 106.483483431000082, 34.98800697300004 ], [ 106.48335385200005, 35.021841040000027 ], [ 106.538737499000035, 35.086834006000061 ], [ 106.554652883000074, 35.092525440000031 ], [ 106.730889465000075, 35.103778834000025 ], [ 106.896330079000052, 35.096283781000068 ], [ 106.985680380000076, 35.069421005000038 ], [ 107.040148085000055, 35.025532717000033 ], [ 107.07936409000007, 34.978243818000067 ], [ 107.104671428000074, 34.955176868000024 ], [ 107.187040569000033, 34.884118427000033 ], [ 107.207915071000059, 34.878486505000069 ], [ 107.217185157000074, 34.879157440000029 ], [ 107.246574347000035, 34.882195717000059 ], [ 107.493804585000078, 34.908150781000074 ], [ 107.797821998000074, 34.961210270000038 ], [ 107.854845996000051, 34.990618132000066 ], [ 107.860247744000048, 34.998880902000053 ], [ 107.835436213000037, 35.014730609000026 ], [ 107.81675901300008, 35.025606838000044 ], [ 107.793595473000039, 35.035471459000064 ], [ 107.753181754000082, 35.073940675000074 ], [ 107.664541482000061, 35.215827989000047 ], [ 107.733032771000069, 35.295661469000038 ], [ 107.746750929000086, 35.305793780000045 ], [ 107.767289927000036, 35.306792186000052 ], [ 107.822253527000044, 35.277639531000034 ], [ 107.841411550000089, 35.275030319000052 ], [ 107.867489422000062, 35.259661215000051 ], [ 107.904256597000085, 35.257310994000079 ], [ 107.948103866000054, 35.24839128800005 ], [ 107.964988212000037, 35.242507488000058 ], [ 108.078768899000067, 35.275280807000058 ], [ 108.167165602000068, 35.30622640200005 ], [ 108.218314657000064, 35.303791248000039 ], [ 108.303850133000083, 35.279655494000053 ], [ 108.434453962000077, 35.275230882000074 ], [ 108.577417843000035, 35.293168108000032 ], [ 108.599818312000082, 35.311672084000065 ], [ 108.611858073000064, 35.331277686000078 ], [ 108.632565033000049, 35.399103833000026 ], [ 108.60255081400004, 35.516562628000031 ], [ 108.539354949000085, 35.600860192000027 ], [ 108.520273648000057, 35.647304138000038 ], [ 108.512468783000088, 35.694164939000075 ], [ 108.492304391000062, 35.871944560000031 ], [ 108.512378170000034, 35.902529657000059 ], [ 108.562710777000063, 35.93537737500003 ], [ 108.585836335000067, 35.947286785000074 ], [ 108.626196840000034, 35.937922109000056 ], [ 108.646827526000038, 35.94576132800006 ], [ 108.680733916000065, 36.020218535000026 ], [ 108.708521408000081, 36.143484683000054 ], [ 108.645646895000084, 36.383649213000069 ], [ 108.622163217000036, 36.423576508000053 ], [ 108.608330785000078, 36.438760064000064 ], [ 108.344170926000061, 36.556529926000053 ], [ 108.203084192000063, 36.574729147000028 ], [ 108.056816820000051, 36.593662746000064 ], [ 108.026573151000036, 36.605194891000053 ], [ 108.002349226000035, 36.615861575000054 ], [ 107.936032519000037, 36.658127173000025 ], [ 107.932942646000072, 36.665737728000067 ], [ 107.93486555000004, 36.703478565000069 ], [ 107.897991869000066, 36.750508632000049 ], [ 107.821009078000088, 36.785501870000076 ], [ 107.48525277300007, 36.897127918000024 ], [ 107.391408565000063, 36.903658693000068 ], [ 107.304972553000084, 36.911918142000047 ], [ 107.289797398000076, 36.933451325000078 ], [ 107.275271107000037, 37.063565529000073 ], [ 107.262812033000046, 37.099191259000065 ] ] } },
{ "type": "Feature", "properties": { "FNODE_": 86, "TNODE_": 88, "LPOLY_": 26, "RPOLY_": 17, "LENGTH": 36369.9, "BOUNT_": 98, "BOUNT_ID": 74, "GEO_CODE": 61031, "BCODE": 4261, "BNAME": "鄂陕线", "BountName": "省界桩", "SHAPE_Leng": 0.38691014862099998 }, "geometry": { "type": "LineString", "coordinates": [ [ 109.760309565000057, 32.911834808000037 ], [ 109.879461185000082, 32.904909454000062 ], [ 109.977051405000054, 32.884294933000035 ], [ 110.018159925000077, 32.875196536000033 ], [ 110.103634015000068, 32.830811425000036 ], [ 110.122990382000069, 32.812058354000044 ], [ 110.122593474000041, 32.809642435000058 ] ] } },
{ "type": "Feature", "properties": { "FNODE_": 85, "TNODE_": 89, "LPOLY_": 25, "RPOLY_": 16, "LENGTH": 55276.7, "BOUNT_": 99, "BOUNT_ID": 319, "GEO_CODE": 61031, "BCODE": 5163, "BNAME": "川青线", "BountName": "省界桩", "SHAPE_Leng": 0.55207797889800003 }, "geometry": { "type": "LineString", "coordinates": [ [ 97.336102777000065, 32.884166468000046 ], [ 97.378355422000084, 32.827012696000054 ], [ 97.384344928000075, 32.787846020000075 ], [ 97.426544135000086, 32.704847418000043 ], [ 97.487573318000045, 32.654091658000027 ], [ 97.708748117000084, 32.53448501500003 ], [ 97.72544464200007, 32.529418178000071 ] ] } },
{ "type": "Feature", "properties": { "FNODE_": 75, "TNODE_": 80, "LPOLY_": 16, "RPOLY_": 25, "LENGTH": 626211.0, "BOUNT_": 100, "BOUNT_ID": 75, "GEO_CODE": 61030, "BCODE": 5163, "BNAME": "川青线", "BountName": "省区直", "SHAPE_Leng": 6.1918144975800002 }, "geometry": { "type": "LineString", "coordinates": [ [ 98.33781902000004, 34.101263872000061 ], [ 98.395941274000052, 34.090818045000049 ], [ 98.424651823000033, 34.028575299000067 ], [ 98.405615775000058, 33.937958547000051 ], [ 98.406088785000065, 33.870382413000073 ], [ 98.435355414000071, 33.843016671000044 ], [ 98.534105523000051, 33.751166496000053 ], [ 98.640470230000062, 33.644326093000075 ], [ 98.732559652000077, 33.413750377000042 ], [ 98.756829164000067, 33.280494999000041 ], [ 98.826784602000032, 33.182459759000039 ], [ 98.849391675000049, 33.159615684000073 ], [ 98.90840651600007, 33.125111486000037 ], [ 99.01120005100006, 33.082519430000048 ], [ 99.019531995000079, 33.091322866000041 ], [ 99.059030141000051, 33.085612845000071 ], [ 99.088297524000041, 33.080378702000075 ], [ 99.177289359000042, 33.04682729700005 ], [ 99.203230061000056, 33.025170543000058 ], [ 99.213225020000039, 32.993523025000059 ], [ 99.263480926000057, 32.881982102000052 ], [ 99.319352492000064, 32.884541938000041 ], [ 99.348619876000043, 32.889539242000069 ], [ 99.363375274000077, 32.894300853000061 ], [ 99.374125373000084, 32.901696757000025 ], [ 99.500464503000046, 32.85412635800003 ], [ 99.589188952000086, 32.792216446000054 ], [ 99.60894232000004, 32.782698178000032 ], [ 99.728017560000069, 32.728051786000037 ], [ 99.739339910000069, 32.738916112000027 ], [ 99.76265574100006, 32.781506739000065 ], [ 99.850221572000066, 32.944983120000074 ], [ 99.874254639000071, 32.994475930000078 ], [ 99.874971529000049, 33.048017955000034 ], [ 99.885439495000071, 33.049444089000076 ], [ 99.90304880900004, 33.04635071000007 ], [ 100.034872814000039, 32.929514871000038 ], [ 100.105073191000088, 32.864790822000032 ], [ 100.118394399000067, 32.840996031000032 ], [ 100.129815595000082, 32.717261379000036 ], [ 100.086982956000043, 32.674907090000033 ], [ 100.207630467000058, 32.605422371000031 ], [ 100.260694557000079, 32.745575461000044 ], [ 100.400133040000071, 32.74652934900007 ], [ 100.422396196000079, 32.731578419000073 ], [ 100.541181505000054, 32.572082413000032 ], [ 100.667131142000073, 32.524446847000036 ], [ 100.653787156000078, 32.549504637000041 ], [ 100.658547976000079, 32.61422729800006 ], [ 100.668542742000056, 32.627552521000041 ], [ 100.715419187000066, 32.668481790000044 ], [ 100.777287573000081, 32.640641011000071 ], [ 100.924340709000035, 32.601851307000061 ], [ 100.931245493000063, 32.603996408000057 ], [ 100.998348068000041, 32.632549612000048 ], [ 101.065908443000069, 32.682046153000044 ], [ 101.119633606000036, 32.638364813000067 ], [ 101.191567959000054, 32.689894583000068 ], [ 101.221308264000072, 32.730823292000025 ], [ 101.231539912000073, 32.783887139000058 ], [ 101.234156760000076, 32.822435401000064 ], [ 101.17917828800006, 33.034706344000028 ], [ 101.11727955200007, 33.188475802000028 ], [ 101.112892443000078, 33.198578098000041 ], [ 101.121834395000064, 33.222798445000024 ], [ 101.151925477000077, 33.249106200000028 ], [ 101.180407240000079, 33.271642877000033 ], [ 101.312344286000041, 33.251967361000027 ], [ 101.507511221000073, 33.206990381000026 ], [ 101.558713646000058, 33.161944041000027 ], [ 101.589705110000068, 33.135821793000048 ], [ 101.628638839000075, 33.102994314000057 ], [ 101.658379273000037, 33.137942657000053 ], [ 101.707170972000085, 33.214530844000024 ], [ 101.738009907000048, 33.270809623000048 ], [ 101.771351737000032, 33.501056203000076 ], [ 101.774273779000055, 33.535837534000052 ], [ 101.765576270000054, 33.540806810000049 ] ] } },
{ "type": "Feature", "properties": { "FNODE_": 77, "TNODE_": 87, "LPOLY_": 8, "RPOLY_": 25, "LENGTH": 485097.0, "BOUNT_": 101, "BOUNT_ID": 76, "GEO_CODE": 61030, "BCODE": 5162, "BNAME": "川甘线", "BountName": "省区直", "SHAPE_Leng": 4.9740907405800003 }, "geometry": { "type": "LineString", "coordinates": [ [ 102.129525067000088, 33.970041298000069 ], [ 102.389695068000037, 33.973287131000063 ], [ 102.396142195000039, 34.017024004000064 ], [ 102.424890377000054, 34.075680114000079 ], [ 102.435854293000034, 34.088315679000061 ], [ 102.79161620900004, 34.276460279000048 ], [ 102.876526324000054, 34.314115808000054 ], [ 102.911477489000049, 34.314364734000037 ], [ 102.956171778000055, 34.295881082000051 ], [ 103.113784249000048, 34.173159095000074 ], [ 103.121116166000036, 34.16104004400006 ], [ 103.146301407000067, 34.10447595800008 ], [ 103.143295099000056, 34.037539616000061 ], [ 103.127043964000052, 33.973206370000071 ], [ 103.150313998000058, 33.823665018000042 ], [ 103.154655235000064, 33.811496403000035 ], [ 103.320209995000084, 33.747540980000053 ], [ 103.337468233000038, 33.743800828000076 ], [ 103.811511299000074, 33.678990679000037 ], [ 103.921408237000037, 33.683165011000028 ], [ 104.038026899000045, 33.687219547000041 ], [ 104.074267592000069, 33.67708609500005 ], [ 104.119907947000058, 33.65357266500007 ], [ 104.159299415000078, 33.617653825000048 ], [ 104.174390820000042, 33.595736736000049 ], [ 104.287247398000034, 33.349135434000061 ], [ 104.31518685900005, 33.282662096000024 ], [ 104.414478062000057, 33.033407325000042 ], [ 104.324112657000057, 32.950000326000065 ], [ 104.300682104000032, 32.95392550400004 ], [ 104.282782929000064, 32.939605601000039 ], [ 104.273825662000036, 32.890119877000075 ], [ 104.290442685000073, 32.838357923000046 ], [ 104.458278893000056, 32.750315220000061 ], [ 104.642030177000038, 32.662508927000033 ], [ 104.74099373100006, 32.638059397000063 ], [ 105.105452572000047, 32.597244858000067 ], [ 105.140983653000035, 32.603783319000058 ], [ 105.293820243000084, 32.659432870000046 ], [ 105.344313128000067, 32.687703671000065 ], [ 105.426789344000042, 32.736202949000074 ], [ 105.450128372000052, 32.75126240700007 ], [ 105.38603229000006, 32.832856383000035 ], [ 105.494365385000037, 32.912990563000051 ] ] } },
{ "type": "Feature", "properties": { "FNODE_": 91, "TNODE_": 91, "LPOLY_": 1, "RPOLY_": 27, "LENGTH": 161365.0, "BOUNT_": 102, "BOUNT_ID": 77, "GEO_CODE": 26010, "BCODE": 0, "BNAME": null, "BountName": "海岸线", "SHAPE_Leng": 1.6585398921800001 }, "geometry": { "type": "LineString", "coordinates": [ [ 121.830550090000088, 31.464941525000029 ], [ 121.750447389000101, 31.480958743000031 ], [ 121.62410826100006, 31.522530959000051 ], [ 121.553641406000111, 31.551647788000025 ], [ 121.439137434000031, 31.601088864000076 ], [ 121.322634156000049, 31.658891588000074 ], [ 121.230533095000055, 31.718948268000076 ], [ 121.183637583000063, 31.762717022000061 ], [ 121.177385147000109, 31.778348875000063 ], [ 121.19614411200007, 31.790855269000076 ], [ 121.274303375000045, 31.834624438000048 ], [ 121.371220716000039, 31.822118301000046 ], [ 121.430620857, 31.747084077000068 ], [ 121.578714306000052, 31.671313627000075 ], [ 121.797980125000095, 31.575327724000033 ], [ 121.88210330000004, 31.556338120000078 ], [ 121.892754603000071, 31.538228368000034 ], [ 121.880233120000071, 31.494326363000027 ], [ 121.850974017000112, 31.476320784000052 ], [ 121.830550090000088, 31.464941525000029 ] ] } },
{ "type": "Feature", "properties": { "FNODE_": 92, "TNODE_": 90, "LPOLY_": 1, "RPOLY_": 1, "LENGTH": 125718.0, "BOUNT_": 103, "BOUNT_ID": 78, "GEO_CODE": 61030, "BCODE": 3132, "BNAME": "沪苏线", "BountName": "省区直", "SHAPE_Leng": 1.29036377096 }, "geometry": { "type": "LineString", "coordinates": [ [ 121.324596174000021, 31.506370262000075 ], [ 121.381687055000043, 31.547194751000063 ], [ 121.260270199000047, 31.648079372000041 ], [ 121.19811259800008, 31.693041583000024 ], [ 121.130399674000046, 31.737294061000057 ], [ 121.099218185000041, 31.762954931000024 ], [ 121.170531314000073, 31.819526943000028 ], [ 121.219240057000093, 31.847880024000062 ], [ 121.279001474000097, 31.869840830000044 ], [ 121.30087547800008, 31.872456340000042 ], [ 121.348660853000069, 31.856438784000034 ], [ 121.369877958000075, 31.849243080000065 ], [ 121.411046654000074, 31.799339485000075 ], [ 121.494368977000022, 31.755214009000042 ], [ 121.630671649000078, 31.698222104000024 ], [ 121.809012454000026, 31.64802572800005 ], [ 121.874231356000109, 31.635267859000066 ] ] } },
{ "type": "Feature", "properties": { "FNODE_": 64, "TNODE_": 92, "LPOLY_": 1, "RPOLY_": 22, "LENGTH": 649626.0, "BOUNT_": 104, "BOUNT_ID": 79, "GEO_CODE": 26010, "BCODE": 0, "BNAME": null, "BountName": "海岸线", "SHAPE_Leng": 6.4951382654499996 }, "geometry": { "type": "LineString", "coordinates": [ [ 119.289183158000014, 35.08845707100005 ], [ 119.222904548000088, 35.068150876000061 ], [ 119.200884043000087, 34.995650437000052 ], [ 119.171547422000117, 34.85862781600008 ], [ 119.21381434500006, 34.78534387600007 ], [ 119.223413060000098, 34.776088610000045 ], [ 119.477578927000081, 34.735530096000048 ], [ 119.438545487000056, 34.665594354000064 ], [ 119.700589268000044, 34.530063884000072 ], [ 119.930475873000091, 34.463005822000071 ], [ 120.273089040000059, 34.316064644000051 ], [ 120.288013475000071, 34.297918111000058 ], [ 120.287104770000042, 34.250115329000039 ], [ 120.335184839000021, 34.125249265000036 ], [ 120.366916728000092, 34.056146946000069 ], [ 120.4579353580001, 33.874865254000042 ], [ 120.519794530000013, 33.69176096700005 ], [ 120.606312375000016, 33.428027438000072 ], [ 120.610875591000081, 33.389572760000078 ], [ 120.650159779000091, 33.317406653000035 ], [ 120.801603849000116, 33.053746305000061 ], [ 120.844757400000049, 33.022505869000042 ], [ 120.90828006400011, 32.881096382000067 ], [ 120.915626865000036, 32.710204033000025 ], [ 120.891379846000063, 32.670537358000047 ], [ 120.857153225000047, 32.654253633000053 ], [ 120.85363583600008, 32.639233625000031 ], [ 120.865163513000084, 32.606472490000044 ], [ 121.009622399000023, 32.540609742000072 ], [ 121.120853854000075, 32.505466374000036 ], [ 121.302544551000096, 32.431434968000076 ], [ 121.35646840600009, 32.403492325000059 ], [ 121.377305843000045, 32.368598486000053 ], [ 121.363716059000012, 32.275548670000035 ], [ 121.497362594000037, 32.114312011000038 ], [ 121.64352287600002, 32.065900825000028 ], [ 121.730797110000026, 32.027443666000067 ], [ 121.841340971000022, 31.89519690000003 ], [ 121.875719690000096, 31.816403034000075 ], [ 121.893504378000102, 31.763958882000054 ], [ 121.899737117000086, 31.714522286000033 ], [ 121.886277700000051, 31.691835781000066 ], [ 121.830887128000086, 31.690233505000037 ], [ 121.698559400000022, 31.722978038000065 ], [ 121.607295539, 31.74849972800007 ], [ 121.5202634420001, 31.789501134000034 ], [ 121.462683725000034, 31.839862142000072 ], [ 121.309360905000062, 31.886215892000052 ], [ 121.110365906000084, 31.860805454000058 ], [ 121.051265621000084, 31.84255209500003 ], [ 120.978807435000022, 31.811177735000058 ], [ 120.974275756000111, 31.759893985000076 ], [ 121.062647800000036, 31.728561957000068 ], [ 121.181676710000033, 31.664686084000039 ], [ 121.251342434000094, 31.60213391800005 ], [ 121.302727305000076, 31.518696178000027 ], [ 121.324596174000021, 31.506370262000075 ] ] } },
{ "type": "Feature", "properties": { "FNODE_": 93, "TNODE_": 93, "LPOLY_": 1, "RPOLY_": 29, "LENGTH": 39399.5, "BOUNT_": 105, "BOUNT_ID": 80, "GEO_CODE": 26010, "BCODE": 0, "BNAME": null, "BountName": "海岸线", "SHAPE_Leng": 0.39703487731300002 }, "geometry": { "type": "LineString", "coordinates": [ [ 121.749602974000027, 31.33900053800005 ], [ 121.609772241000087, 31.430544673000043 ], [ 121.606300642000065, 31.440845152000065 ], [ 121.610062412000048, 31.44816559800006 ], [ 121.66758865700001, 31.431039657000042 ], [ 121.742504069, 31.40014381900005 ], [ 121.762619551000057, 31.368579877000059 ], [ 121.749602974000027, 31.33900053800005 ] ] } },
{ "type": "Feature", "properties": { "FNODE_": 94, "TNODE_": 94, "LPOLY_": 1, "RPOLY_": 30, "LENGTH": 23899.0, "BOUNT_": 106, "BOUNT_ID": 81, "GEO_CODE": 26010, "BCODE": 0, "BNAME": null, "BountName": "海岸线", "SHAPE_Leng": 0.23628845534599999 }, "geometry": { "type": "LineString", "coordinates": [ [ 121.85521565900001, 31.30091660800008 ], [ 121.828881657000011, 31.323616739000045 ], [ 121.799300109000114, 31.35911509500005 ], [ 121.806398967000064, 31.37568049600003 ], [ 121.843079511000042, 31.369764178000025 ], [ 121.876210687000025, 31.353196611000044 ], [ 121.881971825000051, 31.334572231000038 ], [ 121.877647097000022, 31.324056367000026 ], [ 121.85521565900001, 31.30091660800008 ] ] } },
{ "type": "Feature", "properties": { "FNODE_": 87, "TNODE_": 95, "LPOLY_": 17, "RPOLY_": 25, "LENGTH": 363868.0, "BOUNT_": 107, "BOUNT_ID": 82, "GEO_CODE": 61030, "BCODE": 5161, "BNAME": "川陕线", "BountName": "省区直", "SHAPE_Leng": 3.7528911951700001 }, "geometry": { "type": "LineString", "coordinates": [ [ 105.494365385000037, 32.912990563000051 ], [ 105.486377065000056, 32.884048598000049 ], [ 105.56151301400007, 32.727218267000069 ], [ 105.588659110000037, 32.704026424000062 ], [ 105.618452755000078, 32.704434840000033 ], [ 105.761233496000045, 32.769489355000076 ], [ 105.821133761000056, 32.825772779000033 ], [ 105.890921867000088, 32.840043512000079 ], [ 106.038203986000042, 32.867081281000026 ], [ 106.085133590000055, 32.825981548000073 ], [ 106.079956260000074, 32.800902972000074 ], [ 106.059192763000055, 32.781371831000058 ], [ 106.06898146900005, 32.754827213000056 ], [ 106.176574058000085, 32.695676125000034 ], [ 106.379864883000039, 32.648276593000048 ], [ 106.446051729000033, 32.641299467000067 ], [ 106.584651420000057, 32.690932585000041 ], [ 106.726066436000053, 32.740569392000054 ], [ 107.005149950000089, 32.728758867000067 ], [ 107.043893037000032, 32.716373612000041 ], [ 107.061944704000041, 32.708194092000042 ], [ 107.088632873000051, 32.666863077000073 ], [ 107.092630765000081, 32.655057203000069 ], [ 107.099024239000073, 32.597513003000074 ], [ 107.295631309000044, 32.494151782000074 ], [ 107.433559424000066, 32.543076764000034 ], [ 107.47862721000007, 32.428610448000029 ], [ 107.645135716000084, 32.413517410000054 ], [ 107.679835256000047, 32.39267043600006 ], [ 107.748966806000055, 32.338675301000023 ], [ 107.780103026000063, 32.286781126000051 ], [ 107.803648002000045, 32.256559942000024 ], [ 107.845213967000063, 32.216165380000064 ], [ 107.971544770000037, 32.147908001000076 ], [ 108.000628819000042, 32.159782912000026 ], [ 108.019435904000034, 32.176217299000029 ], [ 108.017124128000034, 32.19929161400006 ], [ 108.015094766000061, 32.213873742000033 ], [ 108.082738990000053, 32.234875848000058 ], [ 108.243937552000034, 32.275187849000076 ], [ 108.459817202000067, 32.265920780000044 ], [ 108.502230165000071, 32.245324321000055 ], [ 108.507891293000057, 32.222726474000069 ], [ 108.503710053000077, 32.204223192000029 ] ] } },
{ "type": "Feature", "properties": { "FNODE_": 97, "TNODE_": 96, "LPOLY_": 1, "RPOLY_": 1, "LENGTH": 40699.4, "BOUNT_": 108, "BOUNT_ID": 83, "GEO_CODE": 61030, "BCODE": 3133, "BNAME": "沪浙线", "BountName": "省区直", "SHAPE_Leng": 1.56022851908 }, "geometry": { "type": "LineString", "coordinates": [ [ 121.26766275600005, 30.707339710000042 ], [ 121.281763957000067, 30.697426164000035 ], [ 121.285562851, 30.694991328000071 ], [ 121.290698255000052, 30.692587352000032 ], [ 121.299517622000053, 30.691188477000026 ], [ 121.317463608000025, 30.687015260000067 ], [ 121.337149749000105, 30.686560201000077 ], [ 121.375245130000053, 30.684223112000041 ], [ 121.392015212000047, 30.683457730000043 ], [ 121.412791082000012, 30.682094428000028 ], [ 121.435102073000053, 30.682830767000041 ], [ 121.470115025000041, 30.685678531000065 ], [ 121.579917474000013, 30.694273397000075 ], [ 121.643598847000021, 30.708022054000025 ], [ 121.790663829000096, 30.719686093000064 ], [ 121.809730853000019, 30.722589609000067 ], [ 121.823777379000035, 30.724472524000078 ], [ 121.845436671000016, 30.729715555000041 ], [ 121.869142304000093, 30.738437805000046 ], [ 121.913890317000096, 30.76614999700007 ], [ 122.072990513000036, 30.835997364000036 ], [ 122.105476921000104, 30.846670095000036 ], [ 122.361900652000031, 30.882106367000063 ], [ 122.382134647000044, 30.882422991000055 ], [ 122.397034770000118, 30.883107528000039 ], [ 122.412210347000041, 30.883338297000023 ], [ 122.43133724900008, 30.885921168000039 ], [ 122.501781096000059, 30.892466031000026 ], [ 122.693597517000057, 30.933426505000057 ], [ 122.783527499000115, 30.956141284000068 ] ] } },
{ "type": "Feature", "properties": { "FNODE_": 58, "TNODE_": 89, "LPOLY_": 16, "RPOLY_": 20, "LENGTH": 1444050.0, "BOUNT_": 109, "BOUNT_ID": 318, "GEO_CODE": 61030, "BCODE": 5463, "BNAME": "藏青线", "BountName": "省区直", "SHAPE_Leng": 14.721041205800001 }, "geometry": { "type": "LineString", "coordinates": [ [ 89.70805271200004, 36.093607579000036 ], [ 89.573206395000057, 36.038687422000066 ], [ 89.417943482000055, 36.006561446000035 ], [ 89.431312048000052, 35.951038792000077 ], [ 89.419079489000069, 35.935423852000042 ], [ 89.417837616000043, 35.929770914000073 ], [ 89.418554332000042, 35.923871618000078 ], [ 89.422636802000056, 35.917947128000037 ], [ 89.467323375000035, 35.900674455000058 ], [ 89.588085120000073, 35.856057836000048 ], [ 89.686836332000041, 35.848917078000056 ], [ 89.798669370000084, 35.848919469000066 ], [ 89.735017215000084, 35.656175040000051 ], [ 89.715385681000043, 35.505670687000077 ], [ 89.686241831000075, 35.42000792400006 ], [ 89.503610820000063, 35.37360969000008 ], [ 89.444717497000056, 35.22429229100004 ], [ 89.565480329000081, 34.917331729000068 ], [ 89.574993951000067, 34.896515292000061 ], [ 89.619017539000083, 34.883427510000047 ], [ 89.648170687000061, 34.884618411000076 ], [ 89.669578780000052, 34.897107191000032 ], [ 89.702301359000046, 34.920309419000034 ], [ 89.781420440000034, 34.923879664000026 ], [ 89.792720595000048, 34.920308502000069 ], [ 89.819067010000083, 34.906773345000033 ], [ 89.836148708000053, 34.866772535000052 ], [ 89.841504541000063, 34.852493137000067 ], [ 89.848050754000042, 34.823939197000072 ], [ 89.839719910000042, 34.80668746300006 ], [ 89.805813147000038, 34.77099369900003 ], [ 89.783206499000073, 34.747791998000025 ], [ 89.792126643000074, 34.62346255500006 ], [ 89.812948047000077, 34.533042100000046 ], [ 89.820089533000044, 34.443809366000039 ], [ 89.815923983000062, 34.421797323000078 ], [ 89.858160932000033, 34.361120227000072 ], [ 89.867088858000045, 34.33137492000003 ], [ 89.811758086000054, 34.204070376000061 ], [ 89.787375080000061, 34.15291145100008 ], [ 89.743945542000063, 34.129115145000071 ], [ 89.702303608000079, 34.130305588000056 ], [ 89.687434137000082, 34.124952527000062 ], [ 89.652329874000031, 34.098183255000038 ], [ 89.632103490000077, 34.052971165000031 ], [ 89.683864078000056, 33.977421567000079 ], [ 89.75524637500007, 33.91257887900008 ], [ 89.869460906000086, 33.840003473000024 ], [ 89.920031635000043, 33.783489766000059 ], [ 89.97832922300006, 33.716864354000052 ], [ 89.992603665000047, 33.673436493000054 ], [ 89.99379499500003, 33.647262198000078 ], [ 89.983685058000049, 33.627632410000047 ], [ 89.987255430000062, 33.602644682000061 ], [ 90.001530368000033, 33.566953308000052 ], [ 90.097900611000057, 33.466417729000057 ], [ 90.240940644000034, 33.428407664000076 ], [ 90.322929918000057, 33.319321323000054 ], [ 90.56239320800006, 33.229222372000038 ], [ 90.815733739000052, 33.11869297100003 ], [ 90.88166964900006, 33.121526282000048 ], [ 90.890099843000087, 33.099527485000067 ], [ 91.142670442000053, 33.075116647000073 ], [ 91.217814135000083, 33.141016325000066 ], [ 91.260648410000044, 33.143992442000069 ], [ 91.578313627000057, 33.041077505000032 ], [ 91.797231062000037, 32.950655212000072 ], [ 91.954874253000071, 32.82156750300004 ], [ 91.990566242000057, 32.826921621000054 ], [ 92.025951708000036, 32.833141930000068 ], [ 92.224642581000069, 32.823622317000059 ], [ 92.296931757000038, 32.753156646000036 ], [ 92.499789120000059, 32.74185275800005 ], [ 92.780863880000084, 32.725792763000072 ], [ 93.020601042000067, 32.703781007000032 ], [ 93.177061703000049, 32.672251971000037 ], [ 93.215133454000068, 32.660949791000064 ], [ 93.247849294000048, 32.649649491000048 ], [ 93.284731726000075, 32.621092496000074 ], [ 93.312098616000071, 32.597299121000049 ], [ 93.348385608000058, 32.563389689000076 ], [ 93.518518016000087, 32.476537119000056 ], [ 93.605968011000073, 32.522341822000044 ], [ 93.851657600000067, 32.503901228000075 ], [ 94.031907315000069, 32.451552079000066 ], [ 94.135418894000054, 32.434300811000071 ], [ 94.378123914000071, 32.540193356000032 ], [ 94.382235835000074, 32.553276693000043 ], [ 94.384616232000042, 32.583020572000066 ], [ 94.392345112000044, 32.605627803000061 ], [ 94.603457204000051, 32.672237452000047 ], [ 94.625643006000075, 32.662853836000068 ], [ 94.720946049000077, 32.599042842000074 ], [ 94.741957780000064, 32.565324586000031 ], [ 95.020346876000076, 32.411262818000068 ], [ 95.221165544000087, 32.391610186000037 ], [ 95.258657868000057, 32.351480956000046 ], [ 95.102746644000035, 32.324987823000072 ], [ 95.09539927700007, 32.321357082000077 ], [ 95.085038042000065, 32.304875866000032 ], [ 95.078370015000075, 32.286092605000078 ], [ 95.103921764000063, 32.261105029000078 ], [ 95.399973687000056, 32.185697994000066 ], [ 95.415499853000085, 32.175357054000074 ], [ 95.437762906000046, 32.157262709000065 ], [ 95.447628227000052, 32.096523503000071 ], [ 95.444011756000066, 32.017179679000037 ], [ 95.419093097000086, 32.010243639000066 ], [ 95.375718781000046, 31.994758911000076 ], [ 95.36808964100004, 31.968879894000054 ], [ 95.368173103000061, 31.947430835000034 ], [ 95.431925943000067, 31.844800194000072 ], [ 95.458484999000063, 31.812119388000042 ], [ 95.51820211200004, 31.750138357000026 ], [ 95.53900068300004, 31.741446589000077 ], [ 95.793348922000064, 31.725866364000069 ], [ 95.855743489000076, 31.744157104000067 ], [ 95.869705873000044, 31.771876170000041 ], [ 95.990269087000058, 31.816937304000078 ], [ 95.988956656000084, 31.785248301000024 ], [ 96.15130728400004, 31.609238412000025 ], [ 96.170282155000052, 31.603043615000047 ], [ 96.196077489000061, 31.604628837000064 ], [ 96.215510640000048, 31.620127915000069 ], [ 96.233860039000035, 31.659020306000059 ], [ 96.248470482000073, 31.702410764000035 ], [ 96.222049028000072, 31.756341339000073 ], [ 96.185465426000064, 31.775294362000068 ], [ 96.179277358000036, 31.793437466000057 ], [ 96.179407454000057, 31.812712742000031 ], [ 96.181734393000056, 31.838471566000067 ], [ 96.192369856000084, 31.89820840200008 ], [ 96.206378045000065, 31.90612322000004 ], [ 96.253177663000031, 31.93182003000004 ], [ 96.365325768000048, 31.926953751000042 ], [ 96.385589964000076, 31.925053934000061 ], [ 96.402939831000083, 31.868740498000079 ], [ 96.437135482000087, 31.795966900000053 ], [ 96.471720455000082, 31.770693277000078 ], [ 96.551342845000079, 31.725290750000056 ], [ 96.570676720000051, 31.715023975000065 ], [ 96.735483551000073, 31.679143377000059 ], [ 96.764339069000073, 31.677141555000048 ], [ 96.83089185700004, 31.712798428000042 ], [ 96.839834139000061, 31.728126142000065 ], [ 96.793819725000048, 31.870942095000032 ], [ 96.751292569000043, 31.957528854000032 ], [ 96.735201673000063, 31.978771770000037 ], [ 96.731005434000053, 32.012528991000067 ], [ 96.757380807000061, 32.018067263000034 ], [ 96.795536490000075, 32.021566116000031 ], [ 96.824864717000082, 32.008281742000065 ], [ 96.841398370000036, 32.000133487000028 ], [ 96.864416439000081, 31.965443328000049 ], [ 96.953774487000032, 31.996328532000064 ], [ 96.965707671000075, 32.008297823000078 ], [ 97.032046732000083, 32.051565523000079 ], [ 97.160224536000044, 32.030130152000027 ], [ 97.224389400000064, 32.045717120000063 ], [ 97.234971837000046, 32.053476867000029 ], [ 97.264704349000056, 32.077647960000036 ], [ 97.29809907300006, 32.075766129000044 ], [ 97.270144164000044, 32.142471385000078 ], [ 97.263163494000082, 32.187158540000041 ], [ 97.28320016400005, 32.289051246000042 ], [ 97.31951540600005, 32.305693118000079 ], [ 97.342084327000066, 32.282647530000077 ], [ 97.412245615000074, 32.296927147000076 ], [ 97.420341301000065, 32.324087378000058 ], [ 97.33501140900006, 32.551395692000028 ], [ 97.339642644000037, 32.55925129600007 ], [ 97.427123895000079, 32.584612503000074 ], [ 97.452385414000048, 32.582246517000044 ], [ 97.462242985000046, 32.567772037000054 ], [ 97.49987976500006, 32.533710898000038 ], [ 97.571102021000058, 32.527328948000047 ], [ 97.616849051000031, 32.523427191000053 ], [ 97.675261774000035, 32.525203302000079 ], [ 97.695205398000041, 32.526832088000049 ], [ 97.72544464200007, 32.529418178000071 ] ] } },
{ "type": "Feature", "properties": { "FNODE_": 99, "TNODE_": 92, "LPOLY_": 22, "RPOLY_": 28, "LENGTH": 79122.1, "BOUNT_": 110, "BOUNT_ID": 287, "GEO_CODE": 61030, "BCODE": 3132, "BNAME": "沪苏线", "BountName": "省区直", "SHAPE_Leng": 0.77488291565300005 }, "geometry": { "type": "LineString", "coordinates": [ [ 120.896730966000064, 31.020859144000042 ], [ 120.899034744000119, 31.080614234000052 ], [ 120.879389729000081, 31.137428271000033 ], [ 121.017439150000087, 31.142797277000057 ], [ 121.032706423000036, 31.140095357000064 ], [ 121.063223857000025, 31.153344918000073 ], [ 121.071731186000079, 31.166559051000036 ], [ 121.115305972000101, 31.288711468000031 ], [ 121.123774016000084, 31.346146658000066 ], [ 121.246039347000078, 31.480978386000061 ], [ 121.272674708000068, 31.489072946000078 ], [ 121.324596174000021, 31.506370262000075 ] ] } },
{ "type": "Feature", "properties": { "FNODE_": 101, "TNODE_": 98, "LPOLY_": 22, "RPOLY_": 32, "LENGTH": 28429.0, "BOUNT_": 111, "BOUNT_ID": 85, "GEO_CODE": 61030, "BCODE": 3233, "BNAME": "苏浙线", "BountName": "省区直", "SHAPE_Leng": 0.301467409578 }, "geometry": { "type": "LineString", "coordinates": [ [ 119.617255553000064, 31.13069413900007 ], [ 119.915652739000052, 31.173609386000066 ] ] } },
{ "type": "Feature", "properties": { "FNODE_": 101, "TNODE_": 82, "LPOLY_": 24, "RPOLY_": 22, "LENGTH": 378677.0, "BOUNT_": 112, "BOUNT_ID": 86, "GEO_CODE": 61030, "BCODE": 3234, "BNAME": "苏皖线", "BountName": "省区直", "SHAPE_Leng": 3.8017775378100001 }, "geometry": { "type": "LineString", "coordinates": [ [ 119.617255553000064, 31.13069413900007 ], [ 119.601554520000036, 31.108355707000044 ], [ 119.580771114000072, 31.112979522000046 ], [ 119.568183683000029, 31.117301250000025 ], [ 119.421962693000069, 31.185535168000058 ], [ 119.357766755000057, 31.227048177000029 ], [ 119.099727169000062, 31.237888787000031 ], [ 118.984970147000013, 31.233200706000048 ], [ 118.826137146000065, 31.231785980000041 ], [ 118.78054996000003, 31.235758695000072 ], [ 118.717575499000077, 31.28695953700003 ], [ 118.769992052000021, 31.364508243000046 ], [ 118.843038075000095, 31.393684395000037 ], [ 118.871335982, 31.438707745000045 ], [ 118.874952523000047, 31.460585663000074 ], [ 118.881742305000103, 31.53111227200003 ], [ 118.86491263500011, 31.601880651000045 ], [ 118.854429454000069, 31.628467611000076 ], [ 118.778370927000083, 31.652481016000024 ], [ 118.665887545000032, 31.688796976000049 ], [ 118.543821488000049, 31.736913392000076 ], [ 118.516927813000052, 31.749107175000063 ], [ 118.499526657000047, 31.77388183000005 ], [ 118.497648292, 31.77655612500007 ], [ 118.491332011000054, 31.843551429000058 ], [ 118.458905251000033, 31.858600741000032 ], [ 118.388074373000109, 32.077533992000042 ], [ 118.500710201000061, 32.143558380000059 ], [ 118.50330558600001, 32.196020493000049 ], [ 118.51622116100009, 32.19461726000003 ], [ 118.573871055000041, 32.197935801000028 ], [ 118.637921454000093, 32.210325340000054 ], [ 118.656918721000011, 32.234495485000025 ], [ 118.662467029000027, 32.243037288000039 ], [ 118.697990796000113, 32.334642599000063 ], [ 118.700218811000013, 32.341457770000034 ], [ 118.683814943000016, 32.461426207000045 ], [ 118.671936910000113, 32.468682671000067 ], [ 118.662071244000117, 32.472436040000048 ], [ 118.651091778000023, 32.475531286000034 ], [ 118.641928831000087, 32.477218675000074 ], [ 118.608122065000089, 32.473614502000032 ], [ 118.589627986000096, 32.48134771000008 ], [ 118.562054498000066, 32.561749815000042 ], [ 118.567679007000038, 32.59032574500003 ], [ 118.593221357000061, 32.604092186000059 ], [ 118.716959067000062, 32.611850995000054 ], [ 118.813306070000067, 32.604190001000063 ], [ 118.930434913000113, 32.56039207300006 ], [ 119.01848046200007, 32.518726321000031 ], [ 119.055490661000022, 32.463290444000052 ], [ 119.079112821000081, 32.453421620000029 ], [ 119.132344869, 32.49404450600008 ], [ 119.148495732000015, 32.509631212000045 ], [ 119.205664942000112, 32.570114552000064 ], [ 119.222633836000114, 32.605840345000047 ], [ 119.20389560000001, 32.615438647000076 ], [ 119.204697405000047, 32.715988284000048 ] ] } },
{ "type": "Feature", "properties": { "FNODE_": 102, "TNODE_": 102, "LPOLY_": 1, "RPOLY_": 33, "LENGTH": 29228.1, "BOUNT_": 113, "BOUNT_ID": 87, "GEO_CODE": 26010, "BCODE": 0, "BNAME": null, "BountName": "海岸线", "SHAPE_Leng": 0.29610402469899999 }, "geometry": { "type": "LineString", "coordinates": [ [ 122.430031500000041, 30.695188554000026 ], [ 122.423508077000065, 30.707600178000064 ], [ 122.420701493000024, 30.747683851000033 ], [ 122.440911956000036, 30.747541211000055 ], [ 122.532717558000058, 30.727843399000051 ], [ 122.529772505000096, 30.701080721000039 ], [ 122.461617598000089, 30.690610916000026 ], [ 122.430031500000041, 30.695188554000026 ] ] } },
{ "type": "Feature", "properties": { "FNODE_": 98, "TNODE_": 103, "LPOLY_": 22, "RPOLY_": 32, "LENGTH": 55740.6, "BOUNT_": 115, "BOUNT_ID": 327, "GEO_CODE": 61037, "BCODE": 3233, "BNAME": "苏浙线", "BountName": "未分类", "SHAPE_Leng": 0.56171150259900005 }, "geometry": { "type": "LineString", "coordinates": [ [ 119.915652739000052, 31.173609386000066 ], [ 119.979866870000023, 31.043376996000063 ], [ 120.122265334000076, 30.949432873000035 ], [ 120.151502167000103, 30.936355740000067 ], [ 120.316316706000066, 30.93711541600004 ], [ 120.360665306000101, 30.958113466000043 ] ] } },
{ "type": "Feature", "properties": { "FNODE_": 106, "TNODE_": 70, "LPOLY_": 21, "RPOLY_": 24, "LENGTH": 707313.0, "BOUNT_": 116, "BOUNT_ID": 89, "GEO_CODE": 61030, "BCODE": 3441, "BNAME": "皖豫线", "BountName": "省区直", "SHAPE_Leng": 7.0395781160300004 }, "geometry": { "type": "LineString", "coordinates": [ [ 115.368594845000075, 31.406651385000032 ], [ 115.404660834000083, 31.520415939000031 ], [ 115.438246479000099, 31.593431690000045 ], [ 115.47065008800007, 31.644467580000025 ], [ 115.518129542000111, 31.702013985000065 ], [ 115.631078190000039, 31.759877755000048 ], [ 115.67647424300003, 31.781730727000024 ], [ 115.724723835000077, 31.765057262000028 ], [ 115.88815046600007, 31.864233188000071 ], [ 115.915503144000013, 31.917812955000045 ], [ 115.926383176000058, 31.998587992000068 ], [ 115.917244594000067, 32.191187594000041 ], [ 115.892968161000113, 32.37838011100007 ], [ 115.879159114000117, 32.453780919000053 ], [ 115.865532564000091, 32.471497068000076 ], [ 115.920084619000022, 32.571260090000067 ], [ 115.91368199100009, 32.573072239000055 ], [ 115.904177294000078, 32.575759932000039 ], [ 115.89014639100003, 32.579728816000056 ], [ 115.685947377000048, 32.49703250500005 ], [ 115.665759440000102, 32.46760252100006 ], [ 115.655275432000053, 32.412599579000073 ], [ 115.623841727000013, 32.411264273000029 ], [ 115.593705354, 32.426895558000069 ], [ 115.570020697000018, 32.417559921000077 ], [ 115.473241354000038, 32.512418076000074 ], [ 115.402126346000045, 32.576312458000075 ], [ 115.327867622000099, 32.564655603000062 ], [ 115.290734265000083, 32.566036758000052 ], [ 115.217665714000077, 32.581738683000026 ], [ 115.196150429000113, 32.593290118000027 ], [ 115.180822658000011, 32.606852487000026 ], [ 115.185056883000016, 32.63965022800005 ], [ 115.197516283000027, 32.657989186000066 ], [ 115.174726614000065, 32.663078461000055 ], [ 115.184897488000047, 32.745428486000037 ], [ 115.204452717000095, 32.787108602000046 ], [ 115.205711266000094, 32.79739679100004 ], [ 115.181892063000078, 32.838639324000042 ], [ 115.168807375000029, 32.857937035000077 ], [ 115.130079862000116, 32.901194697000051 ], [ 115.016833798000107, 32.936797369000033 ], [ 114.971521918, 32.947242521000078 ], [ 114.924409237000077, 32.958038586000043 ], [ 114.877990387000068, 32.974404011000047 ], [ 114.879814090000082, 32.998818981000056 ], [ 114.893090464000011, 33.131994121000048 ], [ 114.928636809000068, 33.152369479000072 ], [ 114.962085092000052, 33.14343376000005 ], [ 114.995914612000092, 33.10164224500005 ], [ 115.053525402000105, 33.08506072800003 ], [ 115.112830026000097, 33.077246928000079 ], [ 115.160706164000089, 33.088359299000047 ], [ 115.284252895, 33.138389081000071 ], [ 115.296742284000061, 33.150849095000069 ], [ 115.354316202000064, 33.304280666000068 ], [ 115.358566554000049, 33.341902288000028 ], [ 115.33155811000006, 33.373694675000024 ], [ 115.310766828000055, 33.369872181000062 ], [ 115.306036687000073, 33.393446208000057 ], [ 115.310508088, 33.429114513000059 ], [ 115.319923438000046, 33.458165705000056 ], [ 115.348450693000018, 33.509311511000078 ], [ 115.363549875000103, 33.523070192000034 ], [ 115.407618337000031, 33.540655203000028 ], [ 115.46235325400005, 33.558906540000066 ], [ 115.556166580000081, 33.579046593000044 ], [ 115.607384202000048, 33.583163293000041 ], [ 115.632516646000113, 33.586970787000041 ], [ 115.630578397000022, 33.595981127000073 ], [ 115.601258355000027, 33.661886375000051 ], [ 115.618380709, 33.880669509000029 ], [ 115.539795638000101, 33.879802336000068 ], [ 115.547028616000034, 33.906075771000076 ], [ 115.580897150000055, 34.001444249000031 ], [ 115.602145762000077, 34.033339116000036 ], [ 115.646100254000089, 34.062927409000054 ], [ 115.73039227400011, 34.080593802000067 ], [ 115.775986556000021, 34.070278970000061 ], [ 115.892666342000098, 34.028979459000027 ], [ 115.951840843000014, 34.006604988000049 ], [ 115.974027554000031, 33.993663921000064 ], [ 115.98989726100001, 33.972828911000079 ], [ 115.998457780000081, 33.960858168000073 ], [ 115.986730697000098, 33.939959423000062 ], [ 116.006819281000048, 33.89471510900006 ], [ 116.095253430000071, 33.780881072000057 ], [ 116.151162622000015, 33.71405412200005 ], [ 116.180185493000067, 33.709979626000063 ], [ 116.424584943000013, 33.823853894000024 ], [ 116.599136182000052, 33.89666352900008 ], [ 116.633194696000032, 33.885428021000052 ], [ 116.642685525000047, 33.901430971000025 ], [ 116.643189268000015, 33.969337160000066 ], [ 116.635484388, 33.979623514000025 ], [ 116.591537491000054, 34.029624030000036 ], [ 116.570335610000029, 34.065234985000075 ], [ 116.521780703000104, 34.125856448000036 ], [ 116.373432123000043, 34.298099574000048 ], [ 116.249718793000056, 34.378115748000027 ], [ 116.208259501000043, 34.408229721000055 ], [ 116.152296414000034, 34.451172416000077 ], [ 116.192909723000071, 34.571731635000049 ] ] } },
{ "type": "Feature", "properties": { "FNODE_": 107, "TNODE_": 88, "LPOLY_": 17, "RPOLY_": 26, "LENGTH": 179491.0, "BOUNT_": 117, "BOUNT_ID": 90, "GEO_CODE": 61030, "BCODE": 4261, "BNAME": "鄂陕线", "BountName": "省区直", "SHAPE_Leng": 1.7513875886200001 }, "geometry": { "type": "LineString", "coordinates": [ [ 109.578788485000075, 31.728536253000073 ], [ 109.598061202000054, 31.747973234000028 ], [ 109.628991777000067, 31.805369172000042 ], [ 109.584801709000033, 32.005880938000075 ], [ 109.511040154000057, 32.274085081000067 ], [ 109.494827422000071, 32.388262646000044 ], [ 109.546488082000053, 32.482540314000062 ], [ 109.62040416800005, 32.599335002000032 ], [ 109.891674944000044, 32.594490114000052 ], [ 109.949949761000084, 32.572790854000061 ], [ 109.974440721000065, 32.561602023000034 ], [ 110.024651111000082, 32.544513958000039 ], [ 110.14932673900006, 32.593455310000024 ], [ 110.198957605000089, 32.632982127000048 ], [ 110.155461651000053, 32.765009778000035 ], [ 110.134907861000045, 32.812534922000054 ], [ 110.122593474000041, 32.809642435000058 ] ] } },
{ "type": "Feature", "properties": { "FNODE_": 106, "TNODE_": 84, "LPOLY_": 26, "RPOLY_": 21, "LENGTH": 554741.0, "BOUNT_": 118, "BOUNT_ID": 91, "GEO_CODE": 61030, "BCODE": 4142, "BNAME": "豫鄂线", "BountName": "省区直", "SHAPE_Leng": 5.6754818823899997 }, "geometry": { "type": "LineString", "coordinates": [ [ 115.368594845000075, 31.406651385000032 ], [ 115.301362790000098, 31.384743274000073 ], [ 115.214485151000076, 31.426418424000076 ], [ 114.99396703900004, 31.474635937000073 ], [ 114.831204182000079, 31.460570401000041 ], [ 114.566992011000025, 31.557279932000029 ], [ 114.550313883000058, 31.574995973000057 ], [ 114.54233380800008, 31.62427426000005 ], [ 114.568282287000102, 31.671557730000075 ], [ 114.58505939600002, 31.705525107000028 ], [ 114.579048255000089, 31.766250979000063 ], [ 114.551513146000048, 31.769575229000054 ], [ 114.512342232000037, 31.769928337000067 ], [ 114.50407184200003, 31.767542012000035 ], [ 114.399912373, 31.75036213900006 ], [ 113.983710140000085, 31.751389160000031 ], [ 113.848155526000028, 31.84546191700008 ], [ 113.825312675000077, 31.875707734000059 ], [ 113.750085639000076, 31.994420532000049 ], [ 113.783869732000085, 32.039673678000042 ], [ 113.777369810000096, 32.187184987000023 ], [ 113.747966277000046, 32.362788112000032 ], [ 113.74455604000002, 32.381910771000037 ], [ 113.73871933800001, 32.395453406000058 ], [ 113.720774993000077, 32.416633103000038 ], [ 113.584815017000096, 32.349568417000057 ], [ 113.545545523000101, 32.334820784000044 ], [ 113.489397505000056, 32.306379208000067 ], [ 113.487155513000062, 32.305242546000045 ], [ 113.41986965000001, 32.271243150000032 ], [ 113.347572315000093, 32.297505884000032 ], [ 113.329139211000097, 32.320558166000069 ], [ 113.328078406000031, 32.340853793000065 ], [ 113.22101247, 32.428146878000064 ], [ 113.203601913000057, 32.434712668000031 ], [ 113.022375943000043, 32.428437752000036 ], [ 112.866434817000027, 32.399496509000073 ], [ 112.763777826000023, 32.352906939000036 ], [ 112.752028366000104, 32.345684255000037 ], [ 112.492683248000048, 32.381018409000035 ], [ 112.446905138000034, 32.345370504000073 ], [ 112.331896452000024, 32.349913980000053 ], [ 112.165563885000097, 32.389695751000033 ], [ 112.120145052000112, 32.401875239000049 ], [ 111.857328047000067, 32.514778757000045 ], [ 111.757891801000085, 32.558474225000055 ], [ 111.585356306000051, 32.600373818000037 ], [ 111.568097893000072, 32.592706363000048 ], [ 111.530835153000055, 32.61660121400007 ], [ 111.358330932000058, 32.834584670000027 ], [ 111.266279995000048, 32.961876725000025 ], [ 111.268729460000088, 32.989922504000049 ], [ 111.240072656000052, 33.032847179000044 ], [ 111.174077088000047, 33.115796651000039 ], [ 111.11996070400005, 33.162680789000035 ], [ 110.987442215000044, 33.254057454000076 ] ] } },
{ "type": "Feature", "properties": { "FNODE_": 95, "TNODE_": 107, "LPOLY_": 17, "RPOLY_": 31, "LENGTH": 124165.0, "BOUNT_": 119, "BOUNT_ID": 92, "GEO_CODE": 61030, "BCODE": 5061, "BNAME": "渝陕线", "BountName": "省区直", "SHAPE_Leng": 1.2841853990600001 }, "geometry": { "type": "LineString", "coordinates": [ [ 108.503710053000077, 32.204223192000029 ], [ 108.546428143000071, 32.178195548000076 ], [ 108.668402446000073, 32.10495805000005 ], [ 108.89626786000008, 31.987747875000025 ], [ 108.974440739000045, 31.981367938000062 ], [ 109.036011764000079, 31.961578514000053 ], [ 109.269812588000036, 31.801783494000063 ], [ 109.273947708000037, 31.779679413000054 ], [ 109.248136806000048, 31.763172360000056 ], [ 109.276373758000034, 31.719282433000046 ], [ 109.387804197000037, 31.708244044000025 ], [ 109.578788485000075, 31.728536253000073 ] ] } },
{ "type": "Feature", "properties": { "FNODE_": 92, "TNODE_": 108, "LPOLY_": 1, "RPOLY_": 28, "LENGTH": 156173.0, "BOUNT_": 120, "BOUNT_ID": 93, "GEO_CODE": 26010, "BCODE": 0, "BNAME": null, "BountName": "海岸线", "SHAPE_Leng": 1.5694565512900001 }, "geometry": { "type": "LineString", "coordinates": [ [ 121.324596174000021, 31.506370262000075 ], [ 121.473255125000037, 31.422375909000039 ], [ 121.581595926000091, 31.371883267000044 ], [ 121.681832098000086, 31.313192024000045 ], [ 121.778292787000055, 31.194469598000069 ], [ 121.863467869000033, 31.049380007000025 ], [ 121.903363, 30.961824570000033 ], [ 121.886455027000011, 30.871230599000057 ], [ 121.804367272000036, 30.852223355000035 ], [ 121.605212768000115, 30.848426638000035 ], [ 121.525086398000099, 30.839496082000039 ], [ 121.463844666000114, 30.808185456000047 ], [ 121.26766275600005, 30.707339710000042 ] ] } },
{ "type": "Feature", "properties": { "FNODE_": 99, "TNODE_": 108, "LPOLY_": 28, "RPOLY_": 32, "LENGTH": 50173.5, "BOUNT_": 121, "BOUNT_ID": 94, "GEO_CODE": 61030, "BCODE": 3133, "BNAME": "沪浙线", "BountName": "省区直", "SHAPE_Leng": 0.49794045916899998 }, "geometry": { "type": "LineString", "coordinates": [ [ 120.896730966000064, 31.020859144000042 ], [ 120.934946233000119, 31.011552646000041 ], [ 121.262872493000032, 30.737595341000031 ], [ 121.268167961000017, 30.724658739000063 ], [ 121.26766275600005, 30.707339710000042 ] ] } },
{ "type": "Feature", "properties": { "FNODE_": 103, "TNODE_": 99, "LPOLY_": 22, "RPOLY_": 32, "LENGTH": 76814.8, "BOUNT_": 123, "BOUNT_ID": 286, "GEO_CODE": 61030, "BCODE": 3233, "BNAME": "苏浙线", "BountName": "省区直", "SHAPE_Leng": 0.76156537881800002 }, "geometry": { "type": "LineString", "coordinates": [ [ 120.360665306000101, 30.958113466000043 ], [ 120.3537781980001, 30.931704430000025 ], [ 120.349993682000104, 30.909101651000071 ], [ 120.353212141000085, 30.894532337000044 ], [ 120.360086652000064, 30.882428243000049 ], [ 120.482792769000071, 30.76577704400006 ], [ 120.498220590000074, 30.758715296000048 ], [ 120.639687310000113, 30.85827200500006 ], [ 120.707485619000067, 30.924063249000028 ], [ 120.772466786000109, 31.004075994000061 ], [ 120.82183834500006, 31.006360663000066 ], [ 120.896730966000064, 31.020859144000042 ] ] } },
{ "type": "Feature", "properties": { "FNODE_": 109, "TNODE_": 109, "LPOLY_": 1, "RPOLY_": 34, "LENGTH": 38037.4, "BOUNT_": 124, "BOUNT_ID": 95, "GEO_CODE": 26010, "BCODE": 0, "BNAME": null, "BountName": "海岸线", "SHAPE_Leng": 0.38720761020799999 }, "geometry": { "type": "LineString", "coordinates": [ [ 122.310397245000104, 30.411823337000044 ], [ 122.276041751000093, 30.424650757000052 ], [ 122.28482246100009, 30.460317646000078 ], [ 122.324672525000096, 30.469457021000039 ], [ 122.37012155900004, 30.479692062000026 ], [ 122.433203116000072, 30.447886113000038 ], [ 122.434492920000025, 30.417195478000053 ], [ 122.416944089000026, 30.411595577000071 ], [ 122.310397245000104, 30.411823337000044 ] ] } },
{ "type": "Feature", "properties": { "FNODE_": 110, "TNODE_": 110, "LPOLY_": 1, "RPOLY_": 35, "LENGTH": 38716.9, "BOUNT_": 125, "BOUNT_ID": 96, "GEO_CODE": 26010, "BCODE": 0, "BNAME": null, "BountName": "海岸线", "SHAPE_Leng": 0.3875042467 }, "geometry": { "type": "LineString", "coordinates": [ [ 122.15422594000006, 30.25038917300003 ], [ 122.077167209000095, 30.284644446000073 ], [ 122.085751402000028, 30.301782325000033 ], [ 122.115529219000109, 30.321789286000069 ], [ 122.183447599000033, 30.339308130000063 ], [ 122.214935115000117, 30.335934966000025 ], [ 122.220817953000051, 30.308421688000067 ], [ 122.21216576900008, 30.248936382000068 ], [ 122.190992842000014, 30.247678852000035 ], [ 122.15422594000006, 30.25038917300003 ] ] } },
{ "type": "Feature", "properties": { "FNODE_": 111, "TNODE_": 111, "LPOLY_": 1, "RPOLY_": 36, "LENGTH": 95183.9, "BOUNT_": 126, "BOUNT_ID": 97, "GEO_CODE": 26010, "BCODE": 0, "BNAME": null, "BountName": "海岸线", "SHAPE_Leng": 0.95124580007199999 }, "geometry": { "type": "LineString", "coordinates": [ [ 122.283759072000066, 29.944659084000079 ], [ 122.019996571000092, 30.000034178000078 ], [ 121.988846095000099, 30.049162228000057 ], [ 121.957099393000021, 30.144765007000046 ], [ 122.096240103000014, 30.16045226500006 ], [ 122.156436735000057, 30.110243042000036 ], [ 122.176923313000088, 30.093191020000063 ], [ 122.197171851, 30.081633131000046 ], [ 122.229017811000062, 30.099776278000036 ], [ 122.331078110000021, 30.016726417000029 ], [ 122.283759072000066, 29.944659084000079 ] ] } },
{ "type": "Feature", "properties": { "FNODE_": 112, "TNODE_": 112, "LPOLY_": 1, "RPOLY_": 37, "LENGTH": 33697.0, "BOUNT_": 127, "BOUNT_ID": 98, "GEO_CODE": 26010, "BCODE": 0, "BNAME": null, "BountName": "海岸线", "SHAPE_Leng": 0.32484688185499999 }, "geometry": { "type": "LineString", "coordinates": [ [ 121.872334331000047, 29.97101557700006 ], [ 121.849392282000053, 29.977035456000067 ], [ 121.834338029000037, 30.041418508000049 ], [ 121.849818910000067, 30.084884697000064 ], [ 121.884418915000083, 30.082723688000044 ], [ 121.914930118000029, 30.055835448000039 ], [ 121.923940410000114, 30.00474029600008 ], [ 121.872334331000047, 29.97101557700006 ] ] } },
{ "type": "Feature", "properties": { "FNODE_": 113, "TNODE_": 113, "LPOLY_": 1, "RPOLY_": 38, "LENGTH": 44393.7, "BOUNT_": 128, "BOUNT_ID": 99, "GEO_CODE": 26010, "BCODE": 0, "BNAME": null, "BountName": "海岸线", "SHAPE_Leng": 0.43548386474799999 }, "geometry": { "type": "LineString", "coordinates": [ [ 122.17489746900003, 29.658152218000055 ], [ 122.051665794000087, 29.71672344600006 ], [ 122.044264720000115, 29.724916197000027 ], [ 122.06906992100005, 29.777251766000063 ], [ 122.117653818, 29.795571512000038 ], [ 122.128893067000035, 29.783151974000077 ], [ 122.18950833800011, 29.71620385500006 ], [ 122.200388656000086, 29.692328547000045 ], [ 122.186495141000023, 29.663319621000028 ], [ 122.17489746900003, 29.658152218000055 ] ] } },
{ "type": "Feature", "properties": { "FNODE_": 115, "TNODE_": 106, "LPOLY_": 26, "RPOLY_": 24, "LENGTH": 233003.0, "BOUNT_": 129, "BOUNT_ID": 101, "GEO_CODE": 61030, "BCODE": 3442, "BNAME": "皖鄂线", "BountName": "省区直", "SHAPE_Leng": 2.2728631458200002 }, "geometry": { "type": "LineString", "coordinates": [ [ 116.130714552000086, 29.82522913400004 ], [ 116.125749442000028, 29.889394516000038 ], [ 116.125008391000051, 29.898959355000045 ], [ 116.080008384000053, 29.954365814000028 ], [ 116.082397560000118, 30.082864420000078 ], [ 116.08305431000008, 30.129026046000035 ], [ 116.059707963000051, 30.209199255000044 ], [ 116.017219251000029, 30.243760436000059 ], [ 115.981115785000043, 30.267073720000042 ], [ 115.910336327000095, 30.343410599000038 ], [ 115.878360855000096, 30.382949866000047 ], [ 115.75635008200004, 30.686743061000072 ], [ 115.773661934000074, 30.750512187000027 ], [ 115.841085237000016, 30.837107322000065 ], [ 115.886168935000114, 30.883206395000059 ], [ 115.970827219000057, 30.933606971000074 ], [ 116.044834140000034, 30.959147139000038 ], [ 116.067639455000062, 30.957812287000024 ], [ 116.05176218500003, 31.015531556000042 ], [ 115.706997423000075, 31.193779564000067 ], [ 115.655345005000072, 31.219609965000075 ], [ 115.437787530000037, 31.346310344000074 ], [ 115.368594845000075, 31.406651385000032 ] ] } },
{ "type": "Feature", "properties": { "FNODE_": 114, "TNODE_": 115, "LPOLY_": 39, "RPOLY_": 24, "LENGTH": 72534.6, "BOUNT_": 130, "BOUNT_ID": 311, "GEO_CODE": 61031, "BCODE": 3436, "BNAME": "皖赣线", "BountName": "省界桩", "SHAPE_Leng": 0.72888126915600004 }, "geometry": { "type": "LineString", "coordinates": [ [ 116.740461859000106, 30.059078566000039 ], [ 116.734483058000023, 30.056311002000029 ], [ 116.657050738000066, 30.078784807000034 ], [ 116.604338126000016, 30.066092215000026 ], [ 116.576131688000032, 30.030159551000054 ], [ 116.464822282000114, 29.900220244000025 ], [ 116.256961180000076, 29.784358455000074 ], [ 116.130714552000086, 29.82522913400004 ] ] } },
{ "type": "Feature", "properties": { "FNODE_": 117, "TNODE_": 117, "LPOLY_": 41, "RPOLY_": 1, "LENGTH": 22012.3, "BOUNT_": 131, "BOUNT_ID": 102, "GEO_CODE": 26010, "BCODE": 0, "BNAME": null, "BountName": "海岸线", "SHAPE_Leng": 0.216046626332 }, "geometry": { "type": "LineString", "coordinates": [ [ 121.85021688300003, 29.091977545000077 ], [ 121.843812279000076, 29.133977360000074 ], [ 121.817172913000036, 29.14198342800006 ], [ 121.780566872, 29.151917507000064 ], [ 121.782024285000034, 29.11665221800007 ], [ 121.85021688300003, 29.091977545000077 ] ] } },
{ "type": "Feature", "properties": { "FNODE_": 118, "TNODE_": 118, "LPOLY_": 1, "RPOLY_": 40, "LENGTH": 30025.2, "BOUNT_": 132, "BOUNT_ID": 103, "GEO_CODE": 26010, "BCODE": 0, "BNAME": null, "BountName": "海岸线", "SHAPE_Leng": 0.28838657107799998 }, "geometry": { "type": "LineString", "coordinates": [ [ 121.930624923000096, 29.058066334000046 ], [ 121.903761794000047, 29.07395456100005 ], [ 121.90308385700007, 29.131155289000048 ], [ 121.953886958000112, 29.159378242000059 ], [ 121.981614348000107, 29.110090089000039 ], [ 121.977844123000068, 29.088351600000067 ], [ 121.963851205000083, 29.062070723000033 ], [ 121.930624923000096, 29.058066334000046 ] ] } },
{ "type": "Feature", "properties": { "FNODE_": 115, "TNODE_": 116, "LPOLY_": 39, "RPOLY_": 26, "LENGTH": 67293.7, "BOUNT_": 133, "BOUNT_ID": 312, "GEO_CODE": 61031, "BCODE": 3642, "BNAME": "赣鄂线", "BountName": "省界桩", "SHAPE_Leng": 0.68733634865799997 }, "geometry": { "type": "LineString", "coordinates": [ [ 116.130714552000086, 29.82522913400004 ], [ 116.065313255000092, 29.765332879000027 ], [ 115.968149905000018, 29.73039863200006 ], [ 115.92357779200006, 29.723811366000064 ], [ 115.822425054000064, 29.75599862200005 ], [ 115.683055364000097, 29.846593775000031 ], [ 115.50514110000006, 29.842306396000026 ] ] } },
{ "type": "Feature", "properties": { "FNODE_": 120, "TNODE_": 101, "LPOLY_": 24, "RPOLY_": 32, "LENGTH": 298082.0, "BOUNT_": 134, "BOUNT_ID": 104, "GEO_CODE": 61030, "BCODE": 3334, "BNAME": "浙皖线", "BountName": "省区直", "SHAPE_Leng": 2.89879027376 }, "geometry": { "type": "LineString", "coordinates": [ [ 118.187116171000071, 29.396991609000054 ], [ 118.215711807000048, 29.424616846000049 ], [ 118.301675074000059, 29.497462882000036 ], [ 118.435115960000076, 29.518026301000077 ], [ 118.63633358200002, 29.645010811000077 ], [ 118.714292175000082, 29.711267057000043 ], [ 118.885532296000065, 29.941912384000034 ], [ 118.891270874000043, 29.989825913000061 ], [ 118.892971888000034, 30.018260332000068 ], [ 118.882549376000043, 30.081344239000032 ], [ 118.861172946000011, 30.10088427200003 ], [ 118.841793349000113, 30.162509692000071 ], [ 118.875401682000074, 30.317600543000026 ], [ 118.949775651000095, 30.361366690000068 ], [ 119.083599367000033, 30.32513799000003 ], [ 119.12869790700006, 30.305843992000064 ], [ 119.186102838000011, 30.293912592000027 ], [ 119.229178195000031, 30.295675865000078 ], [ 119.356968229000017, 30.398608825000053 ], [ 119.327334411000038, 30.480911520000063 ], [ 119.280932109000105, 30.514448175000041 ], [ 119.264443974000073, 30.514489362000063 ], [ 119.235933298000077, 30.535413403000064 ], [ 119.232003342000098, 30.548953002000076 ], [ 119.238030731000094, 30.616561004000062 ], [ 119.381605395000065, 30.68983812700003 ], [ 119.393416277000028, 30.672025534000056 ], [ 119.405059543000107, 30.645784445000061 ], [ 119.431449831, 30.649179744000037 ], [ 119.44049041400001, 30.651946659000032 ], [ 119.473610657000108, 30.701601430000039 ], [ 119.524203663000094, 30.784427096000059 ], [ 119.54611666400001, 30.82400864400006 ], [ 119.625198353000087, 31.009772385000076 ], [ 119.623168533000012, 31.05595760500006 ], [ 119.62181900600001, 31.086289710000074 ], [ 119.620017937000057, 31.115314577000049 ], [ 119.617255553000064, 31.13069413900007 ] ] } },
{ "type": "Feature", "properties": { "FNODE_": 120, "TNODE_": 114, "LPOLY_": 39, "RPOLY_": 24, "LENGTH": 272344.0, "BOUNT_": 135, "BOUNT_ID": 105, "GEO_CODE": 61030, "BCODE": 3436, "BNAME": "皖赣线", "BountName": "省区直", "SHAPE_Leng": 2.7032330427 }, "geometry": { "type": "LineString", "coordinates": [ [ 118.187116171000071, 29.396991609000054 ], [ 118.183347194000021, 29.409142784000039 ], [ 118.123440305000031, 29.515536816000065 ], [ 118.08770354100011, 29.537806426000031 ], [ 118.022348563000037, 29.575849796000057 ], [ 117.799327764000054, 29.573832961000051 ], [ 117.77341036100006, 29.562053302000038 ], [ 117.731004152000082, 29.552153255000064 ], [ 117.690568227000085, 29.556037553000067 ], [ 117.533444038000084, 29.598258267000062 ], [ 117.445002434000116, 29.693459795000024 ], [ 117.402957341000047, 29.802740929000038 ], [ 117.240767625000103, 29.917759821000061 ], [ 117.201292016000025, 29.933077872000069 ], [ 117.142025487000069, 29.915490612000042 ], [ 117.119876540000064, 29.895260737000058 ], [ 117.075602037000067, 29.840483959000039 ], [ 117.066857495000022, 29.826975653000034 ], [ 117.119273541000098, 29.79822802700005 ], [ 117.129633512000055, 29.777653856000029 ], [ 117.112535871000091, 29.720900220000033 ], [ 117.105790728000102, 29.709047668000039 ], [ 116.83843361400011, 29.576570780000054 ], [ 116.793099058000053, 29.565222597000059 ], [ 116.71271368500004, 29.592004453000072 ], [ 116.6751762990001, 29.607164752000074 ], [ 116.646673232000012, 29.647891636000054 ], [ 116.644337965000091, 29.69225517600006 ], [ 116.675818334000041, 29.732987171000048 ], [ 116.736221045000093, 29.77882349500004 ], [ 116.774873193000076, 29.795134246000032 ], [ 116.803675534000035, 29.819716239000059 ], [ 116.861217082000053, 29.876986830000078 ], [ 116.891240338000102, 29.921877464000033 ], [ 116.896497485000054, 29.955562711000027 ], [ 116.886670769000034, 29.971360367000045 ], [ 116.764574871000036, 30.046487506000062 ], [ 116.754732009, 30.051903438000068 ], [ 116.740461859000106, 30.059078566000039 ] ] } },
{ "type": "Feature", "properties": { "FNODE_": 121, "TNODE_": 119, "LPOLY_": 26, "RPOLY_": 42, "LENGTH": 157000.0, "BOUNT_": 136, "BOUNT_ID": 313, "GEO_CODE": 61031, "BCODE": 4243, "BNAME": "鄂湘线", "BountName": "省界桩", "SHAPE_Leng": 1.5290600029700001 }, "geometry": { "type": "LineString", "coordinates": [ [ 112.790251814000044, 29.736808731000053 ], [ 112.791330408000022, 29.736933046000047 ], [ 112.866887037000083, 29.790196140000035 ], [ 112.900335138000059, 29.791436541000053 ], [ 112.930133017000117, 29.688169972000026 ], [ 113.00731329000007, 29.770688483000072 ], [ 113.028937970000015, 29.768203839000023 ], [ 113.005096844000036, 29.708193161000054 ], [ 112.979095170000051, 29.673392260000071 ], [ 112.937498532000063, 29.662608572000067 ], [ 112.90652981300002, 29.634121337000067 ], [ 112.944928695000044, 29.468131547000041 ], [ 113.078713497000081, 29.43220888500008 ], [ 113.131017036000117, 29.443954349000023 ], [ 113.139406708000024, 29.445835018000025 ], [ 113.148015931000032, 29.455254350000075 ], [ 113.402019210000049, 29.731974795000042 ], [ 113.56747529200004, 29.856827073000034 ] ] } },
{ "type": "Feature", "properties": { "FNODE_": 89, "TNODE_": 122, "LPOLY_": 25, "RPOLY_": 20, "LENGTH": 471249.0, "BOUNT_": 137, "BOUNT_ID": 321, "GEO_CODE": 61031, "BCODE": 5154, "BNAME": "川藏线", "BountName": "省界桩", "SHAPE_Leng": 4.5372934670799996 }, "geometry": { "type": "LineString", "coordinates": [ [ 97.72544464200007, 32.529418178000071 ], [ 97.725777201000085, 32.529318098000033 ], [ 97.807902751000086, 32.504351763000045 ], [ 97.969139168000083, 32.475064834000079 ], [ 98.022119469000074, 32.454220885000041 ], [ 98.195525372000077, 32.362787682000032 ], [ 98.231262247000075, 32.269047897000064 ], [ 98.25868263600006, 32.213029910000046 ], [ 98.311907430000076, 32.11529044100007 ], [ 98.357432763000077, 32.089875910000046 ], [ 98.432050457000059, 32.013637772000038 ], [ 98.427670681000052, 31.931118599000058 ], [ 98.397572016000083, 31.90504439700004 ], [ 98.45661016400004, 31.789532218000033 ], [ 98.559800104000033, 31.654847035000046 ], [ 98.585878601000047, 31.637456072000077 ], [ 98.708982228000082, 31.516187027000058 ], [ 98.787696721000032, 31.476949576000038 ], [ 98.860826683000084, 31.406378816000029 ], [ 98.883448602000044, 31.380498727000031 ], [ 98.777228419000039, 31.254651358000046 ], [ 98.744047628000033, 31.269636439000067 ], [ 98.688282766000043, 31.338381957000024 ], [ 98.634326259000034, 31.340498938000053 ], [ 98.604944232000037, 31.273037481000074 ], [ 98.602418857000032, 31.238968535000026 ], [ 98.603784541000039, 31.19616357600006 ], [ 98.672420635000037, 31.156618028000025 ], [ 98.707707707000054, 31.12057356400004 ], [ 98.738210834000085, 31.046350149000034 ], [ 98.764723676000074, 31.036008246000051 ], [ 98.804207019000046, 31.000806718000035 ], [ 98.800178457000072, 30.958969698000033 ], [ 98.774603853000087, 30.917583477000051 ], [ 98.780951467000079, 30.894861137000078 ], [ 98.900476881000031, 30.790102631000025 ], [ 98.961719964000054, 30.762839296000038 ], [ 98.903559559000087, 30.691646366000043 ], [ 98.929461811000067, 30.522192476000043 ], [ 98.992016446000036, 30.21310012400005 ], [ 99.036618932000067, 30.026203090000024 ], [ 99.058203375000062, 29.941222548000042 ], [ 99.071219504000055, 29.931440744000042 ], [ 99.016896629000087, 29.827042883000047 ], [ 99.010326983000084, 29.759815524000032 ], [ 98.994000085000039, 29.673019495000062 ], [ 99.052129556000068, 29.560113193000063 ], [ 99.064932275000047, 29.343140624000057 ], [ 99.073660433000043, 29.299758633000067 ], [ 99.108046999000067, 29.256727138000031 ], [ 99.110076912000068, 29.22300087800005 ] ] } },
{ "type": "Feature", "properties": { "FNODE_": 123, "TNODE_": 116, "LPOLY_": 26, "RPOLY_": 39, "LENGTH": 213838.0, "BOUNT_": 138, "BOUNT_ID": 106, "GEO_CODE": 61030, "BCODE": 3642, "BNAME": "赣鄂线", "BountName": "省区直", "SHAPE_Leng": 2.1416733897200002 }, "geometry": { "type": "LineString", "coordinates": [ [ 113.938788658000021, 29.047612938000043 ], [ 113.968834104000052, 29.106590671000049 ], [ 114.071300020000081, 29.210302393000063 ], [ 114.343776620000085, 29.323910739000041 ], [ 114.456419718, 29.323810480000077 ], [ 114.519364269000107, 29.330062533000046 ], [ 114.75318852700002, 29.365050954000026 ], [ 114.871294445000103, 29.394492933000038 ], [ 114.917095197000094, 29.419134743000029 ], [ 114.932644781000022, 29.461432936000051 ], [ 114.93516226700001, 29.469183093000026 ], [ 114.934063731000037, 29.486824796000064 ], [ 114.913524774000052, 29.48603289600004 ], [ 114.900859760000117, 29.47288495600003 ], [ 114.917652645000089, 29.464938762000031 ], [ 114.904201179000097, 29.451037839000037 ], [ 114.882334620000051, 29.440479111000059 ], [ 114.856920614000046, 29.469952488000047 ], [ 114.85404440700006, 29.477706796000064 ], [ 114.890552428000092, 29.531717555000057 ], [ 115.108095935000051, 29.658805694000023 ], [ 115.251250187000096, 29.639384709000069 ], [ 115.279593835000014, 29.621467970000026 ], [ 115.356828506000056, 29.65194690900006 ], [ 115.409358315000077, 29.683077840000067 ], [ 115.466877731000068, 29.743167750000055 ], [ 115.502630527000065, 29.823239200000046 ], [ 115.50514110000006, 29.842306396000026 ] ] } },
{ "type": "Feature", "properties": { "FNODE_": 119, "TNODE_": 123, "LPOLY_": 26, "RPOLY_": 42, "LENGTH": 141484.0, "BOUNT_": 139, "BOUNT_ID": 107, "GEO_CODE": 61030, "BCODE": 4243, "BNAME": "鄂湘线", "BountName": "省区直", "SHAPE_Leng": 1.37995977671 }, "geometry": { "type": "LineString", "coordinates": [ [ 113.56747529200004, 29.856827073000034 ], [ 113.547935125000095, 29.758817367000063 ], [ 113.59548213100004, 29.671811814000023 ], [ 113.640779255000098, 29.671686556000054 ], [ 113.697818315000063, 29.633873536000067 ], [ 113.700061402000074, 29.631711535000079 ], [ 113.732929139000021, 29.595172339000044 ], [ 113.733776406000061, 29.591692196000054 ], [ 113.734111946000098, 29.588467669000067 ], [ 113.734188369000094, 29.585253953000063 ], [ 113.733760644000085, 29.582520637000073 ], [ 113.732539875000043, 29.579592758000047 ], [ 113.729519010000104, 29.577431847000071 ], [ 113.725497810000093, 29.576230991000045 ], [ 113.631981960000076, 29.528717621000055 ], [ 113.62815949000003, 29.526360725000075 ], [ 113.626495875000046, 29.524829086000068 ], [ 113.625603453000053, 29.523031779000064 ], [ 113.626213734000089, 29.520025540000063 ], [ 113.626900743000078, 29.518160468000076 ], [ 113.629074580000065, 29.51485585100005 ], [ 113.631302666000011, 29.512464975000057 ], [ 113.713282530000015, 29.482804004000059 ], [ 113.734599524000032, 29.470352516000048 ], [ 113.749233229000083, 29.444702164000034 ], [ 113.735614232000103, 29.415940176000049 ], [ 113.722918663000087, 29.396667913000044 ], [ 113.682847748000086, 29.396525429000064 ], [ 113.65792943800011, 29.382441666000034 ], [ 113.629509011000096, 29.326570717000038 ], [ 113.599653975000024, 29.263631565000026 ], [ 113.680000301000064, 29.080858141000078 ], [ 113.736962729000084, 29.056624941000052 ], [ 113.877270664000093, 29.037460826000029 ], [ 113.905767421000064, 29.033748696000032 ], [ 113.938788658000021, 29.047612938000043 ] ] } },
{ "type": "Feature", "properties": { "FNODE_": 124, "TNODE_": 121, "LPOLY_": 26, "RPOLY_": 42, "LENGTH": 486428.0, "BOUNT_": 140, "BOUNT_ID": 108, "GEO_CODE": 61030, "BCODE": 4243, "BNAME": "鄂湘线", "BountName": "省区直", "SHAPE_Leng": 4.8706344137900004 }, "geometry": { "type": "LineString", "coordinates": [ [ 109.225886353000078, 29.118311383000048 ], [ 109.308179859000063, 29.256427411000061 ], [ 109.347907193000083, 29.294872174000034 ], [ 109.386711644000059, 29.376521968000077 ], [ 109.437685443000078, 29.49874446900003 ], [ 109.424173609000036, 29.529705529000069 ], [ 109.508252236000033, 29.623169854000025 ], [ 109.798299531000055, 29.768259741000065 ], [ 109.86666096600004, 29.781477887000051 ], [ 110.073224634000042, 29.79384192200007 ], [ 110.12474738700007, 29.791454538000039 ], [ 110.189004032000071, 29.762994856000034 ], [ 110.237749335000046, 29.733798064000041 ], [ 110.340702922000048, 29.669900650000045 ], [ 110.366651122000064, 29.637355331000037 ], [ 110.408964864000041, 29.657958877000056 ], [ 110.469475451000051, 29.709670008000046 ], [ 110.517732604000059, 29.694993776000047 ], [ 110.581500844000061, 29.732400453000025 ], [ 110.633199144000059, 29.767372494000028 ], [ 110.626546398000073, 29.793725036000069 ], [ 110.607381046000057, 29.841677119000053 ], [ 110.544177589000071, 29.850629776000062 ], [ 110.500429608000047, 29.920686587000034 ], [ 110.491175040000087, 30.016223495000077 ], [ 110.491968716000088, 30.054610308000065 ], [ 110.525997085000085, 30.066615522000063 ], [ 110.920241510000039, 30.068932429000029 ], [ 111.206046230000084, 30.043918375000032 ], [ 111.247108561000061, 30.037852840000028 ], [ 111.263756364000074, 30.015363655000044 ], [ 111.450131618000057, 29.93206486400004 ], [ 111.568871217000037, 29.899739200000056 ], [ 111.752233445000059, 29.921602987000028 ], [ 111.915079215000048, 29.842672138000069 ], [ 111.946704065000063, 29.822204150000061 ], [ 112.007341872000097, 29.782091561000072 ], [ 112.010425951000116, 29.780048597000075 ], [ 112.032490647000031, 29.763639650000073 ], [ 112.060254785000097, 29.772401638000076 ], [ 112.105093908000072, 29.660709119000046 ], [ 112.174218020000012, 29.659654012000033 ], [ 112.189026431000116, 29.614417117000073 ], [ 112.253580987000078, 29.609407531000045 ], [ 112.316128047, 29.544043705000036 ], [ 112.364209906000042, 29.54181561300004 ], [ 112.382490207000046, 29.564740090000043 ], [ 112.419287911000083, 29.620852088000049 ], [ 112.433326847000103, 29.636195188000045 ], [ 112.4717877490001, 29.635298741000042 ], [ 112.622914783000056, 29.619652143000053 ], [ 112.646062383000071, 29.595465248000039 ], [ 112.677160798000045, 29.593245296000077 ], [ 112.783304255000075, 29.681238185000041 ], [ 112.790251814000044, 29.736808731000053 ] ] } },
{ "type": "Feature", "properties": { "FNODE_": 124, "TNODE_": 107, "LPOLY_": 31, "RPOLY_": 26, "LENGTH": 579414.0, "BOUNT_": 141, "BOUNT_ID": 109, "GEO_CODE": 61030, "BCODE": 4250, "BNAME": "鄂渝线", "BountName": "省区直", "SHAPE_Leng": 5.6872760092599997 }, "geometry": { "type": "LineString", "coordinates": [ [ 109.225886353000078, 29.118311383000048 ], [ 109.213450225000088, 29.151217067000061 ], [ 109.100097831000085, 29.295643816000052 ], [ 109.027853429000061, 29.365181669000037 ], [ 108.970562700000073, 29.335136843000043 ], [ 108.914858790000039, 29.329249802000049 ], [ 108.871843440000077, 29.447862168000029 ], [ 108.652554940000073, 29.857097130000056 ], [ 108.622883380000076, 29.868940278000025 ], [ 108.591312377000065, 29.842969838000045 ], [ 108.539994678000085, 29.778639915000042 ], [ 108.545602795000036, 29.753479349000031 ], [ 108.501450056000067, 29.710855589000062 ], [ 108.456359331000044, 29.741483256000038 ], [ 108.362080519000074, 29.821980489000055 ], [ 108.365719944000034, 29.844627191000029 ], [ 108.422430964000057, 29.880999307000025 ], [ 108.462242135000054, 29.865874719000033 ], [ 108.499474317000079, 29.897648799000024 ], [ 108.562152798000056, 30.156249334000051 ], [ 108.575733919000072, 30.25887190900005 ], [ 108.535640518000037, 30.282406954000066 ], [ 108.463777360000051, 30.351152325000044 ], [ 108.410690946000045, 30.475774340000044 ], [ 108.485018764000074, 30.503199147000032 ], [ 108.644317471000079, 30.540605776000064 ], [ 108.729456102000086, 30.503100312000072 ], [ 108.810123881000038, 30.496599930000059 ], [ 108.832905869000058, 30.503857260000075 ], [ 108.912536302000035, 30.586515209000027 ], [ 108.971436856000082, 30.632290014000034 ], [ 109.00865415800007, 30.636671814000067 ], [ 109.111394696000048, 30.65027359000004 ], [ 109.076130507000073, 30.603298633000065 ], [ 109.10859414500004, 30.546446614000047 ], [ 109.140775705000067, 30.52361948600003 ], [ 109.358204115000035, 30.556497584000056 ], [ 109.569994970000039, 30.65150703300003 ], [ 109.704634818000045, 30.780904937000059 ], [ 109.715362295000034, 30.811135075000038 ], [ 109.791360965000081, 30.85856123800005 ], [ 109.895634853000047, 30.905353719000061 ], [ 109.970519417000048, 30.892358461000072 ], [ 110.000938918000088, 30.887034205000077 ], [ 110.01638087300006, 30.829635065000048 ], [ 110.042389956000079, 30.803271948000031 ], [ 110.076921534000064, 30.802081423000061 ], [ 110.109935264000057, 30.855595023000035 ], [ 110.161733147000064, 30.991195373000039 ], [ 110.132450737000056, 30.99163499000008 ], [ 110.11345312900005, 31.036832994000065 ], [ 110.114841950000084, 31.089471942000046 ], [ 110.150601899000037, 31.121102467000071 ], [ 110.174299733000055, 31.180375533000074 ], [ 110.151243887000078, 31.316503380000029 ], [ 110.138891848000071, 31.386314647000063 ], [ 110.107259516000056, 31.413836673000048 ], [ 109.842802605000088, 31.554256123000073 ], [ 109.75251396200008, 31.603495003000035 ], [ 109.729190904000063, 31.696719334000079 ], [ 109.684130325000069, 31.71925920700005 ], [ 109.578788485000075, 31.728536253000073 ] ] } },
{ "type": "Feature", "properties": { "FNODE_": 125, "TNODE_": 125, "LPOLY_": 1, "RPOLY_": 44, "LENGTH": 43822.3, "BOUNT_": 142, "BOUNT_ID": 110, "GEO_CODE": 26010, "BCODE": 0, "BNAME": null, "BountName": "海岸线", "SHAPE_Leng": 0.42023526652199999 }, "geometry": { "type": "LineString", "coordinates": [ [ 121.154075756000111, 28.038985697000044 ], [ 121.142037253000012, 28.060112788000026 ], [ 121.136724349000019, 28.111758790000067 ], [ 121.137397649000036, 28.136661017000051 ], [ 121.201336345000072, 28.17569799000006 ], [ 121.218162748000054, 28.18310045000004 ], [ 121.238114377000102, 28.161632146000045 ], [ 121.263371005000067, 28.108450613000059 ], [ 121.247882674000039, 28.084846153000058 ], [ 121.22541306200003, 28.059162410000056 ], [ 121.174980486000095, 28.038906808000036 ], [ 121.154075756000111, 28.038985697000044 ] ] } },
{ "type": "Feature", "properties": { "FNODE_": 126, "TNODE_": 120, "LPOLY_": 39, "RPOLY_": 32, "LENGTH": 151311.0, "BOUNT_": 143, "BOUNT_ID": 111, "GEO_CODE": 61030, "BCODE": 3336, "BNAME": "浙赣线", "BountName": "省区直", "SHAPE_Leng": 1.4324597005699999 }, "geometry": { "type": "LineString", "coordinates": [ [ 118.42799930000001, 28.291685810000047 ], [ 118.472106151000048, 28.337174815000026 ], [ 118.426581599000087, 28.666805250000039 ], [ 118.42270600300003, 28.684156918000042 ], [ 118.369017131000078, 28.798580007000055 ], [ 118.35794678000002, 28.816276654000035 ], [ 118.26183835900008, 28.922053787000038 ], [ 118.174845020000021, 28.983707276000075 ], [ 118.149385924000057, 28.990407139000069 ], [ 118.130212086000029, 28.986620986000048 ], [ 118.082993307000038, 29.021402458000068 ], [ 118.060393932000011, 29.05184033200004 ], [ 118.038070368000035, 29.091414284000052 ], [ 118.031691536000039, 29.104362652000077 ], [ 118.024581750000038, 29.174830447000033 ], [ 118.069704334000107, 29.293624227000066 ], [ 118.111842564000085, 29.293697832000078 ], [ 118.160633196000049, 29.284307167000065 ], [ 118.173489779000079, 29.301777925000067 ], [ 118.203398286000038, 29.350451809000049 ], [ 118.201360074000036, 29.375459735000049 ], [ 118.187116171000071, 29.396991609000054 ] ] } },
{ "type": "Feature", "properties": { "FNODE_": 127, "TNODE_": 127, "LPOLY_": 1, "RPOLY_": 47, "LENGTH": 26038.9, "BOUNT_": 144, "BOUNT_ID": 112, "GEO_CODE": 26010, "BCODE": 0, "BNAME": null, "BountName": "海岸线", "SHAPE_Leng": 0.25690183429399999 }, "geometry": { "type": "LineString", "coordinates": [ [ 121.118417202000046, 27.817162321000069 ], [ 121.093293199000072, 27.82100594800005 ], [ 121.090020095000114, 27.832653930000049 ], [ 121.125855420000107, 27.855501996000044 ], [ 121.164751228000114, 27.86534716400007 ], [ 121.18275759800008, 27.870319733000031 ], [ 121.19027997, 27.868564788000072 ], [ 121.188243656000054, 27.848380658000053 ], [ 121.18134619500006, 27.824482988000057 ], [ 121.167772984000067, 27.816323230000023 ], [ 121.118417202000046, 27.817162321000069 ] ] } },
{ "type": "Feature", "properties": { "FNODE_": 129, "TNODE_": 124, "LPOLY_": 31, "RPOLY_": 42, "LENGTH": 70684.3, "BOUNT_": 145, "BOUNT_ID": 113, "GEO_CODE": 61030, "BCODE": 4350, "BNAME": "湘渝线", "BountName": "省区直", "SHAPE_Leng": 0.65066343080199995 }, "geometry": { "type": "LineString", "coordinates": [ [ 109.269090553000069, 28.497922136000057 ], [ 109.289347451000083, 28.570726516000036 ], [ 109.301243477000071, 29.028188063000073 ], [ 109.225886353000078, 29.118311383000048 ] ] } },
{ "type": "Feature", "properties": { "FNODE_": 95, "TNODE_": 130, "LPOLY_": 31, "RPOLY_": 25, "LENGTH": 793012.0, "BOUNT_": 146, "BOUNT_ID": 114, "GEO_CODE": 61030, "BCODE": 5051, "BNAME": "渝川线", "BountName": "省区直", "SHAPE_Leng": 7.78066167344 }, "geometry": { "type": "LineString", "coordinates": [ [ 108.503710053000077, 32.204223192000029 ], [ 108.442719021000073, 32.188063929000066 ], [ 108.255960603000062, 31.968469244000062 ], [ 108.301890516000071, 31.909444847000032 ], [ 108.336727130000043, 31.867367056000035 ], [ 108.444876549000071, 31.78594627800004 ], [ 108.473014450000051, 31.780635613000072 ], [ 108.486396898000066, 31.784516459000031 ], [ 108.52742130200005, 31.757415386000048 ], [ 108.541413707000061, 31.67145897100005 ], [ 108.541337273000067, 31.669083275000048 ], [ 108.38031391800007, 31.56769878800003 ], [ 108.220297860000073, 31.455480852000051 ], [ 108.072267507000049, 31.263014472000066 ], [ 107.94222749000005, 30.990197360000025 ], [ 107.933827308000048, 30.957851146000053 ], [ 107.936779753000053, 30.928016777000039 ], [ 107.975728825000033, 30.91489281500003 ], [ 107.990102996000076, 30.911250381000059 ], [ 107.875307617000033, 30.817558478000024 ], [ 107.849260057000038, 30.797146228000031 ], [ 107.80629785900004, 30.803438247000031 ], [ 107.767745490000038, 30.818082964000041 ], [ 107.756262832000061, 30.826374370000053 ], [ 107.748076438000055, 30.84761069800004 ], [ 107.685635846000082, 30.874362240000039 ], [ 107.511619616000075, 30.858262836000051 ], [ 107.482116026000085, 30.842272140000034 ], [ 107.488761362000048, 30.83328186500006 ], [ 107.445104631000049, 30.776662807000037 ], [ 107.440808992000086, 30.774943259000054 ], [ 107.419865792000053, 30.748401326000078 ], [ 107.417775166000069, 30.743812586000047 ], [ 107.451032474000044, 30.684810102000029 ], [ 107.475065636000068, 30.668145748000029 ], [ 107.404117439000061, 30.52349160600005 ], [ 107.235311470000056, 30.241634746000045 ], [ 107.076592246000075, 30.063942417000078 ], [ 107.055351349000034, 30.045626365000032 ], [ 107.038840915000037, 30.037386124000079 ], [ 106.781814692000069, 30.020012145000067 ], [ 106.764884658000085, 30.020785801000045 ], [ 106.732825066000032, 30.029674299000078 ], [ 106.719206228000075, 30.043683546000068 ], [ 106.695005192000053, 30.075557975000038 ], [ 106.626301075000072, 30.21914507300005 ], [ 106.605029952000052, 30.297638560000053 ], [ 106.516618125000036, 30.301474029000076 ], [ 106.381764703000044, 30.257936113000028 ], [ 106.174041086000045, 30.265891769000064 ], [ 106.174270016000037, 30.277533563000077 ], [ 106.165023009000038, 30.309223005000035 ], [ 106.152098487000046, 30.318341253000028 ], [ 106.038524290000055, 30.358002039000041 ], [ 105.833410135000065, 30.419184072000064 ], [ 105.772213038000075, 30.412619630000052 ], [ 105.741953778000038, 30.328587563000042 ], [ 105.726259542000037, 30.27845344900004 ], [ 105.639617487000066, 30.18902005700005 ], [ 105.726029866000033, 29.99876585100003 ], [ 105.711418902000048, 29.898966647000066 ], [ 105.686202928000057, 29.855036479000034 ], [ 105.561481420000064, 29.727526520000026 ], [ 105.531977660000052, 29.697437850000028 ], [ 105.376325942000051, 29.632321610000076 ], [ 105.316555534000088, 29.612963986000068 ], [ 105.293681896000066, 29.581161768000072 ], [ 105.290790147000052, 29.53722566700003 ], [ 105.320324184000071, 29.453559580000046 ], [ 105.420462398000041, 29.319840977000069 ], [ 105.454734473000087, 29.293458368000074 ], [ 105.473564316000079, 29.281389017000038 ], [ 105.51155973300007, 29.269176881000078 ], [ 105.700354036000078, 29.178674971000078 ], [ 105.738730587000077, 29.045199258000025 ], [ 105.787018095000064, 28.946902685000055 ], [ 105.799522988000035, 28.938527904000068 ], [ 105.82098508200005, 28.94593092100007 ], [ 105.886851354000044, 28.91120167400004 ], [ 106.041625597000063, 28.954072188000055 ], [ 106.034140849000039, 28.913833188000069 ], [ 106.139681121000081, 28.906571287000077 ], [ 106.239415051000037, 28.817935653000063 ], [ 106.249875155000041, 28.78742638500006 ], [ 106.299589271000059, 28.653345427000033 ], [ 106.348372663000077, 28.541582650000066 ], [ 106.367553445000055, 28.529072496000026 ] ] } },
{ "type": "Feature", "properties": { "FNODE_": 122, "TNODE_": 132, "LPOLY_": 25, "RPOLY_": 43, "LENGTH": 123382.0, "BOUNT_": 147, "BOUNT_ID": 322, "GEO_CODE": 61031, "BCODE": 5153, "BNAME": "川滇线", "BountName": "省界桩", "SHAPE_Leng": 1.1433927740400001 }, "geometry": { "type": "LineString", "coordinates": [ [ 99.110076912000068, 29.22300087800005 ], [ 99.124252302000059, 28.986820753000075 ], [ 99.129684348000069, 28.904791106000062 ], [ 99.107787310000049, 28.809618863000026 ], [ 99.130607373000032, 28.693019702000072 ], [ 99.18168748800008, 28.589995713000064 ], [ 99.19224627300008, 28.493017627000029 ], [ 99.173530733000064, 28.415448087000073 ], [ 99.230600372000083, 28.354219085000068 ], [ 99.247232868000083, 28.311406239000064 ], [ 99.312435267000069, 28.218894999000042 ], [ 99.372182051000038, 28.17702323900005 ] ] } },
{ "type": "Feature", "properties": { "FNODE_": 131, "TNODE_": 122, "LPOLY_": 20, "RPOLY_": 43, "LENGTH": 299129.0, "BOUNT_": 148, "BOUNT_ID": 116, "GEO_CODE": 61030, "BCODE": 5354, "BNAME": "滇藏线", "BountName": "省区直", "SHAPE_Leng": 2.8563143378800002 }, "geometry": { "type": "LineString", "coordinates": [ [ 98.137880782000082, 28.146606984000073 ], [ 98.263280882000061, 28.242239846000075 ], [ 98.236691533000055, 28.308973214000048 ], [ 98.228977932000078, 28.319885875000068 ], [ 98.206325861000039, 28.332454447000032 ], [ 98.204304168000078, 28.358137504000069 ], [ 98.234937045000038, 28.373471675000076 ], [ 98.289572710000073, 28.397394262000034 ], [ 98.302222766000057, 28.381272660000036 ], [ 98.354493006000041, 28.291814664000071 ], [ 98.377709619000086, 28.250694324000051 ], [ 98.37174321100008, 28.185016825000048 ], [ 98.387070899000037, 28.115255980000029 ], [ 98.426135028000033, 28.106896788000029 ], [ 98.625793895000072, 28.169651927000075 ], [ 98.693765897000048, 28.218892796000034 ], [ 98.709460199000034, 28.232198559000039 ], [ 98.751507081000057, 28.338202796000076 ], [ 98.733561887000064, 28.367894740000054 ], [ 98.683550366000077, 28.43894971800006 ], [ 98.62751056500008, 28.491152351000039 ], [ 98.61796632000005, 28.509720991000052 ], [ 98.593017590000045, 28.669350701000042 ], [ 98.594169655000087, 28.684850266000069 ], [ 98.681353375000072, 28.751081513000031 ], [ 98.646622950000051, 28.886442899000031 ], [ 98.659455930000036, 28.929933531000074 ], [ 98.730388902000072, 28.984445915000038 ], [ 98.755917644000078, 29.007299970000076 ], [ 98.785443961000055, 29.001330283000073 ], [ 98.814131057000054, 28.94845835700005 ], [ 98.826155595000046, 28.824418992000062 ], [ 98.905182776000061, 28.804215793000026 ], [ 98.945182673000033, 28.820262272000036 ], [ 98.909821949000047, 28.914145905000055 ], [ 98.960559058000058, 29.17769602900006 ], [ 98.974688710000066, 29.206693260000065 ], [ 99.110076912000068, 29.22300087800005 ] ] } },
{ "type": "Feature", "properties": { "FNODE_": 129, "TNODE_": 130, "LPOLY_": 45, "RPOLY_": 31, "LENGTH": 555531.0, "BOUNT_": 149, "BOUNT_ID": 281, "GEO_CODE": 61030, "BCODE": 5052, "BNAME": "渝黔线", "BountName": "省区直", "SHAPE_Leng": 5.39741400673 }, "geometry": { "type": "LineString", "coordinates": [ [ 109.269090553000069, 28.497922136000057 ], [ 109.206954925000048, 28.479854851000027 ], [ 109.190032665000047, 28.474553532000073 ], [ 109.171957926000061, 28.449368937000031 ], [ 109.13603756200007, 28.365074904000039 ], [ 109.112065082000072, 28.289202635000038 ], [ 109.090541848000044, 28.222549403000073 ], [ 108.999589096000079, 28.164685560000066 ], [ 108.978500743000041, 28.165246055000068 ], [ 108.608488688000079, 28.328005792000056 ], [ 108.574567574000071, 28.345533878000026 ], [ 108.571828743000083, 28.383659157000068 ], [ 108.583715763000043, 28.463759036000056 ], [ 108.604712874000086, 28.545297298000037 ], [ 108.630432607000046, 28.637083928000038 ], [ 108.625732752000033, 28.643708278000076 ], [ 108.561850160000063, 28.665634100000034 ], [ 108.530042279000043, 28.653950408000071 ], [ 108.501850946000047, 28.642804631000047 ], [ 108.496327032000067, 28.629394997000077 ], [ 108.330169688000069, 28.68542687300004 ], [ 108.343010535000076, 28.734382691000064 ], [ 108.350472252000088, 28.739979211000048 ], [ 108.355126410000082, 28.743471896000074 ], [ 108.358216295000034, 28.746715347000077 ], [ 108.377221759000065, 28.770550544000059 ], [ 108.380296528000088, 28.774714866000068 ], [ 108.382318329000043, 28.78001441300006 ], [ 108.382799078000062, 28.783920357000056 ], [ 108.383264487000076, 28.788516938000043 ], [ 108.383478062000052, 28.792189832000076 ], [ 108.383188213000039, 28.79471286100005 ], [ 108.382631250000088, 28.798150827000029 ], [ 108.346002100000078, 28.936886504000029 ], [ 108.303223210000056, 29.08140183200004 ], [ 108.067110040000046, 29.088250125000059 ], [ 108.025154653000072, 29.040694286000075 ], [ 107.807153954000057, 28.983954243000028 ], [ 107.820696526000063, 29.028736067000068 ], [ 107.694930653000085, 29.144259275000024 ], [ 107.522295816000053, 29.197358817000065 ], [ 107.439239889000078, 29.207688444000041 ], [ 107.397193102000074, 29.188599890000035 ], [ 107.398711301000048, 29.174665014000027 ], [ 107.41518364600006, 29.166204508000078 ], [ 107.38298657200005, 29.102695339000036 ], [ 107.36699494800007, 29.099528564000025 ], [ 107.358701194000048, 29.012850456000024 ], [ 107.36536179400008, 28.997171827000045 ], [ 107.403532747000042, 28.966032550000079 ], [ 107.433089596000059, 28.957184054000038 ], [ 107.433059052000033, 28.948002646000077 ], [ 107.391179923000038, 28.865861278000068 ], [ 107.372685745000069, 28.850661353000078 ], [ 107.325069321000058, 28.813571851000063 ], [ 107.248887641000067, 28.793418963000079 ], [ 107.207115704000046, 28.824021311000024 ], [ 107.196739594000064, 28.867315373000054 ], [ 107.184684888000049, 28.893020432000071 ], [ 107.106588339000041, 28.894485289000045 ], [ 107.010760456000071, 28.887396692000038 ], [ 106.841489796000076, 28.785207845000059 ], [ 106.817044442000054, 28.756465991000027 ], [ 106.755572331000053, 28.615604335000057 ], [ 106.704728234000072, 28.45434251100005 ], [ 106.58929252300004, 28.516675663000058 ], [ 106.631919432000075, 28.628688169000043 ], [ 106.627479099000084, 28.661318291000043 ], [ 106.544858440000041, 28.773666707000075 ], [ 106.469516314000089, 28.837729339000077 ], [ 106.445170191000045, 28.817293565000057 ], [ 106.447222476000036, 28.791869315000042 ], [ 106.458834638000042, 28.767651117000071 ], [ 106.488414564000038, 28.742534130000024 ], [ 106.523716558000046, 28.676332838000064 ], [ 106.461634214000071, 28.587327015000028 ], [ 106.430688470000064, 28.561289934000058 ], [ 106.367553445000055, 28.529072496000026 ] ] } },
{ "type": "Feature", "properties": { "FNODE_": 133, "TNODE_": 134, "LPOLY_": 32, "RPOLY_": 1, "LENGTH": 511.301, "BOUNT_": 150, "BOUNT_ID": 117, "GEO_CODE": 61030, "BCODE": 3335, "BNAME": "浙闽线", "BountName": "省区直", "SHAPE_Leng": 0.0047513125067000003 }, "geometry": { "type": "LineString", "coordinates": [ [ 120.389344925000046, 27.246597002000044 ], [ 120.391578791000029, 27.242403577000061 ] ] } },
{ "type": "Feature", "properties": { "FNODE_": 126, "TNODE_": 133, "LPOLY_": 32, "RPOLY_": 46, "LENGTH": 325098.0, "BOUNT_": 151, "BOUNT_ID": 118, "GEO_CODE": 61030, "BCODE": 3335, "BNAME": "浙闽线", "BountName": "省区直", "SHAPE_Leng": 3.1358696914199999 }, "geometry": { "type": "LineString", "coordinates": [ [ 118.42799930000001, 28.291685810000047 ], [ 118.497999729000071, 28.253572512000062 ], [ 118.666516011000112, 28.273853483000039 ], [ 118.731373801000018, 28.259353781000073 ], [ 118.766149408000047, 28.241095720000033 ], [ 118.794714195000097, 28.211331701000063 ], [ 118.805273700000043, 28.150568363000048 ], [ 118.891308189000029, 27.559601193000049 ], [ 118.982260163000092, 27.479354461000071 ], [ 119.141291119000016, 27.429806513000074 ], [ 119.232930716000055, 27.421106817000066 ], [ 119.257147328000087, 27.424412756000038 ], [ 119.464526775000081, 27.527899509000065 ], [ 119.48595140000009, 27.567490024000051 ], [ 119.497564791000059, 27.615794294000068 ], [ 119.498662311000089, 27.652907470000059 ], [ 119.530714544000034, 27.661832824000044 ], [ 119.560103526000034, 27.667344472000025 ], [ 119.591254885000012, 27.672385586000075 ], [ 119.619546459000048, 27.673027688000047 ], [ 119.636193366000043, 27.669002657000078 ], [ 119.671473088000084, 27.57677800600004 ], [ 119.653892946000042, 27.544348677000073 ], [ 119.704446984000015, 27.468733667000038 ], [ 119.765840818000015, 27.30978039300004 ], [ 119.810154200000056, 27.305174706000059 ], [ 119.834011224000051, 27.303976019000061 ], [ 119.880918485000052, 27.310448820000033 ], [ 119.928099713000051, 27.320000232000041 ], [ 119.932036577000076, 27.339753203000043 ], [ 119.966621680000117, 27.372378235000042 ], [ 120.130612018000079, 27.425816914000052 ], [ 120.217955596000024, 27.425328419000039 ], [ 120.336069391000024, 27.401156775000061 ], [ 120.389344925000046, 27.246597002000044 ] ] } },
{ "type": "Feature", "properties": { "FNODE_": 108, "TNODE_": 134, "LPOLY_": 1, "RPOLY_": 32, "LENGTH": 926145.0, "BOUNT_": 152, "BOUNT_ID": 119, "GEO_CODE": 26010, "BCODE": 0, "BNAME": null, "BountName": "海岸线", "SHAPE_Leng": 9.0699407519800008 }, "geometry": { "type": "LineString", "coordinates": [ [ 121.26766275600005, 30.707339710000042 ], [ 121.043765680000092, 30.59154694700004 ], [ 120.968079007000028, 30.538637907000066 ], [ 120.945961092000061, 30.505351699000073 ], [ 120.935484137000117, 30.479896937000035 ], [ 120.943899913000109, 30.442843434000054 ], [ 120.918461999000101, 30.391912378000029 ], [ 120.905301673000054, 30.375827665000031 ], [ 120.787362878000067, 30.341139284000064 ], [ 120.749641801000053, 30.355586380000034 ], [ 120.72240553000006, 30.384738198000036 ], [ 120.664771532000032, 30.400644198000066 ], [ 120.612226016000022, 30.346732817000031 ], [ 120.635411938000061, 30.235384324000051 ], [ 120.701223529000117, 30.144504073000064 ], [ 120.813416039000117, 30.124912434000066 ], [ 121.035743789000094, 30.236224757000059 ], [ 121.205280446000074, 30.31750605600007 ], [ 121.340477391000036, 30.297594012000047 ], [ 121.431573879000098, 30.245464918000039 ], [ 121.507755687000099, 30.177478123000071 ], [ 121.551595303000113, 30.108779229000049 ], [ 121.589589124000099, 30.060446154000033 ], [ 121.698692162000043, 29.957288930000061 ], [ 121.925900938000041, 29.905673549000028 ], [ 122.004156539000064, 29.893482299000027 ], [ 122.077187134000042, 29.891348439000069 ], [ 121.851784738000106, 29.698683467000023 ], [ 121.513298113000019, 29.557187051000028 ], [ 121.45993553400001, 29.525393980000047 ], [ 121.426327416000049, 29.466765208000027 ], [ 121.442883798000025, 29.416171028000065 ], [ 121.490637401000072, 29.391220849000035 ], [ 121.512418324, 29.401523688000054 ], [ 121.677990461000036, 29.508711275000053 ], [ 121.796661809000057, 29.48270904900005 ], [ 121.788031479000097, 29.596268212000041 ], [ 121.920497060000116, 29.645583084000066 ], [ 121.994382055000074, 29.589222942000049 ], [ 121.949024414000064, 29.561000334000028 ], [ 121.931001330000072, 29.534379041000079 ], [ 121.897018296000056, 29.384634116000029 ], [ 121.911774767000111, 29.306636481000055 ], [ 121.99739988500005, 29.266365198000074 ], [ 121.96125014800009, 29.217043906000072 ], [ 121.855102930000044, 29.173492490000058 ], [ 121.825389681000047, 29.301138409000032 ], [ 121.776708695000025, 29.30204705500006 ], [ 121.735050048000062, 29.228532329000075 ], [ 121.685665318000019, 29.187158829000055 ], [ 121.536088691000032, 29.208038405000025 ], [ 121.420428084000037, 29.169792811000036 ], [ 121.423830967000072, 29.150245958000028 ], [ 121.451495525000041, 29.108629654000026 ], [ 121.467547159000105, 29.098376114000075 ], [ 121.563054793000106, 29.117586591000077 ], [ 121.634466474000078, 29.097681711000064 ], [ 121.71299010700011, 29.014386978000061 ], [ 121.73030957200001, 28.942232159000071 ], [ 121.521309857, 28.92652356800005 ], [ 121.678862716000026, 28.82097204300004 ], [ 121.627575248000085, 28.724879156000043 ], [ 121.514443511000081, 28.694726599000035 ], [ 121.500885799000116, 28.664278600000046 ], [ 121.528702923000083, 28.571554827000057 ], [ 121.593499326000028, 28.365941353000039 ], [ 121.583825259000037, 28.306886133000035 ], [ 121.526992700000051, 28.331637027000056 ], [ 121.478872474000013, 28.339337690000036 ], [ 121.423335946000066, 28.268415975000039 ], [ 121.390284969000049, 28.18395502900006 ], [ 121.357927393000068, 28.140205182000045 ], [ 121.338746416000049, 28.141785409000079 ], [ 121.282774246000031, 28.205984483000066 ], [ 121.231338129000051, 28.306659916000058 ], [ 121.20275692000007, 28.342732156000068 ], [ 121.153335734000052, 28.318097629000079 ], [ 121.132114886000068, 28.24828016400005 ], [ 121.094539601000065, 28.167823494000061 ], [ 120.970213920000106, 27.987200632000054 ], [ 120.859217473000058, 27.876504689000058 ], [ 120.782799092000118, 27.815935013000058 ], [ 120.68019619100005, 27.703828604000023 ], [ 120.601685978000091, 27.59592523200007 ], [ 120.597162740000044, 27.586265317000027 ], [ 120.508695799000066, 27.341311274000077 ], [ 120.512227517000042, 27.221444693000024 ], [ 120.520451599000012, 27.200900603000036 ], [ 120.463200976000053, 27.192285232000074 ], [ 120.423675828000114, 27.221117708000065 ], [ 120.391578791000029, 27.242403577000061 ] ] } },
{ "type": "Feature", "properties": { "FNODE_": 134, "TNODE_": 136, "LPOLY_": 1, "RPOLY_": 1, "LENGTH": 9086.79, "BOUNT_": 153, "BOUNT_ID": 120, "GEO_CODE": 61030, "BCODE": 3335, "BNAME": "浙闽线", "BountName": "省区直", "SHAPE_Leng": 0.44791658209500002 }, "geometry": { "type": "LineString", "coordinates": [ [ 120.391578791000029, 27.242403577000061 ], [ 120.4312403670001, 27.167871791000039 ], [ 120.637075635000087, 27.06849339300004 ], [ 120.669970469000077, 27.055264334000071 ], [ 120.695634374000065, 27.044996695000066 ], [ 120.701096711000105, 27.042353839000043 ], [ 120.707574458000067, 27.039958248000062 ], [ 120.71406722200004, 27.037334219000059 ], [ 120.719774217, 27.035155547000045 ], [ 120.724978439000097, 27.032503594000048 ], [ 120.73329405000004, 27.028537902000039 ], [ 120.737978378000093, 27.026106348000042 ], [ 120.742411292000043, 27.023441815000069 ], [ 120.749170269000047, 27.020132253000043 ], [ 120.754633108, 27.017484515000035 ], [ 120.757746620000034, 27.01594035200003 ], [ 120.760843804000046, 27.015312283000071 ] ] } },
{ "type": "Feature", "properties": { "FNODE_": 135, "TNODE_": 130, "LPOLY_": 25, "RPOLY_": 45, "LENGTH": 186253.0, "BOUNT_": 154, "BOUNT_ID": 121, "GEO_CODE": 61030, "BCODE": 5152, "BNAME": "川黔线", "BountName": "省区直", "SHAPE_Leng": 1.8072976436599999 }, "geometry": { "type": "LineString", "coordinates": [ [ 106.038266423000039, 28.144189203000053 ], [ 105.973010369000065, 28.115870212000061 ], [ 105.884316572000046, 28.242110787000058 ], [ 105.869202379000058, 28.257943630000057 ], [ 105.821357256000056, 28.305690250000055 ], [ 105.783690006000086, 28.339456268000049 ], [ 105.768461308000042, 28.335891513000036 ], [ 105.73119825100008, 28.302468865000037 ], [ 105.730709881000053, 28.274759149000033 ], [ 105.686168295000073, 28.286505691000059 ], [ 105.640451786000085, 28.310611 ], [ 105.633646193000061, 28.326282305000063 ], [ 105.605142328000056, 28.446361522000075 ], [ 105.605050861000052, 28.476465942000061 ], [ 105.621179941000037, 28.524578548000079 ], [ 105.666324325000062, 28.538496500000065 ], [ 105.681743761000064, 28.539783269000054 ], [ 105.728627864000032, 28.615770187000066 ], [ 105.803893861000063, 28.60459002500005 ], [ 105.855050357000039, 28.602530866000052 ], [ 105.900835608000079, 28.606196673000056 ], [ 105.901819848000059, 28.613797343000044 ], [ 105.904253853000057, 28.674706892000074 ], [ 105.95985094200006, 28.741246490000037 ], [ 106.152696521000053, 28.643122145000063 ], [ 106.164140879000058, 28.627545294000072 ], [ 106.170603115000063, 28.613875562000032 ], [ 106.193484183000066, 28.575905452000029 ], [ 106.325476051000066, 28.484650369000065 ], [ 106.348990479000065, 28.482473618000029 ], [ 106.373588333000043, 28.48470652900005 ], [ 106.371688629000062, 28.505604770000048 ], [ 106.367553445000055, 28.529072496000026 ] ] } },
{ "type": "Feature", "properties": { "FNODE_": 128, "TNODE_": 139, "LPOLY_": 25, "RPOLY_": 43, "LENGTH": 250144.0, "BOUNT_": 156, "BOUNT_ID": 124, "GEO_CODE": 61030, "BCODE": 5153, "BNAME": "川滇线", "BountName": "省区直", "SHAPE_Leng": 2.42861887239 }, "geometry": { "type": "LineString", "coordinates": [ [ 104.419227686000056, 28.628775602000076 ], [ 104.408355461000042, 28.603097149000064 ], [ 104.352460952000058, 28.562032742000042 ], [ 104.308797395000056, 28.547583367000072 ], [ 104.242915004000054, 28.525780242000053 ], [ 104.25357340100004, 28.397103388000062 ], [ 104.271747021000067, 28.364818866000064 ], [ 104.376387016000081, 28.334851527000069 ], [ 104.431014856000047, 28.277224582000031 ], [ 104.44364928400006, 28.218795018000037 ], [ 104.448043699000038, 28.129415275000042 ], [ 104.447624064000081, 28.120225991000041 ], [ 104.391462433000072, 28.06621227200003 ], [ 104.375012918000039, 28.058647178000058 ], [ 104.351941159000035, 28.058360500000049 ], [ 104.322414473000038, 28.059294430000023 ], [ 104.300815083000032, 28.055508546000056 ], [ 104.295298949000085, 28.049898915000028 ], [ 104.380742645000055, 27.971051098000032 ], [ 104.476432947000035, 27.904200341000035 ], [ 104.508698450000054, 27.882521575000055 ], [ 104.572352190000061, 27.84371778700006 ], [ 104.63411375000004, 27.857075995000059 ], [ 104.86424560200004, 27.908648165000045 ], [ 104.884464045000072, 27.91654756500003 ], [ 104.940740168000048, 27.984032441000068 ], [ 104.964941350000061, 28.018193066000038 ], [ 104.96855779100008, 28.032425551000074 ], [ 104.971548689000088, 28.064171187000056 ], [ 105.043869739000058, 28.10222447700005 ], [ 105.183712656000068, 28.068774230000031 ], [ 105.264601602000084, 28.001398001000041 ], [ 105.279349515000035, 27.963671003000059 ], [ 105.277640360000078, 27.932290690000059 ], [ 105.26039746500004, 27.914677553000047 ], [ 105.24163621200006, 27.912446827000053 ], [ 105.227674053000044, 27.896278658000028 ], [ 105.235005900000033, 27.832399537000072 ], [ 105.284498891000055, 27.713074352000035 ], [ 105.304091698000036, 27.708554065000044 ] ] } },
{ "type": "Feature", "properties": { "FNODE_": 139, "TNODE_": 135, "LPOLY_": 25, "RPOLY_": 45, "LENGTH": 169682.0, "BOUNT_": 157, "BOUNT_ID": 323, "GEO_CODE": 61031, "BCODE": 5152, "BNAME": "川黔线", "BountName": "省界桩", "SHAPE_Leng": 1.6855283142899999 }, "geometry": { "type": "LineString", "coordinates": [ [ 105.304091698000036, 27.708554065000044 ], [ 105.352035373000035, 27.740136419000066 ], [ 105.396120074000066, 27.766673030000049 ], [ 105.438657377000084, 27.772633710000036 ], [ 105.482586390000051, 27.776844399000026 ], [ 105.594985525000084, 27.719581160000075 ], [ 105.669090130000086, 27.683134726000048 ], [ 105.694571474000043, 27.697952413000053 ], [ 105.764164301000051, 27.72087325800004 ], [ 105.808445629000062, 27.716860394000037 ], [ 105.844374275000064, 27.713605510000036 ], [ 105.900789447000079, 27.725550898000051 ], [ 105.974244594000083, 27.741104359000076 ], [ 106.019374520000042, 27.750660119000031 ], [ 106.132695115000047, 27.755624368000042 ], [ 106.191292324000074, 27.758193062000032 ], [ 106.270578813000043, 27.795022073000041 ], [ 106.338742192000041, 27.826681136000047 ], [ 106.373483576000069, 27.838493768000035 ], [ 106.387813496000035, 27.885064452000051 ], [ 106.355571582000039, 27.928055782000058 ], [ 106.351989217000039, 27.967460478000078 ], [ 106.341241966000041, 28.003285551000033 ], [ 106.319747347000089, 28.031945397000072 ], [ 106.26645999200008, 28.071778275000042 ], [ 106.218162604000042, 28.120765263000067 ], [ 106.197822242000086, 28.138684215000069 ], [ 106.167303119000053, 28.155817742000067 ], [ 106.146255866000047, 28.167632665000042 ], [ 106.120192168000074, 28.161974570000041 ], [ 106.038266423000039, 28.144189203000053 ] ] } },
{ "type": "Feature", "properties": { "FNODE_": 140, "TNODE_": 131, "LPOLY_": 20, "RPOLY_": 1, "LENGTH": 660251.0, "BOUNT_": 158, "BOUNT_ID": 122, "GEO_CODE": 61010, "BCODE": 0, "BNAME": null, "BountName": "国界", "SHAPE_Leng": 6.4891870924399999 }, "geometry": { "type": "LineString", "coordinates": [ [ 93.109926296000083, 26.88366750800003 ], [ 93.530850968000038, 26.937265441000079 ], [ 93.566671868000071, 26.941834541000048 ], [ 93.582999176000044, 26.946284713000068 ], [ 93.624298242000066, 26.959336699000062 ], [ 93.815946044000043, 27.029064318000053 ], [ 93.829146424000044, 27.037174977000063 ], [ 93.834142708000059, 27.04206141800006 ], [ 93.841016912000043, 27.049523732000068 ], [ 93.845412369000087, 27.074282283000059 ], [ 93.846876685000041, 27.104118604000064 ], [ 93.847380832000056, 27.13479516600006 ], [ 93.845145111000079, 27.157487214000071 ], [ 93.848418156000037, 27.172292897000034 ], [ 93.861166837000042, 27.190899553000065 ], [ 93.896500131000039, 27.229642469000055 ], [ 93.96975917900005, 27.308830949000026 ], [ 93.98606368600008, 27.325760234000029 ], [ 94.017504923000047, 27.352502583000046 ], [ 94.03831875700007, 27.366066641000032 ], [ 94.055324580000047, 27.379020184000069 ], [ 94.242692942000076, 27.548907932000077 ], [ 94.252458429000058, 27.558930628000041 ], [ 94.509851132000051, 27.598730025000066 ], [ 94.546709906000046, 27.611191001000066 ], [ 94.586994471000082, 27.624875305000046 ], [ 94.616161715000032, 27.636055962000057 ], [ 94.659466946000066, 27.653826288000062 ], [ 94.866946067000072, 27.740462032000039 ], [ 95.259352709000041, 27.927057019000074 ], [ 95.268295134000084, 27.931331142000033 ], [ 95.28552962100008, 27.943565599000067 ], [ 95.299880949000055, 27.962038287000041 ], [ 95.309448759000077, 27.978800898000031 ], [ 95.31767383600004, 28.00002269600003 ], [ 95.342691242000058, 28.034424467000065 ], [ 95.482526061000044, 28.175809583000046 ], [ 95.519423242000073, 28.184337282000058 ], [ 95.527449310000065, 28.186702913000033 ], [ 95.536536575000071, 28.19001972500007 ], [ 95.586738820000051, 28.211868992000063 ], [ 95.68891463600005, 28.263166374000036 ], [ 95.730839213000081, 28.276540198000077 ], [ 95.739407645000085, 28.278894682000043 ], [ 95.831519329000059, 28.298609718000023 ], [ 95.873810616000071, 28.30134872900004 ], [ 95.899438603000078, 28.281851879000044 ], [ 96.000004274000048, 28.200992275000033 ], [ 96.24358724700005, 28.233584350000058 ], [ 96.264560763000077, 28.234663473000069 ], [ 96.270435882000072, 28.233710119000079 ], [ 96.441384292000066, 28.159748887000035 ], [ 96.457475269000042, 28.151256932000024 ], [ 96.463723937000054, 28.144925064000063 ], [ 96.473856270000056, 28.131930442000055 ], [ 96.485888084000067, 28.112207507000051 ], [ 96.503211072000056, 28.075840398000025 ], [ 96.518168895000088, 28.082501019000063 ], [ 96.605779573000063, 28.047058848000063 ], [ 96.674477007000064, 27.957997015000046 ], [ 96.815441240000041, 27.895925970000064 ], [ 96.861783135000053, 27.877325805000055 ], [ 96.915274559000068, 27.88485967500003 ], [ 97.048632295000061, 27.80593527700006 ], [ 97.048197498000036, 27.790098293000028 ], [ 97.048571652000078, 27.779319790000045 ], [ 97.057566530000031, 27.744094347000043 ], [ 97.081760307000081, 27.74242193200007 ], [ 97.086498427000038, 27.742368089000024 ], [ 97.091365576000044, 27.742932016000054 ], [ 97.313257518000057, 27.913420255000062 ], [ 97.380108029000041, 27.969689526000025 ], [ 97.393887289000077, 28.000023225000064 ], [ 97.337001081000039, 28.060514330000046 ], [ 97.315714487000037, 28.097420756000076 ], [ 97.357372235000071, 28.206568998000023 ], [ 97.521148975000074, 28.499226917000044 ], [ 97.569299701000034, 28.545205698000075 ], [ 97.576357079000047, 28.547153131000073 ], [ 97.586985372000072, 28.545833477000031 ], [ 97.660168446000057, 28.535470238000073 ], [ 97.663617237000039, 28.534498507000023 ], [ 97.913066649000086, 28.364210057000037 ], [ 97.991415195000059, 28.290887735000069 ], [ 98.089501494000046, 28.198719369000059 ], [ 98.137880782000082, 28.146606984000073 ] ] } },
{ "type": "Feature", "properties": { "FNODE_": 57, "TNODE_": 140, "LPOLY_": 20, "RPOLY_": 1, "LENGTH": 2587660.0, "BOUNT_": 159, "BOUNT_ID": 126, "GEO_CODE": 61010, "BCODE": 0, "BNAME": null, "BountName": "国界", "SHAPE_Leng": 25.429994307299999 }, "geometry": { "type": "LineString", "coordinates": [ [ 79.036773837000055, 34.336429595000027 ], [ 78.973600723000061, 34.287845792000041 ], [ 78.74142024300005, 33.992135817000076 ], [ 78.76264377800004, 33.908700637000038 ], [ 78.76346892600003, 33.902896331000079 ], [ 78.775609528000075, 33.745173962000024 ], [ 78.761151119000033, 33.724805238000044 ], [ 78.701373045000082, 33.685990946000061 ], [ 78.689553580000052, 33.678749656000036 ], [ 78.682816183000057, 33.669920042000058 ], [ 78.682551887000045, 33.656688121000059 ], [ 78.736224757000059, 33.56328145100008 ], [ 78.758267709000052, 33.533811821000029 ], [ 78.839378804000035, 33.427681482000025 ], [ 79.076545752000072, 33.222844206000048 ], [ 79.106447464000041, 33.202676870000062 ], [ 79.117507368000076, 33.197882661000051 ], [ 79.146188797000036, 33.188398472000074 ], [ 79.16458588900008, 33.011227392000023 ], [ 79.217076712000051, 32.968047359000025 ], [ 79.236121487000048, 32.959873321000032 ], [ 79.247908165000069, 32.951147632000072 ], [ 79.251158776000068, 32.944588085000078 ], [ 79.293083137000053, 32.718868340000029 ], [ 79.294869161000065, 32.599298201000067 ], [ 79.27308811000006, 32.568162457000028 ], [ 79.273584937000066, 32.555162230000064 ], [ 79.27314141100004, 32.545906709000064 ], [ 79.268967897000039, 32.541170923000038 ], [ 79.253206803000069, 32.523452569000028 ], [ 79.249268433000054, 32.519358029000045 ], [ 79.051661990000071, 32.383936708000078 ], [ 78.971726671000056, 32.335309193000057 ], [ 78.968019826000045, 32.334896510000078 ], [ 78.906548201000078, 32.372030228000028 ], [ 78.843610990000059, 32.412275872000066 ], [ 78.81374745100004, 32.432981820000066 ], [ 78.808040405000042, 32.439329515000054 ], [ 78.779910527000084, 32.483395890000054 ], [ 78.762483702000054, 32.546960623000075 ], [ 78.757852272000036, 32.566549664000036 ], [ 78.761043702000052, 32.574446816000034 ], [ 78.765742407000062, 32.580626499000061 ], [ 78.771165486000029, 32.587103167000066 ], [ 78.775316115000066, 32.591853369000034 ], [ 78.778781276000075, 32.598823161000041 ], [ 78.77888813900006, 32.610779379000064 ], [ 78.739166406000038, 32.706305559000043 ], [ 78.732452246000037, 32.707476735000057 ], [ 78.730012311000053, 32.707128286000057 ], [ 78.720261271000084, 32.703244976000065 ], [ 78.421959095000034, 32.568444285000055 ], [ 78.416541672000051, 32.564847311000051 ], [ 78.408270714000082, 32.556504765000057 ], [ 78.393617610000035, 32.538261477000049 ], [ 78.392754174000061, 32.533135421000054 ], [ 78.395720911000069, 32.524615748000031 ], [ 78.398629733000064, 32.521192123000048 ], [ 78.402824545000044, 32.519200408000074 ], [ 78.407142853000039, 32.516857167000069 ], [ 78.415474159000041, 32.511733624000044 ], [ 78.423158082000043, 32.505129252000074 ], [ 78.426712882000061, 32.501075769000067 ], [ 78.449839509000071, 32.471930545000077 ], [ 78.467036097000062, 32.444596684000032 ], [ 78.47054479500008, 32.43790965200003 ], [ 78.508420797000042, 32.310856996000041 ], [ 78.505978841000058, 32.300604975000056 ], [ 78.483319422000079, 32.252935545000071 ], [ 78.480587225000079, 32.248577219000026 ], [ 78.47655063600007, 32.242997596000066 ], [ 78.508107624000047, 32.148186914000064 ], [ 78.588692026000047, 32.064990769000076 ], [ 78.592622340000048, 32.033960864000051 ], [ 78.670153193000033, 32.000101119000078 ], [ 78.707187907000048, 31.982083651000039 ], [ 78.759770438000032, 31.949641373000077 ], [ 78.766058413000053, 31.943542329000024 ], [ 78.76850870100003, 31.937826490000077 ], [ 78.766173699000035, 31.929219612000054 ], [ 78.736935062000043, 31.88799627700007 ], [ 78.741721178000034, 31.71524404400003 ], [ 78.751435153000045, 31.366627079000068 ], [ 78.752907535000077, 31.35839664100007 ], [ 78.777254409000079, 31.319739533000075 ], [ 78.783761638000044, 31.31116952800005 ], [ 79.00757703000005, 31.046943012000042 ], [ 79.083828900000071, 31.004186612000069 ], [ 79.095281019000083, 30.998650432000034 ], [ 79.224961306000068, 30.952014850000069 ], [ 79.23530544700003, 30.951422071000025 ], [ 79.254562244000056, 30.952693435000072 ], [ 79.316270501000076, 30.961261033000028 ], [ 79.320538464000037, 30.962084769000057 ], [ 79.326701975000049, 30.965368512000055 ], [ 79.329540216000055, 30.97191657500008 ], [ 79.328576885000075, 30.976005457000042 ], [ 79.323329095000076, 30.993177193000065 ], [ 79.320354338000072, 31.000266315000033 ], [ 79.355633606000083, 31.033943801000078 ], [ 79.395497952000085, 31.070788859000061 ], [ 79.401927758000056, 31.074176530000045 ], [ 79.411215323000079, 31.072646183000074 ], [ 79.668919493000033, 30.983409290000054 ], [ 79.678044717000034, 30.978886639000052 ], [ 79.755858121000074, 30.939604274000033 ], [ 79.888278023000055, 30.858115631000032 ], [ 79.904322767000053, 30.842112555000028 ], [ 79.910458168000048, 30.835955188000071 ], [ 79.95866974300003, 30.774245599000039 ], [ 79.969763611000076, 30.720854957000029 ], [ 79.970237323000049, 30.710849594000024 ], [ 79.970563729000048, 30.702901226000051 ], [ 79.959920643000032, 30.702140137000072 ], [ 80.03543163900008, 30.628850779000061 ], [ 80.166928906000066, 30.578102720000061 ], [ 80.212126334000061, 30.588914154000065 ], [ 80.30628428600005, 30.571806221000031 ], [ 80.319376138000052, 30.567172440000036 ], [ 80.427631193000082, 30.518667962000052 ], [ 80.458014730000059, 30.497401164000053 ], [ 80.603669340000067, 30.46884162300006 ], [ 80.630923864000067, 30.461722440000074 ], [ 80.717130018000034, 30.417981342000076 ], [ 81.013669898000046, 30.262428930000056 ], [ 81.031606235000083, 30.250144612000042 ], [ 81.079202390000034, 30.154332817000068 ], [ 81.10377064000005, 30.103234350000037 ], [ 81.10751560600005, 30.093637706000038 ], [ 81.107692335000081, 30.088354152000079 ], [ 81.097887995000065, 30.065585329000044 ], [ 81.093225417000042, 30.055965795000077 ], [ 81.094355249000046, 30.052468758000032 ], [ 81.119760567000071, 30.027801168000053 ], [ 81.129230492000033, 30.018813730000034 ], [ 81.137766405000036, 30.016021830000057 ], [ 81.153377214000045, 30.013031106000028 ], [ 81.222876510000049, 30.008562458000029 ], [ 81.238196698000081, 30.010715010000069 ], [ 81.25342340800006, 30.015041432000032 ], [ 81.279746286000034, 30.064191170000072 ], [ 81.286910073000058, 30.083456498000032 ], [ 81.308929985000077, 30.161880582000038 ], [ 81.332358972000065, 30.155103069000063 ], [ 81.390625218000082, 30.202235869000049 ], [ 81.394740209000076, 30.209282682000037 ], [ 81.396233857000084, 30.213349285000049 ], [ 81.416002648000074, 30.273289089000059 ], [ 81.424767342000052, 30.308298456000045 ], [ 81.424638166000079, 30.31270018400005 ], [ 81.419947848000049, 30.315566712000077 ], [ 81.403056097000047, 30.320346012000073 ], [ 81.396920121000051, 30.322352752000029 ], [ 81.396447530000046, 30.326751202000025 ], [ 81.403513428000053, 30.406662292000078 ], [ 81.408281375000058, 30.417052505000072 ], [ 81.415216266000073, 30.423084166000024 ], [ 81.573071653000056, 30.433686285000078 ], [ 81.653258966000067, 30.437394358000063 ], [ 81.678797056000064, 30.427029542000071 ], [ 81.736208563000048, 30.398094186000037 ], [ 81.99449291600007, 30.32378953400007 ], [ 82.129630095000039, 30.30711855100003 ], [ 82.123357861000045, 30.299959078000029 ], [ 82.11848264200006, 30.291356691000033 ], [ 82.115667828000085, 30.281614945000058 ], [ 82.105664847000071, 30.245900434000077 ], [ 82.104795700000068, 30.239715895000074 ], [ 82.107321009000032, 30.233003103000044 ], [ 82.171067170000072, 30.077400746000023 ], [ 82.174927798000056, 30.071006543000067 ], [ 82.183754176000036, 30.068807212000024 ], [ 82.221262204000084, 30.067972713000074 ], [ 82.335507121000035, 30.047368961000075 ], [ 82.550824926000075, 29.961664808000023 ], [ 82.558436658000062, 29.958487981000076 ], [ 82.720545624000067, 29.799395366000056 ], [ 82.874280459000033, 29.689763797000069 ], [ 83.145322527000076, 29.622829209000031 ], [ 83.156454498000073, 29.620005281000033 ], [ 83.205954732000066, 29.605958315000066 ], [ 83.214218644000084, 29.603366039000036 ], [ 83.263482189000058, 29.574229868000032 ], [ 83.271556283000052, 29.56772748000003 ], [ 83.412481114000059, 29.423220202000039 ], [ 83.421028242000034, 29.414244988000064 ], [ 83.444251919000067, 29.324202955000032 ], [ 83.659523033000085, 29.193397480000044 ], [ 83.664403883000034, 29.203483772000027 ], [ 83.708382006000079, 29.238747386000057 ], [ 83.716592030000072, 29.243891963000067 ], [ 83.822878279000065, 29.300818209000056 ], [ 83.909077378000063, 29.326630242000078 ], [ 83.914702335000072, 29.327886603000024 ], [ 83.97690546900003, 29.32985012000006 ], [ 83.984289667000041, 29.328115572000058 ], [ 83.993370098000071, 29.322275391000062 ], [ 83.999671736000039, 29.318084153000029 ], [ 83.99967287000004, 29.311851490000038 ], [ 83.999673011000084, 29.294544035000058 ], [ 84.177029193000067, 29.243730802000073 ], [ 84.166179811000063, 29.192707405000078 ], [ 84.164868770000055, 29.183899972000063 ], [ 84.16475437500003, 29.172958946000051 ], [ 84.188260812000067, 29.049434905000055 ], [ 84.221113891000073, 28.909372994000023 ], [ 84.224586521000049, 28.900428542000043 ], [ 84.231781182000077, 28.892724180000073 ], [ 84.319901954000045, 28.864937462000057 ], [ 84.327906495000036, 28.862600041000064 ], [ 84.337848001000054, 28.870444178000071 ], [ 84.343425361000072, 28.870100180000065 ], [ 84.376239682000062, 28.865847491000068 ], [ 84.384480522000047, 28.864177980000079 ], [ 84.405651650000038, 28.857221567000067 ], [ 84.431325668000056, 28.827377667000064 ], [ 84.45515318200006, 28.762812650000058 ], [ 84.522331971000085, 28.745307754000066 ], [ 84.667308816000059, 28.684204054000077 ], [ 84.695876160000068, 28.637119601000052 ], [ 84.703023808000069, 28.633250480000072 ], [ 84.750777949000053, 28.612860153000042 ], [ 84.85489999400005, 28.571544860000074 ], [ 84.937268592000066, 28.592202463000035 ], [ 84.99304802000006, 28.615113762000078 ], [ 84.998884549000081, 28.622168994000049 ], [ 85.021690370000044, 28.647516288000077 ], [ 85.05414538000008, 28.677905591000069 ], [ 85.061073099000055, 28.679233493000027 ], [ 85.104937214000074, 28.683788148000076 ], [ 85.115975839000043, 28.683101144000034 ], [ 85.123368996000067, 28.679338652000069 ], [ 85.177752388000044, 28.645121050000057 ], [ 85.182727908000061, 28.641704606000076 ], [ 85.188450378000084, 28.635570191000056 ], [ 85.193447525000067, 28.627641457000038 ], [ 85.193615267000041, 28.620764248000057 ], [ 85.188984189000053, 28.563328603000059 ], [ 85.188313107000056, 28.556556446000059 ], [ 85.187252665000074, 28.548386008000023 ], [ 85.157512113000053, 28.496223917000066 ], [ 85.151134590000083, 28.490826656000024 ], [ 85.145762268000055, 28.486825199000066 ], [ 85.127398519000053, 28.485810124000068 ], [ 85.119700089000048, 28.48279623600007 ], [ 85.112177952000081, 28.476561093000043 ], [ 85.109041562000073, 28.472055749000049 ], [ 85.105821615000082, 28.46470092900006 ], [ 85.10615077500006, 28.452771847000065 ], [ 85.110827290000032, 28.348316004000026 ], [ 85.115176748000067, 28.341066300000023 ], [ 85.122469456000033, 28.33611161400006 ], [ 85.13739405900003, 28.331802755000069 ], [ 85.150791267000045, 28.328687320000029 ], [ 85.163814200000047, 28.327265510000075 ], [ 85.177228133000085, 28.32753880000007 ], [ 85.191059950000067, 28.33323316700006 ], [ 85.204075470000078, 28.341074092000042 ], [ 85.247900336000043, 28.299343329000067 ], [ 85.322830487000033, 28.298943917000031 ], [ 85.545585293000045, 28.316089289000047 ], [ 85.68036128600005, 28.379629032000025 ], [ 85.724262789000079, 28.35450322500003 ], [ 85.898744271000055, 28.057404341000051 ], [ 85.90664047000007, 28.047827618000042 ], [ 85.911913711000068, 28.042005949000043 ], [ 85.936855038000033, 28.020712483000068 ], [ 85.946949286000063, 28.012258222000071 ], [ 85.95637031900003, 28.004736331000061 ], [ 85.970660614000053, 28.000012169000058 ], [ 86.041502621000063, 27.899930533000031 ], [ 86.093162089000032, 28.000012008000056 ], [ 86.221881566000036, 28.096245968000062 ], [ 86.218570146000047, 28.000012824000066 ], [ 86.229403680000075, 27.978118614000039 ], [ 86.242343184000049, 27.973489007000069 ], [ 86.412644407000073, 27.908013598000025 ], [ 86.418855492000034, 27.908436007000034 ], [ 86.436967525000057, 27.910390091000068 ], [ 86.447320769000044, 27.912387022000075 ], [ 86.45329485700006, 27.915327540000078 ], [ 86.51218074500008, 27.958644848000063 ], [ 86.516017885000053, 27.964106622000031 ], [ 86.517650196000034, 27.972539396000059 ], [ 86.516940736000038, 27.978078908000043 ], [ 86.51130291100003, 28.000014187000033 ], [ 86.563206191000063, 28.071896314000071 ], [ 86.687714679000067, 28.103451149000023 ], [ 86.697968174000039, 28.105222826000045 ], [ 86.707924486000081, 28.104505456000027 ], [ 86.719086644000072, 28.102766965000058 ], [ 86.727357568000059, 28.100297854000075 ], [ 86.737565602000075, 28.096973814000023 ], [ 86.745935750000058, 28.093172121000066 ], [ 86.747331432000067, 28.091415854000047 ], [ 86.758745785000031, 28.067551872000024 ], [ 86.756654668000067, 28.064945564000027 ], [ 86.748971316000052, 28.051373501000057 ], [ 86.746950033000076, 28.046992251000063 ], [ 86.747956496000086, 28.044296815000052 ], [ 86.75682375100007, 28.036171978000027 ], [ 86.763880716000074, 28.032607651000035 ], [ 86.785829956000043, 28.024048330000028 ], [ 86.883413077000057, 28.000014785000076 ], [ 86.908140505000063, 27.991767623000044 ], [ 87.032304808000049, 27.94994605100004 ], [ 87.036799474000077, 27.947286805000033 ], [ 87.07375006500007, 27.920717167000078 ], [ 87.075832116000072, 27.917802537000057 ], [ 87.078121451000072, 27.914153589000023 ], [ 87.081051801000058, 27.906477013000028 ], [ 87.091991844000063, 27.88617767900007 ], [ 87.115368949000072, 27.843921782000052 ], [ 87.118474324000033, 27.840635322000026 ], [ 87.12380754000003, 27.837748111000053 ], [ 87.171300563000045, 27.821762952000029 ], [ 87.180640279000045, 27.820409213000062 ], [ 87.213501868000037, 27.817358049000063 ], [ 87.22549510500005, 27.816769969000063 ], [ 87.286089011000058, 27.847176005000051 ], [ 87.42194233500004, 27.864146184000049 ], [ 87.406429982000077, 27.833545001000061 ], [ 87.674351994000062, 27.809263295000051 ], [ 87.720846416000086, 27.806659743000068 ], [ 87.725057651000043, 27.806550625000057 ], [ 87.865893462000031, 27.914386876000037 ], [ 88.117899433000048, 27.918555600000047 ], [ 88.294492755000078, 27.967479087000072 ], [ 88.42381514200008, 28.000017096000079 ], [ 88.440348564000033, 28.009087618000024 ], [ 88.632598671000039, 28.111984075000066 ], [ 88.638320178000072, 28.114762833000043 ], [ 88.642929219000052, 28.115148851000072 ], [ 88.761677235000036, 28.072013311000035 ], [ 88.833287958000085, 28.01612859200003 ], [ 88.840635238000061, 28.010063529000035 ], [ 88.842932556000051, 28.000016617000028 ], [ 88.880027766000069, 27.892996040000071 ], [ 88.885993485000085, 27.857550548000063 ], [ 88.886268308000069, 27.85043218800007 ], [ 88.882636776000084, 27.833318951000024 ], [ 88.848112702000037, 27.714703397000051 ], [ 88.785604495000086, 27.574604313000066 ], [ 88.781545065000046, 27.53605217300003 ], [ 88.780873818000032, 27.470770071000061 ], [ 88.78098041700008, 27.466848560000074 ], [ 88.782201549000035, 27.462440817000072 ], [ 88.784382561000086, 27.458046581000076 ], [ 88.813261519000037, 27.406277328000044 ], [ 88.923135498000079, 27.272835086000043 ], [ 88.973620929000049, 27.220878019000054 ], [ 88.98208936900005, 27.21268768300007 ], [ 88.985721326000032, 27.212964247000059 ], [ 89.054600521000054, 27.23821728300004 ], [ 89.065466359000084, 27.243796734000057 ], [ 89.150474445000043, 27.322380706000047 ], [ 89.180581242000073, 27.377335516000073 ], [ 89.179993080000031, 27.381333270000027 ], [ 89.161049542000057, 27.410549300000071 ], [ 89.149795495000035, 27.42455239700007 ], [ 89.132171637000056, 27.443465399000047 ], [ 89.129843960000073, 27.444579308000073 ], [ 89.125220882000065, 27.443795340000065 ], [ 89.120940269000073, 27.442366368000023 ], [ 89.118650871000057, 27.442069507000042 ], [ 89.116728943000055, 27.443338251000057 ], [ 89.092916650000063, 27.474946671000055 ], [ 89.093344633000072, 27.491205656000034 ], [ 89.093870185000071, 27.495211018000077 ], [ 89.100073424000072, 27.530241308000029 ], [ 89.101905187000057, 27.537992145000032 ], [ 89.129149729000062, 27.637025121000079 ], [ 89.231157147000033, 27.792663603000051 ], [ 89.236680190000072, 27.800417509000056 ], [ 89.293467194000073, 27.851953053000045 ], [ 89.298366976000068, 27.854661915000065 ], [ 89.334980949000055, 27.864568706000057 ], [ 89.361271621000071, 27.871531280000056 ], [ 89.366337635000036, 27.873434078000059 ], [ 89.373066805000065, 27.879478338000069 ], [ 89.380041329000051, 27.887290286000052 ], [ 89.390615704000083, 27.900942904000033 ], [ 89.426420776000043, 27.949622517000023 ], [ 89.43566174700004, 27.962815563000049 ], [ 89.440695683000058, 27.972233476000042 ], [ 89.449080635000087, 27.99080077900004 ], [ 89.45005751900004, 27.995537302000059 ], [ 89.450340338000046, 28.000017954000043 ], [ 89.490943809000044, 28.065299665000055 ], [ 89.51709167000007, 28.091545793000023 ], [ 89.60366381700004, 28.165607898000076 ], [ 89.782654980000075, 28.217151856000044 ], [ 89.867382036000038, 28.225427030000048 ], [ 89.999838235000084, 28.175879351000049 ], [ 90.142382587000043, 28.193943946000047 ], [ 90.311241126000084, 28.135195579000026 ], [ 90.365739273000031, 28.092275068000049 ], [ 90.400187171000084, 28.067036037000037 ], [ 90.461407328000064, 28.048415292000072 ], [ 90.590522753000073, 28.025026897000032 ], [ 90.593559649000042, 28.025551405000044 ], [ 90.660387150000076, 28.058167351000066 ], [ 90.670214753000039, 28.063411860000031 ], [ 90.674166858000035, 28.065545548000046 ], [ 90.677218103000087, 28.067951616000073 ], [ 90.681193422000035, 28.073044161000041 ], [ 90.685168763000036, 28.077867420000075 ], [ 90.689119807000054, 28.079462991000071 ], [ 90.694286131000069, 28.080513088000032 ], [ 90.700350408000077, 28.079676833000065 ], [ 90.780790497000055, 28.043184164000024 ], [ 90.803091504000065, 28.023948786000062 ], [ 90.822622476000049, 28.000020077000045 ], [ 91.106956166000032, 27.853366524000023 ], [ 91.161652065000055, 27.970756664000078 ], [ 91.273899009000047, 28.000020379000034 ], [ 91.399512327000082, 28.029263190000052 ], [ 91.466585011000063, 28.000019733000045 ], [ 91.467072875000042, 27.987810241000034 ], [ 91.482453735000036, 27.946832908000033 ], [ 91.485017947000074, 27.94101574900003 ], [ 91.540424535000056, 27.921415112000034 ], [ 91.596708099000068, 27.902178690000028 ], [ 91.610410825000031, 27.895292147000077 ], [ 91.618269818000044, 27.884517512000059 ], [ 91.623434853000049, 27.872982924000041 ], [ 91.641029156000059, 27.77030372300004 ], [ 91.641974044000051, 27.758473970000068 ], [ 91.634573850000038, 27.726175591000072 ], [ 91.633176651000042, 27.721541905000038 ], [ 91.627150782000058, 27.705188184000065 ], [ 91.621237270000051, 27.69616043700006 ], [ 91.60415452400008, 27.682907796000052 ], [ 91.569965904000071, 27.654819079000049 ], [ 91.562466048000033, 27.643104315000073 ], [ 91.561001555000075, 27.631051807000063 ], [ 91.563420284000074, 27.585356952000041 ], [ 91.564708655000061, 27.577301133000049 ], [ 91.583684191000032, 27.544020233000026 ], [ 91.626021706000074, 27.512686251000048 ], [ 91.71758449500004, 27.470936044000041 ], [ 91.73202759600008, 27.466416435000042 ], [ 91.743326576000072, 27.465581999000051 ], [ 91.752657613000054, 27.466255098000033 ], [ 91.780756978000056, 27.476177866000057 ], [ 91.80263853200006, 27.484597106000024 ], [ 91.838078219000067, 27.493302635000077 ], [ 91.851812436000046, 27.492436362000035 ], [ 92.009255801000052, 27.478158119000057 ], [ 92.013802779000059, 27.476766712000028 ], [ 92.017784855000059, 27.472585035000066 ], [ 92.052454409000063, 27.41508446000006 ], [ 92.058261221000066, 27.405390221000062 ], [ 92.113613574000055, 27.299502868000047 ], [ 92.11460552300008, 27.286998045000075 ], [ 92.090374250000082, 27.267831128000068 ], [ 92.075649780000049, 27.251745607000032 ], [ 92.031070022000051, 27.171690286000057 ], [ 92.025942468000039, 27.119599215000051 ], [ 92.025508281000043, 27.111933521000026 ], [ 92.02652243600005, 27.095302055000047 ], [ 92.028491684000073, 27.082214402000034 ], [ 92.03484618400006, 27.067483247000041 ], [ 92.042589873000054, 27.056288324000036 ], [ 92.052211069000066, 27.051000744000078 ], [ 92.079502007000031, 27.027210564000029 ], [ 92.123447903000056, 26.963486142000079 ], [ 92.123701193000045, 26.955961439000077 ], [ 92.12309861500006, 26.945584005000057 ], [ 92.118162183000038, 26.938140583000063 ], [ 92.11291261100007, 26.931515784000055 ], [ 92.115581907000035, 26.906584545000044 ], [ 92.112431841000046, 26.889704167000048 ], [ 92.10783166300007, 26.858261207000055 ], [ 92.121435095000038, 26.859841715000073 ], [ 92.373699654000063, 26.905041827000048 ], [ 92.511406713000042, 26.932755252000049 ], [ 92.54834104400004, 26.945347276000064 ], [ 92.550387058000069, 26.945802452000066 ], [ 92.570246041000075, 26.950082483000074 ], [ 92.594789776000084, 26.953091239000059 ], [ 92.646282168000084, 26.956261698000048 ], [ 92.664669941000056, 26.956062757000041 ], [ 92.884624142000064, 26.91544626600006 ], [ 93.049346936000063, 26.887454030000072 ], [ 93.071916323000039, 26.883866018000049 ], [ 93.087464423000085, 26.882431115000031 ], [ 93.109926296000083, 26.88366750800003 ] ] } },
{ "type": "Feature", "properties": { "FNODE_": 141, "TNODE_": 141, "LPOLY_": 1, "RPOLY_": 48, "LENGTH": 4691.25, "BOUNT_": 160, "BOUNT_ID": 328, "GEO_CODE": 0, "BCODE": 0, "BNAME": null, "BountName": "赤尾屿", "SHAPE_Leng": 0.044389089561899998 }, "geometry": { "type": "LineString", "coordinates": [ [ 124.571144990000107, 25.90505121700005 ], [ 124.566620417000081, 25.909123457000078 ], [ 124.566620550000039, 25.915006395000034 ], [ 124.571144848000017, 25.919078267000032 ], [ 124.577479851000021, 25.91681612800005 ], [ 124.579740854000079, 25.909576922000042 ], [ 124.577027360000102, 25.90414742300004 ], [ 124.571144990000107, 25.90505121700005 ] ] } },
{ "type": "Feature", "properties": { "FNODE_": 142, "TNODE_": 142, "LPOLY_": 1, "RPOLY_": 49, "LENGTH": 6227.47, "BOUNT_": 161, "BOUNT_ID": 127, "GEO_CODE": 26010, "BCODE": 0, "BNAME": null, "BountName": "南海诸", "SHAPE_Leng": 0.059156126528400001 }, "geometry": { "type": "LineString", "coordinates": [ [ 123.702211300000045, 25.935322189000033 ], [ 123.694014128000049, 25.93750919200005 ], [ 123.693140337000045, 25.945217848000027 ], [ 123.698959875000014, 25.952816785000039 ], [ 123.708762917000058, 25.953680066000061 ], [ 123.711079339000094, 25.940818125000078 ], [ 123.702211300000045, 25.935322189000033 ] ] } },
{ "type": "Feature", "properties": { "FNODE_": 143, "TNODE_": 143, "LPOLY_": 1, "RPOLY_": 50, "LENGTH": 6227.55, "BOUNT_": 162, "BOUNT_ID": 128, "GEO_CODE": 26010, "BCODE": 0, "BNAME": null, "BountName": "南海诸", "SHAPE_Leng": 0.059090753944599998 }, "geometry": { "type": "LineString", "coordinates": [ [ 123.561368242000071, 25.777113758000041 ], [ 123.553182353000011, 25.779288996000048 ], [ 123.552297765000048, 25.78699301100005 ], [ 123.558094598000025, 25.794596154000033 ], [ 123.567880525000078, 25.795471602000077 ], [ 123.570212438000112, 25.782618694000064 ], [ 123.561368242000071, 25.777113758000041 ] ] } },
{ "type": "Feature", "properties": { "FNODE_": 144, "TNODE_": 144, "LPOLY_": 1, "RPOLY_": 51, "LENGTH": 7450.47, "BOUNT_": 163, "BOUNT_ID": 129, "GEO_CODE": 26010, "BCODE": 0, "BNAME": null, "BountName": "南海诸", "SHAPE_Leng": 0.072126032427799996 }, "geometry": { "type": "LineString", "coordinates": [ [ 123.572686546000114, 25.721212864000051 ], [ 123.560494639000012, 25.724559753000051 ], [ 123.553220130000113, 25.730111546000046 ], [ 123.562104815000112, 25.73910877000003 ], [ 123.572974789000114, 25.737995076000061 ], [ 123.583184514000095, 25.731248242000049 ], [ 123.572686546000114, 25.721212864000051 ] ] } },
{ "type": "Feature", "properties": { "FNODE_": 145, "TNODE_": 145, "LPOLY_": 1, "RPOLY_": 52, "LENGTH": 7450.31, "BOUNT_": 164, "BOUNT_ID": 130, "GEO_CODE": 26010, "BCODE": 0, "BNAME": null, "BountName": "南海诸", "SHAPE_Leng": 0.072078799306400002 }, "geometry": { "type": "LineString", "coordinates": [ [ 123.477245943000071, 25.736461183000074 ], [ 123.465828843000054, 25.741369855000073 ], [ 123.474084809000033, 25.752999967000051 ], [ 123.486755125000059, 25.751763629000038 ], [ 123.495042184000113, 25.747531252000044 ], [ 123.488154527, 25.737196620000077 ], [ 123.477245943000071, 25.736461183000074 ] ] } },
{ "type": "Feature", "properties": { "FNODE_": 139, "TNODE_": 146, "LPOLY_": 45, "RPOLY_": 43, "LENGTH": 240465.0, "BOUNT_": 165, "BOUNT_ID": 131, "GEO_CODE": 61030, "BCODE": 5253, "BNAME": "黔滇线", "BountName": "省区直", "SHAPE_Leng": 2.3280081573700002 }, "geometry": { "type": "LineString", "coordinates": [ [ 105.304091698000036, 27.708554065000044 ], [ 105.305159697000079, 27.657899964000023 ], [ 105.30034536900007, 27.615827506000073 ], [ 105.160341689000063, 27.413673281000058 ], [ 104.910136459000057, 27.330133462000049 ], [ 104.644939053000087, 27.324985759000072 ], [ 104.494948889000057, 27.416608437000036 ], [ 104.408284310000056, 27.458179786000073 ], [ 104.39200283200006, 27.46247315100004 ], [ 104.355624833000036, 27.470309630000031 ], [ 104.342280705000064, 27.465334229000064 ], [ 104.329241775000071, 27.446694855000032 ], [ 104.285432469000057, 27.373522939000054 ], [ 104.251923124000086, 27.305302407000056 ], [ 104.245468298000048, 27.297875874000056 ], [ 104.171400037000069, 27.266255197000078 ], [ 103.985405983000078, 27.421462186000042 ], [ 103.930137257000069, 27.447954436000032 ], [ 103.705582337000067, 27.164500571000076 ], [ 103.709984450000036, 27.144125964000068 ], [ 103.618491771000038, 27.013505194000061 ] ] } },
{ "type": "Feature", "properties": { "FNODE_": 147, "TNODE_": 147, "LPOLY_": 1, "RPOLY_": 53, "LENGTH": 7450.31, "BOUNT_": 166, "BOUNT_ID": 132, "GEO_CODE": 26010, "BCODE": 0, "BNAME": null, "BountName": "南海诸", "SHAPE_Leng": 0.069821944589600005 }, "geometry": { "type": "LineString", "coordinates": [ [ 122.064893036000058, 25.630597603000069 ], [ 122.055675840000049, 25.639304805000052 ], [ 122.057723607000071, 25.64903444600003 ], [ 122.0659181420001, 25.657739344000049 ], [ 122.076159247000078, 25.647497956000052 ], [ 122.071550600000023, 25.636743041000045 ], [ 122.064893036000058, 25.630597603000069 ] ] } },
{ "type": "Feature", "properties": { "FNODE_": 148, "TNODE_": 148, "LPOLY_": 1, "RPOLY_": 54, "LENGTH": 5123.33, "BOUNT_": 167, "BOUNT_ID": 133, "GEO_CODE": 26010, "BCODE": 0, "BNAME": null, "BountName": "南海诸", "SHAPE_Leng": 0.049407431330200001 }, "geometry": { "type": "LineString", "coordinates": [ [ 122.086400190000063, 25.494889579000073 ], [ 122.082304352000051, 25.498986976000026 ], [ 122.086912770000026, 25.504107317000035 ], [ 122.094082892000074, 25.506156243000078 ], [ 122.102275654000096, 25.501035711000043 ], [ 122.098179299000094, 25.494378557000061 ], [ 122.086400190000063, 25.494889579000073 ] ] } },
{ "type": "Feature", "properties": { "FNODE_": 150, "TNODE_": 150, "LPOLY_": 1, "RPOLY_": 55, "LENGTH": 6227.1, "BOUNT_": 168, "BOUNT_ID": 134, "GEO_CODE": 26010, "BCODE": 0, "BNAME": null, "BountName": "南海诸", "SHAPE_Leng": 0.058928182619 }, "geometry": { "type": "LineString", "coordinates": [ [ 121.932257426000092, 25.438048077000076 ], [ 121.924063986000078, 25.440096322000045 ], [ 121.923038401000099, 25.447778440000036 ], [ 121.928672825000035, 25.455458184000065 ], [ 121.938401657000099, 25.456482705000042 ], [ 121.940963454000098, 25.443681465000054 ], [ 121.932257426000092, 25.438048077000076 ] ] } },
{ "type": "Feature", "properties": { "FNODE_": 146, "TNODE_": 151, "LPOLY_": 45, "RPOLY_": 43, "LENGTH": 67947.1, "BOUNT_": 169, "BOUNT_ID": 316, "GEO_CODE": 61031, "BCODE": 5253, "BNAME": "黔滇线", "BountName": "省界桩", "SHAPE_Leng": 0.63631913381799998 }, "geometry": { "type": "LineString", "coordinates": [ [ 103.618491771000038, 27.013505194000061 ], [ 103.641971849000072, 27.030244510000045 ], [ 103.676360622000061, 27.052404743000068 ], [ 103.698219558000062, 27.051625131000037 ], [ 103.724251553000045, 27.02824296600005 ], [ 103.752874722000058, 26.986205129000041 ], [ 103.774568739000074, 26.954343358000074 ], [ 103.773733630000038, 26.917976191000037 ], [ 103.772752626000056, 26.875245559000064 ], [ 103.719002250000074, 26.854982613000061 ], [ 103.699645785000087, 26.809053947000052 ], [ 103.715151314000082, 26.746273578000057 ], [ 103.731402824000043, 26.680473226000061 ], [ 103.744690520000063, 26.626672686000063 ], [ 103.755393215000083, 26.602066129000036 ], [ 103.763054980000049, 26.584452680000027 ] ] } },
{ "type": "Feature", "properties": { "FNODE_": 151, "TNODE_": 149, "LPOLY_": 45, "RPOLY_": 43, "LENGTH": 54789.1, "BOUNT_": 170, "BOUNT_ID": 135, "GEO_CODE": 61030, "BCODE": 5253, "BNAME": "黔滇线", "BountName": "省区直", "SHAPE_Leng": 0.54160609573499996 }, "geometry": { "type": "LineString", "coordinates": [ [ 103.763054980000049, 26.584452680000027 ], [ 103.811541028000079, 26.539163196000061 ], [ 104.046067132000076, 26.509809917000041 ], [ 104.253721387000041, 26.627937200000076 ] ] } },
{ "type": "Feature", "properties": { "FNODE_": 152, "TNODE_": 149, "LPOLY_": 43, "RPOLY_": 45, "LENGTH": 72011.1, "BOUNT_": 171, "BOUNT_ID": 317, "GEO_CODE": 61031, "BCODE": 5253, "BNAME": "黔滇线", "BountName": "省界桩", "SHAPE_Leng": 0.685876868955 }, "geometry": { "type": "LineString", "coordinates": [ [ 104.678179206000038, 26.376675587000022 ], [ 104.665033168000036, 26.420628856000064 ], [ 104.629499556000042, 26.484386667000024 ], [ 104.575302096000087, 26.568835223000065 ], [ 104.562888784000052, 26.586253664000026 ], [ 104.55167003400004, 26.592006138000045 ], [ 104.515208595000047, 26.59731011100007 ], [ 104.456669604000069, 26.605804492000061 ], [ 104.458714426000085, 26.655518862000065 ], [ 104.429722036000044, 26.701656588000048 ], [ 104.418056297000078, 26.711525309000024 ], [ 104.403753506000044, 26.711545909000051 ], [ 104.393717964000075, 26.708656822000023 ], [ 104.391917340000077, 26.689831077000065 ], [ 104.374895657000081, 26.653014919000043 ], [ 104.338677744000051, 26.623837764000029 ], [ 104.304398064000054, 26.617995391000079 ], [ 104.253721387000041, 26.627937200000076 ] ] } },
{ "type": "Feature", "properties": { "FNODE_": 153, "TNODE_": 153, "LPOLY_": 1, "RPOLY_": 56, "LENGTH": 69328.9, "BOUNT_": 172, "BOUNT_ID": 136, "GEO_CODE": 26010, "BCODE": 0, "BNAME": null, "BountName": "海岸线", "SHAPE_Leng": 0.65003604848700003 }, "geometry": { "type": "LineString", "coordinates": [ [ 119.752731230000109, 25.392271231000052 ], [ 119.701209158000097, 25.439241970000069 ], [ 119.732011177000118, 25.590453578000051 ], [ 119.764186328000051, 25.635003308000023 ], [ 119.880513619000112, 25.570652419000055 ], [ 119.872878434000086, 25.53997404200004 ], [ 119.851626158000045, 25.454490701000054 ], [ 119.774147225000092, 25.397011789000032 ], [ 119.752731230000109, 25.392271231000052 ] ] } },
{ "type": "Feature", "properties": { "FNODE_": 154, "TNODE_": 128, "LPOLY_": 25, "RPOLY_": 43, "LENGTH": 512389.0, "BOUNT_": 173, "BOUNT_ID": 137, "GEO_CODE": 61031, "BCODE": 5153, "BNAME": "川滇线", "BountName": "省界桩", "SHAPE_Leng": 4.9041647347300001 }, "geometry": { "type": "LineString", "coordinates": [ [ 102.111083783000083, 26.06691637800003 ], [ 102.133219072000088, 26.110729589000073 ], [ 102.179362781000066, 26.15864145300003 ], [ 102.251256640000065, 26.22259082100004 ], [ 102.400720650000039, 26.305969438000034 ], [ 102.529103886000087, 26.337809166000056 ], [ 102.576522053000076, 26.363746395000078 ], [ 102.620971938000082, 26.345194526000057 ], [ 102.633720933000063, 26.31890252900007 ], [ 102.599174179000045, 26.253129724000075 ], [ 102.667146307000053, 26.211354577000066 ], [ 102.712153298000032, 26.220658216000061 ], [ 102.742633510000076, 26.278849600000058 ], [ 102.805081968000081, 26.310067091000064 ], [ 102.843420627000057, 26.326077799000075 ], [ 102.893448025000055, 26.343636874000026 ], [ 102.982004798000048, 26.353040731000078 ], [ 103.022327448000055, 26.488810754000042 ], [ 103.054799138000078, 26.527347147000057 ], [ 102.982341241000086, 26.782500133000042 ], [ 102.96109301100006, 26.836659775000044 ], [ 102.895165483000085, 26.915489962000038 ], [ 102.886681538000062, 26.97058871400003 ], [ 102.867584771000054, 27.032130961000064 ], [ 102.908105864000049, 27.150575662000051 ], [ 102.881951654000034, 27.303369029000066 ], [ 102.947162068000068, 27.419259562000036 ], [ 103.136818925000057, 27.425537107000025 ], [ 103.146760344000086, 27.473764654000036 ], [ 103.223255064000057, 27.573355072000027 ], [ 103.274625087000061, 27.632947978000061 ], [ 103.440111429000069, 27.75362546100007 ], [ 103.491672445000063, 27.815393248000078 ], [ 103.504291846000058, 27.920052619000046 ], [ 103.505108318000055, 27.971249025000077 ], [ 103.427698498000041, 28.055646343000035 ], [ 103.452372737000076, 28.098905341000034 ], [ 103.563864559000081, 28.228470574000028 ], [ 103.632943061000049, 28.264024886000072 ], [ 103.683443254000053, 28.240577956000038 ], [ 103.708605559000034, 28.206256511000049 ], [ 103.870147554000084, 28.315083704000074 ], [ 103.825552604000052, 28.462167122000039 ], [ 103.833060474000035, 28.591779910000071 ], [ 103.84281134400004, 28.669249852000064 ], [ 103.878632181000057, 28.625423822000073 ], [ 103.949663792000081, 28.605860222000047 ], [ 104.129157915000064, 28.640757848000078 ], [ 104.243991126000083, 28.670370198000057 ], [ 104.267291854000064, 28.641718872000069 ], [ 104.311833389000071, 28.623471577000032 ], [ 104.376402863000067, 28.649557224000034 ], [ 104.419227686000056, 28.628775602000076 ] ] } },
{ "type": "Feature", "properties": { "FNODE_": 132, "TNODE_": 154, "LPOLY_": 25, "RPOLY_": 43, "LENGTH": 594000.0, "BOUNT_": 174, "BOUNT_ID": 282, "GEO_CODE": 61030, "BCODE": 5153, "BNAME": "川滇线", "BountName": "省区直", "SHAPE_Leng": 5.6703895988599999 }, "geometry": { "type": "LineString", "coordinates": [ [ 99.372182051000038, 28.17702323900005 ], [ 99.415373976000069, 28.271990539000058 ], [ 99.390646393000054, 28.321721374000049 ], [ 99.405852457000037, 28.487387257000023 ], [ 99.530146973000058, 28.681727576000071 ], [ 99.626569694000068, 28.816864621000036 ], [ 99.715760009000064, 28.849241060000054 ], [ 99.792162740000038, 28.702581977000079 ], [ 99.951018780000084, 28.575875154000073 ], [ 100.135188940000035, 28.351069258000052 ], [ 100.104174484000055, 28.206620736000048 ], [ 100.026093594000088, 28.161921748000054 ], [ 100.199117052000076, 27.939628920000075 ], [ 100.176480010000034, 27.917934260000038 ], [ 100.166889899000068, 27.902039375000072 ], [ 100.20199378600006, 27.88487377000007 ], [ 100.252120397000056, 27.87002816200004 ], [ 100.293029827000055, 27.872394517000032 ], [ 100.306969237000033, 27.861308798000039 ], [ 100.302704085000073, 27.746321650000027 ], [ 100.301804114000049, 27.738771750000069 ], [ 100.42951594200008, 27.864080642000033 ], [ 100.504049764000058, 27.853788528000052 ], [ 100.616494797000087, 27.891831788000047 ], [ 100.708103365000056, 27.846236562000058 ], [ 100.706104167000035, 27.800648663000061 ], [ 100.771604305000039, 27.746396898000057 ], [ 100.829621433000057, 27.68738322400003 ], [ 100.830031408000082, 27.685187034000023 ], [ 100.833701470000051, 27.665518315000043 ], [ 101.037792796000076, 27.227692169000079 ], [ 101.167816504000086, 27.199195107000037 ], [ 101.132781173000069, 27.026405812000064 ], [ 101.263399864000064, 26.907000706000076 ], [ 101.32350598000005, 26.89035420600004 ], [ 101.363011950000043, 26.887627079000026 ], [ 101.494965612000044, 26.773634579000031 ], [ 101.496094738000068, 26.760558613000057 ], [ 101.495530372000076, 26.736211917000048 ], [ 101.459823543000084, 26.646134458000063 ], [ 101.395727101000034, 26.606562086000054 ], [ 101.395361004000051, 26.589595150000036 ], [ 101.394742993000079, 26.561446883000031 ], [ 101.398633994000079, 26.544005914000024 ], [ 101.419889916000045, 26.534327867000059 ], [ 101.439078391000066, 26.542309832000058 ], [ 101.46105177000004, 26.501142931000061 ], [ 101.507485503000055, 26.500441760000058 ], [ 101.617984710000087, 26.414026291000027 ], [ 101.634998727000038, 26.394579484000076 ], [ 101.658246157000065, 26.353536550000058 ], [ 101.594409108000036, 26.300360130000058 ], [ 101.628467733000036, 26.22773604300005 ], [ 101.752746330000036, 26.207356716000049 ], [ 101.775459477000084, 26.175600106000047 ], [ 101.839044571000045, 26.086466324000071 ], [ 101.836213847000067, 26.050453924000067 ], [ 101.921467141000051, 26.108783477000031 ], [ 102.111083783000083, 26.06691637800003 ] ] } },
{ "type": "Feature", "properties": { "FNODE_": 155, "TNODE_": 129, "LPOLY_": 45, "RPOLY_": 42, "LENGTH": 420698.0, "BOUNT_": 175, "BOUNT_ID": 138, "GEO_CODE": 61030, "BCODE": 4352, "BNAME": "湘黔线", "BountName": "省区直", "SHAPE_Leng": 4.0066850575000004 }, "geometry": { "type": "LineString", "coordinates": [ [ 109.477927567000052, 26.033786350000071 ], [ 109.447302234000063, 26.057687189000035 ], [ 109.445936798000048, 26.10435846300004 ], [ 109.470794239000043, 26.151426904000061 ], [ 109.433264370000074, 26.247113497000043 ], [ 109.34582937600004, 26.267545600000062 ], [ 109.27471391000006, 26.30115375500003 ], [ 109.269114186000081, 26.325935906000041 ], [ 109.26988478800007, 26.338956561000032 ], [ 109.383764837000058, 26.606036857000049 ], [ 109.509797303000084, 26.761790008000048 ], [ 109.555233465000072, 26.954162905000032 ], [ 109.535839126000042, 27.017649476000031 ], [ 109.516208410000047, 27.060935380000046 ], [ 109.406983482000044, 27.156680366000046 ], [ 109.236332337000078, 27.152486215000067 ], [ 109.104225744000075, 27.126258982000024 ], [ 109.057280733000084, 27.109241951000058 ], [ 108.893045835000066, 27.017807707000031 ], [ 108.789863328000081, 27.091188526000053 ], [ 108.882814734000078, 27.125614483000049 ], [ 109.038291210000068, 27.280178983000042 ], [ 109.052406081000072, 27.301791300000048 ], [ 109.044288293000079, 27.331994823000059 ], [ 109.100197950000052, 27.338578684000026 ], [ 109.180553157000077, 27.436381384000072 ], [ 109.423327414000084, 27.551489626000034 ], [ 109.447986431000061, 27.563590848000047 ], [ 109.45756132200006, 27.570082059000072 ], [ 109.469540185000085, 27.644206260000033 ], [ 109.469418218000044, 27.683327599000052 ], [ 109.410616842000081, 27.72604317400004 ], [ 109.374414515000069, 27.729536171000063 ], [ 109.361024815000064, 27.732157397000037 ], [ 109.328499974000067, 27.782696991000023 ], [ 109.292229724000038, 28.038426429000026 ], [ 109.29974500600008, 28.081571104000034 ], [ 109.336565663000044, 28.197108893000063 ], [ 109.36065254600004, 28.256866210000055 ], [ 109.268861043000072, 28.318590373000063 ], [ 109.269853681000086, 28.489864130000058 ], [ 109.269090553000069, 28.497922136000057 ] ] } },
{ "type": "Feature", "properties": { "FNODE_": 156, "TNODE_": 156, "LPOLY_": 1, "RPOLY_": 59, "LENGTH": 37184.7, "BOUNT_": 176, "BOUNT_ID": 139, "GEO_CODE": 26010, "BCODE": 0, "BNAME": null, "BountName": "海岸线", "SHAPE_Leng": 0.35582284447700002 }, "geometry": { "type": "LineString", "coordinates": [ [ 119.521423768000091, 25.161227606000068 ], [ 119.439749627000083, 25.205597797000053 ], [ 119.435736489000078, 25.234613409000076 ], [ 119.46473650300004, 25.259197026000038 ], [ 119.495751202000065, 25.230225479000069 ], [ 119.528186222000045, 25.215808267000057 ], [ 119.569337095000037, 25.211280927000075 ], [ 119.565888710000081, 25.196671037000044 ], [ 119.545052374000079, 25.165947103000065 ], [ 119.521423768000091, 25.161227606000068 ] ] } },
{ "type": "Feature", "properties": { "FNODE_": 123, "TNODE_": 157, "LPOLY_": 39, "RPOLY_": 42, "LENGTH": 532277.0, "BOUNT_": 177, "BOUNT_ID": 140, "GEO_CODE": 61030, "BCODE": 3643, "BNAME": "赣湘线", "BountName": "省区直", "SHAPE_Leng": 5.02137767422 }, "geometry": { "type": "LineString", "coordinates": [ [ 113.938788658000021, 29.047612938000043 ], [ 113.958426681000105, 28.945257067000057 ], [ 114.07217541600005, 28.835266284000056 ], [ 114.121592718000102, 28.845435047000024 ], [ 114.14483206500006, 28.839307624000071 ], [ 114.148257584000021, 28.774968261000026 ], [ 114.122880934000023, 28.605312575000028 ], [ 114.131090048000033, 28.538097268000058 ], [ 114.211619880000057, 28.487840677000065 ], [ 114.247890795000103, 28.398035222000033 ], [ 114.25484907900011, 28.357556626000076 ], [ 114.248912639000082, 28.324144570000044 ], [ 114.138367576000064, 28.250260627000046 ], [ 114.017384615000083, 28.175926160000074 ], [ 113.753544323000028, 27.942439835000073 ], [ 113.719264512000109, 27.883654921000073 ], [ 113.574346333000108, 27.547653983000032 ], [ 113.592809457000044, 27.387479274000043 ], [ 113.60233852600004, 27.355979017000038 ], [ 113.668830655000079, 27.330106091000061 ], [ 113.71653036400005, 27.34770779400003 ], [ 113.75341957, 27.359928548000028 ], [ 113.834430610000027, 27.376711421000039 ], [ 113.860806446000083, 27.377584806000073 ], [ 113.866024613000036, 27.344757227000059 ], [ 113.86491847100001, 27.297459435000064 ], [ 113.84697342000004, 27.253305312000066 ], [ 113.801180296000098, 27.165991683000072 ], [ 113.895244620000085, 26.965313519000063 ], [ 113.901691438000057, 26.935680202000071 ], [ 113.870424996000111, 26.862978699000053 ], [ 113.828934925000112, 26.804873177000047 ], [ 113.860010099000078, 26.656345963000035 ], [ 113.904222904000108, 26.617673890000049 ], [ 113.958415952000109, 26.620089316000076 ], [ 113.993405462000055, 26.615741944000035 ], [ 114.101730282000062, 26.578679039000065 ], [ 114.084357102000013, 26.454680239000027 ], [ 114.01514806900002, 26.265837150000038 ], [ 114.005092212000022, 26.185382693000065 ], [ 114.172096276000048, 26.216668829000071 ], [ 114.213761503000114, 26.203164466000032 ], [ 114.225365811000074, 26.183801836000043 ], [ 114.231546190000017, 26.159984597000062 ], [ 114.209587821000014, 26.142111527000054 ], [ 114.182006964000038, 26.125615341000071 ], [ 114.12618868800007, 26.111044846000027 ], [ 114.101507150000089, 26.10401599000005 ], [ 114.051998751000042, 26.079819605000068 ], [ 114.030521234000048, 26.057411181000077 ], [ 114.010127119000117, 26.022832309000023 ], [ 113.913123581000036, 25.743935747000023 ], [ 113.910567484000012, 25.69877649600005 ], [ 113.953430093000065, 25.611131501000045 ], [ 113.955046711000023, 25.530270144000042 ], [ 113.93872718800003, 25.444541170000036 ] ] } },
{ "type": "Feature", "properties": { "FNODE_": 159, "TNODE_": 126, "LPOLY_": 39, "RPOLY_": 46, "LENGTH": 541426.0, "BOUNT_": 178, "BOUNT_ID": 141, "GEO_CODE": 61030, "BCODE": 3536, "BNAME": "闽赣线", "BountName": "省区直", "SHAPE_Leng": 5.1591647726299996 }, "geometry": { "type": "LineString", "coordinates": [ [ 115.88686399300002, 24.940722440000059 ], [ 115.879677159000039, 24.954100470000071 ], [ 115.847938649000071, 25.157584847000066 ], [ 115.850075407000077, 25.212808366000047 ], [ 115.863106867000056, 25.225332316000049 ], [ 115.90337553300003, 25.236352551000039 ], [ 115.92683683100006, 25.238781328000073 ], [ 115.984051067000109, 25.294413060000068 ], [ 116.003964371000052, 25.324604976000046 ], [ 116.026121984000042, 25.516153772000052 ], [ 116.050445345000071, 25.686920153000074 ], [ 116.126917527000046, 25.86161093100003 ], [ 116.183010074000094, 25.904437554000026 ], [ 116.224881932000017, 25.907992870000044 ], [ 116.253843477000032, 25.905504889000042 ], [ 116.298362063000013, 25.92857603300007 ], [ 116.361894615000097, 25.963375070000041 ], [ 116.415354879, 26.066322133000028 ], [ 116.416653136000036, 26.161069978000057 ], [ 116.404392321000046, 26.163197644000036 ], [ 116.385966545000088, 26.175366380000071 ], [ 116.382602338000083, 26.24313035800003 ], [ 116.390727557000105, 26.265908146000072 ], [ 116.413067392000016, 26.302357630000074 ], [ 116.509001939000086, 26.41123581100004 ], [ 116.50485276500001, 26.717514637000079 ], [ 116.542543587000068, 26.829985769000075 ], [ 116.560710464000067, 26.870015524000053 ], [ 116.652501851000011, 26.965357252000047 ], [ 116.694846514, 26.992174313000078 ], [ 116.736795010000037, 26.997982009000054 ], [ 116.83562822600004, 27.010998671000038 ], [ 116.858142553000107, 27.014039074000038 ], [ 116.916768879000074, 27.035290022000027 ], [ 116.954574502000014, 27.055530059000034 ], [ 117.04006396200009, 27.101394739000057 ], [ 117.163800981, 27.277419374000033 ], [ 117.166761545000099, 27.29491723600006 ], [ 117.095411192000029, 27.544818073000044 ], [ 117.072010137, 27.570072219000053 ], [ 117.041707311000096, 27.672838546000037 ], [ 117.362424954000062, 27.887384497000028 ], [ 117.502733508, 27.960787 ], [ 117.584125645000086, 27.906547430000046 ], [ 117.78203032600004, 27.897570641000073 ], [ 118.084878255000035, 27.986926037000046 ], [ 118.294060653000088, 28.088379932000066 ], [ 118.335717387000045, 28.196052264000059 ], [ 118.306535316, 28.224572579000039 ], [ 118.367816071000107, 28.269433670000069 ], [ 118.404514631000097, 28.287077812000064 ], [ 118.42799930000001, 28.291685810000047 ] ] } },
{ "type": "Feature", "properties": { "FNODE_": 160, "TNODE_": 155, "LPOLY_": 45, "RPOLY_": 57, "LENGTH": 427987.0, "BOUNT_": 179, "BOUNT_ID": 283, "GEO_CODE": 61030, "BCODE": 4552, "BNAME": "桂黔线", "BountName": "省区直", "SHAPE_Leng": 4.1001297424300001 }, "geometry": { "type": "LineString", "coordinates": [ [ 106.97479998600005, 25.237544094000043 ], [ 106.985748435000062, 25.244065761000059 ], [ 107.007447065000065, 25.27821758500005 ], [ 107.009514922000051, 25.34977795900005 ], [ 107.00393009000004, 25.357451379000054 ], [ 106.987473040000054, 25.361617938000052 ], [ 106.977722444000051, 25.368635504000054 ], [ 106.973793185000034, 25.376268144000051 ], [ 106.959205526000062, 25.417324138000026 ], [ 106.959770115000083, 25.436908194000068 ], [ 107.05927564700005, 25.559271413000033 ], [ 107.087901939000062, 25.571194239000079 ], [ 107.180105654000045, 25.581108610000058 ], [ 107.222571985000059, 25.561849510000059 ], [ 107.278306021000049, 25.528356326000051 ], [ 107.324640528000089, 25.497987525000042 ], [ 107.417278673000055, 25.33318360800007 ], [ 107.442509603000076, 25.27876757100006 ], [ 107.466512108000074, 25.218744170000036 ], [ 107.496732848000079, 25.211308270000075 ], [ 107.513853649000055, 25.212547876000031 ], [ 107.663721968000061, 25.246378270000037 ], [ 107.691928485000062, 25.221163277000073 ], [ 107.784910185000058, 25.150049882000076 ], [ 107.867363186000034, 25.144488568000043 ], [ 108.073499659000049, 25.195854543000053 ], [ 108.105673741000032, 25.213248515000032 ], [ 108.133010662000061, 25.234218921000036 ], [ 108.149872322000078, 25.309095502000048 ], [ 108.153046278000033, 25.328093813000066 ], [ 108.139389446000052, 25.34887862100004 ], [ 108.150581938000073, 25.37882557100005 ], [ 108.181886313000064, 25.421129017000055 ], [ 108.303563519000079, 25.52865005600006 ], [ 108.347517509000056, 25.534833240000069 ], [ 108.485048481000035, 25.456380065000076 ], [ 108.821017801000039, 25.552659925000057 ], [ 109.021653345000061, 25.51350889400004 ], [ 109.073916041000075, 25.542028059000074 ], [ 109.08303337600006, 25.552728372000047 ], [ 109.049032790000069, 25.690771910000024 ], [ 109.039868568000088, 25.710845716000051 ], [ 108.945838574000049, 25.684466425000039 ], [ 108.903448595000043, 25.682167536000065 ], [ 108.891409085000078, 25.700943161000055 ], [ 108.892126261000044, 25.717217073000029 ], [ 108.999650365000036, 25.786683390000064 ], [ 109.018754929000067, 25.793489931000067 ], [ 109.111408820000065, 25.812161253000056 ], [ 109.134762983000087, 25.801128822000067 ], [ 109.14099617100004, 25.786052520000055 ], [ 109.147433257000046, 25.764277479000043 ], [ 109.159232573000054, 25.753670761000024 ], [ 109.268616207000036, 25.718333800000039 ], [ 109.307946948000051, 25.725232964000043 ], [ 109.335749067000052, 25.734699920000025 ], [ 109.426610505000042, 25.922051210000063 ], [ 109.466956149000055, 26.009125269000037 ], [ 109.477927567000052, 26.033786350000071 ] ] } },
{ "type": "Feature", "properties": { "FNODE_": 161, "TNODE_": 157, "LPOLY_": 42, "RPOLY_": 60, "LENGTH": 320916.0, "BOUNT_": 180, "BOUNT_ID": 145, "GEO_CODE": 61030, "BCODE": 4344, "BNAME": "湘粤线", "BountName": "省区直", "SHAPE_Leng": 3.0573101334200001 }, "geometry": { "type": "LineString", "coordinates": [ [ 112.016540629000019, 24.742943536000041 ], [ 112.115413610000019, 24.992729561000033 ], [ 112.185461049000082, 25.188385678000031 ], [ 112.200537274000112, 25.189279655000064 ], [ 112.348314841000047, 25.192227124000055 ], [ 112.364810055000021, 25.192094409000049 ], [ 112.622606253000072, 25.141874628000039 ], [ 112.655383197000106, 25.134998625000037 ], [ 112.701945896000097, 25.086905050000041 ], [ 112.774709296000083, 24.951209777000031 ], [ 112.776669542000036, 24.898235796000051 ], [ 112.823576183000114, 24.895970947000023 ], [ 112.868399923000084, 24.901504185000078 ], [ 112.982393973000057, 24.929653049000024 ], [ 113.006381934000046, 24.95011726000007 ], [ 113.003383258000099, 24.98521783800004 ], [ 112.987132249000069, 25.019152419000022 ], [ 112.973872479000079, 25.038522067000031 ], [ 113.010586321, 25.087548800000036 ], [ 112.99293101, 25.103066073000036 ], [ 112.960169697000083, 25.144561586000066 ], [ 112.93125400200006, 25.251131656000041 ], [ 112.935595978000038, 25.328293864000045 ], [ 113.150559834000092, 25.495577164000053 ], [ 113.238170886000034, 25.51945977500003 ], [ 113.296185911000066, 25.504050817000063 ], [ 113.338323705000107, 25.447568468000043 ], [ 113.386024096000028, 25.402072926000073 ], [ 113.438233151000077, 25.362486192000063 ], [ 113.795168377000095, 25.330244532000052 ], [ 113.817232809000075, 25.337605067000027 ], [ 113.864857198000095, 25.377553104000071 ], [ 113.93872718800003, 25.444541170000036 ] ] } },
{ "type": "Feature", "properties": { "FNODE_": 157, "TNODE_": 159, "LPOLY_": 39, "RPOLY_": 60, "LENGTH": 437749.0, "BOUNT_": 181, "BOUNT_ID": 144, "GEO_CODE": 61030, "BCODE": 3644, "BNAME": "赣粤线", "BountName": "省区直", "SHAPE_Leng": 4.1777749551400003 }, "geometry": { "type": "LineString", "coordinates": [ [ 113.93872718800003, 25.444541170000036 ], [ 113.96041789800006, 25.454333672000075 ], [ 113.998939938000035, 25.44418474400004 ], [ 114.02941927300003, 25.340359770000077 ], [ 114.080545152000013, 25.283415908000052 ], [ 114.290190839000047, 25.291901723000024 ], [ 114.37632957400001, 25.319156643000042 ], [ 114.420123198000056, 25.341603168000063 ], [ 114.439403289000097, 25.384498060000055 ], [ 114.534903039000028, 25.421673915000042 ], [ 114.581313961000092, 25.399673491000044 ], [ 114.695909576000076, 25.323129305000066 ], [ 114.718890056000077, 25.298945518000039 ], [ 114.730540523000059, 25.285022599000058 ], [ 114.741122251000093, 25.246744892000038 ], [ 114.732294796000019, 25.130741924000063 ], [ 114.721117353000068, 25.119406026000036 ], [ 114.652313193000055, 25.083917076000034 ], [ 114.628158327000051, 25.077283801000078 ], [ 114.59778454800005, 25.08669610100003 ], [ 114.563565936000032, 25.081520785000066 ], [ 114.555051519000017, 25.079261604000067 ], [ 114.413697889000105, 24.972820133000027 ], [ 114.396065736000082, 24.956699548000074 ], [ 114.270145717000105, 24.706320032000065 ], [ 114.254467009000109, 24.643940065000038 ], [ 114.407981042000074, 24.500791821000064 ], [ 114.42852757300011, 24.491771063000044 ], [ 114.472016287000088, 24.530088125000077 ], [ 114.523889774000054, 24.562076083000022 ], [ 114.743988847000082, 24.620490041000039 ], [ 114.843569889000037, 24.606104506000065 ], [ 115.053544196000075, 24.706505102000051 ], [ 115.177449110000111, 24.713898174000065 ], [ 115.265287995000108, 24.754075481000029 ], [ 115.406466580000028, 24.796396385000037 ], [ 115.472736668000039, 24.763172330000032 ], [ 115.605048793000037, 24.628491379000025 ], [ 115.684610017000068, 24.547494610000058 ], [ 115.729502002000117, 24.544298842000046 ], [ 115.848592345000043, 24.567764365000073 ], [ 115.82958729500001, 24.593677848000027 ], [ 115.811673270000028, 24.607060466000064 ], [ 115.781704024000078, 24.633427512000026 ], [ 115.755679383000029, 24.671696900000029 ], [ 115.750301291000028, 24.740530888000023 ], [ 115.75798454400001, 24.794155570000044 ], [ 115.780232531000024, 24.849099719000037 ], [ 115.800947291000057, 24.885331904000054 ], [ 115.815175905000046, 24.909759023000049 ], [ 115.873428274000048, 24.937269289000028 ], [ 115.88686399300002, 24.940722440000059 ] ] } },
{ "type": "Feature", "properties": { "FNODE_": 155, "TNODE_": 161, "LPOLY_": 42, "RPOLY_": 57, "LENGTH": 627721.0, "BOUNT_": 182, "BOUNT_ID": 146, "GEO_CODE": 61030, "BCODE": 4345, "BNAME": "湘桂线", "BountName": "省区直", "SHAPE_Leng": 5.9558340669899996 }, "geometry": { "type": "LineString", "coordinates": [ [ 109.477927567000052, 26.033786350000071 ], [ 109.54221429100005, 26.005567381000048 ], [ 109.676128910000045, 25.923816106000061 ], [ 109.681118467000033, 25.884462503000066 ], [ 109.77538213400004, 25.869453221000072 ], [ 109.811111458000084, 25.884806648000051 ], [ 109.825417180000045, 25.913008127000069 ], [ 109.86089510000005, 26.030988120000075 ], [ 109.907199323000043, 26.152400885000077 ], [ 109.965855931000078, 26.207416831000046 ], [ 110.09236977900008, 26.172627326000054 ], [ 110.095619772000077, 26.137316752000061 ], [ 110.076011778000066, 26.103914270000075 ], [ 110.067680154000072, 26.078802520000067 ], [ 110.062980030000062, 26.044818999000029 ], [ 110.102302932000043, 26.023223011000027 ], [ 110.243602853000084, 25.974024425000039 ], [ 110.263828914000044, 25.968123469000034 ], [ 110.317800809000062, 25.976432699000043 ], [ 110.347846401000083, 26.02770653500005 ], [ 110.352141804000041, 26.059124029000031 ], [ 110.370460605000062, 26.089375982000035 ], [ 110.385742874000073, 26.114415527000062 ], [ 110.560033707000059, 26.29355109100004 ], [ 110.614684662000059, 26.34009926400006 ], [ 110.667458775000057, 26.321873076000031 ], [ 110.70196715700007, 26.307472521000022 ], [ 110.735781449000058, 26.272232558000042 ], [ 110.754397720000043, 26.25092094300004 ], [ 110.918464401000051, 26.257204152000043 ], [ 110.923782091000078, 26.259745616000032 ], [ 110.940231944000061, 26.333524713000031 ], [ 110.940163300000052, 26.374002414000074 ], [ 110.967393328000071, 26.388455302000068 ], [ 111.200790039000083, 26.310685969000076 ], [ 111.277330376000066, 26.272493031000067 ], [ 111.286783222000054, 26.240737800000034 ], [ 111.265572446000078, 26.121785537000051 ], [ 111.254570442000045, 26.09720476900003 ], [ 111.326547103000053, 25.906042950000028 ], [ 111.339021904000049, 25.909147175000044 ], [ 111.450139059000037, 25.884374458000025 ], [ 111.481168323000077, 25.874008785000058 ], [ 111.48594455500006, 25.868891169000051 ], [ 111.286192936000077, 25.438558476000026 ], [ 111.230427643000041, 25.381880362000061 ], [ 111.194912093000084, 25.368270641000038 ], [ 111.096436582000081, 25.287322974000062 ], [ 110.995214384000064, 25.168494320000036 ], [ 110.971989805000078, 25.112041377000025 ], [ 110.947231655000053, 25.043802686000049 ], [ 110.954823047000048, 25.005010498000047 ], [ 110.983571118000043, 24.934919913000044 ], [ 110.99853244500008, 24.92397855400003 ], [ 111.039412005000088, 24.929540219000046 ], [ 111.093017442000075, 24.943089215000043 ], [ 111.102012984000055, 25.011310096000045 ], [ 111.224109588000033, 25.120204195000042 ], [ 111.266499828000065, 25.15196200500003 ], [ 111.399384029000089, 25.129536144000042 ], [ 111.422021175000054, 25.101355719000026 ], [ 111.458131623000043, 24.939913795000052 ], [ 111.476610153000081, 24.814666421000027 ], [ 111.473764172000074, 24.783936264000033 ], [ 111.453591237000069, 24.750443191000045 ], [ 111.425285211000073, 24.688930585000037 ], [ 111.451920520000044, 24.667744976000051 ], [ 111.522982112000079, 24.639995490000047 ], [ 111.557803237000087, 24.643923867000069 ], [ 111.568866397000079, 24.651697511000066 ], [ 111.634847198000045, 24.722053922000043 ], [ 111.671255962000089, 24.776805012000068 ], [ 111.705032188000075, 24.791351003000045 ], [ 111.778489669000066, 24.798813098000039 ], [ 111.945936758000073, 24.775039548000052 ], [ 111.989623561000087, 24.762776969000072 ], [ 112.016540629000019, 24.742943536000041 ] ] } },
{ "type": "Feature", "properties": { "FNODE_": 162, "TNODE_": 158, "LPOLY_": 1, "RPOLY_": 1, "LENGTH": 106101.0, "BOUNT_": 183, "BOUNT_ID": 147, "GEO_CODE": 61010, "BCODE": 0, "BNAME": null, "BountName": "国界", "SHAPE_Leng": 0.95907974400399998 }, "geometry": { "type": "LineString", "coordinates": [ [ 122.507304239000064, 23.467560196000022 ], [ 122.643319652000059, 23.999848160000056 ], [ 122.744750012000054, 24.396782161000033 ] ] } },
{ "type": "Feature", "properties": { "FNODE_": 152, "TNODE_": 163, "LPOLY_": 45, "RPOLY_": 43, "LENGTH": 222552.0, "BOUNT_": 184, "BOUNT_ID": 143, "GEO_CODE": 61030, "BCODE": 5253, "BNAME": "黔滇线", "BountName": "省区直", "SHAPE_Leng": 2.0731339098700001 }, "geometry": { "type": "LineString", "coordinates": [ [ 104.678179206000038, 26.376675587000022 ], [ 104.538381937000054, 26.252631787000041 ], [ 104.504468023000072, 26.082568227000024 ], [ 104.492886235000071, 26.074295171000074 ], [ 104.471485152000071, 26.052543304000039 ], [ 104.362007425000058, 25.733144483000046 ], [ 104.364822451000066, 25.592519497000069 ], [ 104.427987854000037, 25.559752763000063 ], [ 104.501651487000061, 25.510635186000059 ], [ 104.547100897000064, 25.473238956000046 ], [ 104.692215538000085, 25.30048615100003 ], [ 104.707383180000079, 25.283741462000023 ], [ 104.720246435000035, 25.19499243100006 ], [ 104.679649223000069, 25.078209654000034 ], [ 104.629270846000054, 25.057583502000057 ], [ 104.676734647000046, 25.060222900000042 ], [ 104.698806957000045, 25.033672569000032 ], [ 104.70921370700006, 24.998169899000061 ], [ 104.685165182000048, 24.989322642000047 ], [ 104.672708102000058, 24.976441088000058 ], [ 104.626476469000067, 24.923394502000065 ], [ 104.590878436000082, 24.881543144000034 ], [ 104.545024454000043, 24.826868028000035 ], [ 104.537440632000084, 24.807331797000074 ], [ 104.531343592000042, 24.745374521000031 ], [ 104.526194425000085, 24.733668388000069 ] ] } },
{ "type": "Feature", "properties": { "FNODE_": 163, "TNODE_": 164, "LPOLY_": 45, "RPOLY_": 57, "LENGTH": 641.69, "BOUNT_": 185, "BOUNT_ID": 314, "GEO_CODE": 61030, "BCODE": 4552, "BNAME": "桂黔线", "BountName": "省区直", "SHAPE_Leng": 0.0063364724084399998 }, "geometry": { "type": "LineString", "coordinates": [ [ 104.526194425000085, 24.733668388000069 ], [ 104.532525837000037, 24.733415199000035 ] ] } },
{ "type": "Feature", "properties": { "FNODE_": 164, "TNODE_": 160, "LPOLY_": 45, "RPOLY_": 57, "LENGTH": 332168.0, "BOUNT_": 186, "BOUNT_ID": 315, "GEO_CODE": 61031, "BCODE": 4552, "BNAME": "桂黔线", "BountName": "省界桩", "SHAPE_Leng": 3.190019036 }, "geometry": { "type": "LineString", "coordinates": [ [ 104.532525837000037, 24.733415199000035 ], [ 104.584499742000048, 24.713557189000028 ], [ 104.631070764000071, 24.665739349000035 ], [ 104.705703329000073, 24.628978460000042 ], [ 104.730369869000072, 24.623498355000038 ], [ 104.843028599000036, 24.682035318000032 ], [ 104.873394560000065, 24.745047399000043 ], [ 105.033188861000042, 24.797715548000042 ], [ 105.039971721000086, 24.881285067000078 ], [ 105.071833038000079, 24.919377620000034 ], [ 105.200086721000048, 24.998574620000056 ], [ 105.423908413000049, 24.936262553000063 ], [ 105.506941046000065, 24.810046707000026 ], [ 105.59522310400007, 24.809554091000052 ], [ 105.71162012800005, 24.766382401000044 ], [ 105.807829200000072, 24.706105095000055 ], [ 105.872650302000068, 24.732941526000047 ], [ 105.929475526000033, 24.729740175000074 ], [ 105.995440833000032, 24.647984283000028 ], [ 106.020847371000059, 24.641516818000071 ], [ 106.172813938000047, 24.77067358000005 ], [ 106.199708487000066, 24.868147844000077 ], [ 106.142997893000086, 24.957956455000044 ], [ 106.189378210000086, 24.961794209000061 ], [ 106.301350206000052, 24.980776362000029 ], [ 106.440491249000047, 25.027763382000046 ], [ 106.584339790000058, 25.092610087000025 ], [ 106.655096902000082, 25.173998737000034 ], [ 106.699226472000078, 25.183586314000024 ], [ 106.761400051000066, 25.186723303000065 ], [ 106.888982164000083, 25.18982638600005 ], [ 106.919744851000075, 25.253176078000024 ], [ 106.97479998600005, 25.237544094000043 ] ] } },
{ "type": "Feature", "properties": { "FNODE_": 165, "TNODE_": 165, "LPOLY_": 62, "RPOLY_": 1, "LENGTH": 26174.3, "BOUNT_": 187, "BOUNT_ID": 149, "GEO_CODE": 26010, "BCODE": 0, "BNAME": null, "BountName": "南海诸", "SHAPE_Leng": 0.241940274377 }, "geometry": { "type": "LineString", "coordinates": [ [ 119.473670238000068, 23.554942316000052 ], [ 119.5190584610001, 23.567081045000066 ], [ 119.536218431000066, 23.643078580000065 ], [ 119.514557291000074, 23.640929826000047 ], [ 119.504943532000084, 23.620132644000023 ], [ 119.479164104, 23.569254424000064 ], [ 119.473670238000068, 23.554942316000052 ] ] } },
{ "type": "Feature", "properties": { "FNODE_": 168, "TNODE_": 168, "LPOLY_": 1, "RPOLY_": 61, "LENGTH": 55007.2, "BOUNT_": 188, "BOUNT_ID": 150, "GEO_CODE": 26010, "BCODE": 0, "BNAME": null, "BountName": "南海诸", "SHAPE_Leng": 0.51452602518900004 }, "geometry": { "type": "LineString", "coordinates": [ [ 119.581102031000114, 23.506901971000048 ], [ 119.579818983000109, 23.534486116000039 ], [ 119.60960598600002, 23.546325723000052 ], [ 119.610712573000114, 23.600057284000059 ], [ 119.585145934000025, 23.654330445000028 ], [ 119.56404331300007, 23.663446327000031 ], [ 119.582583451000119, 23.673117395000077 ], [ 119.602579855000045, 23.669726033000074 ], [ 119.659755577000055, 23.603483772000061 ], [ 119.697651505000067, 23.554410325000049 ], [ 119.612924905000114, 23.510559154000077 ], [ 119.581102031000114, 23.506901971000048 ] ] } },
{ "type": "Feature", "properties": { "FNODE_": 167, "TNODE_": 166, "LPOLY_": 1, "RPOLY_": 43, "LENGTH": 46307.0, "BOUNT_": 189, "BOUNT_ID": 296, "GEO_CODE": 61011, "BCODE": 0, "BNAME": null, "BountName": "国界2", "SHAPE_Leng": 0.44952213953800002 }, "geometry": { "type": "LineString", "coordinates": [ [ 98.878088622000064, 24.148996576000059 ], [ 98.860836409000058, 24.133793655000034 ], [ 98.714309696000043, 24.123326632000044 ], [ 98.603169337000054, 24.084132427000043 ], [ 98.546229791000087, 24.127899066000055 ], [ 98.456269598000063, 24.128392864000034 ] ] } },
{ "type": "Feature", "properties": { "FNODE_": 169, "TNODE_": 169, "LPOLY_": 1, "RPOLY_": 63, "LENGTH": 12653.8, "BOUNT_": 190, "BOUNT_ID": 151, "GEO_CODE": 26010, "BCODE": 0, "BNAME": null, "BountName": "南海诸", "SHAPE_Leng": 0.116986408857 }, "geometry": { "type": "LineString", "coordinates": [ [ 119.490805066, 23.355007068000077 ], [ 119.488928032000103, 23.392171038000072 ], [ 119.508612433000053, 23.391311686000051 ], [ 119.51692899000011, 23.370079243000077 ], [ 119.508773245000043, 23.352743290000035 ], [ 119.490805066, 23.355007068000077 ] ] } },
{ "type": "Feature", "properties": { "FNODE_": 159, "TNODE_": 170, "LPOLY_": 46, "RPOLY_": 60, "LENGTH": 216822.0, "BOUNT_": 191, "BOUNT_ID": 152, "GEO_CODE": 61030, "BCODE": 3544, "BNAME": "闽粤线", "BountName": "省区直", "SHAPE_Leng": 2.0395863948300001 }, "geometry": { "type": "LineString", "coordinates": [ [ 115.88686399300002, 24.940722440000059 ], [ 115.908844562000013, 24.927019284000039 ], [ 116.084629882000058, 24.839998889000071 ], [ 116.144652753000059, 24.848507228000074 ], [ 116.376560619000088, 24.795128497000064 ], [ 116.75813757800006, 24.57803444700005 ], [ 116.889580461000037, 24.367403381000031 ], [ 116.908333505000087, 24.304134625000074 ], [ 116.928405845000043, 24.225468361000026 ], [ 116.930702013000086, 24.130420689000061 ], [ 116.924820159000092, 24.092892581000058 ], [ 116.930121754000083, 24.058062948000043 ], [ 116.971801991, 23.87251419100005 ], [ 117.048348983000096, 23.698867906000032 ], [ 117.118288242000062, 23.646354287000065 ], [ 117.16391550700007, 23.629092714000024 ] ] } },
{ "type": "Feature", "properties": { "FNODE_": 133, "TNODE_": 170, "LPOLY_": 1, "RPOLY_": 46, "LENGTH": 1231950.0, "BOUNT_": 192, "BOUNT_ID": 154, "GEO_CODE": 26010, "BCODE": 0, "BNAME": null, "BountName": "海岸线", "SHAPE_Leng": 11.7568399695 }, "geometry": { "type": "LineString", "coordinates": [ [ 120.389344925000046, 27.246597002000044 ], [ 120.315622185000052, 27.310174666000023 ], [ 120.287704682000026, 27.321167810000077 ], [ 120.207342482000058, 27.293673317000071 ], [ 120.187199949000046, 27.279625227000054 ], [ 120.17441321900003, 27.241438687000027 ], [ 120.195035081000015, 27.20387577200006 ], [ 120.298045347000084, 27.195737417000032 ], [ 120.349141959, 27.154610931000036 ], [ 120.394968035000034, 27.090821419000065 ], [ 120.383775374000038, 27.083373135000045 ], [ 120.273604573000057, 27.102579654000067 ], [ 120.264340713000024, 27.033501913000066 ], [ 120.268988726000089, 26.995973626000023 ], [ 120.225335485000073, 26.923835446000055 ], [ 120.12340151, 26.928069802000039 ], [ 120.030585043000087, 26.875318213000071 ], [ 120.045164679000095, 26.846503185000074 ], [ 120.066249310000103, 26.831651347000047 ], [ 120.130522615000018, 26.799888797000051 ], [ 120.153398, 26.72306866200006 ], [ 120.135811914000101, 26.65226748200007 ], [ 119.886940826000114, 26.517362158000026 ], [ 119.861572297000066, 26.557491562000052 ], [ 119.85823098100002, 26.576356632000056 ], [ 119.971012787000063, 26.688827791000051 ], [ 120.016012216000036, 26.718832855000073 ], [ 120.034850138000024, 26.740618095000059 ], [ 119.992074357000092, 26.775300640000069 ], [ 119.84555333600008, 26.861716887000057 ], [ 119.769696234000094, 26.840271363000056 ], [ 119.619053065000116, 26.797500127000035 ], [ 119.578349167000056, 26.77935175600004 ], [ 119.561784789000058, 26.757578986000055 ], [ 119.528305884000019, 26.661179616000027 ], [ 119.5555278060001, 26.616972645000033 ], [ 119.606338183000048, 26.594619476000048 ], [ 119.674595494000073, 26.620282466000049 ], [ 119.728887605000068, 26.612721897000029 ], [ 119.761828829000024, 26.555693513000051 ], [ 119.769967677000068, 26.475725717000046 ], [ 119.759734605000062, 26.468416134000051 ], [ 119.682468300000096, 26.465230805000033 ], [ 119.664180336000072, 26.500030862000074 ], [ 119.632752709000101, 26.500626166000075 ], [ 119.566132978000041, 26.482513886000049 ], [ 119.576226398000017, 26.43722020000007 ], [ 119.717649763000054, 26.352578473000051 ], [ 119.740069198000015, 26.361788456000056 ], [ 119.755425099000036, 26.368131447000053 ], [ 119.81622543800006, 26.382822103000024 ], [ 119.819523743000104, 26.383620609000047 ], [ 119.95295098500003, 26.374816504000023 ], [ 119.944613650000065, 26.354525644000034 ], [ 119.902687066000112, 26.31790735800007 ], [ 119.861579051000035, 26.312730499000054 ], [ 119.750773718000119, 26.291080186000045 ], [ 119.631257224000024, 26.266454215000067 ], [ 119.605461984000044, 26.247174897000036 ], [ 119.511867707000079, 26.083385521000025 ], [ 119.526616557000011, 26.069159140000068 ], [ 119.555433948000086, 26.05176520200007 ], [ 119.663856732000113, 26.016001651000067 ], [ 119.637022940000065, 25.917929257000026 ], [ 119.603590481000083, 25.823834484000031 ], [ 119.553623521000077, 25.704737826000041 ], [ 119.542605232000028, 25.587023100000067 ], [ 119.639157719000082, 25.47737311700007 ], [ 119.656804014000045, 25.385065912000073 ], [ 119.637554605000105, 25.343657031000077 ], [ 119.593767943000103, 25.33854690000004 ], [ 119.483269557000085, 25.371621670000025 ], [ 119.499355853000111, 25.406820813000024 ], [ 119.509111680000046, 25.46998607300003 ], [ 119.288448773000027, 25.580579180000029 ], [ 119.148772913000016, 25.443779919000065 ], [ 119.124083980000023, 25.401626105000048 ], [ 119.185036018, 25.303169019000052 ], [ 119.20819988400001, 25.267233890000057 ], [ 119.221802961000094, 25.264368421000029 ], [ 119.227281232000109, 25.269627426000056 ], [ 119.248178184000039, 25.297219643000062 ], [ 119.246431821000101, 25.331543071000056 ], [ 119.285091162000072, 25.316525075000072 ], [ 119.369825035000076, 25.269578090000039 ], [ 119.356945458000041, 25.25544048200004 ], [ 119.297213963000104, 25.191185347000044 ], [ 119.274569195000026, 25.173559048000072 ], [ 119.157431824000014, 25.129907851000041 ], [ 119.06449473400005, 25.174087791000034 ], [ 119.065732274000084, 25.288491901000043 ], [ 119.015240621000089, 25.294753245000038 ], [ 118.989436340000111, 25.294221345000039 ], [ 118.867080231000045, 25.247336848000032 ], [ 118.969941248000055, 25.121056784000075 ], [ 119.020891292000101, 24.964256934000048 ], [ 118.882497733000037, 24.897159697000063 ], [ 118.809612461000029, 24.905879560000074 ], [ 118.744532609000089, 24.914710458000059 ], [ 118.726595739000118, 24.94530394800006 ], [ 118.65749457600009, 24.981644999000025 ], [ 118.642983034000054, 24.930238913000039 ], [ 118.625251580000054, 24.836723825000036 ], [ 118.64987257100006, 24.792799333000062 ], [ 118.680856293000033, 24.787883112000031 ], [ 118.707749792000072, 24.797839 ], [ 118.782351239000036, 24.778988425000023 ], [ 118.773241604000077, 24.751552710000055 ], [ 118.761279625000043, 24.732961866000039 ], [ 118.733834476000084, 24.700745421000079 ], [ 118.712601714000016, 24.677240586000039 ], [ 118.682564481000099, 24.610652181000034 ], [ 118.606160646000035, 24.529346321000048 ], [ 118.21393927400004, 24.616580460000023 ], [ 118.212397964000047, 24.633178422000071 ], [ 118.192562028000111, 24.68727328500006 ], [ 118.173174823000068, 24.697321781000028 ], [ 118.162989502000073, 24.694247081000071 ], [ 118.101220427000044, 24.589177109000047 ], [ 118.11097802900008, 24.558502848000046 ], [ 118.129662099000029, 24.537157785000034 ], [ 118.156357314000047, 24.512057230000039 ], [ 118.161256498000057, 24.507385133000071 ], [ 118.170920868000053, 24.494067565000023 ], [ 118.172456936000117, 24.45750509100003 ], [ 118.129952052000021, 24.425730895000072 ], [ 118.040865566000093, 24.449569494000059 ], [ 117.91160212300008, 24.484200790000045 ], [ 117.785622000000103, 24.498950377000028 ], [ 117.777168723000045, 24.476489571000059 ], [ 117.828721769000026, 24.435631009000076 ], [ 117.88864356900001, 24.407331317000057 ], [ 117.898523551000039, 24.403545591000068 ], [ 117.911593316000108, 24.400283086000059 ], [ 117.944361438000101, 24.395989655000051 ], [ 118.00587336500007, 24.388044988000047 ], [ 118.035842824000042, 24.379434588000038 ], [ 118.117500205000056, 24.33888640400005 ], [ 118.132583922000094, 24.310318265000035 ], [ 118.138992581000025, 24.272414696000055 ], [ 118.016690167000093, 24.204415070000039 ], [ 117.999455108, 24.199744527000064 ], [ 117.983020655000018, 24.201926957000069 ], [ 117.911759310000093, 24.191999276000047 ], [ 117.901154157000065, 24.096818583000072 ], [ 117.901528778000056, 24.044210237000073 ], [ 117.839652428000022, 24.028876557000046 ], [ 117.789342506000025, 24.033564257000023 ], [ 117.684886427000038, 23.99986879000005 ], [ 117.635842651000075, 23.887112041000023 ], [ 117.579178630000115, 23.906565207000028 ], [ 117.504239105000011, 23.860490876000028 ], [ 117.498540160000061, 23.75517386100006 ], [ 117.472599421000041, 23.675031690000026 ], [ 117.423708223000062, 23.58828817400007 ], [ 117.372215400000073, 23.568976501000066 ], [ 117.314513804000057, 23.572212065000031 ], [ 117.315825922000045, 23.587235666000026 ], [ 117.375421349000021, 23.686873785000046 ], [ 117.351502405000019, 23.738873806000072 ], [ 117.349655833000043, 23.742889536000064 ], [ 117.349538850000044, 23.769884536000063 ], [ 117.306480615000055, 23.750423900000044 ], [ 117.16391550700007, 23.629092714000024 ] ] } },
{ "type": "Feature", "properties": { "FNODE_": 131, "TNODE_": 166, "LPOLY_": 43, "RPOLY_": 1, "LENGTH": 763815.0, "BOUNT_": 193, "BOUNT_ID": 155, "GEO_CODE": 61010, "BCODE": 0, "BNAME": null, "BountName": "国界", "SHAPE_Leng": 7.1698319661600003 }, "geometry": { "type": "LineString", "coordinates": [ [ 98.137880782000082, 28.146606984000073 ], [ 98.138292622000051, 28.000022960000024 ], [ 98.15513100700008, 27.941202013000066 ], [ 98.256299253000066, 27.681162608000079 ], [ 98.308393899000066, 27.550169473000039 ], [ 98.309935721000045, 27.546393865000027 ], [ 98.319609528000058, 27.522959041000036 ], [ 98.328017639000052, 27.517993661000048 ], [ 98.331916312000033, 27.515760001000046 ], [ 98.337844507000057, 27.513990665000051 ], [ 98.367149669000071, 27.511950038000066 ], [ 98.372566687000074, 27.51173404900004 ], [ 98.376175454000077, 27.511971480000057 ], [ 98.380288189000055, 27.514050551000025 ], [ 98.385437755000055, 27.517736 ], [ 98.426355669000031, 27.552938056000073 ], [ 98.429124819000037, 27.556550973000071 ], [ 98.430856955000081, 27.55982063600004 ], [ 98.432726025000079, 27.568223848000059 ], [ 98.432917284000041, 27.575562649000062 ], [ 98.433077061000063, 27.582866550000062 ], [ 98.432497499000078, 27.622743826000033 ], [ 98.46319881800008, 27.648556800000051 ], [ 98.572889715000088, 27.621437597000067 ], [ 98.66453662300006, 27.589388841000073 ], [ 98.670029875000068, 27.586881573000028 ], [ 98.695856332000062, 27.567942124000069 ], [ 98.705744279000044, 27.521506246000058 ], [ 98.694055745000071, 27.519174172000078 ], [ 98.695489642000041, 27.421322750000058 ], [ 98.734354533000044, 27.000542667000047 ], [ 98.752116346000037, 26.918194343000039 ], [ 98.757777279000038, 26.890489065000054 ], [ 98.782092952000085, 26.621923125000023 ], [ 98.779414569000039, 26.605772899000044 ], [ 98.777721254000085, 26.598201690000053 ], [ 98.751505904000055, 26.518080843000064 ], [ 98.756983925000043, 26.504056797000032 ], [ 98.757532841000057, 26.497426473000075 ], [ 98.731935690000057, 26.192631461000076 ], [ 98.664001238000083, 26.114895076000039 ], [ 98.587301309000054, 26.139286080000034 ], [ 98.595724113000074, 26.073540428000058 ], [ 98.652694293000081, 25.961951593000038 ], [ 98.684990449000054, 25.937003119000053 ], [ 98.703285826000069, 25.860239376000038 ], [ 98.605573699000047, 25.814574494000055 ], [ 98.465021639000042, 25.700494095000067 ], [ 98.297566897000081, 25.563893755000038 ], [ 98.188043490000041, 25.564250596000079 ], [ 98.146500851000042, 25.393393377000052 ], [ 98.082579654000085, 25.338576733000025 ], [ 98.075109969000039, 25.322712503000048 ], [ 98.067106995000074, 25.313316469000029 ], [ 97.946849003000068, 25.222711280000055 ], [ 97.940096983000046, 25.220019078000064 ], [ 97.932337759000063, 25.218281553000054 ], [ 97.925112123000076, 25.217471481000075 ], [ 97.917902723000054, 25.217596761000038 ], [ 97.904062300000078, 25.220646702000067 ], [ 97.835121051000044, 25.264100185000075 ], [ 97.794425080000053, 25.157981380000024 ], [ 97.767363054000043, 25.10732163800003 ], [ 97.719609374000072, 25.075247570000045 ], [ 97.715603270000031, 24.982892554000045 ], [ 97.738042169000039, 24.903321582000046 ], [ 97.799605516000042, 24.855726958000048 ], [ 97.668841735000058, 24.809886795000068 ], [ 97.571853776000069, 24.712836205000031 ], [ 97.564720512000065, 24.565212428000052 ], [ 97.563804572000038, 24.544737913000063 ], [ 97.532638193000082, 24.43107817300006 ], [ 97.674082878000036, 24.455721507000078 ], [ 97.667177842000058, 24.297683968000058 ], [ 97.767309043000068, 24.264809220000075 ], [ 97.726490357000046, 24.186766780000028 ], [ 97.759465676000048, 24.164711214000079 ], [ 97.606980640000074, 23.999909917000025 ], [ 97.578354262000062, 23.984454296000024 ], [ 97.532645098000046, 23.947546599000077 ], [ 97.531073621000075, 23.931022391000056 ], [ 97.533553103000031, 23.925773941000045 ], [ 97.564712686000064, 23.912339239000062 ], [ 97.624917398000036, 23.88496088100004 ], [ 97.644838437000033, 23.866867175000039 ], [ 97.647882585000048, 23.858763091000071 ], [ 97.646112692000031, 23.843153979000078 ], [ 97.905343439000035, 24.015089058000058 ], [ 97.980480087000046, 24.028096298000037 ], [ 98.16424623100005, 24.098801294000054 ], [ 98.163200857000049, 24.108144677000041 ], [ 98.189843482000072, 24.110404208000034 ], [ 98.387381312000059, 24.116566287000069 ], [ 98.456269598000063, 24.128392864000034 ] ] } },
{ "type": "Feature", "properties": { "FNODE_": 170, "TNODE_": 171, "LPOLY_": 1, "RPOLY_": 1, "LENGTH": 22175.4, "BOUNT_": 194, "BOUNT_ID": 153, "GEO_CODE": 61030, "BCODE": 3544, "BNAME": "闽粤线", "BountName": "省区直", "SHAPE_Leng": 0.42254556350599998 }, "geometry": { "type": "LineString", "coordinates": [ [ 117.16391550700007, 23.629092714000024 ], [ 117.1894720680001, 23.619412778000026 ], [ 117.188572606000093, 23.598555280000028 ], [ 117.187549773000114, 23.588356649000048 ], [ 117.191556103000039, 23.575370002000057 ], [ 117.197582572000101, 23.56609127400003 ], [ 117.206616244000088, 23.555879693000065 ], [ 117.216610416000094, 23.548413627000059 ], [ 117.226384309000082, 23.540124581000043 ], [ 117.230901162, 23.532904042000041 ], [ 117.235913784000104, 23.525211391000028 ], [ 117.23952232900001, 23.520764492000069 ], [ 117.244543405000059, 23.513762573000065 ], [ 117.24956274200008, 23.50652825800006 ], [ 117.255070919000104, 23.499280970000029 ], [ 117.260091933000012, 23.491817357000059 ], [ 117.264402111000095, 23.486202725000055 ], [ 117.268972609000116, 23.480356432000065 ], [ 117.272108336000088, 23.476607212000033 ], [ 117.2749621050001, 23.472638741000026 ], [ 117.373008316000096, 23.369686699000056 ], [ 117.38121138200006, 23.360757551000063 ], [ 117.387894926000058, 23.351413185000069 ], [ 117.398225340000067, 23.339218788000039 ], [ 117.406075932000022, 23.327318955000067 ], [ 117.41252970000005, 23.318664911000042 ], [ 117.414940911000031, 23.316308591000052 ], [ 117.418984082000065, 23.31046793400003 ] ] } },
{ "type": "Feature", "properties": { "FNODE_": 173, "TNODE_": 173, "LPOLY_": 64, "RPOLY_": 1, "LENGTH": 52496.3, "BOUNT_": 195, "BOUNT_ID": 156, "GEO_CODE": 26010, "BCODE": 0, "BNAME": null, "BountName": "海岸线", "SHAPE_Leng": 0.50151721613400002 }, "geometry": { "type": "LineString", "coordinates": [ [ 117.10555419800005, 23.395719229000065 ], [ 117.133134440000049, 23.397666958000059 ], [ 117.1477230160001, 23.444478815000025 ], [ 117.141092042000082, 23.462727450000045 ], [ 117.126604248000035, 23.484767903000034 ], [ 117.108805032000078, 23.483315122000079 ], [ 117.063865713000041, 23.478331874000048 ], [ 116.982771458000116, 23.461010484000042 ], [ 116.947277822000046, 23.444673528000067 ], [ 116.935666367000067, 23.433268438000027 ], [ 116.937138355000116, 23.42726490900003 ], [ 117.049301213000035, 23.402575084000034 ], [ 117.10555419800005, 23.395719229000065 ] ] } },
{ "type": "Feature", "properties": { "FNODE_": 175, "TNODE_": 175, "LPOLY_": 1, "RPOLY_": 65, "LENGTH": 17984.5, "BOUNT_": 197, "BOUNT_ID": 158, "GEO_CODE": 26010, "BCODE": 0, "BNAME": null, "BountName": "南海诸", "SHAPE_Leng": 0.166831584108 }, "geometry": { "type": "LineString", "coordinates": [ [ 121.497434746000067, 22.636469952000027 ], [ 121.463855801000022, 22.647582352000029 ], [ 121.457394667000017, 22.684965755000064 ], [ 121.503422869000019, 22.683199270000046 ], [ 121.50233228400009, 22.652934504000029 ], [ 121.497434746000067, 22.636469952000027 ] ] } },
{ "type": "Feature", "properties": { "FNODE_": 176, "TNODE_": 176, "LPOLY_": 1, "RPOLY_": 66, "LENGTH": 9578.63, "BOUNT_": 198, "BOUNT_ID": 159, "GEO_CODE": 26010, "BCODE": 0, "BNAME": null, "BountName": "南海诸", "SHAPE_Leng": 0.089066470084899999 }, "geometry": { "type": "LineString", "coordinates": [ [ 120.342460282000047, 22.328943424000045 ], [ 120.353766781000104, 22.351170309000054 ], [ 120.366615538000019, 22.355214316000058 ], [ 120.371817727, 22.35292828200005 ], [ 120.373329317000071, 22.345345215000066 ], [ 120.36100814800011, 22.331520674000046 ], [ 120.342460282000047, 22.328943424000045 ] ] } },
{ "type": "Feature", "properties": { "FNODE_": 163, "TNODE_": 177, "LPOLY_": 57, "RPOLY_": 43, "LENGTH": 412754.0, "BOUNT_": 199, "BOUNT_ID": 160, "GEO_CODE": 61030, "BCODE": 4553, "BNAME": "桂滇线", "BountName": "省区直", "SHAPE_Leng": 3.88150212084 }, "geometry": { "type": "LineString", "coordinates": [ [ 104.526194425000085, 24.733668388000069 ], [ 104.515749447000076, 24.720077058000072 ], [ 104.446449762000043, 24.646202194000068 ], [ 104.484216316000072, 24.643433020000032 ], [ 104.567492886000082, 24.459531043000027 ], [ 104.567874428000039, 24.442551534000074 ], [ 104.577670660000081, 24.420218885000054 ], [ 104.686186359000033, 24.328762631000075 ], [ 104.698248671000044, 24.320078627000044 ], [ 104.719726007000077, 24.337122987000043 ], [ 104.723044946000073, 24.345361680000053 ], [ 104.711104565000085, 24.357474472000035 ], [ 104.699744281000051, 24.421794454000064 ], [ 104.71527818800007, 24.445183273000055 ], [ 104.750900713000078, 24.458906186000036 ], [ 104.767411239000069, 24.460124570000062 ], [ 105.047867513000085, 24.444074192000073 ], [ 105.107469880000053, 24.413546216000043 ], [ 105.188679117000049, 24.343431017000057 ], [ 105.195408400000076, 24.32988819600007 ], [ 105.201801837000062, 24.245387625000035 ], [ 105.204159296000057, 24.170549098000038 ], [ 105.189746992000039, 24.169069079000053 ], [ 105.179096031000086, 24.166458533000025 ], [ 105.174884451000082, 24.152641312000071 ], [ 105.181026242000087, 24.131980456000065 ], [ 105.194248304000041, 24.113494088000039 ], [ 105.232579356000088, 24.077350573000047 ], [ 105.255452816000059, 24.063167276000058 ], [ 105.41029541000006, 24.030950250000046 ], [ 105.489383737000082, 24.019815036000068 ], [ 105.513203391000047, 24.031424264000066 ], [ 105.632126016000086, 24.106612475000077 ], [ 105.629707411000084, 24.094850774000065 ], [ 105.635147234000044, 24.059223984000027 ], [ 105.643326106000075, 24.034016397000073 ], [ 105.793415488000051, 24.026212646000033 ], [ 105.838971808000053, 24.033140540000034 ], [ 105.894942541000034, 24.04528141000003 ], [ 105.904075221000085, 24.072313091000069 ], [ 105.943245636000086, 24.111888070000077 ], [ 105.998819634000085, 24.125325290000035 ], [ 106.024035397000034, 24.102213124000059 ], [ 106.041148557000042, 24.09372409100007 ], [ 106.093334840000068, 24.02623623900007 ], [ 106.157163730000036, 23.885674481000024 ], [ 106.160741892000033, 23.826848433000066 ], [ 106.148213775000045, 23.673525870000049 ], [ 106.137730526000041, 23.576042381000036 ], [ 106.121769361000077, 23.55266271000005 ], [ 106.112880864000033, 23.541867141000068 ], [ 106.066096092000066, 23.493553688000077 ], [ 106.046388826000054, 23.481884317000038 ], [ 106.013398437000035, 23.468275065000057 ], [ 105.993569129000036, 23.471255004000056 ], [ 105.900022733000071, 23.501314833000038 ], [ 105.896856501000059, 23.523060216000033 ], [ 105.882413695000082, 23.532639670000037 ], [ 105.867177403000085, 23.534496444000069 ], [ 105.837154948000034, 23.529009943000062 ], [ 105.820262996000054, 23.516868002000024 ], [ 105.582196391000082, 23.310241774000076 ], [ 105.567692507000061, 23.291621151000072 ], [ 105.528285546000063, 23.24046861000005 ], [ 105.527621726000064, 23.221926345000043 ], [ 105.539821372000063, 23.186937275000048 ] ] } },
{ "type": "Feature", "properties": { "FNODE_": 178, "TNODE_": 178, "LPOLY_": 1, "RPOLY_": 67, "LENGTH": 32960.1, "BOUNT_": 200, "BOUNT_ID": 161, "GEO_CODE": 26010, "BCODE": 0, "BNAME": null, "BountName": "南海诸", "SHAPE_Leng": 0.30659361565799997 }, "geometry": { "type": "LineString", "coordinates": [ [ 121.587948329000028, 22.006556787000022 ], [ 121.560375402000091, 22.011666258000048 ], [ 121.529201196000031, 22.025982412000076 ], [ 121.501413214000081, 22.050856171000078 ], [ 121.490374446000033, 22.089153919000069 ], [ 121.494975116000091, 22.090141257000028 ], [ 121.561817051000048, 22.085241182000061 ], [ 121.600911713000073, 22.016691943000069 ], [ 121.587948329000028, 22.006556787000022 ] ] } },
{ "type": "Feature", "properties": { "FNODE_": 179, "TNODE_": 179, "LPOLY_": 1, "RPOLY_": 58, "LENGTH": 911788.0, "BOUNT_": 201, "BOUNT_ID": 162, "GEO_CODE": 26010, "BCODE": 0, "BNAME": null, "BountName": "海岸线", "SHAPE_Leng": 8.3888364740199997 }, "geometry": { "type": "LineString", "coordinates": [ [ 120.727705615000104, 21.922257927000032 ], [ 120.708807326000056, 21.937041474000068 ], [ 120.677816974000052, 22.03695996600004 ], [ 120.698340438000059, 22.062407194000059 ], [ 120.707030847000055, 22.096654443000034 ], [ 120.667769074000034, 22.226882452000041 ], [ 120.635549895000054, 22.299966595000058 ], [ 120.582021555000097, 22.372227916000043 ], [ 120.513470121000069, 22.417249038000023 ], [ 120.445407138000064, 22.452416405000065 ], [ 120.410516511000083, 22.472457991000056 ], [ 120.330269265000084, 22.53005508800004 ], [ 120.268324105000033, 22.599942439000074 ], [ 120.244451764000019, 22.660764426000071 ], [ 120.256407362000118, 22.683202942000037 ], [ 120.248298373000011, 22.709822830000064 ], [ 120.164274094, 22.956483594000076 ], [ 120.142987528000049, 22.994583112000043 ], [ 120.133320712000113, 23.00400111600004 ], [ 120.119923203000099, 23.015491497000028 ], [ 120.055133418000082, 23.05388264000004 ], [ 120.059176832000048, 23.102706159000036 ], [ 120.069713286000024, 23.176043465000078 ], [ 120.120001467000066, 23.343518006000068 ], [ 120.124221710000029, 23.616939190000039 ], [ 120.153054190000034, 23.689989299000047 ], [ 120.196687814000029, 23.774909355000034 ], [ 120.288579596000091, 23.909750522000024 ], [ 120.400140536000094, 24.063693245000024 ], [ 120.553182805, 24.346220187000029 ], [ 120.583442399000091, 24.397600621000038 ], [ 120.721485680000114, 24.612833782000052 ], [ 120.781500357000027, 24.659078199000078 ], [ 120.824767210000118, 24.670910320000075 ], [ 120.889732850000087, 24.746084741000061 ], [ 120.923267081000063, 24.853351750000058 ], [ 120.972973281, 24.93480801100003 ], [ 121.029515482000079, 25.020182951000038 ], [ 121.091187220000052, 25.06140732800003 ], [ 121.382232624000039, 25.147814710000034 ], [ 121.443505873000049, 25.247047790000067 ], [ 121.574506684000085, 25.300539093000054 ], [ 121.62931667600003, 25.237593516000061 ], [ 121.682250890000091, 25.193883745000051 ], [ 121.746774525000092, 25.143741152000075 ], [ 121.81675313400001, 25.122457251000071 ], [ 121.91699010800005, 25.130237804000046 ], [ 121.927998527000113, 25.023790065000071 ], [ 121.883555448000038, 24.941367898000067 ], [ 121.814606936000018, 24.847389219000036 ], [ 121.812454250000087, 24.765558747000057 ], [ 121.832978039000068, 24.659670556000037 ], [ 121.848359604000052, 24.623457550000069 ], [ 121.819648489000087, 24.468059555000025 ], [ 121.768208620000109, 24.326493599000059 ], [ 121.736186871000086, 24.264731804000064 ], [ 121.661783223000043, 24.203542858000048 ], [ 121.614616881000074, 24.096100397000043 ], [ 121.617062765000014, 24.047463101000062 ], [ 121.61016835700002, 23.976197705000061 ], [ 121.599516144000063, 23.883049268000036 ], [ 121.459670789000029, 23.319545677000065 ], [ 121.306697304000068, 22.977192248000051 ], [ 121.193624774000114, 22.79859872000003 ], [ 121.171514264000052, 22.763737480000032 ], [ 121.123265459000095, 22.724431324000022 ], [ 121.029619401000105, 22.671727479000026 ], [ 121.012513714000079, 22.64021191300003 ], [ 120.970763973000089, 22.560259569000038 ], [ 120.890943209000056, 22.342052889000058 ], [ 120.880527959, 22.291376473000071 ], [ 120.886020640000083, 22.171481663000066 ], [ 120.891758432000074, 22.040503505000061 ], [ 120.856798802000071, 21.90910251300005 ], [ 120.727705615000104, 21.922257927000032 ] ] } },
{ "type": "Feature", "properties": { "FNODE_": 182, "TNODE_": 182, "LPOLY_": 1, "RPOLY_": 68, "LENGTH": 52538.9, "BOUNT_": 202, "BOUNT_ID": 163, "GEO_CODE": 26010, "BCODE": 0, "BNAME": null, "BountName": "海岸线", "SHAPE_Leng": 0.48852662763600002 }, "geometry": { "type": "LineString", "coordinates": [ [ 113.630488652000054, 22.58206655500004 ], [ 113.610591031000013, 22.59782073100007 ], [ 113.476158297000097, 22.725540575000025 ], [ 113.489166404000116, 22.728328818000023 ], [ 113.53606551200005, 22.747230992000027 ], [ 113.567239909000023, 22.719743267000069 ], [ 113.619304121000027, 22.645110895000073 ], [ 113.649768816, 22.597194488000071 ], [ 113.630488652000054, 22.58206655500004 ] ] } },
{ "type": "Feature", "properties": { "FNODE_": 170, "TNODE_": 181, "LPOLY_": 1, "RPOLY_": 60, "LENGTH": 554715.0, "BOUNT_": 203, "BOUNT_ID": 164, "GEO_CODE": 26010, "BCODE": 0, "BNAME": null, "BountName": "海岸线", "SHAPE_Leng": 5.2120742939899998 }, "geometry": { "type": "LineString", "coordinates": [ [ 117.16391550700007, 23.629092714000024 ], [ 117.080628619000095, 23.557993367000051 ], [ 117.072098561000075, 23.617914725000048 ], [ 116.987104872000032, 23.629519219000031 ], [ 116.884097836000024, 23.552745481000045 ], [ 116.799516899000082, 23.382124531000045 ], [ 116.555979127000114, 23.401770236000061 ], [ 116.619285628000057, 23.311195659000077 ], [ 116.77082069800008, 23.280850671000053 ], [ 116.779709532000084, 23.241614503000051 ], [ 116.647908175000111, 23.166486475000056 ], [ 116.609497547000046, 23.212495127000068 ], [ 116.559244319000072, 23.222246315000064 ], [ 116.533822974000032, 23.112963452000031 ], [ 116.546045438000078, 23.059139833000074 ], [ 116.545259180000016, 23.001213424000071 ], [ 116.502586356000052, 22.941231694000066 ], [ 116.484688159000029, 22.935360690000039 ], [ 116.378933792000112, 22.929094147000058 ], [ 116.078754680000088, 22.86361325300004 ], [ 116.054821185000037, 22.85426418000003 ], [ 115.906486264000023, 22.794237431000056 ], [ 115.816822642000034, 22.739006757000027 ], [ 115.797398223000073, 22.764487752000036 ], [ 115.794972220000091, 22.826222475000066 ], [ 115.693156479000095, 22.902395031000026 ], [ 115.639885936000042, 22.883372871000063 ], [ 115.565336892, 22.829500320000022 ], [ 115.5179495430001, 22.757800135000025 ], [ 115.581488633000049, 22.728761979000069 ], [ 115.566939173000037, 22.660171042000059 ], [ 115.383874749000029, 22.690946092000047 ], [ 115.347756252000067, 22.72146348900003 ], [ 115.306848583000033, 22.781580361000067 ], [ 115.172466660000055, 22.810013825000055 ], [ 115.05454402600003, 22.811590848000037 ], [ 114.953917302000036, 22.72829964500005 ], [ 114.965025937000064, 22.678422320000038 ], [ 114.917676202000052, 22.638255094000044 ], [ 114.865879166000013, 22.602943553000046 ], [ 114.746926269000028, 22.588845263000053 ], [ 114.729515675000016, 22.658898124000075 ], [ 114.739212839000061, 22.719245683000054 ], [ 114.752259779000042, 22.753685178000069 ], [ 114.747758116000114, 22.779008382000029 ], [ 114.689041064000094, 22.782424512000034 ], [ 114.560116394000033, 22.732585161000031 ], [ 114.519290521000016, 22.706849780000027 ], [ 114.494699718000106, 22.650563201000068 ], [ 114.624722732, 22.512439544000074 ], [ 114.518450410000014, 22.451135783000041 ], [ 114.482629612000096, 22.53555018000003 ], [ 114.410728219000021, 22.612619176000067 ], [ 114.266033130000096, 22.589301675000058 ], [ 114.223945417000095, 22.544247343000052 ] ] } },
{ "type": "Feature", "properties": { "FNODE_": 181, "TNODE_": 184, "LPOLY_": 70, "RPOLY_": 60, "LENGTH": 38260.8, "BOUNT_": 204, "BOUNT_ID": 165, "GEO_CODE": 61060, "BCODE": 0, "BNAME": null, "BountName": "特别行", "SHAPE_Leng": 0.36357285324400002 }, "geometry": { "type": "LineString", "coordinates": [ [ 114.223945417000095, 22.544247343000052 ], [ 114.179788337000105, 22.555234745000064 ], [ 114.149407669000084, 22.542032513000038 ], [ 114.103126426000017, 22.534235022000075 ], [ 114.054510445, 22.502608871000064 ], [ 113.998097372000075, 22.509568522000052 ], [ 113.935903873000029, 22.465396590000068 ], [ 113.894887193000045, 22.442677321000076 ] ] } },
{ "type": "Feature", "properties": { "FNODE_": 181, "TNODE_": 184, "LPOLY_": 69, "RPOLY_": 70, "LENGTH": 101085.0, "BOUNT_": 205, "BOUNT_ID": 166, "GEO_CODE": 26010, "BCODE": 0, "BNAME": null, "BountName": "海岸线", "SHAPE_Leng": 0.95035205015199997 }, "geometry": { "type": "LineString", "coordinates": [ [ 114.223945417000095, 22.544247343000052 ], [ 114.188078349000079, 22.465667051000025 ], [ 114.215433563000033, 22.413691226000026 ], [ 114.292029933000094, 22.430105823000076 ], [ 114.382304240000053, 22.446518483000034 ], [ 114.401453249000042, 22.419162346000064 ], [ 114.379568606000021, 22.375392741000041 ], [ 114.259202937000055, 22.312474856000051 ], [ 113.951251299000091, 22.365350146000026 ], [ 113.921205888000031, 22.374939423000058 ], [ 113.904222784000012, 22.409018337000077 ], [ 113.894887193000045, 22.442677321000076 ] ] } },
{ "type": "Feature", "properties": { "FNODE_": 185, "TNODE_": 177, "LPOLY_": 43, "RPOLY_": 1, "LENGTH": 246666.0, "BOUNT_": 206, "BOUNT_ID": 167, "GEO_CODE": 61010, "BCODE": 0, "BNAME": null, "BountName": "国界", "SHAPE_Leng": 2.3092729199500002 }, "geometry": { "type": "LineString", "coordinates": [ [ 103.966364378000037, 22.507375024000055 ], [ 104.027139074000047, 22.619661440000073 ], [ 104.030808987000057, 22.686210179000057 ], [ 104.036081130000071, 22.712345064000033 ], [ 104.041086130000053, 22.725988224000048 ], [ 104.060251615000084, 22.750777019000054 ], [ 104.096919531000083, 22.788942287000054 ], [ 104.102802068000074, 22.79487165300003 ], [ 104.115772268000057, 22.806004051000059 ], [ 104.122066696000047, 22.810466708000035 ], [ 104.240691792000064, 22.842650467000055 ], [ 104.250991666000061, 22.84383172400004 ], [ 104.260910077000062, 22.842802501000051 ], [ 104.265503236000086, 22.839529393000078 ], [ 104.273064049000084, 22.829331377000074 ], [ 104.340013531000068, 22.713020353000047 ], [ 104.594437903000085, 22.847668813000041 ], [ 104.623369153000056, 22.83746749200003 ], [ 104.672168039000042, 22.820024559000046 ], [ 104.678508272000045, 22.820055660000037 ], [ 104.722256283000036, 22.823879833000035 ], [ 104.733578682000086, 22.825097578000054 ], [ 104.847099641000057, 22.980827624000028 ], [ 104.840843477000078, 22.987602001000027 ], [ 104.835243294000065, 22.997132850000071 ], [ 104.818588024000064, 23.03490738000005 ], [ 104.805648359000088, 23.083353833000047 ], [ 104.802779605000069, 23.10134540100006 ], [ 104.802329500000042, 23.112730651000049 ], [ 104.80694539700005, 23.119148430000052 ], [ 104.916285255000048, 23.169753395000043 ], [ 105.136170240000069, 23.258713586000056 ], [ 105.213114737000069, 23.269361399000047 ], [ 105.281109756000035, 23.345265338000047 ], [ 105.293111192000083, 23.358748958000035 ], [ 105.301053567000054, 23.369045159000052 ], [ 105.308263598000053, 23.382081270000072 ], [ 105.381164223000042, 23.309169030000078 ], [ 105.539821372000063, 23.186937275000048 ] ] } },
{ "type": "Feature", "properties": { "FNODE_": 183, "TNODE_": 185, "LPOLY_": 43, "RPOLY_": 1, "LENGTH": 46038.9, "BOUNT_": 207, "BOUNT_ID": 297, "GEO_CODE": 61011, "BCODE": 0, "BNAME": null, "BountName": "国界2", "SHAPE_Leng": 0.428810491435 }, "geometry": { "type": "LineString", "coordinates": [ [ 103.649726177000048, 22.795808910000062 ], [ 103.850048428000036, 22.600065312000027 ], [ 103.966364378000037, 22.507375024000055 ] ] } },
{ "type": "Feature", "properties": { "FNODE_": 186, "TNODE_": 186, "LPOLY_": 69, "RPOLY_": 72, "LENGTH": 40621.1, "BOUNT_": 208, "BOUNT_ID": 168, "GEO_CODE": 26010, "BCODE": 0, "BNAME": null, "BountName": "海岸线", "SHAPE_Leng": 0.38062764151900003 }, "geometry": { "type": "LineString", "coordinates": [ [ 114.223420587000078, 22.195781027000066 ], [ 114.199517511000067, 22.210047680000059 ], [ 114.13192471800005, 22.251866243000052 ], [ 114.113293474000102, 22.279461115000061 ], [ 114.115810913000018, 22.283296408000069 ], [ 114.137372320000054, 22.292581903000041 ], [ 114.19035473100007, 22.285031072000038 ], [ 114.252174559000082, 22.265655253000034 ], [ 114.257545577000087, 22.208779696000079 ], [ 114.223420587000078, 22.195781027000066 ] ] } },
{ "type": "Feature", "properties": { "FNODE_": 187, "TNODE_": 187, "LPOLY_": 69, "RPOLY_": 71, "LENGTH": 52681.2, "BOUNT_": 209, "BOUNT_ID": 169, "GEO_CODE": 26010, "BCODE": 0, "BNAME": null, "BountName": "海岸线", "SHAPE_Leng": 0.49246580154300001 }, "geometry": { "type": "LineString", "coordinates": [ [ 113.850097324000103, 22.197377497000048 ], [ 113.840217416000087, 22.220259043000055 ], [ 113.899054751000108, 22.312980653000068 ], [ 113.932244642000114, 22.320659016000036 ], [ 114.003974782000114, 22.326721938000048 ], [ 114.02918016600006, 22.296857373000023 ], [ 113.985596888000032, 22.242265928000052 ], [ 113.850097324000103, 22.197377497000048 ] ] } },
{ "type": "Feature", "properties": { "FNODE_": 184, "TNODE_": 181, "LPOLY_": 69, "RPOLY_": 1, "LENGTH": 175080.0, "BOUNT_": 210, "BOUNT_ID": 171, "GEO_CODE": 61060, "BCODE": 0, "BNAME": null, "BountName": "特别行", "SHAPE_Leng": 1.6308361466600001 }, "geometry": { "type": "LineString", "coordinates": [ [ 113.894887193000045, 22.442677321000076 ], [ 113.869569046000038, 22.428639248000025 ], [ 113.869568982000033, 22.333136377000073 ], [ 113.839461948, 22.26753476600004 ], [ 113.825271034000025, 22.235350399000026 ], [ 113.817565131000038, 22.216932805000056 ], [ 113.832862304000059, 22.183733248000067 ], [ 113.897065439000016, 22.142331069000022 ], [ 113.922868145000052, 22.136530055000037 ], [ 113.940065195000102, 22.148330647000023 ], [ 114.000468682000019, 22.148331124000038 ], [ 114.236474876000102, 22.148331530000064 ], [ 114.255678200000034, 22.138428425000029 ], [ 114.284472590000064, 22.148330557000065 ], [ 114.50288475800005, 22.148330705000035 ], [ 114.502885379000077, 22.364936668000041 ], [ 114.455383673000028, 22.468538016000025 ], [ 114.455582476000018, 22.544840502000056 ], [ 114.43447922200005, 22.561840763000077 ], [ 114.333478553000077, 22.568141008000055 ], [ 114.30957524400003, 22.566541405000066 ], [ 114.276478385000019, 22.565341114000034 ], [ 114.24917963200005, 22.55554154500004 ], [ 114.23757488800004, 22.550540400000045 ], [ 114.234072676000096, 22.543540553000071 ], [ 114.226779073000102, 22.543539951000071 ], [ 114.223945417000095, 22.544247343000052 ] ] } },
{ "type": "Feature", "properties": { "FNODE_": 188, "TNODE_": 188, "LPOLY_": 74, "RPOLY_": 1, "LENGTH": 19646.4, "BOUNT_": 211, "BOUNT_ID": 172, "GEO_CODE": 26010, "BCODE": 0, "BNAME": null, "BountName": "海岸线", "SHAPE_Leng": 0.18589346860100001 }, "geometry": { "type": "LineString", "coordinates": [ [ 114.251886571000114, 22.030414474000054 ], [ 114.303042706000042, 22.042685981000034 ], [ 114.323909894000053, 22.063426876000051 ], [ 114.309459293000032, 22.065976301000035 ], [ 114.301013555000054, 22.062366292000036 ], [ 114.239777949000086, 22.035365200000058 ], [ 114.251886571000114, 22.030414474000054 ] ] } },
{ "type": "Feature", "properties": { "FNODE_": 189, "TNODE_": 189, "LPOLY_": 1, "RPOLY_": 73, "LENGTH": 29127.1, "BOUNT_": 212, "BOUNT_ID": 173, "GEO_CODE": 26010, "BCODE": 0, "BNAME": null, "BountName": "海岸线", "SHAPE_Leng": 0.271834312997 }, "geometry": { "type": "LineString", "coordinates": [ [ 113.503878943000018, 22.071573930000056 ], [ 113.481608010000059, 22.084986151000066 ], [ 113.468301636000092, 22.095236556000032 ], [ 113.453732562000027, 22.128193454000041 ], [ 113.52846867300002, 22.140865252000026 ], [ 113.555355422000048, 22.083303454000031 ], [ 113.551960092000058, 22.079775581000035 ], [ 113.503878943000018, 22.071573930000056 ] ] } },
{ "type": "Feature", "properties": { "FNODE_": 190, "TNODE_": 190, "LPOLY_": 1, "RPOLY_": 75, "LENGTH": 33197.0, "BOUNT_": 213, "BOUNT_ID": 175, "GEO_CODE": 26010, "BCODE": 0, "BNAME": null, "BountName": "海岸线", "SHAPE_Leng": 0.30531773782799998 }, "geometry": { "type": "LineString", "coordinates": [ [ 113.371573564000073, 22.000668627000039 ], [ 113.346132322000017, 22.011404628000037 ], [ 113.323831012000028, 22.039058320000038 ], [ 113.36808204600004, 22.095890370000063 ], [ 113.394029778000117, 22.110042078000049 ], [ 113.403038514000059, 22.095527473000061 ], [ 113.414887351000061, 22.070764598000039 ], [ 113.403465279000102, 22.008611917000053 ], [ 113.371573564000073, 22.000668627000039 ] ] } },
{ "type": "Feature", "properties": { "FNODE_": 191, "TNODE_": 191, "LPOLY_": 1, "RPOLY_": 76, "LENGTH": 12633.6, "BOUNT_": 214, "BOUNT_ID": 176, "GEO_CODE": 26010, "BCODE": 0, "BNAME": null, "BountName": "海岸线", "SHAPE_Leng": 0.116580398522 }, "geometry": { "type": "LineString", "coordinates": [ [ 113.761189426000101, 21.962687606000031 ], [ 113.745601803000113, 21.974503281000068 ], [ 113.737674957000081, 21.990515069000026 ], [ 113.742481353000016, 21.99669325800005 ], [ 113.767933815000106, 22.001126297000042 ], [ 113.774800714000094, 21.996184411000058 ], [ 113.771161010000014, 21.976635432000023 ], [ 113.761189426000101, 21.962687606000031 ] ] } },
{ "type": "Feature", "properties": { "FNODE_": 192, "TNODE_": 192, "LPOLY_": 1, "RPOLY_": 77, "LENGTH": 24207.0, "BOUNT_": 215, "BOUNT_ID": 177, "GEO_CODE": 26010, "BCODE": 0, "BNAME": null, "BountName": "海岸线", "SHAPE_Leng": 0.223889110123 }, "geometry": { "type": "LineString", "coordinates": [ [ 113.265990494000107, 21.880005408000045 ], [ 113.233000509000021, 21.894443874000046 ], [ 113.217245315000014, 21.91286907600005 ], [ 113.243399504000081, 21.947863600000062 ], [ 113.27298754900005, 21.951944247000029 ], [ 113.294899282000074, 21.920137898000064 ], [ 113.288543894000099, 21.899335152000049 ], [ 113.265990494000107, 21.880005408000045 ] ] } },
{ "type": "Feature", "properties": { "FNODE_": 193, "TNODE_": 193, "LPOLY_": 1, "RPOLY_": 78, "LENGTH": 21014.8, "BOUNT_": 216, "BOUNT_ID": 178, "GEO_CODE": 26010, "BCODE": 0, "BNAME": null, "BountName": "海岸线", "SHAPE_Leng": 0.19559584344600001 }, "geometry": { "type": "LineString", "coordinates": [ [ 113.144306311000037, 21.838575355000046 ], [ 113.135967200000096, 21.839430482000068 ], [ 113.131862432000048, 21.854538876000049 ], [ 113.133823556000038, 21.87647114400005 ], [ 113.200337975000025, 21.874904080000078 ], [ 113.191937643000074, 21.848003395000035 ], [ 113.166225897000118, 21.855884721000052 ], [ 113.144306311000037, 21.838575355000046 ] ] } },
{ "type": "Feature", "properties": { "FNODE_": 180, "TNODE_": 194, "LPOLY_": 1, "RPOLY_": 1, "LENGTH": 124870.0, "BOUNT_": 217, "BOUNT_ID": 179, "GEO_CODE": 61010, "BCODE": 0, "BNAME": null, "BountName": "国界", "SHAPE_Leng": 1.1414024354900001 }, "geometry": { "type": "LineString", "coordinates": [ [ 121.912348772000087, 21.697307546000047 ], [ 121.174664156000063, 20.826319069000078 ] ] } },
{ "type": "Feature", "properties": { "FNODE_": 195, "TNODE_": 195, "LPOLY_": 80, "RPOLY_": 1, "LENGTH": 45241.5, "BOUNT_": 218, "BOUNT_ID": 180, "GEO_CODE": 26010, "BCODE": 0, "BNAME": null, "BountName": "海岸线", "SHAPE_Leng": 0.41805071456800003 }, "geometry": { "type": "LineString", "coordinates": [ [ 112.526957449000065, 21.588527250000027 ], [ 112.558650847000081, 21.592180090000056 ], [ 112.612485559000106, 21.609984231000055 ], [ 112.63805199, 21.633164468000075 ], [ 112.665877790000081, 21.702044090000072 ], [ 112.656355974, 21.716575823000028 ], [ 112.639410533000046, 21.716608913000073 ], [ 112.584378211000057, 21.690833730000065 ], [ 112.5555689360001, 21.666870067000048 ], [ 112.53634197100007, 21.637435839000034 ], [ 112.521647718000054, 21.605275376000066 ], [ 112.526957449000065, 21.588527250000027 ] ] } },
{ "type": "Feature", "properties": { "FNODE_": 196, "TNODE_": 196, "LPOLY_": 1, "RPOLY_": 79, "LENGTH": 56547.0, "BOUNT_": 219, "BOUNT_ID": 181, "GEO_CODE": 26010, "BCODE": 0, "BNAME": null, "BountName": "海岸线", "SHAPE_Leng": 0.51459531728999997 }, "geometry": { "type": "LineString", "coordinates": [ [ 112.772439477000034, 21.56678639200004 ], [ 112.749917024000069, 21.587765096000055 ], [ 112.729958097, 21.615508353000052 ], [ 112.716233037000052, 21.711103752000042 ], [ 112.780367028000114, 21.773587497000051 ], [ 112.803606661000117, 21.770235978000073 ], [ 112.832957789000034, 21.742745035000041 ], [ 112.811556567000025, 21.589781449000043 ], [ 112.772439477000034, 21.56678639200004 ] ] } },
{ "type": "Feature", "properties": { "FNODE_": 177, "TNODE_": 197, "LPOLY_": 57, "RPOLY_": 1, "LENGTH": 428454.0, "BOUNT_": 220, "BOUNT_ID": 182, "GEO_CODE": 61010, "BCODE": 0, "BNAME": null, "BountName": "国界", "SHAPE_Leng": 4.0157425192699998 }, "geometry": { "type": "LineString", "coordinates": [ [ 105.539821372000063, 23.186937275000048 ], [ 105.565151497000045, 23.111985379000032 ], [ 105.634626514000047, 23.074469812000075 ], [ 105.892758260000051, 22.939214486000026 ], [ 105.990806172000077, 22.946113828000023 ], [ 105.999107173000084, 22.947745866000048 ], [ 106.003478932000064, 22.949199948000057 ], [ 106.006690997000078, 22.952353729000038 ], [ 106.009056176000058, 22.955062845000043 ], [ 106.016762139000036, 22.993113181000069 ], [ 106.103205408000065, 22.983405122000079 ], [ 106.254912058000059, 22.892760388000056 ], [ 106.651299872000038, 22.867689693000045 ], [ 106.66123361800004, 22.869825865000053 ], [ 106.665628215000083, 22.873835689000032 ], [ 106.666871886000081, 22.880072220000045 ], [ 106.667543266000052, 22.891881442000056 ], [ 106.719958520000034, 22.860253108000052 ], [ 106.821287040000072, 22.81684376000004 ], [ 106.780666928000073, 22.74997391200003 ], [ 106.775509365000062, 22.746247890000063 ], [ 106.76381312400008, 22.723187777000078 ], [ 106.719500270000083, 22.614013643000078 ], [ 106.721064273000081, 22.611797447000072 ], [ 106.728922814000043, 22.604389849000029 ], [ 106.730860647000043, 22.600330979000034 ], [ 106.728129224000043, 22.591691990000072 ], [ 106.723200533000067, 22.584218949000046 ], [ 106.71724944500005, 22.581690495000032 ], [ 106.710512551000079, 22.579404337000028 ], [ 106.672288275000085, 22.577610152000034 ], [ 106.661812865000059, 22.578050474000065 ], [ 106.653511864000052, 22.578844109000045 ], [ 106.600310703000048, 22.592035735000024 ], [ 106.597182498000052, 22.553823905000058 ], [ 106.575632387000041, 22.473274491000041 ], [ 106.689171896000062, 22.272894723000036 ], [ 106.675682661000053, 22.208607963000077 ], [ 106.675011239000071, 22.18839919100003 ], [ 106.67495785300008, 22.181784351000033 ], [ 106.699051758000053, 22.019898398000066 ], [ 106.722962777000077, 21.981863177000037 ], [ 106.796702842000059, 21.987545212000043 ], [ 106.886869278000063, 21.979458515000033 ], [ 106.913969621000035, 21.973591737000049 ], [ 106.929640740000082, 21.941234350000059 ], [ 106.932349196000075, 21.936431973000026 ], [ 107.069017789000043, 21.808745841000075 ], [ 107.19099960300008, 21.739168977000077 ], [ 107.35968957700004, 21.657577652000043 ], [ 107.427318246000084, 21.64410874500004 ], [ 107.482953290000069, 21.651860528000043 ], [ 107.485326177000047, 21.643971358000044 ], [ 107.601448331000086, 21.592876260000025 ], [ 107.686960763000059, 21.608014108000077 ], [ 107.881439054000055, 21.632202543000062 ], [ 108.000315577000038, 21.544274287000064 ], [ 108.002810416000045, 21.545142862000034 ], [ 108.054930111000033, 21.523850541000058 ] ] } },
{ "type": "Feature", "properties": { "FNODE_": 161, "TNODE_": 198, "LPOLY_": 60, "RPOLY_": 57, "LENGTH": 543336.0, "BOUNT_": 221, "BOUNT_ID": 183, "GEO_CODE": 61030, "BCODE": 4445, "BNAME": "粤桂线", "BountName": "省区直", "SHAPE_Leng": 5.0262001752399996 }, "geometry": { "type": "LineString", "coordinates": [ [ 112.016540629000019, 24.742943536000041 ], [ 111.963049640000065, 24.728575979000027 ], [ 111.93958826800008, 24.69421582700005 ], [ 111.927403595000044, 24.641869985000028 ], [ 111.934705619000056, 24.59734929900003 ], [ 111.98737208700004, 24.556554832000074 ], [ 112.054985222000028, 24.387355017000061 ], [ 112.049064081000097, 24.337899550000031 ], [ 112.016844006000042, 24.29907952800005 ], [ 111.90921327500007, 24.223902200000055 ], [ 111.935481616000061, 23.98594141500007 ], [ 111.905855304000056, 23.951591111000027 ], [ 111.807998619000045, 23.885699831000068 ], [ 111.703663707000089, 23.839782486000047 ], [ 111.636041822000038, 23.697030548000043 ], [ 111.609544158000062, 23.641469459000064 ], [ 111.46239950000006, 23.518093627000042 ], [ 111.425365420000048, 23.475907649000078 ], [ 111.393305636000036, 23.469848624000065 ], [ 111.355859539000051, 23.329922542000077 ], [ 111.345177981000063, 23.267517233000035 ], [ 111.371186589000047, 23.089618219000045 ], [ 111.394067628000073, 23.06929468900006 ], [ 111.393914640000048, 23.015394967000077 ], [ 111.369621854000059, 22.932781419000037 ], [ 111.346252117000063, 22.884976615000028 ], [ 111.285505603000047, 22.821972560000063 ], [ 111.211643352000067, 22.751216988000067 ], [ 111.050078705000033, 22.650469095000062 ], [ 110.877222522000068, 22.585675069000047 ], [ 110.840142917000037, 22.587986328000056 ], [ 110.824128333000033, 22.592897175000076 ], [ 110.770370329000059, 22.589168285000028 ], [ 110.755370484000082, 22.585603081000045 ], [ 110.705006978000085, 22.446971113000075 ], [ 110.703916007000089, 22.379325698000059 ], [ 110.714299685000071, 22.295848454000065 ], [ 110.673953973000039, 22.175896746000035 ], [ 110.624575149000066, 22.15178323400005 ], [ 110.503531946000066, 22.145709561000047 ], [ 110.479819109000061, 22.16126126100005 ], [ 110.441289673000085, 22.194829630000072 ], [ 110.424718142000074, 22.210128017000045 ], [ 110.407376280000051, 22.209705774000042 ], [ 110.346919384000046, 22.196859260000053 ], [ 110.32055904300006, 22.166896983000072 ], [ 110.351275086000044, 21.97671249900003 ], [ 110.384349501000088, 21.956191864000061 ], [ 110.390384419000043, 21.915818131000037 ], [ 110.388309143000072, 21.902488925000057 ], [ 110.367487834000087, 21.890237508000041 ], [ 110.349504871000079, 21.889303939000058 ], [ 110.200621088000048, 21.897214513000051 ], [ 110.123219121000034, 21.904902288000073 ], [ 109.985298901000078, 21.88207933800004 ], [ 109.955436832000089, 21.85886204600007 ], [ 109.940558778000081, 21.833593697000026 ], [ 109.801959210000064, 21.631468150000046 ], [ 109.745080575000088, 21.583219167000038 ], [ 109.77623419300005, 21.458488201000023 ] ] } },
{ "type": "Feature", "properties": { "FNODE_": 199, "TNODE_": 199, "LPOLY_": 81, "RPOLY_": 1, "LENGTH": 39138.3, "BOUNT_": 222, "BOUNT_ID": 184, "GEO_CODE": 26200, "BCODE": 0, "BNAME": null, "BountName": "南海诸", "SHAPE_Leng": 0.36050550555299998 }, "geometry": { "type": "LineString", "coordinates": [ [ 116.036030971000059, 21.023006662000057 ], [ 116.050839445000065, 21.029820948000065 ], [ 116.062940273000095, 21.042718054000034 ], [ 116.061306928000022, 21.066971324000065 ], [ 116.053205575000106, 21.089544604000025 ], [ 116.039555676000077, 21.112154228000065 ], [ 116.020306145000063, 21.126150565000046 ], [ 115.996340858000053, 21.128925153000068 ], [ 115.986178861000099, 21.127269561000048 ], [ 115.961253916000032, 21.125720131000037 ], [ 115.946382640000024, 21.11284222300003 ], [ 115.939821159000076, 21.099904965000064 ], [ 115.94062220100011, 21.085181417000058 ], [ 115.949701671000071, 21.066934008000032 ], [ 115.966188847000012, 21.052963405000071 ], [ 115.985430850000057, 21.038104846000067 ], [ 116.012996939000118, 21.025778880000075 ], [ 116.036030971000059, 21.023006662000057 ] ] } },
{ "type": "Feature", "properties": { "FNODE_": 198, "TNODE_": 197, "LPOLY_": 1, "RPOLY_": 57, "LENGTH": 367988.0, "BOUNT_": 223, "BOUNT_ID": 185, "GEO_CODE": 26010, "BCODE": 0, "BNAME": null, "BountName": "海岸线", "SHAPE_Leng": 3.40666853897 }, "geometry": { "type": "LineString", "coordinates": [ [ 109.77623419300005, 21.458488201000023 ], [ 109.735161858000083, 21.463959858000067 ], [ 109.639208061000033, 21.544010675000038 ], [ 109.551441971000088, 21.692085271000053 ], [ 109.557942435000086, 21.706423929000039 ], [ 109.518657531000088, 21.720783287000074 ], [ 109.494334366000032, 21.702209592000031 ], [ 109.467668777000085, 21.670434130000046 ], [ 109.461839759000043, 21.660356426000078 ], [ 109.508117816000038, 21.580647041000077 ], [ 109.50943772800008, 21.578447250000067 ], [ 109.528332395000064, 21.546703661000038 ], [ 109.517642404000071, 21.48790983400005 ], [ 109.485971879000033, 21.470698733000063 ], [ 109.427948700000059, 21.452192640000078 ], [ 109.163438512000084, 21.400252024000054 ], [ 109.045668245000059, 21.431071862000067 ], [ 109.04136500900006, 21.448379917000068 ], [ 109.077644077000059, 21.479674836000072 ], [ 109.110832687000084, 21.480231374000027 ], [ 109.161241501000063, 21.516539975000057 ], [ 109.152528445000087, 21.595570431000056 ], [ 109.048415377000083, 21.623084401000028 ], [ 108.908473546000039, 21.63477272800003 ], [ 108.833947357000056, 21.613140446000045 ], [ 108.740683429000057, 21.597623148000025 ], [ 108.639553413000044, 21.733560351000051 ], [ 108.62211241600005, 21.833290838000039 ], [ 108.633083818000046, 21.882288019000043 ], [ 108.578860510000084, 21.938452476000066 ], [ 108.570254473000034, 21.939266279000037 ], [ 108.471596137000063, 21.922522740000034 ], [ 108.454604982000035, 21.893585763000033 ], [ 108.44715837800004, 21.860378374000049 ], [ 108.503731558000084, 21.752078719000053 ], [ 108.552263234000065, 21.653065404000074 ], [ 108.538781500000084, 21.62775905500007 ], [ 108.524346282000067, 21.603156799000033 ], [ 108.505081681000036, 21.583444755000073 ], [ 108.472579416000087, 21.551970385000061 ], [ 108.230398330000071, 21.501292286000023 ], [ 108.241158996000081, 21.667002414000024 ], [ 108.199097075000054, 21.640118299000051 ], [ 108.054930111000033, 21.523850541000058 ] ] } },
{ "type": "Feature", "properties": { "FNODE_": 200, "TNODE_": 200, "LPOLY_": 1, "RPOLY_": 82, "LENGTH": 26064.7, "BOUNT_": 224, "BOUNT_ID": 186, "GEO_CODE": 26200, "BCODE": 0, "BNAME": null, "BountName": "南海诸", "SHAPE_Leng": 0.2384954778 }, "geometry": { "type": "LineString", "coordinates": [ [ 115.966029011000046, 20.922203846000059 ], [ 115.949510156000088, 20.930987178000066 ], [ 115.935822810000104, 20.948405887000035 ], [ 115.927674657000011, 20.96664955500006 ], [ 115.923203750000084, 20.984000341000069 ], [ 115.927903875000084, 20.995225899000047 ], [ 115.939942953000013, 21.001199120000024 ], [ 115.950090227000032, 21.001992622000046 ], [ 115.960154175000071, 20.992396341000074 ], [ 115.983012704000089, 20.968849305000049 ], [ 115.996691312000053, 20.950560181000071 ], [ 115.997485090000055, 20.935831723000035 ], [ 115.994632502000059, 20.925460117000057 ], [ 115.982630975, 20.922950499000024 ], [ 115.966029011000046, 20.922203846000059 ] ] } },
{ "type": "Feature", "properties": { "FNODE_": 201, "TNODE_": 201, "LPOLY_": 83, "RPOLY_": 1, "LENGTH": 28924.8, "BOUNT_": 225, "BOUNT_ID": 187, "GEO_CODE": 26100, "BCODE": 0, "BNAME": null, "BountName": "珊瑚礁", "SHAPE_Leng": 0.27028260047199998 }, "geometry": { "type": "LineString", "coordinates": [ [ 116.758711357000038, 20.757579855000074 ], [ 116.773633568000037, 20.756489058000057 ], [ 116.803595709000092, 20.76274035800003 ], [ 116.842461157000116, 20.764205878000041 ], [ 116.860420332000103, 20.766826568000056 ], [ 116.86951555600001, 20.777038533000052 ], [ 116.871644025000023, 20.788260062000063 ], [ 116.863724133, 20.793027737000045 ], [ 116.851784508000037, 20.79409034400004 ], [ 116.837784141000043, 20.789553584000032 ], [ 116.822852683000065, 20.790647162000027 ], [ 116.807921806000081, 20.791738483000074 ], [ 116.776991932000101, 20.78831165500003 ], [ 116.761977051000031, 20.781907816000057 ], [ 116.754919364000102, 20.774483012000076 ], [ 116.752828985000065, 20.766072404000056 ], [ 116.758711357000038, 20.757579855000074 ] ] } },
{ "type": "Feature", "properties": { "FNODE_": 202, "TNODE_": 202, "LPOLY_": 85, "RPOLY_": 1, "LENGTH": 2994.07, "BOUNT_": 226, "BOUNT_ID": 188, "GEO_CODE": 26100, "BCODE": 0, "BNAME": null, "BountName": "珊瑚礁", "SHAPE_Leng": 0.0274782976558 }, "geometry": { "type": "LineString", "coordinates": [ [ 116.800300034000088, 20.718837321000024 ], [ 116.805342339000049, 20.723512615000061 ], [ 116.803840114000081, 20.725782916000071 ], [ 116.800374936000026, 20.727795927000045 ], [ 116.796744768000053, 20.726130633000025 ], [ 116.795805806000089, 20.724277577000066 ], [ 116.795843283000067, 20.721980160000044 ], [ 116.798056610000117, 20.720869039000036 ], [ 116.800300034000088, 20.718837321000024 ] ] } },
{ "type": "Feature", "properties": { "FNODE_": 203, "TNODE_": 203, "LPOLY_": 86, "RPOLY_": 1, "LENGTH": 4478.15, "BOUNT_": 227, "BOUNT_ID": 189, "GEO_CODE": 26100, "BCODE": 0, "BNAME": null, "BountName": "珊瑚礁", "SHAPE_Leng": 0.041291691013899998 }, "geometry": { "type": "LineString", "coordinates": [ [ 116.712261766000097, 20.721723463000046 ], [ 116.723668284000041, 20.726317532000053 ], [ 116.721654273000013, 20.729959638000025 ], [ 116.718174601000101, 20.733119248000037 ], [ 116.713780623000048, 20.73304465700005 ], [ 116.710628510000106, 20.731614379000064 ], [ 116.708028065, 20.726747723000074 ], [ 116.709301916000072, 20.724012972000025 ], [ 116.712261766000097, 20.721723463000046 ] ] } },
{ "type": "Feature", "properties": { "FNODE_": 204, "TNODE_": 204, "LPOLY_": 87, "RPOLY_": 1, "LENGTH": 3483.57, "BOUNT_": 228, "BOUNT_ID": 190, "GEO_CODE": 26100, "BCODE": 0, "BNAME": null, "BountName": "珊瑚礁", "SHAPE_Leng": 0.031991894883 }, "geometry": { "type": "LineString", "coordinates": [ [ 116.774969462000058, 20.713607643000046 ], [ 116.779272307000042, 20.719416699000078 ], [ 116.776533409000081, 20.722129448000032 ], [ 116.77311447000011, 20.722533448000036 ], [ 116.770643352000093, 20.723412686000074 ], [ 116.767805287000101, 20.718772639000065 ], [ 116.769071600000075, 20.716037835000066 ], [ 116.770796, 20.715145896000024 ], [ 116.774969462000058, 20.713607643000046 ] ] } },
{ "type": "Feature", "properties": { "FNODE_": 205, "TNODE_": 205, "LPOLY_": 88, "RPOLY_": 1, "LENGTH": 2917.57, "BOUNT_": 229, "BOUNT_ID": 191, "GEO_CODE": 26100, "BCODE": 0, "BNAME": null, "BountName": "珊瑚礁", "SHAPE_Leng": 0.026631570535900002 }, "geometry": { "type": "LineString", "coordinates": [ [ 116.802260480000086, 20.704401140000073 ], [ 116.806640296000069, 20.705848400000036 ], [ 116.807586261000097, 20.707472482000071 ], [ 116.807067258000075, 20.709529971000052 ], [ 116.802344326000025, 20.713816050000048 ], [ 116.800170061000017, 20.711715975000061 ], [ 116.79924629900006, 20.709862366000038 ], [ 116.799536477000061, 20.707341762000055 ], [ 116.802260480000086, 20.704401140000073 ] ] } },
{ "type": "Feature", "properties": { "FNODE_": 167, "TNODE_": 183, "LPOLY_": 43, "RPOLY_": 1, "LENGTH": 1165990.0, "BOUNT_": 230, "BOUNT_ID": 284, "GEO_CODE": 61010, "BCODE": 0, "BNAME": null, "BountName": "国界", "SHAPE_Leng": 10.825167161 }, "geometry": { "type": "LineString", "coordinates": [ [ 98.878088622000064, 24.148996576000059 ], [ 98.891980310000065, 24.125329281000063 ], [ 98.757455228000083, 23.999908768000068 ], [ 98.682845053000051, 23.954126122000048 ], [ 98.70116388100007, 23.83702149800007 ], [ 98.714744456000062, 23.791159358000073 ], [ 98.76658007900005, 23.780360562000055 ], [ 98.835773037000081, 23.686420142000031 ], [ 98.881657113000074, 23.622737266000058 ], [ 98.885357723000084, 23.616367006000075 ], [ 98.936574939000081, 23.312858122000023 ], [ 98.914250620000075, 23.252053161000049 ], [ 98.884388276000038, 23.193135367000025 ], [ 98.887455205000037, 23.179194281000036 ], [ 99.089410477000058, 23.095005080000078 ], [ 99.105700037000076, 23.089093569000056 ], [ 99.272101156000076, 23.100480258000061 ], [ 99.274145978000035, 23.101854497000033 ], [ 99.325515960000075, 23.128220080000062 ], [ 99.356675166000059, 23.12119259800005 ], [ 99.513112467000042, 23.075896743000044 ], [ 99.561179354000046, 22.933424334000051 ], [ 99.439845705000039, 22.934843312000055 ], [ 99.340118853000035, 22.709178009000027 ], [ 99.36116893600007, 22.519644629000027 ], [ 99.379556256000058, 22.494021272000055 ], [ 99.307716025000047, 22.428656002000025 ], [ 99.279509338000082, 22.347475319000068 ], [ 99.228475034000041, 22.240406318000055 ], [ 99.174205598000071, 22.184695994000037 ], [ 99.155932760000042, 22.165039296000032 ], [ 99.232114009000043, 22.118495661000054 ], [ 99.280500935000077, 22.111785454000028 ], [ 99.307425914000078, 22.10451981500006 ], [ 99.353760524000052, 22.098217610000063 ], [ 99.720545021000078, 22.063288885000077 ], [ 99.865950158000032, 22.054198950000057 ], [ 99.941223895000064, 22.058614091000038 ], [ 99.971749559000045, 22.05572776300005 ], [ 99.965722490000076, 22.01586879000007 ], [ 99.945808766000084, 21.849260522000066 ], [ 99.945480862000068, 21.82371213700003 ], [ 99.945366368000066, 21.814694541000051 ], [ 99.949272764000057, 21.804876579000052 ], [ 99.975823870000056, 21.73841853600004 ], [ 99.98526184900004, 21.720265721000032 ], [ 100.13612941100007, 21.70258429200004 ], [ 100.168249518000039, 21.66531573900005 ], [ 100.124982256000067, 21.511063264000029 ], [ 100.168921080000075, 21.487934755000026 ], [ 100.557198793000055, 21.453174635000039 ], [ 100.56787236200006, 21.452514914000062 ], [ 100.57812670900006, 21.454493295000077 ], [ 100.66205946000008, 21.485516523000058 ], [ 100.72233355700007, 21.516523255000038 ], [ 100.729604649000066, 21.521170979000033 ], [ 100.819885554000052, 21.63048257500003 ], [ 100.883379292000086, 21.687534663000065 ], [ 101.089034846000061, 21.771707093000032 ], [ 101.094726741000045, 21.773853325000061 ], [ 101.114830434000055, 21.771213536000062 ], [ 101.207629164000082, 21.559737501000029 ], [ 101.210970882000083, 21.543164494000052 ], [ 101.213351250000073, 21.507266178000066 ], [ 101.193773655000086, 21.427507071000036 ], [ 101.188478446000033, 21.420804840000073 ], [ 101.184618129000057, 21.418041864000031 ], [ 101.170953413000063, 21.41631303500003 ], [ 101.160401621000062, 21.416620758000022 ], [ 101.150071340000068, 21.417229586000076 ], [ 101.145623383000043, 21.415441391000059 ], [ 101.141518355000073, 21.411438403000034 ], [ 101.149766068000076, 21.392093725000052 ], [ 101.221255199000041, 21.232413259000054 ], [ 101.224337442000035, 21.228557154000043 ], [ 101.286076073000061, 21.182395517000032 ], [ 101.288945046000038, 21.180650197000034 ], [ 101.600438318000045, 21.235765140000069 ], [ 101.710342541000045, 21.146354001000077 ], [ 101.754838188000065, 21.145726082000067 ], [ 101.834277628000052, 21.210578721000047 ], [ 101.833362310000041, 21.249403426000072 ], [ 101.744416342000079, 21.299724131000062 ], [ 101.73322390900006, 21.326547442000049 ], [ 101.778666001000033, 21.64334264300004 ], [ 101.76176673100008, 21.802380544000073 ], [ 101.737413048000064, 21.854186907000042 ], [ 101.698021465000068, 21.912671381000052 ], [ 101.653205418000084, 21.949310830000059 ], [ 101.617216760000076, 21.966113935000067 ], [ 101.572835337000072, 22.118000642000027 ], [ 101.557530665000058, 22.22425514300005 ], [ 101.647453024000072, 22.414689815000031 ], [ 101.673149544000069, 22.463698487000045 ], [ 101.695328897000081, 22.477485648000027 ], [ 101.763247700000079, 22.509179403000076 ], [ 101.773059232000037, 22.509040416000062 ], [ 101.780894954000075, 22.504224661000023 ], [ 101.822979625000073, 22.45975654700004 ], [ 101.91010205300006, 22.399980797000069 ], [ 102.222457575000078, 22.431371908000074 ], [ 102.255028410000079, 22.460192156000062 ], [ 102.279748249000079, 22.485722450000026 ], [ 102.413983538000082, 22.648271727000065 ], [ 102.407627872000035, 22.655144133000078 ], [ 102.389683226000045, 22.676568100000054 ], [ 102.388912775000051, 22.681927797000071 ], [ 102.389767354000071, 22.686378572000024 ], [ 102.457777626000052, 22.761714065000035 ], [ 102.465124797000044, 22.769109975000049 ], [ 102.467955294000035, 22.770936040000038 ], [ 102.488768941000046, 22.781964304000041 ], [ 102.50054902800008, 22.783065371000077 ], [ 102.508895751000068, 22.780556557000068 ], [ 102.512573312000086, 22.779106050000053 ], [ 102.696629432000066, 22.705045296000037 ], [ 102.816055678000055, 22.626151761000074 ], [ 102.883966489000045, 22.571205294000038 ], [ 102.894632730000069, 22.545054010000058 ], [ 102.925799427000072, 22.494382193000035 ], [ 102.935130291000064, 22.488612945000057 ], [ 103.027791724000053, 22.448926048000033 ], [ 103.040807672000085, 22.448609963000024 ], [ 103.050153992000048, 22.449539327000025 ], [ 103.079558607000081, 22.454426022000064 ], [ 103.28044600700008, 22.682645984000033 ], [ 103.430512676000035, 22.722990977000052 ], [ 103.576069934000088, 22.72811662600003 ], [ 103.649726177000048, 22.795808910000062 ] ] } },
{ "type": "Feature", "properties": { "FNODE_": 206, "TNODE_": 206, "LPOLY_": 84, "RPOLY_": 1, "LENGTH": 71964.3, "BOUNT_": 231, "BOUNT_ID": 192, "GEO_CODE": 26100, "BCODE": 0, "BNAME": null, "BountName": "珊瑚礁", "SHAPE_Leng": 0.65770746471300001 }, "geometry": { "type": "LineString", "coordinates": [ [ 116.791335201000038, 20.56605644800004 ], [ 116.803289708000079, 20.566871895000077 ], [ 116.824186863000023, 20.566651028000024 ], [ 116.840155766000066, 20.570234262000042 ], [ 116.85614780800006, 20.575689379000039 ], [ 116.87120862900008, 20.586777544000029 ], [ 116.882264495000072, 20.595097516000067 ], [ 116.894325951000042, 20.605277990000047 ], [ 116.899384294000015, 20.611784897000064 ], [ 116.909509381000021, 20.625735530000043 ], [ 116.916627725000012, 20.637842495000029 ], [ 116.919748280000022, 20.649055490000023 ], [ 116.922884311000075, 20.661204312000052 ], [ 116.92408940200005, 20.678063147000046 ], [ 116.924242199000105, 20.690242715000068 ], [ 116.919541697000113, 20.708417036000071 ], [ 116.91938967100009, 20.714151789000027 ], [ 116.919213969000111, 20.719658486000071 ], [ 116.918115626000031, 20.723762088000058 ], [ 116.916215425000019, 20.729908719000036 ], [ 116.915903585000024, 20.74187207500006 ], [ 116.91303369000002, 20.751273142000059 ], [ 116.910173101000055, 20.761610790000077 ], [ 116.905237292000038, 20.765411133000043 ], [ 116.897547087000021, 20.764770742000053 ], [ 116.893334470000013, 20.766497313000059 ], [ 116.891380896000101, 20.766217359000052 ], [ 116.888001669000118, 20.764747145000058 ], [ 116.882653934000018, 20.763686997000036 ], [ 116.881242413000109, 20.76158293900005 ], [ 116.878228154000112, 20.756333526000049 ], [ 116.878091178000091, 20.745088420000059 ], [ 116.880982741000025, 20.736625633000074 ], [ 116.884827721000079, 20.725338816000033 ], [ 116.892701669000076, 20.717760017000046 ], [ 116.899552338000035, 20.714087223000035 ], [ 116.900163460000044, 20.710202195000022 ], [ 116.902085731000057, 20.703134892000037 ], [ 116.902154255000028, 20.701071013000046 ], [ 116.901742073000037, 20.698074706000057 ], [ 116.894357001000117, 20.689629751000041 ], [ 116.893243038000037, 20.680268949000038 ], [ 116.89014561700003, 20.670930675000022 ], [ 116.888039219, 20.661582228000043 ], [ 116.883255164000047, 20.64592929500003 ], [ 116.879707638000014, 20.642160889000024 ], [ 116.874031108000054, 20.635353035000037 ], [ 116.871681665000096, 20.632305731000031 ], [ 116.868607543000053, 20.628779328000064 ], [ 116.863182990000041, 20.622206604000041 ], [ 116.860345048000113, 20.618918809000036 ], [ 116.856041066000103, 20.61581764400006 ], [ 116.850761509000108, 20.612462194000045 ], [ 116.84592451900005, 20.61072656500005 ], [ 116.839636570000039, 20.608491839000067 ], [ 116.830419758000062, 20.605947105000041 ], [ 116.826529442000037, 20.604923886000051 ], [ 116.822142696000014, 20.604576787000042 ], [ 116.818725005000033, 20.604483762000029 ], [ 116.812903241000072, 20.602949048000028 ], [ 116.808539276000033, 20.601682953000022 ], [ 116.802969826000094, 20.599696617000063 ], [ 116.792792509000037, 20.596892634000028 ], [ 116.785399055000084, 20.598529195000026 ], [ 116.779973287000075, 20.600217335000025 ], [ 116.773549072000037, 20.602339047000044 ], [ 116.766850686000112, 20.605600868000067 ], [ 116.754933734000019, 20.602990222000074 ], [ 116.750897591000012, 20.598342532000061 ], [ 116.749142157000051, 20.592947978000041 ], [ 116.74973817800003, 20.584296398000049 ], [ 116.754636320000031, 20.577683799000056 ], [ 116.761532583000076, 20.571053277000033 ], [ 116.781400392000023, 20.568034650000072 ], [ 116.791335201000038, 20.56605644800004 ] ] } },
{ "type": "Feature", "properties": { "FNODE_": 207, "TNODE_": 207, "LPOLY_": 89, "RPOLY_": 1, "LENGTH": 20919.5, "BOUNT_": 232, "BOUNT_ID": 193, "GEO_CODE": 26010, "BCODE": 0, "BNAME": null, "BountName": "海岸线", "SHAPE_Leng": 0.19193266347099999 }, "geometry": { "type": "LineString", "coordinates": [ [ 109.101905102000046, 21.00974270100005 ], [ 109.122741289000032, 21.019346190000078 ], [ 109.141151569000044, 21.056967258000043 ], [ 109.128082053000071, 21.072169108000026 ], [ 109.102950282000052, 21.067017863000046 ], [ 109.082128947000058, 21.049159197000051 ], [ 109.081282151000039, 21.017090453000037 ], [ 109.101905102000046, 21.00974270100005 ] ] } },
{ "type": "Feature", "properties": { "FNODE_": 208, "TNODE_": 208, "LPOLY_": 1, "RPOLY_": 90, "LENGTH": 28100.8, "BOUNT_": 233, "BOUNT_ID": 194, "GEO_CODE": 26010, "BCODE": 0, "BNAME": null, "BountName": "海岸线", "SHAPE_Leng": 0.25739016038899998 }, "geometry": { "type": "LineString", "coordinates": [ [ 110.605017237000084, 20.865270653000039 ], [ 110.563062330000037, 20.86868529700007 ], [ 110.550686969000083, 20.905074057000036 ], [ 110.595861995000064, 20.947874070000069 ], [ 110.633773131000055, 20.93357820500006 ], [ 110.605017237000084, 20.865270653000039 ] ] } },
{ "type": "Feature", "properties": { "FNODE_": 209, "TNODE_": 209, "LPOLY_": 1, "RPOLY_": 91, "LENGTH": 24553.1, "BOUNT_": 234, "BOUNT_ID": 195, "GEO_CODE": 26010, "BCODE": 0, "BNAME": null, "BountName": "海岸线", "SHAPE_Leng": 0.22464612982500001 }, "geometry": { "type": "LineString", "coordinates": [ [ 110.478405741000074, 20.590545924000025 ], [ 110.450745811000047, 20.598448854000026 ], [ 110.428231321000055, 20.626393797000048 ], [ 110.407128167000053, 20.650895214000059 ], [ 110.431108107000057, 20.66527850500006 ], [ 110.468744496000056, 20.645070376000035 ], [ 110.480249771000047, 20.618574153000054 ], [ 110.478405741000074, 20.590545924000025 ] ] } },
{ "type": "Feature", "properties": { "FNODE_": 184, "TNODE_": 198, "LPOLY_": 1, "RPOLY_": 60, "LENGTH": 1323710.0, "BOUNT_": 236, "BOUNT_ID": 197, "GEO_CODE": 26010, "BCODE": 0, "BNAME": null, "BountName": "海岸线", "SHAPE_Leng": 12.179468651400001 }, "geometry": { "type": "LineString", "coordinates": [ [ 113.894887193000045, 22.442677321000076 ], [ 113.863175845000114, 22.556838414000026 ], [ 113.76937831500004, 22.750194190000059 ], [ 113.646434503000023, 22.799411422000048 ], [ 113.526101792000077, 22.781123022000031 ], [ 113.439223499000036, 22.741016225000067 ], [ 113.494155960000057, 22.690915666000024 ], [ 113.532372426000052, 22.646878853000032 ], [ 113.56299014700005, 22.593425271000058 ], [ 113.586893324000016, 22.535344448000046 ], [ 113.59684960900006, 22.495491257000026 ], [ 113.601991431000101, 22.374925320000045 ], [ 113.592843360000074, 22.250239624000073 ], [ 113.568481814000052, 22.24071299700006 ], [ 113.562820495000096, 22.19971055700006 ], [ 113.541328363000048, 22.180807908000077 ], [ 113.493582277000087, 22.161557870000024 ], [ 113.462437186000102, 22.166655624000043 ], [ 113.377518047000081, 22.178450559000055 ], [ 113.326539648000107, 22.092018967000058 ], [ 113.291832463000105, 22.041048970000077 ], [ 113.199041335000061, 21.955014032000065 ], [ 113.182447143000104, 21.960365634000027 ], [ 113.164929818000019, 22.054960318000042 ], [ 113.134030195000037, 22.14905073400007 ], [ 113.112423543000091, 22.198170139000069 ], [ 113.090358745000117, 22.194912386000055 ], [ 113.009126171000048, 22.124841377000052 ], [ 112.994706027, 22.080439605000038 ], [ 113.001259768000068, 21.993786724000074 ], [ 113.035020669, 21.950681218000057 ], [ 112.983772307000095, 21.882799352000063 ], [ 112.92681772800006, 21.848183080000069 ], [ 112.906004286000098, 21.844896448000043 ], [ 112.868573206000065, 21.889233827000055 ], [ 112.876042870000106, 21.905567512000061 ], [ 112.869557750000013, 21.925072243000045 ], [ 112.855709645000047, 21.952843830000063 ], [ 112.834148973000083, 21.971642222000071 ], [ 112.79230807700003, 21.953091525000048 ], [ 112.742700461000027, 21.923486670000045 ], [ 112.689422710000031, 21.856725916000073 ], [ 112.645453143000054, 21.779337715000054 ], [ 112.627325758000097, 21.767662508000058 ], [ 112.560482389000072, 21.750443029000053 ], [ 112.437855585000079, 21.898644565000041 ], [ 112.392537236000067, 22.005312310000022 ], [ 112.415811901000097, 22.054770896000036 ], [ 112.415811502000111, 22.080954660000032 ], [ 112.383809800000108, 22.08386396800006 ], [ 112.351807925000116, 22.048951693000049 ], [ 112.348898367000061, 22.005314128000066 ], [ 112.36053507400004, 21.941309832000059 ], [ 112.377406858000086, 21.867810843000029 ], [ 112.406479411000078, 21.734176427000023 ], [ 112.344855178000103, 21.708914249000031 ], [ 112.265400547000013, 21.696278985000049 ], [ 112.23829997100006, 21.703874901000063 ], [ 112.19212622100008, 21.73310581000004 ], [ 112.208690164000018, 21.793378458000063 ], [ 112.152536395000084, 21.801259236000078 ], [ 111.957150068000033, 21.795245676000036 ], [ 111.929796597000063, 21.698645210000052 ], [ 111.938495772000067, 21.639365553000061 ], [ 111.989964536000059, 21.658113741000022 ], [ 112.018278124000062, 21.631687785000054 ], [ 112.004758183000035, 21.614774557000032 ], [ 111.855996443000038, 21.556948154000054 ], [ 111.809235051000087, 21.555967500000065 ], [ 111.837273482000057, 21.646581704000027 ], [ 111.845396960000073, 21.715269424000041 ], [ 111.850542150000081, 21.771072426000046 ], [ 111.839326700000072, 21.776191031000053 ], [ 111.771949609000046, 21.781424839000067 ], [ 111.706586751000088, 21.77923045700004 ], [ 111.651295205000054, 21.769383577000042 ], [ 111.643566848000034, 21.752819975000023 ], [ 111.696012586000052, 21.742225359000031 ], [ 111.785080075000053, 21.710779664000029 ], [ 111.75519888000008, 21.638954355000067 ], [ 111.753150149000078, 21.634345826000072 ], [ 111.624835239000049, 21.532085944000073 ], [ 111.538895368000055, 21.527978881000024 ], [ 111.441153215000043, 21.59487666800004 ], [ 111.40733861700005, 21.570521212000074 ], [ 111.255936879000046, 21.437942522000071 ], [ 110.887297850000039, 21.380473066000036 ], [ 110.742259515000057, 21.366137122000055 ], [ 110.713644008000074, 21.38722425800006 ], [ 110.702517148000084, 21.403061111000056 ], [ 110.618827894000049, 21.376128699000049 ], [ 110.605438102000051, 21.312179356000058 ], [ 110.61712170900006, 21.21690355000004 ], [ 110.501192707000087, 21.235754795000048 ], [ 110.501624481000079, 21.255295855000043 ], [ 110.498145789000034, 21.306137530000058 ], [ 110.432709263000049, 21.43106225300005 ], [ 110.360558951000087, 21.411495994000063 ], [ 110.40296485600004, 21.323982028000046 ], [ 110.399522028000035, 21.234888520000027 ], [ 110.380761525000082, 21.151095536000071 ], [ 110.370703835000086, 21.104206825000063 ], [ 110.370282413000041, 21.097673710000038 ], [ 110.372312855000075, 21.090888089000032 ], [ 110.415529131000085, 21.051164553000035 ], [ 110.499859124000068, 21.05478320800006 ], [ 110.52441882800008, 21.069440772000064 ], [ 110.552198049000083, 21.056521267000051 ], [ 110.528065299000048, 20.981341072000077 ], [ 110.488910376000035, 20.958253869000032 ], [ 110.337527239000053, 20.967054678000068 ], [ 110.295885674000033, 20.973003379000033 ], [ 110.302172352000071, 21.037238328000058 ], [ 110.266142012000046, 21.121722749000071 ], [ 110.201921886000036, 21.133878232000029 ], [ 110.157465891000072, 20.981611891000057 ], [ 110.157130099000085, 20.926476553000043 ], [ 110.161021081000058, 20.847806688000048 ], [ 110.169856039000081, 20.822776630000078 ], [ 110.238507060000074, 20.836475571000051 ], [ 110.320525098000076, 20.837627504000068 ], [ 110.368644857000049, 20.809974892000071 ], [ 110.387413387000038, 20.72563006300004 ], [ 110.369697529000064, 20.705179011000041 ], [ 110.329124814000068, 20.767965450000077 ], [ 110.300249035000036, 20.740608565000059 ], [ 110.32565924000005, 20.62509020300007 ], [ 110.454697165000084, 20.551031026000032 ], [ 110.50246710600004, 20.530083359000059 ], [ 110.530688794000071, 20.471203856000045 ], [ 110.521868701000074, 20.414463040000044 ], [ 110.434281042000066, 20.317537114000061 ], [ 110.398040237000089, 20.296200473000056 ], [ 110.28571749200006, 20.239583679000077 ], [ 110.122062830000061, 20.234454371000027 ], [ 109.93492449200005, 20.280005775000063 ], [ 109.883752876000074, 20.354914775000054 ], [ 109.863153069000077, 20.396962810000048 ], [ 110.008115530000055, 20.377699323000058 ], [ 110.015895135000051, 20.410145309000029 ], [ 109.872957283000062, 20.49253137200003 ], [ 109.739997476000042, 20.655068496000069 ], [ 109.666814460000069, 20.871534508000025 ], [ 109.661733268000035, 20.933212454000056 ], [ 109.673666580000088, 21.107333107000045 ], [ 109.763757153000086, 21.342714923000074 ], [ 109.769761633000087, 21.346946899000045 ], [ 109.798433746000057, 21.344247528000039 ], [ 109.902081591000069, 21.354788557000063 ], [ 109.949644803000069, 21.479839987000048 ], [ 109.93867339500008, 21.487275239000041 ], [ 109.883595400000047, 21.463885115000039 ], [ 109.819659641000044, 21.452683160000049 ], [ 109.77623419300005, 21.458488201000023 ] ] } },
{ "type": "Feature", "properties": { "FNODE_": 216, "TNODE_": 217, "LPOLY_": 1, "RPOLY_": 1, "LENGTH": 124820.0, "BOUNT_": 239, "BOUNT_ID": 200, "GEO_CODE": 61010, "BCODE": 0, "BNAME": null, "BountName": "国界", "SHAPE_Leng": 1.1093573807 }, "geometry": { "type": "LineString", "coordinates": [ [ 119.999291091000032, 18.990014168000073 ], [ 119.86938116400006, 18.782605778000061 ], [ 119.716774832000056, 18.520997707000049 ], [ 119.695067423000069, 18.483010551000064 ], [ 119.685317026, 18.465942222000024 ], [ 119.647016509000082, 18.39891392800007 ], [ 119.631238161000056, 18.367369439000072 ], [ 119.61926672900006, 18.343424470000059 ], [ 119.609584814000073, 18.324056537000047 ], [ 119.581607627000039, 18.268111084000054 ], [ 119.473671957000079, 18.015282716000058 ] ] } },
{ "type": "Feature", "properties": { "FNODE_": 218, "TNODE_": 218, "LPOLY_": 92, "RPOLY_": 1, "LENGTH": 902347.0, "BOUNT_": 240, "BOUNT_ID": 201, "GEO_CODE": 26010, "BCODE": 0, "BNAME": null, "BountName": "海岸线", "SHAPE_Leng": 8.1883559447599996 }, "geometry": { "type": "LineString", "coordinates": [ [ 109.559899922000056, 18.164163963000078 ], [ 109.615089090000083, 18.176627156000052 ], [ 109.676676161000046, 18.219416846000058 ], [ 109.71917828100004, 18.280991555000071 ], [ 109.742753955000069, 18.358524036000063 ], [ 109.761148839000043, 18.380712365000022 ], [ 109.770182273000046, 18.388832732000026 ], [ 109.794658062000053, 18.39948694900005 ], [ 110.01745855300004, 18.448883058000035 ], [ 110.087107888000048, 18.495968772000026 ], [ 110.103313271000047, 18.527319430000034 ], [ 110.193403454000077, 18.610625968000022 ], [ 110.21816141000005, 18.629922743000066 ], [ 110.253974664000054, 18.652896795000061 ], [ 110.337956015000088, 18.678236582000068 ], [ 110.358347560000084, 18.662617191000038 ], [ 110.41037358300008, 18.661558025000033 ], [ 110.563576695000052, 18.795735225000044 ], [ 110.52788410900007, 18.867121804000078 ], [ 110.492190936000043, 18.807634760000042 ], [ 110.43867977900004, 18.814480260000039 ], [ 110.435284731000081, 18.838121498000078 ], [ 110.534835809000072, 19.036728320000066 ], [ 110.609659665000038, 19.197942999000077 ], [ 110.631754885000078, 19.248824524000042 ], [ 110.669422452000049, 19.36122692500004 ], [ 110.673336394000046, 19.386333221000029 ], [ 110.706563464000055, 19.412048752000032 ], [ 110.766341346000047, 19.456263118000038 ], [ 110.807419226000036, 19.485475534000045 ], [ 110.781327781000073, 19.586640722000027 ], [ 110.855150110000068, 19.596493551000037 ], [ 110.881159873000058, 19.53526464600003 ], [ 111.013418202000082, 19.638944103000028 ], [ 111.010640995000074, 19.676536141000042 ], [ 111.000471345000051, 19.79492762600006 ], [ 110.993826164000041, 19.842342081000027 ], [ 110.952344446000041, 19.982524868000041 ], [ 110.930699133000076, 20.013367476000042 ], [ 110.862895158000072, 19.983435908000047 ], [ 110.723853720000079, 20.065134340000043 ], [ 110.670278903000053, 20.128236941000068 ], [ 110.571239022000043, 20.09391639100005 ], [ 110.581956719000061, 20.04690322700003 ], [ 110.528144652000037, 20.006006343000024 ], [ 110.384192134000045, 20.081422359000044 ], [ 110.208269116000054, 20.056335798000077 ], [ 110.129936096000051, 19.980910495000046 ], [ 110.120200757000077, 19.966188339000041 ], [ 110.005475335000085, 19.894993395000029 ], [ 109.945261704000075, 19.989390565000065 ], [ 109.809134834000076, 19.936857880000048 ], [ 109.749883511000064, 19.967181995000033 ], [ 109.742589408000072, 19.981924479000043 ], [ 109.712445039000045, 20.011298305000025 ], [ 109.586968851000051, 19.985326235000059 ], [ 109.522635770000079, 19.870123027000034 ], [ 109.302629226000079, 19.915498469000056 ], [ 109.264527152000085, 19.897848923000026 ], [ 109.165662571000041, 19.79457104100004 ], [ 109.161885958000084, 19.763948054000025 ], [ 109.184774573000084, 19.732356247000041 ], [ 109.208472147000066, 19.738028712000073 ], [ 109.280434568000032, 19.796304909000071 ], [ 109.312783796000076, 19.766424483000037 ], [ 109.290902187000086, 19.707172384000046 ], [ 109.10412978100004, 19.621064304000072 ], [ 108.780977975000042, 19.397982146000061 ], [ 108.724046119000036, 19.368023365000056 ], [ 108.683182069000054, 19.371789487000058 ], [ 108.661658869000064, 19.348158110000043 ], [ 108.635023860000047, 19.294353932000035 ], [ 108.626730516000066, 19.261000510000031 ], [ 108.622457939000071, 19.217772589000049 ], [ 108.624777352000081, 19.20699722300003 ], [ 108.638472264000086, 19.212501616000054 ], [ 108.677284068000063, 19.186670090000064 ], [ 108.655653966000045, 19.123666531000026 ], [ 108.618932566000069, 19.099001540000074 ], [ 108.616613360000088, 19.083456149000028 ], [ 108.654524311000046, 18.902773486000058 ], [ 108.692366530000072, 18.598898104000057 ], [ 108.669996524000055, 18.549202616000059 ], [ 108.689718908000089, 18.502917687000036 ], [ 108.808221470000035, 18.482438015000071 ], [ 109.143533962000049, 18.313530179000054 ], [ 109.304609614000071, 18.306049493000046 ], [ 109.431909188000077, 18.292201011000031 ], [ 109.491053696000051, 18.256448804000058 ], [ 109.534482687000036, 18.207426551000026 ], [ 109.559899922000056, 18.164163963000078 ] ] } },
{ "type": "Feature", "properties": { "FNODE_": 219, "TNODE_": 219, "LPOLY_": 1, "RPOLY_": 93, "LENGTH": 24412.6, "BOUNT_": 241, "BOUNT_ID": 202, "GEO_CODE": 26100, "BCODE": 0, "BNAME": null, "BountName": "珊瑚礁", "SHAPE_Leng": 0.21970484212300001 }, "geometry": { "type": "LineString", "coordinates": [ [ 112.220602881000104, 16.962667434000025 ], [ 112.212027303000013, 16.964021542000069 ], [ 112.206076237000048, 16.965084354000055 ], [ 112.199941963000015, 16.967984854000065 ], [ 112.197378603000061, 16.970572204000064 ], [ 112.19698930200002, 16.973793305000072 ], [ 112.195692586000064, 16.979099247000022 ], [ 112.199209763000113, 16.985209603000044 ], [ 112.206045658000107, 16.990319376000059 ], [ 112.211576888000081, 16.99133333900005 ], [ 112.218359690000057, 16.994609130000072 ], [ 112.229704825000113, 16.998232531000042 ], [ 112.240562102000013, 16.998794098000076 ], [ 112.2487104490001, 16.99789523000004 ], [ 112.251129079000066, 16.997719498000038 ], [ 112.253120220000028, 16.997202954000045 ], [ 112.260971073000064, 16.995405855000058 ], [ 112.270424284000114, 16.991272684000023 ], [ 112.278267456000094, 16.989473845000077 ], [ 112.285584023000069, 16.985854047000032 ], [ 112.289559188000112, 16.982313447000024 ], [ 112.291328859000032, 16.97722464800006 ], [ 112.289009746000033, 16.971315312000058 ], [ 112.279831011000056, 16.968101666000052 ], [ 112.272163517000081, 16.967371867000054 ], [ 112.259734877000028, 16.967904444000055 ], [ 112.252830400000107, 16.968992705000062 ], [ 112.247313809000048, 16.968439382000042 ], [ 112.241736757000012, 16.965594005000071 ], [ 112.236213079000095, 16.964812304000077 ], [ 112.229491239000026, 16.964055607000034 ], [ 112.220602881000104, 16.962667434000025 ] ] } },
{ "type": "Feature", "properties": { "FNODE_": 220, "TNODE_": 220, "LPOLY_": 1, "RPOLY_": 94, "LENGTH": 19115.4, "BOUNT_": 242, "BOUNT_ID": 203, "GEO_CODE": 26100, "BCODE": 0, "BNAME": null, "BountName": "珊瑚礁", "SHAPE_Leng": 0.169771101993 }, "geometry": { "type": "LineString", "coordinates": [ [ 112.34579665900003, 16.914619655000024 ], [ 112.338212883000097, 16.917103971000074 ], [ 112.333901838000088, 16.92546942000007 ], [ 112.33141467900009, 16.930577621000054 ], [ 112.328515560000028, 16.937991366000062 ], [ 112.324342303000094, 16.942912055000022 ], [ 112.320130582000047, 16.946228756000039 ], [ 112.314484942000036, 16.949581211000066 ], [ 112.310341939000068, 16.955419582000047 ], [ 112.304986073, 16.960597704000065 ], [ 112.300034596000046, 16.963243097000031 ], [ 112.299393699, 16.967275394000069 ], [ 112.299568820000104, 16.969292433000078 ], [ 112.300423504000037, 16.971631581000054 ], [ 112.301995248000026, 16.973749138000073 ], [ 112.311479164000048, 16.970761304000064 ], [ 112.31997809500001, 16.966650415000061 ], [ 112.327752547000046, 16.96232823500003 ], [ 112.339784302000112, 16.947804783000038 ], [ 112.343973171000016, 16.943570479000073 ], [ 112.349733633000028, 16.935627228000044 ], [ 112.354501782000057, 16.926560172000052 ], [ 112.351884970000015, 16.918368693000048 ], [ 112.34579665900003, 16.914619655000024 ] ] } },
{ "type": "Feature", "properties": { "FNODE_": 221, "TNODE_": 221, "LPOLY_": 1, "RPOLY_": 95, "LENGTH": 12749.3, "BOUNT_": 243, "BOUNT_ID": 204, "GEO_CODE": 26200, "BCODE": 0, "BNAME": null, "BountName": "南海诸", "SHAPE_Leng": 0.11337660512 }, "geometry": { "type": "LineString", "coordinates": [ [ 112.879126620000079, 16.755350802000066 ], [ 112.866331927000033, 16.756572100000028 ], [ 112.865851297000063, 16.764219218000051 ], [ 112.869773136000049, 16.774434635000034 ], [ 112.876799790000064, 16.780837842000039 ], [ 112.882514401000094, 16.785112530000049 ], [ 112.889121345000035, 16.788540029000046 ], [ 112.898818547000019, 16.789005085000042 ], [ 112.902801517000057, 16.786047089000022 ], [ 112.903281918000062, 16.777974819000065 ], [ 112.899795236000045, 16.768613032000076 ], [ 112.890570957000023, 16.75965007700006 ], [ 112.879126620000079, 16.755350802000066 ] ] } },
{ "type": "Feature", "properties": { "FNODE_": 222, "TNODE_": 222, "LPOLY_": 1, "RPOLY_": 96, "LENGTH": 18617.8, "BOUNT_": 244, "BOUNT_ID": 205, "GEO_CODE": 26200, "BCODE": 0, "BNAME": null, "BountName": "南海诸", "SHAPE_Leng": 0.16611267582 }, "geometry": { "type": "LineString", "coordinates": [ [ 112.242102576000093, 16.752634799000077 ], [ 112.231543407000117, 16.754740724000044 ], [ 112.225485527000046, 16.758911845000057 ], [ 112.222128527000109, 16.760802304000038 ], [ 112.199758342000109, 16.77556858500003 ], [ 112.198919146000094, 16.787175329000036 ], [ 112.206381081000018, 16.797384190000059 ], [ 112.219938718000094, 16.796750680000059 ], [ 112.242492028000015, 16.786714238000059 ], [ 112.257728152000027, 16.77958760000007 ], [ 112.260802474000116, 16.771625329000074 ], [ 112.256362080000031, 16.759985179000068 ], [ 112.24963274400011, 16.753408421000074 ], [ 112.242102576000093, 16.752634799000077 ] ] } },
{ "type": "Feature", "properties": { "FNODE_": 224, "TNODE_": 224, "LPOLY_": 98, "RPOLY_": 99, "LENGTH": 4948.29, "BOUNT_": 245, "BOUNT_ID": 206, "GEO_CODE": 26010, "BCODE": 0, "BNAME": null, "BountName": "南海诸", "SHAPE_Leng": 0.043805087496199997 }, "geometry": { "type": "LineString", "coordinates": [ [ 111.701308580000045, 16.447562998000024 ], [ 111.689804120000076, 16.451396628000055 ], [ 111.688845581000066, 16.458108616000061 ], [ 111.692726626000081, 16.461964789000035 ], [ 111.701309049000088, 16.457149610000045 ], [ 111.701308580000045, 16.447562998000024 ] ] } },
{ "type": "Feature", "properties": { "FNODE_": 225, "TNODE_": 225, "LPOLY_": 1, "RPOLY_": 98, "LENGTH": 9185.14, "BOUNT_": 246, "BOUNT_ID": 207, "GEO_CODE": 26100, "BCODE": 0, "BNAME": null, "BountName": "珊瑚礁", "SHAPE_Leng": 0.081707073145999995 }, "geometry": { "type": "LineString", "coordinates": [ [ 111.699524219000068, 16.443599634000066 ], [ 111.693100276000052, 16.444666349000045 ], [ 111.687690831000054, 16.44776373600007 ], [ 111.684738165000056, 16.453791867000064 ], [ 111.685363820000077, 16.460200471000064 ], [ 111.689987245000054, 16.463999874000024 ], [ 111.697639809000066, 16.464750967000043 ], [ 111.703323903000069, 16.463023331000045 ], [ 111.710648065000044, 16.460113109000076 ], [ 111.713669340000081, 16.457064090000074 ], [ 111.714486116000046, 16.451313576000075 ], [ 111.70762701600006, 16.443891825000037 ], [ 111.699524219000068, 16.443599634000066 ] ] } },
{ "type": "Feature", "properties": { "FNODE_": 226, "TNODE_": 226, "LPOLY_": 97, "RPOLY_": 1, "LENGTH": 14785.3, "BOUNT_": 247, "BOUNT_ID": 208, "GEO_CODE": 26200, "BCODE": 0, "BNAME": null, "BountName": "南海诸", "SHAPE_Leng": 0.130551799863 }, "geometry": { "type": "LineString", "coordinates": [ [ 112.660302206000097, 16.382409177000056 ], [ 112.673234113000035, 16.389990344000068 ], [ 112.677491607000093, 16.402539657000034 ], [ 112.674829044000035, 16.415054714000064 ], [ 112.667862721, 16.423368756000059 ], [ 112.655724289000091, 16.428318579000063 ], [ 112.64711060500008, 16.420757420000029 ], [ 112.640281911000102, 16.404854790000059 ], [ 112.641204974000061, 16.394002157000045 ], [ 112.642105382000068, 16.387326640000026 ], [ 112.650780303000033, 16.383195224000076 ], [ 112.660302206000097, 16.382409177000056 ] ] } },
{ "type": "Feature", "properties": { "FNODE_": 227, "TNODE_": 227, "LPOLY_": 1, "RPOLY_": 100, "LENGTH": 28869.9, "BOUNT_": 248, "BOUNT_ID": 209, "GEO_CODE": 26100, "BCODE": 0, "BNAME": null, "BountName": "珊瑚礁", "SHAPE_Leng": 0.25765199827399998 }, "geometry": { "type": "LineString", "coordinates": [ [ 111.997840780000047, 16.308165310000049 ], [ 111.99130944500007, 16.308599718000039 ], [ 111.983237410000072, 16.312902497000039 ], [ 111.979186625000068, 16.316752172000065 ], [ 111.972991241000045, 16.320518786000036 ], [ 111.970076747000064, 16.325411346000067 ], [ 111.971549230000051, 16.329788995000058 ], [ 111.973509825000065, 16.335137055000075 ], [ 111.977995977000035, 16.340021771000067 ], [ 111.985992146000058, 16.344449329000042 ], [ 111.992988489000084, 16.348867369000061 ], [ 111.998488990000055, 16.352303636000045 ], [ 112.003997781000066, 16.353801094000062 ], [ 112.011024622000036, 16.354338377000033 ], [ 112.020042917000069, 16.357316771000058 ], [ 112.027565727000024, 16.358828813000059 ], [ 112.035607152000011, 16.358888553000043 ], [ 112.042710100000022, 16.361786939000069 ], [ 112.04696741500004, 16.360540076000063 ], [ 112.048852243000056, 16.359807545000024 ], [ 112.054520978000028, 16.357840702000033 ], [ 112.061356759000091, 16.354926241000044 ], [ 112.070314326000016, 16.351046195000038 ], [ 112.07380867400002, 16.347752939000031 ], [ 112.077653817000055, 16.340092509000044 ], [ 112.076745756000037, 16.332775541000046 ], [ 112.071542305000094, 16.325099764000072 ], [ 112.062852203000034, 16.320946154000069 ], [ 112.057046361000062, 16.315883951000046 ], [ 112.052033620000088, 16.314392072000032 ], [ 112.046006018000071, 16.314346547000071 ], [ 112.038979360000098, 16.314294675000042 ], [ 112.033455342000025, 16.313768462000041 ], [ 112.025932590000025, 16.312256576000038 ], [ 112.016403134000029, 16.311214063000023 ], [ 112.007377370000086, 16.309206497000048 ], [ 111.997840780000047, 16.308165310000049 ] ] } },
{ "type": "Feature", "properties": { "FNODE_": 228, "TNODE_": 228, "LPOLY_": 101, "RPOLY_": 1, "LENGTH": 15549.1, "BOUNT_": 249, "BOUNT_ID": 210, "GEO_CODE": 26200, "BCODE": 0, "BNAME": null, "BountName": "南海诸", "SHAPE_Leng": 0.136401703367 }, "geometry": { "type": "LineString", "coordinates": [ [ 114.907357152000031, 16.003679066000075 ], [ 114.916611713000066, 16.004764081000076 ], [ 114.922990040000059, 16.010335267000073 ], [ 114.923630560000106, 16.025434185000051 ], [ 114.923661551, 16.034942157000046 ], [ 114.922516897000037, 16.03830371600003 ], [ 114.914482933000045, 16.055110862000049 ], [ 114.905236274000117, 16.056820744000049 ], [ 114.894218880000039, 16.048467660000028 ], [ 114.891861071000108, 16.037849799000071 ], [ 114.897011434000092, 16.022170728000049 ], [ 114.90217635700003, 16.012085564000074 ], [ 114.907357152000031, 16.003679066000075 ] ] } },
{ "type": "Feature", "properties": { "FNODE_": 229, "TNODE_": 229, "LPOLY_": 102, "RPOLY_": 1, "LENGTH": 21142.7, "BOUNT_": 250, "BOUNT_ID": 211, "GEO_CODE": 26200, "BCODE": 0, "BNAME": null, "BountName": "南海诸", "SHAPE_Leng": 0.18807554506400001 }, "geometry": { "type": "LineString", "coordinates": [ [ 114.462094739, 16.031616123000049 ], [ 114.481176278000021, 16.036310753000066 ], [ 114.494032154000024, 16.046218248000059 ], [ 114.52123941800005, 16.06193144100007 ], [ 114.509871241000042, 16.070790503000069 ], [ 114.499525611000081, 16.073797300000024 ], [ 114.477781197000013, 16.072523611000065 ], [ 114.461469249000061, 16.068611316000045 ], [ 114.451940032000039, 16.058118983000043 ], [ 114.445004611000059, 16.047966035000059 ], [ 114.444485566000026, 16.035430482000038 ], [ 114.462094739, 16.031616123000049 ] ] } },
{ "type": "Feature", "properties": { "FNODE_": 230, "TNODE_": 230, "LPOLY_": 103, "RPOLY_": 1, "LENGTH": 25564.5, "BOUNT_": 251, "BOUNT_ID": 212, "GEO_CODE": 26200, "BCODE": 0, "BNAME": null, "BountName": "南海诸", "SHAPE_Leng": 0.22873896735800001 }, "geometry": { "type": "LineString", "coordinates": [ [ 114.233200232000058, 16.038109119000069 ], [ 114.258270457000094, 16.037757777000024 ], [ 114.280976331000033, 16.03740702500005 ], [ 114.308168065000018, 16.036374946000024 ], [ 114.316919145000043, 16.044817339000076 ], [ 114.302369470000031, 16.058924013000023 ], [ 114.279053656000087, 16.061767455000052 ], [ 114.25253297900008, 16.059060533000036 ], [ 114.229507321000028, 16.051952646000075 ], [ 114.209105749000059, 16.042108767000059 ], [ 114.233200232000058, 16.038109119000069 ] ] } },
{ "type": "Feature", "properties": { "FNODE_": 231, "TNODE_": 231, "LPOLY_": 105, "RPOLY_": 1, "LENGTH": 12100.6, "BOUNT_": 252, "BOUNT_ID": 213, "GEO_CODE": 26200, "BCODE": 0, "BNAME": null, "BountName": "南海诸", "SHAPE_Leng": 0.106458999038 }, "geometry": { "type": "LineString", "coordinates": [ [ 114.764363294000077, 15.870440256000052 ], [ 114.783749782000086, 15.869132227000023 ], [ 114.78638989600006, 15.885388663000072 ], [ 114.786641572, 15.895164718000046 ], [ 114.786435475000076, 15.900401012000032 ], [ 114.768345719000081, 15.902957808000053 ], [ 114.757962117000034, 15.890476811000042 ], [ 114.764363294000077, 15.870440256000052 ] ] } },
{ "type": "Feature", "properties": { "FNODE_": 233, "TNODE_": 233, "LPOLY_": 104, "RPOLY_": 1, "LENGTH": 44833.1, "BOUNT_": 253, "BOUNT_ID": 214, "GEO_CODE": 26100, "BCODE": 0, "BNAME": null, "BountName": "珊瑚礁", "SHAPE_Leng": 0.39954678951299999 }, "geometry": { "type": "LineString", "coordinates": [ [ 112.472155871000041, 16.002754740000057 ], [ 112.524555538000072, 16.008053413000027 ], [ 112.565770580000049, 16.012762861000056 ], [ 112.579611024000087, 16.016591030000029 ], [ 112.587209825000059, 16.020596455000032 ], [ 112.594366652000076, 16.025845380000078 ], [ 112.602095438000106, 16.034572017000073 ], [ 112.60804647100008, 16.040973152000049 ], [ 112.60919836000005, 16.049664501000052 ], [ 112.607146128000068, 16.060116382000047 ], [ 112.603514474, 16.068487459000039 ], [ 112.601675335000095, 16.068289420000042 ], [ 112.593435659000079, 16.071487684000033 ], [ 112.583944534000011, 16.072423606000029 ], [ 112.573171555000044, 16.070412955000052 ], [ 112.563840570000025, 16.068594681000036 ], [ 112.550938889, 16.066868500000055 ], [ 112.5420811460001, 16.065265345000057 ], [ 112.534878712000022, 16.063159910000024 ], [ 112.523350522000101, 16.059560747000035 ], [ 112.518307276000087, 16.05785734400007 ], [ 112.509441654000057, 16.055793342000072 ], [ 112.501293089000114, 16.05393960300006 ], [ 112.493160279000108, 16.052316580000024 ], [ 112.485026796000056, 16.050921851000055 ], [ 112.47761871900002, 16.049966849000043 ], [ 112.472109805000059, 16.048730057000057 ], [ 112.465670685000077, 16.047979531000067 ], [ 112.457750976000057, 16.045431477000022 ], [ 112.448053651, 16.039256540000054 ], [ 112.442301072000078, 16.029313327000068 ], [ 112.44018789900008, 16.022028270000078 ], [ 112.440996240000118, 16.016962819000071 ], [ 112.441774509000084, 16.010750114000075 ], [ 112.444033075000107, 16.006565931000068 ], [ 112.472155871000041, 16.002754740000057 ] ] } },
{ "type": "Feature", "properties": { "FNODE_": 234, "TNODE_": 234, "LPOLY_": 1, "RPOLY_": 106, "LENGTH": 24555.9, "BOUNT_": 254, "BOUNT_ID": 215, "GEO_CODE": 26100, "BCODE": 0, "BNAME": null, "BountName": "珊瑚礁", "SHAPE_Leng": 0.218361533839 }, "geometry": { "type": "LineString", "coordinates": [ [ 111.760468335000041, 16.031299710000042 ], [ 111.753838269000084, 16.032593623000025 ], [ 111.751748210000073, 16.034474197000065 ], [ 111.749421217000076, 16.036818031000053 ], [ 111.742081211000084, 16.044359659000065 ], [ 111.741402462000053, 16.04960533700006 ], [ 111.743263917000036, 16.057591585000068 ], [ 111.746796252000081, 16.065771033000033 ], [ 111.752159817000063, 16.070925975000023 ], [ 111.759392737000042, 16.074666548000039 ], [ 111.762497919000054, 16.075284661000069 ], [ 111.775140501000067, 16.076381870000034 ], [ 111.783258132000071, 16.077579924000077 ], [ 111.793695451000076, 16.076201857000058 ], [ 111.802004285000066, 16.075328931000058 ], [ 111.812449111000035, 16.074178139000026 ], [ 111.819323357000087, 16.073108694000041 ], [ 111.825213226000074, 16.070684108000023 ], [ 111.828646681000066, 16.065102557000046 ], [ 111.828219137000076, 16.057544252000071 ], [ 111.822764131000042, 16.048721917000023 ], [ 111.814310649000049, 16.043636919000051 ], [ 111.803544849000048, 16.041353298000047 ], [ 111.795870046000061, 16.038773871000046 ], [ 111.787935232000052, 16.035509651000041 ], [ 111.781922843000075, 16.03289137400003 ], [ 111.774995286000035, 16.031667663000064 ], [ 111.767121666000037, 16.030924212000059 ], [ 111.760468335000041, 16.031299710000042 ] ] } },
{ "type": "Feature", "properties": { "FNODE_": 235, "TNODE_": 235, "LPOLY_": 107, "RPOLY_": 1, "LENGTH": 14289.4, "BOUNT_": 255, "BOUNT_ID": 216, "GEO_CODE": 26200, "BCODE": 0, "BNAME": null, "BountName": "南海诸", "SHAPE_Leng": 0.12612125399 }, "geometry": { "type": "LineString", "coordinates": [ [ 113.949264536000101, 15.807282024000074 ], [ 113.969139909000091, 15.807285112000045 ], [ 113.975762278000047, 15.82781648200006 ], [ 113.966484791000084, 15.840646868000022 ], [ 113.949257003000071, 15.84192607500006 ], [ 113.934676928000044, 15.836790877000055 ], [ 113.934676788000047, 15.820110293000027 ], [ 113.949264536000101, 15.807282024000074 ] ] } },
{ "type": "Feature", "properties": { "FNODE_": 236, "TNODE_": 236, "LPOLY_": 108, "RPOLY_": 1, "LENGTH": 12685.5, "BOUNT_": 256, "BOUNT_ID": 217, "GEO_CODE": 26200, "BCODE": 0, "BNAME": null, "BountName": "南海诸", "SHAPE_Leng": 0.111623484961 }, "geometry": { "type": "LineString", "coordinates": [ [ 114.590530133000016, 15.616873897000062 ], [ 114.607322860000068, 15.616834151000035 ], [ 114.61511264, 15.634337133000031 ], [ 114.606544641000028, 15.650846415000046 ], [ 114.60353132900002, 15.651884062000022 ], [ 114.586723168000049, 15.643162134000022 ], [ 114.577643628000033, 15.626913608000052 ], [ 114.590530133000016, 15.616873897000062 ] ] } },
{ "type": "Feature", "properties": { "FNODE_": 237, "TNODE_": 237, "LPOLY_": 1, "RPOLY_": 109, "LENGTH": 11885.7, "BOUNT_": 257, "BOUNT_ID": 218, "GEO_CODE": 26200, "BCODE": 0, "BNAME": null, "BountName": "南海诸", "SHAPE_Leng": 0.104355966772 }, "geometry": { "type": "LineString", "coordinates": [ [ 113.893667804000074, 15.651994314000035 ], [ 113.889684895000073, 15.668676195000046 ], [ 113.900275079000039, 15.686645976000023 ], [ 113.916167182000095, 15.686652094000067 ], [ 113.918822282000065, 15.672536297000022 ], [ 113.916182339000102, 15.660986411000067 ], [ 113.893667804000074, 15.651994314000035 ] ] } },
{ "type": "Feature", "properties": { "FNODE_": 238, "TNODE_": 238, "LPOLY_": 110, "RPOLY_": 1, "LENGTH": 10851.2, "BOUNT_": 258, "BOUNT_ID": 219, "GEO_CODE": 26200, "BCODE": 0, "BNAME": null, "BountName": "南海诸", "SHAPE_Leng": 0.095780931386600002 }, "geometry": { "type": "LineString", "coordinates": [ [ 114.465198991000079, 15.577079191000053 ], [ 114.479405210000095, 15.580807679000031 ], [ 114.489445920000094, 15.592644029000041 ], [ 114.473950154000022, 15.602908767000031 ], [ 114.453815796000072, 15.600705822000066 ], [ 114.458408613000074, 15.585343013000056 ], [ 114.465198991000079, 15.577079191000053 ] ] } },
{ "type": "Feature", "properties": { "FNODE_": 239, "TNODE_": 239, "LPOLY_": 1, "RPOLY_": 112, "LENGTH": 8864.27, "BOUNT_": 259, "BOUNT_ID": 220, "GEO_CODE": 26010, "BCODE": 0, "BNAME": null, "BountName": "南海诸", "SHAPE_Leng": 0.078359404701400001 }, "geometry": { "type": "LineString", "coordinates": [ [ 111.205656483000041, 15.77742623000006 ], [ 111.193193351000048, 15.778384611000035 ], [ 111.184564840000064, 15.782219586000053 ], [ 111.196069403000081, 15.796599907000029 ], [ 111.203739315000064, 15.79947618500006 ], [ 111.214284689000067, 15.791806369000028 ], [ 111.205656483000041, 15.77742623000006 ] ] } },
{ "type": "Feature", "properties": { "FNODE_": 240, "TNODE_": 240, "LPOLY_": 111, "RPOLY_": 1, "LENGTH": 18615.3, "BOUNT_": 260, "BOUNT_ID": 221, "GEO_CODE": 26200, "BCODE": 0, "BNAME": null, "BountName": "南海诸", "SHAPE_Leng": 0.164199152662 }, "geometry": { "type": "LineString", "coordinates": [ [ 112.216205829000046, 15.694840348000071 ], [ 112.226726943000017, 15.696136023000065 ], [ 112.229244344000108, 15.697377085000028 ], [ 112.249783454000067, 15.713025258000073 ], [ 112.253918767000073, 15.724071518000073 ], [ 112.255513166000014, 15.736326789000032 ], [ 112.247449066000058, 15.744435261000035 ], [ 112.23608824300004, 15.742317938000042 ], [ 112.222240813000099, 15.734061568000072 ], [ 112.205897968000045, 15.722114974000021 ], [ 112.19919926700004, 15.715538151000032 ], [ 112.199275794000073, 15.705744552000056 ], [ 112.204395268000098, 15.69680014100004 ], [ 112.216205829000046, 15.694840348000071 ] ] } },
{ "type": "Feature", "properties": { "FNODE_": 241, "TNODE_": 241, "LPOLY_": 114, "RPOLY_": 1, "LENGTH": 9888.56, "BOUNT_": 261, "BOUNT_ID": 222, "GEO_CODE": 26200, "BCODE": 0, "BNAME": null, "BountName": "南海诸", "SHAPE_Leng": 0.086984860449900003 }, "geometry": { "type": "LineString", "coordinates": [ [ 114.265715990000103, 15.523622213000067 ], [ 114.2792280110001, 15.539011099000049 ], [ 114.261359654000103, 15.551669807000053 ], [ 114.252585732000057, 15.541480414000034 ], [ 114.24993792600003, 15.526611683000056 ], [ 114.265715990000103, 15.523622213000067 ] ] } },
{ "type": "Feature", "properties": { "FNODE_": 223, "TNODE_": 242, "LPOLY_": 1, "RPOLY_": 1, "LENGTH": 117837.0, "BOUNT_": 262, "BOUNT_ID": 223, "GEO_CODE": 61010, "BCODE": 0, "BNAME": null, "BountName": "国界", "SHAPE_Leng": 1.0200911189899999 }, "geometry": { "type": "LineString", "coordinates": [ [ 119.061881545, 16.028567981000037 ], [ 119.061820976000035, 15.999652945000037 ], [ 119.059620523000035, 15.008479368000053 ] ] } },
{ "type": "Feature", "properties": { "FNODE_": 243, "TNODE_": 243, "LPOLY_": 113, "RPOLY_": 1, "LENGTH": 89488.6, "BOUNT_": 263, "BOUNT_ID": 224, "GEO_CODE": 26100, "BCODE": 0, "BNAME": null, "BountName": "珊瑚礁", "SHAPE_Leng": 0.78512629278900004 }, "geometry": { "type": "LineString", "coordinates": [ [ 117.723110796000014, 15.106972935000044 ], [ 117.734066731000098, 15.106059731000073 ], [ 117.752339006000057, 15.106059835000053 ], [ 117.783399035000116, 15.105145896000067 ], [ 117.800756551000063, 15.106059267000035 ], [ 117.813543590000108, 15.106972810000059 ], [ 117.824957550000022, 15.109484975000044 ], [ 117.829069213000025, 15.11131195300004 ], [ 117.792531249000035, 15.12158895500005 ], [ 117.787053953000054, 15.119760794000058 ], [ 117.777913136000052, 15.118847638000034 ], [ 117.765126247000012, 15.123415327000032 ], [ 117.753254642000115, 15.126156177000041 ], [ 117.73315832500009, 15.126155700000027 ], [ 117.726764437000043, 15.127983521000033 ], [ 117.721279353000114, 15.132550585000047 ], [ 117.719441611000093, 15.141384664000043 ], [ 117.718540211000118, 15.15059500600006 ], [ 117.717335130000038, 15.160724112000025 ], [ 117.716641553000045, 15.170374769000034 ], [ 117.716838883000037, 15.179555230000062 ], [ 117.716640791000032, 15.189665454000021 ], [ 117.716839288000074, 15.196786466000049 ], [ 117.718441303000077, 15.202716672000065 ], [ 117.719739228000094, 15.209116498000071 ], [ 117.7220342170001, 15.217327096000076 ], [ 117.728237682000099, 15.219946913000058 ], [ 117.736141619000023, 15.220686909000051 ], [ 117.744938561000026, 15.214516188000061 ], [ 117.749241574000052, 15.207306359000029 ], [ 117.752239777000113, 15.201725699000065 ], [ 117.760739619000105, 15.192356160000031 ], [ 117.765042934, 15.185594557000059 ], [ 117.769140295000057, 15.179766093000069 ], [ 117.775639774000069, 15.173644775000071 ], [ 117.781240553000089, 15.170536018000064 ], [ 117.788038339000082, 15.167854875000046 ], [ 117.795339916000103, 15.164935831000037 ], [ 117.810041890000093, 15.159315009000068 ], [ 117.818243587000097, 15.156834592000052 ], [ 117.825141208000105, 15.155305267000074 ], [ 117.829742381000074, 15.149914271000057 ], [ 117.838141489, 15.126763191000066 ], [ 117.841040816000032, 15.132433154000068 ], [ 117.842239102, 15.141134743000066 ], [ 117.839743667000107, 15.152674526000055 ], [ 117.83213730500006, 15.163865294000061 ], [ 117.827338599000086, 15.16765524300007 ], [ 117.819838209000068, 15.170344546000024 ], [ 117.813239028000112, 15.172564775000069 ], [ 117.806936302000054, 15.174543869000047 ], [ 117.798040583000102, 15.17819481500004 ], [ 117.788838984000108, 15.181386014000054 ], [ 117.778836860000069, 15.188725958000077 ], [ 117.771939840000073, 15.196005828000068 ], [ 117.768536912000059, 15.201366049000058 ], [ 117.766042532000029, 15.206925016000071 ], [ 117.762639780000086, 15.212057181000034 ], [ 117.756138824000118, 15.21931578300007 ], [ 117.75063787800002, 15.224955695000062 ], [ 117.744641720000118, 15.231056236000029 ], [ 117.739041007000083, 15.235546936000048 ], [ 117.731739022000056, 15.235026621000031 ], [ 117.723439412000062, 15.23428665800003 ], [ 117.715236584000081, 15.23010610800003 ], [ 117.711536452000018, 15.223997574000066 ], [ 117.710437702000036, 15.214836674000026 ], [ 117.708736724000119, 15.203855773000043 ], [ 117.706340766000039, 15.192195951000031 ], [ 117.704639327000109, 15.183965177000061 ], [ 117.704738393000071, 15.176385846000073 ], [ 117.704540526000073, 15.169965411000078 ], [ 117.705135227000028, 15.161914872000068 ], [ 117.705341665000105, 15.152264930000058 ], [ 117.704837425000051, 15.143545146000065 ], [ 117.70544046100008, 15.137104570000076 ], [ 117.70624164700007, 15.130193619000067 ], [ 117.709041102000015, 15.119803593000029 ], [ 117.714939680000043, 15.112094052000032 ], [ 117.723110796000014, 15.106972935000044 ] ] } },
{ "type": "Feature", "properties": { "FNODE_": 244, "TNODE_": 244, "LPOLY_": 115, "RPOLY_": 1, "LENGTH": 12204.7, "BOUNT_": 264, "BOUNT_ID": 225, "GEO_CODE": 26200, "BCODE": 0, "BNAME": null, "BountName": "南海诸", "SHAPE_Leng": 0.10750448734900001 }, "geometry": { "type": "LineString", "coordinates": [ [ 113.871251243000074, 15.463320147000047 ], [ 113.892423328000064, 15.467181062000066 ], [ 113.895063541000013, 15.480017176000047 ], [ 113.888440676000073, 15.491564321000055 ], [ 113.868589057, 15.492839984000057 ], [ 113.856678804000012, 15.478714754000066 ], [ 113.871251243000074, 15.463320147000047 ] ] } },
{ "type": "Feature", "properties": { "FNODE_": 245, "TNODE_": 245, "LPOLY_": 116, "RPOLY_": 1, "LENGTH": 11624.7, "BOUNT_": 265, "BOUNT_ID": 226, "GEO_CODE": 26200, "BCODE": 0, "BNAME": null, "BountName": "南海诸", "SHAPE_Leng": 0.10284123084000001 }, "geometry": { "type": "LineString", "coordinates": [ [ 114.010452889000021, 15.412162134000027 ], [ 114.019547442000089, 15.414947288000064 ], [ 114.020508864000021, 15.422374348000062 ], [ 114.010453278000114, 15.430267024000045 ], [ 114.000450912000019, 15.433289887000058 ], [ 113.989746652, 15.434773095000025 ], [ 113.981857189000038, 15.430401926000059 ], [ 113.978485109000076, 15.421660345000078 ], [ 114.000450668000099, 15.414141327000038 ], [ 114.010452889000021, 15.412162134000027 ] ] } },
{ "type": "Feature", "properties": { "FNODE_": 232, "TNODE_": 246, "LPOLY_": 1, "RPOLY_": 1, "LENGTH": 136769.0, "BOUNT_": 266, "BOUNT_ID": 227, "GEO_CODE": 61010, "BCODE": 0, "BNAME": null, "BountName": "国界", "SHAPE_Leng": 1.1941272012099999 }, "geometry": { "type": "LineString", "coordinates": [ [ 109.301843889000054, 16.19922484500006 ], [ 109.451528224000072, 15.999673907000044 ], [ 109.45814309800005, 15.991788089000067 ], [ 109.52233072100006, 15.918013813000073 ], [ 109.581681174000039, 15.835989103000031 ], [ 109.627046612000072, 15.762463148000052 ], [ 109.635095677000038, 15.748842923000041 ], [ 109.647379342000079, 15.728045574000078 ], [ 109.653841459000034, 15.71650582500007 ], [ 109.669283714000073, 15.688936472000023 ], [ 109.682871986000066, 15.661766546000024 ], [ 109.688060019000034, 15.651390496000033 ], [ 109.700664158000052, 15.626182576000076 ], [ 109.706828728000062, 15.61384442800005 ], [ 109.716479998000068, 15.59340061000006 ], [ 109.726604572000042, 15.571958577000032 ], [ 109.731678241000054, 15.560205617000065 ], [ 109.738911037000037, 15.543437763000043 ], [ 109.747784309000053, 15.522877014000073 ], [ 109.753758076000054, 15.509029591000058 ], [ 109.76194459900006, 15.487191 ], [ 109.767979643000047, 15.471099848000051 ], [ 109.777226705000089, 15.446454149000033 ], [ 109.781079595000051, 15.434470555000075 ], [ 109.787839332000033, 15.413418339000032 ], [ 109.791303093000067, 15.402650400000027 ], [ 109.816335777000063, 15.321301919000064 ], [ 109.82140165800007, 15.303078719000041 ], [ 109.826193036000063, 15.285812446000023 ], [ 109.831983944000058, 15.264983877000077 ], [ 109.83538653100004, 15.249680700000056 ], [ 109.841368045000081, 15.222744804000058 ], [ 109.855444761000058, 15.158604523000065 ] ] } },
{ "type": "Feature", "properties": { "FNODE_": 249, "TNODE_": 249, "LPOLY_": 117, "RPOLY_": 1, "LENGTH": 24845.7, "BOUNT_": 267, "BOUNT_ID": 228, "GEO_CODE": 26200, "BCODE": 0, "BNAME": null, "BountName": "南海诸", "SHAPE_Leng": 0.21077548119 }, "geometry": { "type": "LineString", "coordinates": [ [ 114.726969695000093, 11.426546588000065 ], [ 114.734034139000073, 11.441534540000077 ], [ 114.734102946, 11.464624023000056 ], [ 114.725970173000064, 11.484273976000054 ], [ 114.715479327000025, 11.501621838000062 ], [ 114.698267258000101, 11.502384053000071 ], [ 114.677995405000047, 11.492486868000071 ], [ 114.683793737000087, 11.471690391000038 ], [ 114.68725741500009, 11.453208648000043 ], [ 114.698915309000085, 11.438168220000023 ], [ 114.726969695000093, 11.426546588000065 ] ] } },
{ "type": "Feature", "properties": { "FNODE_": 250, "TNODE_": 247, "LPOLY_": 1, "RPOLY_": 1, "LENGTH": 137713.0, "BOUNT_": 268, "BOUNT_ID": 229, "GEO_CODE": 61010, "BCODE": 0, "BNAME": null, "BountName": "国界", "SHAPE_Leng": 1.1640362906899999 }, "geometry": { "type": "LineString", "coordinates": [ [ 118.539152280000053, 10.906068168000047 ], [ 118.588798180000026, 10.989571711000053 ], [ 118.629425705000017, 11.061789916000066 ], [ 118.712924688000044, 11.237822612000059 ], [ 118.773861661000069, 11.366462155000022 ], [ 118.794172427000035, 11.413856654000028 ], [ 118.846083166000085, 11.551521817000037 ], [ 118.882187039000087, 11.648567196000045 ], [ 118.888824463000105, 11.668472654000027 ], [ 118.897988010000063, 11.695960249000052 ], [ 118.903297427000098, 11.712636873000065 ], [ 118.913788911000097, 11.745609881000064 ], [ 118.947641834000024, 11.853938644000038 ], [ 118.978701310000019, 11.979207895000059 ] ] } },
{ "type": "Feature", "properties": { "FNODE_": 251, "TNODE_": 251, "LPOLY_": 118, "RPOLY_": 1, "LENGTH": 18880.9, "BOUNT_": 269, "BOUNT_ID": 230, "GEO_CODE": 26200, "BCODE": 0, "BNAME": null, "BountName": "南海诸", "SHAPE_Leng": 0.15970339558300001 }, "geometry": { "type": "LineString", "coordinates": [ [ 117.280800574000068, 11.02642447900007 ], [ 117.300767284000017, 11.028514167000026 ], [ 117.306305841000039, 11.052359308000064 ], [ 117.295731446000104, 11.078758005000054 ], [ 117.277702537000096, 11.079927332000068 ], [ 117.260665452000012, 11.06396178500006 ], [ 117.263488553000116, 11.042426173000024 ], [ 117.280800574000068, 11.02642447900007 ] ] } },
{ "type": "Feature", "properties": { "FNODE_": 252, "TNODE_": 252, "LPOLY_": 1, "RPOLY_": 119, "LENGTH": 30450.8, "BOUNT_": 270, "BOUNT_ID": 231, "GEO_CODE": 26200, "BCODE": 0, "BNAME": null, "BountName": "南海诸", "SHAPE_Leng": 0.25687538430200002 }, "geometry": { "type": "LineString", "coordinates": [ [ 117.774425743000052, 10.751805063000063 ], [ 117.768146988000012, 10.75502737000005 ], [ 117.767391546000113, 10.774858026000061 ], [ 117.769985821000091, 10.807160679000049 ], [ 117.784031705000075, 10.828861952000068 ], [ 117.808544555000026, 10.845191915000044 ], [ 117.823270165000054, 10.841842219000057 ], [ 117.833646728000076, 10.830211861000066 ], [ 117.832211348000101, 10.805197368000051 ], [ 117.819088386000089, 10.775138502000061 ], [ 117.797664138000073, 10.753548652000063 ], [ 117.774425743000052, 10.751805063000063 ] ] } },
{ "type": "Feature", "properties": { "FNODE_": 248, "TNODE_": 253, "LPOLY_": 1, "RPOLY_": 1, "LENGTH": 123112.0, "BOUNT_": 271, "BOUNT_ID": 232, "GEO_CODE": 61010, "BCODE": 0, "BNAME": null, "BountName": "国界", "SHAPE_Leng": 1.0420854318799999 }, "geometry": { "type": "LineString", "coordinates": [ [ 110.323606602000041, 12.240070974000048 ], [ 110.321584357000063, 11.999564904000067 ], [ 110.314015647000076, 11.923604151000063 ], [ 110.310315349000064, 11.895214770000052 ], [ 110.307248184000059, 11.871696166000049 ], [ 110.300480831000073, 11.82204667700006 ], [ 110.293224972000075, 11.786979312000028 ], [ 110.286938098000064, 11.756597704000058 ], [ 110.27810316700004, 11.713896705000025 ], [ 110.27339554200006, 11.691148860000055 ], [ 110.246310423000068, 11.596363168000039 ], [ 110.214716226000064, 11.515115836000064 ], [ 110.185380510000073, 11.456438994000052 ], [ 110.171837776000075, 11.429356111000061 ], [ 110.122184598000047, 11.343595823000044 ], [ 110.06576362900006, 11.251065899000025 ] ] } },
{ "type": "Feature", "properties": { "FNODE_": 254, "TNODE_": 254, "LPOLY_": 1, "RPOLY_": 120, "LENGTH": 23016.7, "BOUNT_": 272, "BOUNT_ID": 233, "GEO_CODE": 26100, "BCODE": 0, "BNAME": null, "BountName": "珊瑚礁", "SHAPE_Leng": 0.194313573155 }, "geometry": { "type": "LineString", "coordinates": [ [ 114.921316479000097, 10.838575543000047 ], [ 114.9135885500001, 10.84159857700007 ], [ 114.907568304000051, 10.852601923000066 ], [ 114.904585093000037, 10.865922146000059 ], [ 114.91204661800009, 10.87953970600006 ], [ 114.920836201000043, 10.890157092000038 ], [ 114.927954341000031, 10.90310940300003 ], [ 114.936332328000049, 10.909388904000025 ], [ 114.944014805000052, 10.910038493000059 ], [ 114.954909321000059, 10.908668571000021 ], [ 114.960608919000038, 10.902323988000035 ], [ 114.959578668000063, 10.896670802000074 ], [ 114.956863147000035, 10.890357790000053 ], [ 114.954444237000075, 10.875058763000027 ], [ 114.951056799000071, 10.869747511000071 ], [ 114.946669544000088, 10.866436007000061 ], [ 114.941252440000085, 10.857138526000028 ], [ 114.935164715000042, 10.84984015200007 ], [ 114.927733031000116, 10.84321142400006 ], [ 114.921316479000097, 10.838575543000047 ] ] } },
{ "type": "Feature", "properties": { "FNODE_": 255, "TNODE_": 255, "LPOLY_": 1, "RPOLY_": 121, "LENGTH": 24209.2, "BOUNT_": 273, "BOUNT_ID": 234, "GEO_CODE": 26100, "BCODE": 0, "BNAME": null, "BountName": "珊瑚礁", "SHAPE_Leng": 0.20484174311299999 }, "geometry": { "type": "LineString", "coordinates": [ [ 114.079888973000038, 10.868422027000065 ], [ 114.068635473000086, 10.87300698100006 ], [ 114.05672606600001, 10.880207570000039 ], [ 114.056725488000097, 10.891985874000056 ], [ 114.067986904, 10.908343628000068 ], [ 114.081231948000095, 10.921428067000022 ], [ 114.091829612000083, 10.928622461000032 ], [ 114.10735572100009, 10.922814650000021 ], [ 114.113863880000054, 10.920268755000052 ], [ 114.120127595000099, 10.914963999000065 ], [ 114.124529755000026, 10.910127474000035 ], [ 114.127299551000078, 10.904831895000029 ], [ 114.127055493000057, 10.901387064000062 ], [ 114.124010847000022, 10.896339667000063 ], [ 114.124003630000061, 10.893583016000036 ], [ 114.124453344000017, 10.889213777000066 ], [ 114.123042002000034, 10.884622308000075 ], [ 114.117442, 10.880270883000037 ], [ 114.113718691000031, 10.879593212000032 ], [ 114.112993976000098, 10.874300679000044 ], [ 114.105051187000072, 10.871685722000052 ], [ 114.098429115000044, 10.869724830000052 ], [ 114.089159133000067, 10.868420317000073 ], [ 114.079888973000038, 10.868422027000065 ] ] } },
{ "type": "Feature", "properties": { "FNODE_": 256, "TNODE_": 256, "LPOLY_": 1, "RPOLY_": 122, "LENGTH": 18624.4, "BOUNT_": 274, "BOUNT_ID": 235, "GEO_CODE": 26200, "BCODE": 0, "BNAME": null, "BountName": "南海诸", "SHAPE_Leng": 0.15657624642699999 }, "geometry": { "type": "LineString", "coordinates": [ [ 117.267019661000063, 10.304889252000066 ], [ 117.251280792000102, 10.322218985000063 ], [ 117.257582623000076, 10.34651659900004 ], [ 117.271055399000034, 10.359521831000052 ], [ 117.293548869, 10.349350260000051 ], [ 117.297912283000073, 10.326893660000053 ], [ 117.286353823000013, 10.307936245000064 ], [ 117.267019661000063, 10.304889252000066 ] ] } },
{ "type": "Feature", "properties": { "FNODE_": 257, "TNODE_": 257, "LPOLY_": 123, "RPOLY_": 1, "LENGTH": 68248.4, "BOUNT_": 275, "BOUNT_ID": 236, "GEO_CODE": 26200, "BCODE": 0, "BNAME": null, "BountName": "南海诸", "SHAPE_Leng": 0.57504339295499995 }, "geometry": { "type": "LineString", "coordinates": [ [ 116.507953662000091, 10.300777070000038 ], [ 116.533321910000041, 10.302535146000025 ], [ 116.561764881000045, 10.307273360000067 ], [ 116.599417585000083, 10.319949136000048 ], [ 116.629980764000038, 10.333696347000057 ], [ 116.642310513000098, 10.348632800000075 ], [ 116.641410428000086, 10.359689916000036 ], [ 116.631309140000099, 10.363809976000027 ], [ 116.606917011000064, 10.359038671000064 ], [ 116.572355586000072, 10.351353910000057 ], [ 116.539853881000113, 10.346657390000075 ], [ 116.519581431, 10.347860191000052 ], [ 116.5104723070001, 10.349958207000043 ], [ 116.506512377000035, 10.360038718000055 ], [ 116.517864512000074, 10.379008433000024 ], [ 116.533245893000071, 10.395929445000036 ], [ 116.538533409000024, 10.41696679000006 ], [ 116.532529520000026, 10.425059677000036 ], [ 116.521397804000117, 10.428182407000065 ], [ 116.489666390000025, 10.399369404000026 ], [ 116.460773060000065, 10.349436246000039 ], [ 116.456584338000084, 10.33642155900003 ], [ 116.461467332000097, 10.317294324000045 ], [ 116.471530697000048, 10.309163900000044 ], [ 116.507953662000091, 10.300777070000038 ] ] } },
{ "type": "Feature", "properties": { "FNODE_": 258, "TNODE_": 258, "LPOLY_": 1, "RPOLY_": 124, "LENGTH": 25365.1, "BOUNT_": 276, "BOUNT_ID": 237, "GEO_CODE": 26100, "BCODE": 0, "BNAME": null, "BountName": "珊瑚礁", "SHAPE_Leng": 0.21328074206299999 }, "geometry": { "type": "LineString", "coordinates": [ [ 114.701355524000064, 10.314135721000071 ], [ 114.69879921100005, 10.314377146000027 ], [ 114.696952674000045, 10.316684833000068 ], [ 114.695121633000099, 10.321059450000064 ], [ 114.690842368000062, 10.322629155000072 ], [ 114.68856783800004, 10.326246541000046 ], [ 114.68585224200001, 10.332122134000031 ], [ 114.687233431000095, 10.33753566300004 ], [ 114.687706008000077, 10.343402683000022 ], [ 114.686805384000081, 10.347918650000054 ], [ 114.689567639000074, 10.358747178000044 ], [ 114.694137503000093, 10.36234591300007 ], [ 114.696891949000019, 10.367304421000028 ], [ 114.7001038840001, 10.375422219000029 ], [ 114.713798989000111, 10.381478101000027 ], [ 114.722008513000105, 10.381230603000063 ], [ 114.730050467000069, 10.379509979000034 ], [ 114.741601554000113, 10.375756575000025 ], [ 114.747049323000056, 10.368066131000035 ], [ 114.742920965000053, 10.359951387000024 ], [ 114.73835903500003, 10.359062861000041 ], [ 114.736054664000108, 10.351394546000051 ], [ 114.736618934000035, 10.343285693000041 ], [ 114.730996010000013, 10.337414034000062 ], [ 114.725968279000085, 10.331108366000024 ], [ 114.722290801000099, 10.320735203000027 ], [ 114.714996572000018, 10.320305433000044 ], [ 114.707924613000046, 10.325598174000049 ], [ 114.707443738000052, 10.323532346000036 ], [ 114.705093626, 10.317797579000057 ], [ 114.704147632000058, 10.31527331500007 ], [ 114.701355524000064, 10.314135721000071 ] ] } },
{ "type": "Feature", "properties": { "FNODE_": 259, "TNODE_": 259, "LPOLY_": 1, "RPOLY_": 126, "LENGTH": 28073.2, "BOUNT_": 277, "BOUNT_ID": 238, "GEO_CODE": 26100, "BCODE": 0, "BNAME": null, "BountName": "珊瑚礁", "SHAPE_Leng": 0.235423158401 }, "geometry": { "type": "LineString", "coordinates": [ [ 115.536746811000057, 9.841110142000048 ], [ 115.532580746, 9.842059630000051 ], [ 115.529338634000055, 9.842773496000063 ], [ 115.514315368000098, 9.849314867000032 ], [ 115.511317648000045, 9.851862631000074 ], [ 115.508334327000057, 9.855791224000029 ], [ 115.505579728000043, 9.859488752000061 ], [ 115.506358458000022, 9.870746845000042 ], [ 115.506640466000022, 9.876490688000047 ], [ 115.508303996000109, 9.881535615000075 ], [ 115.510669859000018, 9.887265058000025 ], [ 115.513248895000061, 9.89046511500004 ], [ 115.522234869000044, 9.897893070000066 ], [ 115.527446535000081, 9.897261688000071 ], [ 115.529079276000061, 9.897938784000075 ], [ 115.532329704000063, 9.898605931000077 ], [ 115.535572271000092, 9.898353014000065 ], [ 115.547406132000106, 9.898497375000034 ], [ 115.554379893000032, 9.899828426000056 ], [ 115.557614303000037, 9.898425888000077 ], [ 115.576832308, 9.892599705000066 ], [ 115.578663762000019, 9.891379750000056 ], [ 115.582829757000013, 9.889971120000041 ], [ 115.58605745300008, 9.887418701000058 ], [ 115.58804060600005, 9.874991521000027 ], [ 115.588941435000038, 9.871077832000026 ], [ 115.588437678000105, 9.866714858000023 ], [ 115.587483374000044, 9.863044461000072 ], [ 115.587217304000092, 9.859137880000048 ], [ 115.578328322000061, 9.849549722000063 ], [ 115.573644133000016, 9.844295977000058 ], [ 115.56714290900004, 9.842963527000052 ], [ 115.561802780000107, 9.842312120000031 ], [ 115.556461602000013, 9.841200352000044 ], [ 115.542789049000021, 9.843136639000022 ], [ 115.54115755700002, 9.841539649000026 ], [ 115.536746811000057, 9.841110142000048 ] ] } },
{ "type": "Feature", "properties": { "FNODE_": 260, "TNODE_": 260, "LPOLY_": 125, "RPOLY_": 1, "LENGTH": 35173.0, "BOUNT_": 278, "BOUNT_ID": 239, "GEO_CODE": 26100, "BCODE": 0, "BNAME": null, "BountName": "珊瑚礁", "SHAPE_Leng": 0.29444077808399999 }, "geometry": { "type": "LineString", "coordinates": [ [ 113.854937508000035, 9.976116068000067 ], [ 113.862941059000036, 9.978294921000042 ], [ 113.870105068000044, 9.977926336000053 ], [ 113.877627706000112, 9.986268718000076 ], [ 113.877620447000027, 9.999871636000023 ], [ 113.884692649000044, 10.013478548000023 ], [ 113.888667761000079, 10.034983710000063 ], [ 113.892207814000017, 10.053416769000023 ], [ 113.894413133000057, 10.06351187000007 ], [ 113.896625475000064, 10.075361800000053 ], [ 113.896618022000098, 10.085455742000022 ], [ 113.886432764, 10.094229120000023 ], [ 113.87181444700002, 10.098171966000052 ], [ 113.866053820000047, 10.094218862000048 ], [ 113.864733994000062, 10.088951781000048 ], [ 113.862521472000026, 10.086316473000068 ], [ 113.860751611000069, 10.081927667000059 ], [ 113.858096264000096, 10.078854436000029 ], [ 113.85721099400007, 10.073147974000051 ], [ 113.857218824000029, 10.063054405000059 ], [ 113.855456436000054, 10.048571323000033 ], [ 113.853251489000058, 10.034088547000067 ], [ 113.850161649000029, 10.020922118000044 ], [ 113.845736300000112, 10.009070146000056 ], [ 113.846438060000082, 9.997150984000029 ], [ 113.843119315000081, 9.990541995000058 ], [ 113.842844749000051, 9.985103408000043 ], [ 113.843233628, 9.982033580000063 ], [ 113.849238040000046, 9.977809881000042 ], [ 113.854937508000035, 9.976116068000067 ] ] } },
{ "type": "Feature", "properties": { "FNODE_": 261, "TNODE_": 261, "LPOLY_": 1, "RPOLY_": 127, "LENGTH": 26748.3, "BOUNT_": 279, "BOUNT_ID": 240, "GEO_CODE": 26100, "BCODE": 0, "BNAME": null, "BountName": "珊瑚礁", "SHAPE_Leng": 0.22340181625200001 }, "geometry": { "type": "LineString", "coordinates": [ [ 116.928258350000078, 9.411863142000072 ], [ 116.913967873000047, 9.415279937000037 ], [ 116.911557059000074, 9.419779314000039 ], [ 116.912114346000067, 9.42811056100004 ], [ 116.907285000000115, 9.430923482000026 ], [ 116.907048556000063, 9.435811749000038 ], [ 116.908489596000095, 9.441388984000071 ], [ 116.910580488000051, 9.44549900100003 ], [ 116.915187964000097, 9.452441868000051 ], [ 116.927190008000025, 9.461074853000071 ], [ 116.935468256000036, 9.468704869000021 ], [ 116.949384765000104, 9.467731731000072 ], [ 116.967420314000037, 9.469555892000074 ], [ 116.971502304000069, 9.46788351400005 ], [ 116.973898690000055, 9.462974784000039 ], [ 116.97542429300006, 9.453604655000049 ], [ 116.986021526000059, 9.449415716000033 ], [ 116.98305321700002, 9.44091267500005 ], [ 116.975935273000118, 9.427170126000021 ], [ 116.96889292000003, 9.420340371000066 ], [ 116.95857844000011, 9.413953444000072 ], [ 116.94257141300011, 9.410480161000066 ], [ 116.928258350000078, 9.411863142000072 ] ] } },
{ "type": "Feature", "properties": { "FNODE_": 262, "TNODE_": 262, "LPOLY_": 128, "RPOLY_": 1, "LENGTH": 25586.6, "BOUNT_": 280, "BOUNT_ID": 241, "GEO_CODE": 26100, "BCODE": 0, "BNAME": null, "BountName": "珊瑚礁", "SHAPE_Leng": 0.21343598590599999 }, "geometry": { "type": "LineString", "coordinates": [ [ 115.954320114000097, 9.268451094000056 ], [ 115.973127139000098, 9.269427493000023 ], [ 115.981435812000086, 9.274592502000075 ], [ 115.992376463000028, 9.278988726000023 ], [ 115.997343166000064, 9.289035678000062 ], [ 115.995886379000012, 9.295021888000065 ], [ 115.973929051000027, 9.323580625000034 ], [ 115.959264223000105, 9.324440611000057 ], [ 115.950223152000035, 9.32226845100007 ], [ 115.942708049000089, 9.32307189900007 ], [ 115.940060826000035, 9.320851755000035 ], [ 115.935917154000094, 9.31976275300002 ], [ 115.93100383, 9.317185232000043 ], [ 115.923077651000085, 9.312761930000022 ], [ 115.919651712000018, 9.307559033000075 ], [ 115.919239735000019, 9.302333444000055 ], [ 115.91879692200007, 9.293745575000059 ], [ 115.929607641000075, 9.281339182000067 ], [ 115.939679124, 9.271177430000023 ], [ 115.954320114000097, 9.268451094000056 ] ] } },
{ "type": "Feature", "properties": { "FNODE_": 263, "TNODE_": 263, "LPOLY_": 1, "RPOLY_": 129, "LENGTH": 22219.3, "BOUNT_": 281, "BOUNT_ID": 242, "GEO_CODE": 26200, "BCODE": 0, "BNAME": null, "BountName": "南海诸", "SHAPE_Leng": 0.18579541666800001 }, "geometry": { "type": "LineString", "coordinates": [ [ 112.542916971000068, 9.517011698000033 ], [ 112.521035798000071, 9.519441178000022 ], [ 112.50426561900008, 9.527005344000031 ], [ 112.508011767000085, 9.546184199000038 ], [ 112.524659948000021, 9.560328595000044 ], [ 112.545229275000111, 9.563000572000021 ], [ 112.56328829000006, 9.555440025000053 ], [ 112.573687464000045, 9.536342252000054 ], [ 112.564783597000087, 9.518412429000023 ], [ 112.542916971000068, 9.517011698000033 ] ] } },
{ "type": "Feature", "properties": { "FNODE_": 264, "TNODE_": 264, "LPOLY_": 1, "RPOLY_": 130, "LENGTH": 18898.8, "BOUNT_": 282, "BOUNT_ID": 243, "GEO_CODE": 26100, "BCODE": 0, "BNAME": null, "BountName": "珊瑚礁", "SHAPE_Leng": 0.157303762002 }, "geometry": { "type": "LineString", "coordinates": [ [ 116.479233824000062, 9.13405565100004 ], [ 116.4679274020001, 9.142190533000075 ], [ 116.463205144000085, 9.147344642000064 ], [ 116.458496884000056, 9.153956293000022 ], [ 116.44931155800009, 9.169797054000071 ], [ 116.452599122000038, 9.174591766000049 ], [ 116.45658242200011, 9.178690488000029 ], [ 116.460053518000109, 9.179115635000073 ], [ 116.4635553600001, 9.181839229000047 ], [ 116.47127695100005, 9.184113658000058 ], [ 116.477907090000031, 9.186238980000041 ], [ 116.48784154100008, 9.18833188800005 ], [ 116.494706906000033, 9.176954393000074 ], [ 116.49853685800008, 9.155756454000027 ], [ 116.490404356000113, 9.149998190000076 ], [ 116.486993856000026, 9.139452686000027 ], [ 116.479233824000062, 9.13405565100004 ] ] } },
{ "type": "Feature", "properties": { "FNODE_": 265, "TNODE_": 265, "LPOLY_": 131, "RPOLY_": 132, "LENGTH": 5075.44, "BOUNT_": 283, "BOUNT_ID": 244, "GEO_CODE": 26010, "BCODE": 0, "BNAME": null, "BountName": "南海诸", "SHAPE_Leng": 0.0422207173384 }, "geometry": { "type": "LineString", "coordinates": [ [ 113.711246197000037, 9.003329549000057 ], [ 113.705423598000039, 9.006564512000068 ], [ 113.706070152000052, 9.011739938000062 ], [ 113.713186830000041, 9.01562158400003 ], [ 113.720303582000042, 9.011739314000067 ], [ 113.718362899000113, 9.00526958100005 ], [ 113.711246197000037, 9.003329549000057 ] ] } },
{ "type": "Feature", "properties": { "FNODE_": 266, "TNODE_": 266, "LPOLY_": 1, "RPOLY_": 131, "LENGTH": 27622.5, "BOUNT_": 284, "BOUNT_ID": 245, "GEO_CODE": 26100, "BCODE": 0, "BNAME": null, "BountName": "珊瑚礁", "SHAPE_Leng": 0.22987457696800001 }, "geometry": { "type": "LineString", "coordinates": [ [ 113.650532178000049, 8.963606360000028 ], [ 113.643131738000079, 8.966468678000069 ], [ 113.63772980400006, 8.972520379000059 ], [ 113.634334793000107, 8.978312178000067 ], [ 113.636028646000113, 8.98472051400006 ], [ 113.640934199000071, 8.990852686000039 ], [ 113.649631900000031, 8.996930291000069 ], [ 113.66103079800007, 9.000443114000063 ], [ 113.673329545000115, 9.003940295000064 ], [ 113.690930946000094, 9.008507826000027 ], [ 113.698019030000069, 9.012755269000024 ], [ 113.704854975000103, 9.015598571000055 ], [ 113.715231023000115, 9.021252009000023 ], [ 113.719335648000083, 9.01843449200004 ], [ 113.723631172000069, 9.014006559000052 ], [ 113.726332106000086, 9.009602994000034 ], [ 113.726935070000081, 9.003850240000077 ], [ 113.724836991000075, 9.000434517000031 ], [ 113.720144749000042, 8.999122474000046 ], [ 113.71303388900003, 8.998539311000059 ], [ 113.707136405000028, 8.994259776000035 ], [ 113.697835572000031, 8.989112123000041 ], [ 113.687535705000073, 8.980760382000028 ], [ 113.681935501000112, 8.974869458000057 ], [ 113.676335410000092, 8.97288336500003 ], [ 113.667332578000014, 8.973013509000054 ], [ 113.658429049, 8.968546854000067 ], [ 113.650532178000049, 8.963606360000028 ] ] } },
{ "type": "Feature", "properties": { "FNODE_": 267, "TNODE_": 267, "LPOLY_": 133, "RPOLY_": 1, "LENGTH": 27584.9, "BOUNT_": 285, "BOUNT_ID": 246, "GEO_CODE": 26100, "BCODE": 0, "BNAME": null, "BountName": "珊瑚礁", "SHAPE_Leng": 0.229137736639 }, "geometry": { "type": "LineString", "coordinates": [ [ 114.61198050500002, 8.832275965000065 ], [ 114.616626717000031, 8.836163498000076 ], [ 114.622653927000101, 8.840274983000029 ], [ 114.630291865000117, 8.841619807000029 ], [ 114.635846098000115, 8.842745369000056 ], [ 114.642109748000053, 8.846395207000057 ], [ 114.647907712, 8.850047177000022 ], [ 114.655331895000018, 8.853690382000025 ], [ 114.666707776000067, 8.863522689000035 ], [ 114.67860199900008, 8.882658392000053 ], [ 114.672101710000106, 8.891018830000064 ], [ 114.661870656000019, 8.901243833000024 ], [ 114.650678033000077, 8.897564220000049 ], [ 114.633892636000041, 8.896679179000046 ], [ 114.623615885000049, 8.886507624000046 ], [ 114.609615771000108, 8.878198369000074 ], [ 114.598384165000084, 8.860611916000039 ], [ 114.595562003000055, 8.847640263000073 ], [ 114.601833296000109, 8.837145582000062 ], [ 114.603908574000116, 8.83462952800005 ], [ 114.61198050500002, 8.832275965000065 ] ] } },
{ "type": "Feature", "properties": { "FNODE_": 268, "TNODE_": 268, "LPOLY_": 134, "RPOLY_": 1, "LENGTH": 25464.5, "BOUNT_": 286, "BOUNT_ID": 247, "GEO_CODE": 26200, "BCODE": 0, "BNAME": null, "BountName": "南海诸", "SHAPE_Leng": 0.210713213999 }, "geometry": { "type": "LineString", "coordinates": [ [ 115.521165474000099, 8.460635788000047 ], [ 115.554750804000037, 8.464609157000041 ], [ 115.565409521000106, 8.491694433000021 ], [ 115.557208167000113, 8.523070191000045 ], [ 115.529947924000112, 8.525324301000069 ], [ 115.508935639000015, 8.519183870000063 ], [ 115.500382982000019, 8.492084075000037 ], [ 115.521165474000099, 8.460635788000047 ] ] } },
{ "type": "Feature", "properties": { "FNODE_": 269, "TNODE_": 269, "LPOLY_": 1, "RPOLY_": 135, "LENGTH": 23438.0, "BOUNT_": 287, "BOUNT_ID": 248, "GEO_CODE": 26100, "BCODE": 0, "BNAME": null, "BountName": "珊瑚礁", "SHAPE_Leng": 0.19432900866899999 }, "geometry": { "type": "LineString", "coordinates": [ [ 111.66662913600004, 8.624874399000021 ], [ 111.655703543000072, 8.628716516000054 ], [ 111.647715336000033, 8.635540794000065 ], [ 111.645487502000037, 8.653874765000069 ], [ 111.651583401000039, 8.66209051900006 ], [ 111.652583144000062, 8.668053533000034 ], [ 111.657244754000089, 8.676031908000027 ], [ 111.66910112000005, 8.67909605400007 ], [ 111.690891323000073, 8.679294266000056 ], [ 111.701824087000034, 8.674465825000027 ], [ 111.709789400000034, 8.669610135000028 ], [ 111.714848076000067, 8.657831078000072 ], [ 111.701137501000062, 8.640955132000045 ], [ 111.685390300000051, 8.630957762000037 ], [ 111.66662913600004, 8.624874399000021 ] ] } },
{ "type": "Feature", "properties": { "FNODE_": 270, "TNODE_": 270, "LPOLY_": 1, "RPOLY_": 136, "LENGTH": 44795.4, "BOUNT_": 288, "BOUNT_ID": 249, "GEO_CODE": 26100, "BCODE": 0, "BNAME": null, "BountName": "珊瑚礁", "SHAPE_Leng": 0.37055544275800001 }, "geometry": { "type": "LineString", "coordinates": [ [ 115.262911735000102, 8.314699081000072 ], [ 115.247493124000016, 8.32258334200003 ], [ 115.233874232000062, 8.322648664000042 ], [ 115.224162027000034, 8.326573544000041 ], [ 115.211519759000112, 8.328571508000039 ], [ 115.203759859000115, 8.33442387100007 ], [ 115.194047319000106, 8.337375795000071 ], [ 115.184358167000028, 8.346144572000071 ], [ 115.178528889000063, 8.34907845500004 ], [ 115.173676472000011, 8.35200909200006 ], [ 115.17070886800002, 8.356247697000072 ], [ 115.165108761000056, 8.362347576000047 ], [ 115.166543034000028, 8.369347951000066 ], [ 115.167046802000073, 8.375419061000059 ], [ 115.166603663000046, 8.381028054000069 ], [ 115.16384959800007, 8.387538559000063 ], [ 115.169000076000088, 8.392696432000037 ], [ 115.174645727000097, 8.396408412000028 ], [ 115.180284410000013, 8.39778440300006 ], [ 115.188256874000103, 8.39774632600006 ], [ 115.193887273000087, 8.396785872000066 ], [ 115.199044595000032, 8.396762610000053 ], [ 115.206522163000045, 8.391119918000072 ], [ 115.211672589000045, 8.388759407000066 ], [ 115.219178942000099, 8.388257438000039 ], [ 115.225733836000018, 8.385888636000061 ], [ 115.234171806000063, 8.384447356000067 ], [ 115.244479458000114, 8.381593072000044 ], [ 115.251505302000055, 8.379691488000049 ], [ 115.259937060000084, 8.375911462000033 ], [ 115.267909886000098, 8.375872456000025 ], [ 115.278202044000068, 8.371148944000026 ], [ 115.286662839000087, 8.37344265400003 ], [ 115.296947219000117, 8.366849936000051 ], [ 115.311909130000117, 8.357429761000049 ], [ 115.291309120000051, 8.328179783000053 ], [ 115.275669172000107, 8.313720459000024 ], [ 115.262911735000102, 8.314699081000072 ] ] } },
{ "type": "Feature", "properties": { "FNODE_": 272, "TNODE_": 272, "LPOLY_": 137, "RPOLY_": 1, "LENGTH": 35654.5, "BOUNT_": 289, "BOUNT_ID": 250, "GEO_CODE": 26100, "BCODE": 0, "BNAME": null, "BountName": "珊瑚礁", "SHAPE_Leng": 0.29437343060499999 }, "geometry": { "type": "LineString", "coordinates": [ [ 114.516549218000023, 8.103667065000025 ], [ 114.526643078, 8.104763218000073 ], [ 114.531693566000058, 8.107825437000031 ], [ 114.539269858000011, 8.109486521000065 ], [ 114.547394755000028, 8.109747413000036 ], [ 114.558053250000057, 8.113356083000042 ], [ 114.570115698000109, 8.115284141000075 ], [ 114.582185714000047, 8.121961149000072 ], [ 114.587793576000081, 8.122507703000053 ], [ 114.592280050000113, 8.122217639000041 ], [ 114.602381948000016, 8.128619087000061 ], [ 114.615000883000107, 8.130824161000021 ], [ 114.623164533000022, 8.142816287000073 ], [ 114.621783668000035, 8.150641214000075 ], [ 114.612452734000044, 8.157155636000027 ], [ 114.605074618000117, 8.158106742000029 ], [ 114.599940337000021, 8.161028716000033 ], [ 114.592646832000014, 8.159370985000066 ], [ 114.58983063200003, 8.156024728000034 ], [ 114.58428416400011, 8.153369203000068 ], [ 114.579447407000089, 8.151858541000024 ], [ 114.57160379000004, 8.15466963700004 ], [ 114.558984953000049, 8.15162495800007 ], [ 114.55079829400006, 8.147076076000076 ], [ 114.547090134000086, 8.143875511000033 ], [ 114.538773808000087, 8.141151942000022 ], [ 114.531609752, 8.139573780000035 ], [ 114.513817239000105, 8.132981537000035 ], [ 114.508957385000031, 8.130703589000063 ], [ 114.505951341000014, 8.128187624000077 ], [ 114.501099274000012, 8.127289045000055 ], [ 114.496933610000042, 8.12477786200003 ], [ 114.500808982000081, 8.114194599000029 ], [ 114.505355945000019, 8.112069347000045 ], [ 114.509834795000074, 8.108987907000028 ], [ 114.516549218000023, 8.103667065000025 ] ] } },
{ "type": "Feature", "properties": { "FNODE_": 273, "TNODE_": 273, "LPOLY_": 139, "RPOLY_": 138, "LENGTH": 3123.6, "BOUNT_": 290, "BOUNT_ID": 251, "GEO_CODE": 26100, "BCODE": 0, "BNAME": null, "BountName": "珊瑚礁", "SHAPE_Leng": 0.0257458084957 }, "geometry": { "type": "LineString", "coordinates": [ [ 113.925234051000075, 7.981032952000021 ], [ 113.929140160000088, 7.981001562000074 ], [ 113.931536077000032, 7.982592116000035 ], [ 113.930635776000031, 7.985356747000026 ], [ 113.925935977000108, 7.986081881000075 ], [ 113.922533289000057, 7.986567943000068 ], [ 113.921335217000092, 7.984738978000053 ], [ 113.921839114000022, 7.983128286000067 ], [ 113.925234051000075, 7.981032952000021 ] ] } },
{ "type": "Feature", "properties": { "FNODE_": 274, "TNODE_": 274, "LPOLY_": 1, "RPOLY_": 138, "LENGTH": 31283.2, "BOUNT_": 291, "BOUNT_ID": 252, "GEO_CODE": 26100, "BCODE": 0, "BNAME": null, "BountName": "珊瑚礁", "SHAPE_Leng": 0.25768876258599999 }, "geometry": { "type": "LineString", "coordinates": [ [ 113.94550585200011, 7.942926550000038 ], [ 113.931963507000091, 7.945377733000043 ], [ 113.920267074000094, 7.951202149000039 ], [ 113.912576434000016, 7.955800843000077 ], [ 113.901490629000023, 7.964999860000034 ], [ 113.896256762, 7.974200241000062 ], [ 113.893487525000069, 7.981562349000058 ], [ 113.893487163000032, 7.987083644000052 ], [ 113.892869545000053, 7.99260509100003 ], [ 113.89625710700011, 7.999455342000033 ], [ 113.893533202000071, 8.00468997300004 ], [ 113.890839868000057, 8.009323034000033 ], [ 113.892739913000014, 8.013887763000071 ], [ 113.897439582000061, 8.018869290000055 ], [ 113.903039754000019, 8.021079921000023 ], [ 113.909738454000035, 8.021437552000066 ], [ 113.92053424300002, 8.021730055000035 ], [ 113.927438799000015, 8.022541817000047 ], [ 113.936136503000057, 8.019421675000046 ], [ 113.941126538000049, 8.011342568000032 ], [ 113.94683310500011, 8.005059472000028 ], [ 113.955920313000092, 7.999455484000066 ], [ 113.956263574000104, 7.988329723000049 ], [ 113.965807931000086, 7.976060705000066 ], [ 113.967654318000086, 7.966551014000061 ], [ 113.967959627000027, 7.955200082000033 ], [ 113.966731075000098, 7.945997410000075 ], [ 113.95842239000001, 7.942622684000071 ], [ 113.94550585200011, 7.942926550000038 ] ] } },
{ "type": "Feature", "properties": { "FNODE_": 275, "TNODE_": 275, "LPOLY_": 1, "RPOLY_": 140, "LENGTH": 46806.7, "BOUNT_": 292, "BOUNT_ID": 253, "GEO_CODE": 26200, "BCODE": 0, "BNAME": null, "BountName": "南海诸", "SHAPE_Leng": 0.386202668094 }, "geometry": { "type": "LineString", "coordinates": [ [ 110.474789713000064, 8.069390988000066 ], [ 110.467816142000061, 8.07323247000005 ], [ 110.466595460000065, 8.089956202000053 ], [ 110.458485384000085, 8.104614449000053 ], [ 110.456333584000049, 8.117386687000021 ], [ 110.458142138000085, 8.129229207000037 ], [ 110.47286682500004, 8.136326877000045 ], [ 110.48568468700006, 8.13847336200007 ], [ 110.503385546000061, 8.14462749300003 ], [ 110.524000468000054, 8.154757850000067 ], [ 110.543662035000068, 8.162902796000026 ], [ 110.558379406000086, 8.17098136900006 ], [ 110.573158022000086, 8.17413506500003 ], [ 110.584991329000047, 8.176263819000042 ], [ 110.594970871000044, 8.169503200000065 ], [ 110.595100592000051, 8.159656273000053 ], [ 110.59233088600007, 8.144847355000024 ], [ 110.578796215000068, 8.123000211000033 ], [ 110.552481638000074, 8.096057288000054 ], [ 110.526983435000034, 8.081923930000073 ], [ 110.499387153000043, 8.076622924000048 ], [ 110.485638936000043, 8.070524268000042 ], [ 110.474789713000064, 8.069390988000066 ] ] } },
{ "type": "Feature", "properties": { "FNODE_": 276, "TNODE_": 276, "LPOLY_": 142, "RPOLY_": 1, "LENGTH": 21490.5, "BOUNT_": 293, "BOUNT_ID": 254, "GEO_CODE": 26200, "BCODE": 0, "BNAME": null, "BountName": "南海诸", "SHAPE_Leng": 0.17640952503499999 }, "geometry": { "type": "LineString", "coordinates": [ [ 114.674434219000091, 7.561851837000063 ], [ 114.694934819000082, 7.573709681000025 ], [ 114.715443596000114, 7.587268836000021 ], [ 114.720616280000058, 7.607678250000049 ], [ 114.707874846000095, 7.614984439000068 ], [ 114.674564701, 7.61120918000006 ], [ 114.662570730000084, 7.590815468000073 ], [ 114.660823273, 7.573800927000036 ], [ 114.674434219000091, 7.561851837000063 ] ] } },
{ "type": "Feature", "properties": { "FNODE_": 277, "TNODE_": 277, "LPOLY_": 143, "RPOLY_": 1, "LENGTH": 23377.7, "BOUNT_": 294, "BOUNT_ID": 255, "GEO_CODE": 26200, "BCODE": 0, "BNAME": null, "BountName": "南海诸", "SHAPE_Leng": 0.191763690963 }, "geometry": { "type": "LineString", "coordinates": [ [ 114.986224349000054, 7.477445254000031 ], [ 114.99987378700007, 7.48079522200004 ], [ 115.013592024000104, 7.499460363000026 ], [ 115.010288526000068, 7.52670207400007 ], [ 114.983104487000105, 7.530121147000045 ], [ 114.959109401000092, 7.521794696000029 ], [ 114.945384317000048, 7.499722751000036 ], [ 114.957270507000089, 7.486064671000065 ], [ 114.986224349000054, 7.477445254000031 ] ] } },
{ "type": "Feature", "properties": { "FNODE_": 278, "TNODE_": 278, "LPOLY_": 1, "RPOLY_": 141, "LENGTH": 54569.9, "BOUNT_": 295, "BOUNT_ID": 256, "GEO_CODE": 26200, "BCODE": 0, "BNAME": null, "BountName": "南海诸", "SHAPE_Leng": 0.449127590603 }, "geometry": { "type": "LineString", "coordinates": [ [ 109.961677494000071, 7.813012852000043 ], [ 109.944823819000078, 7.816932770000051 ], [ 109.933493947000045, 7.825127086000066 ], [ 109.933203854000055, 7.843269151000072 ], [ 109.937110214000086, 7.861478261000059 ], [ 109.94377090200004, 7.882524330000024 ], [ 109.985230049000052, 7.916686974000072 ], [ 110.004654902000084, 7.928160595000065 ], [ 110.029588538000041, 7.945303992000049 ], [ 110.053263193000078, 7.954049868000027 ], [ 110.074328189000084, 7.950185944000054 ], [ 110.078806888000088, 7.932105854000042 ], [ 110.079287497000053, 7.901399436000077 ], [ 110.072634574000062, 7.878961335000042 ], [ 110.052026893000061, 7.853515620000053 ], [ 110.021546735000072, 7.83349785300004 ], [ 109.98820552400008, 7.817620214000044 ], [ 109.961677494000071, 7.813012852000043 ] ] } },
{ "type": "Feature", "properties": { "FNODE_": 279, "TNODE_": 279, "LPOLY_": 144, "RPOLY_": 1, "LENGTH": 30310.8, "BOUNT_": 296, "BOUNT_ID": 257, "GEO_CODE": 26200, "BCODE": 0, "BNAME": null, "BountName": "南海诸", "SHAPE_Leng": 0.248698907075 }, "geometry": { "type": "LineString", "coordinates": [ [ 111.539183609000077, 7.525579822000054 ], [ 111.551452041000061, 7.525697881000042 ], [ 111.562461222000081, 7.529477218000068 ], [ 111.579498222000041, 7.54433516000006 ], [ 111.590385622000042, 7.56035877100004 ], [ 111.601273118000051, 7.577606368000033 ], [ 111.609269055000084, 7.592178507000028 ], [ 111.602898139000047, 7.60825393500005 ], [ 111.585456762000035, 7.610570644000063 ], [ 111.579254361000039, 7.609271070000034 ], [ 111.563102509000089, 7.606634335000024 ], [ 111.549651601000051, 7.582923490000042 ], [ 111.540007692000074, 7.567224027000066 ], [ 111.535307504000059, 7.545135319000053 ], [ 111.539183609000077, 7.525579822000054 ] ] } },
{ "type": "Feature", "properties": { "FNODE_": 280, "TNODE_": 271, "LPOLY_": 1, "RPOLY_": 1, "LENGTH": 131636.0, "BOUNT_": 297, "BOUNT_ID": 258, "GEO_CODE": 61010, "BCODE": 0, "BNAME": null, "BountName": "国界", "SHAPE_Leng": 1.08003698719 }, "geometry": { "type": "LineString", "coordinates": [ [ 115.544579888000044, 7.15777838200006 ], [ 116.242647939000108, 7.981902699000045 ] ] } },
{ "type": "Feature", "properties": { "FNODE_": 281, "TNODE_": 281, "LPOLY_": 146, "RPOLY_": 1, "LENGTH": 23139.1, "BOUNT_": 298, "BOUNT_ID": 259, "GEO_CODE": 26200, "BCODE": 0, "BNAME": null, "BountName": "南海诸", "SHAPE_Leng": 0.189263865995 }, "geometry": { "type": "LineString", "coordinates": [ [ 114.830169364000085, 7.184189213000025 ], [ 114.851355807000118, 7.187252751000074 ], [ 114.866302536000035, 7.199735469000075 ], [ 114.876633869000102, 7.239649848000056 ], [ 114.850769064000019, 7.245221427000047 ], [ 114.829528385000117, 7.228841267000064 ], [ 114.820852957000056, 7.213202592000073 ], [ 114.816092138000045, 7.196767942000065 ], [ 114.830169364000085, 7.184189213000025 ] ] } },
{ "type": "Feature", "properties": { "FNODE_": 282, "TNODE_": 282, "LPOLY_": 1, "RPOLY_": 145, "LENGTH": 149202.0, "BOUNT_": 299, "BOUNT_ID": 260, "GEO_CODE": 26200, "BCODE": 0, "BNAME": null, "BountName": "南海诸", "SHAPE_Leng": 1.2238442352400001 }, "geometry": { "type": "LineString", "coordinates": [ [ 109.472453407000046, 7.306646065000052 ], [ 109.463999825000087, 7.310679981000021 ], [ 109.459635763000051, 7.320365694000031 ], [ 109.458033528000044, 7.33149566000003 ], [ 109.468882700000051, 7.349821851000058 ], [ 109.495899261000034, 7.401914417000057 ], [ 109.527271982000059, 7.445714183000064 ], [ 109.554677620000064, 7.476887766000061 ], [ 109.573949740000046, 7.49396551600006 ], [ 109.619368673000054, 7.535213909000049 ], [ 109.667694555000082, 7.570924244000025 ], [ 109.709321430000045, 7.589769885000067 ], [ 109.738733419000084, 7.587473467000052 ], [ 109.764010141000085, 7.580918734000022 ], [ 109.813083691000088, 7.57335914500004 ], [ 109.863568500000042, 7.564417461000062 ], [ 109.901518180000039, 7.552474059000076 ], [ 109.922644252000055, 7.543046827000069 ], [ 109.933959138000034, 7.534856624000042 ], [ 109.945319425000037, 7.523875857000064 ], [ 109.946875755000065, 7.514133977000029 ], [ 109.935828373000049, 7.505586663000031 ], [ 109.907804881000061, 7.509323091000056 ], [ 109.886701430000073, 7.517353879000041 ], [ 109.846104318000073, 7.520879485000023 ], [ 109.802684424000063, 7.525747919000025 ], [ 109.76079807800005, 7.522262412000032 ], [ 109.72732708500007, 7.517516703000069 ], [ 109.695389865000038, 7.504421578000063 ], [ 109.664932491000059, 7.487161704000073 ], [ 109.638663769000061, 7.469970671000056 ], [ 109.625052776000075, 7.448810795000043 ], [ 109.607275763000075, 7.42618353000006 ], [ 109.573026521000088, 7.38652925100007 ], [ 109.559430666000083, 7.36536863300006 ], [ 109.537472669000067, 7.342666382000061 ], [ 109.512676620000036, 7.322702071000037 ], [ 109.489185149000036, 7.308338481000021 ], [ 109.472453407000046, 7.306646065000052 ] ] } },
{ "type": "Feature", "properties": { "FNODE_": 284, "TNODE_": 283, "LPOLY_": 1, "RPOLY_": 1, "LENGTH": 132294.0, "BOUNT_": 300, "BOUNT_ID": 261, "GEO_CODE": 61010, "BCODE": 0, "BNAME": null, "BountName": "国界", "SHAPE_Leng": 1.0753641361 }, "geometry": { "type": "LineString", "coordinates": [ [ 108.30231969600004, 6.010301592000076 ], [ 108.29292762700004, 6.03568881800004 ], [ 108.287709, 6.049806726000043 ], [ 108.280781274000049, 6.071045398000024 ], [ 108.277950908000037, 6.079698735000022 ], [ 108.269474377000051, 6.105684229000076 ], [ 108.264973094000084, 6.126244144000054 ], [ 108.261699867000061, 6.141197902000044 ], [ 108.243640692000042, 6.242756085000053 ], [ 108.240924527000061, 6.258266854000055 ], [ 108.239261316000068, 6.267780555000058 ], [ 108.237071692000086, 6.280286791000037 ], [ 108.235301673000038, 6.290414733000034 ], [ 108.23410384400006, 6.297253386000023 ], [ 108.231555592000063, 6.311850929000059 ], [ 108.227847435000058, 6.333029272000033 ], [ 108.205279350000069, 6.542915290000053 ], [ 108.20302102900007, 6.696379623000041 ], [ 108.209788679000042, 6.892724323000039 ], [ 108.212054661000082, 6.911227469000039 ], [ 108.213527314000032, 6.923261739000054 ], [ 108.215297245000045, 6.937683511000046 ], [ 108.217067322000048, 6.952143758000034 ], [ 108.218791551000038, 6.966253348000066 ], [ 108.221004221000044, 6.984308689000045 ], [ 108.223331291000079, 7.003309859000069 ], [ 108.226734083000053, 7.024391816000048 ], [ 108.228671989000077, 7.036404337000022 ], [ 108.230571740000073, 7.048223983000071 ], [ 108.234615515000087, 7.073271785000031 ] ] } },
{ "type": "Feature", "properties": { "FNODE_": 285, "TNODE_": 285, "LPOLY_": 147, "RPOLY_": 1, "LENGTH": 22567.3, "BOUNT_": 301, "BOUNT_ID": 262, "GEO_CODE": 26200, "BCODE": 0, "BNAME": null, "BountName": "南海诸", "SHAPE_Leng": 0.182203160433 }, "geometry": { "type": "LineString", "coordinates": [ [ 112.545980844000042, 5.749038384000073 ], [ 112.559202589000051, 5.757288634000076 ], [ 112.566733032000116, 5.777768813000023 ], [ 112.565573363000112, 5.803310057000033 ], [ 112.554235747, 5.822918598000058 ], [ 112.534391668000012, 5.813351432000047 ], [ 112.523786182000094, 5.794894878000036 ], [ 112.524900237000111, 5.778550781000035 ], [ 112.533162986000093, 5.761226689000068 ], [ 112.545980844000042, 5.749038384000073 ] ] } },
{ "type": "Feature", "properties": { "FNODE_": 286, "TNODE_": 286, "LPOLY_": 148, "RPOLY_": 1, "LENGTH": 23824.1, "BOUNT_": 302, "BOUNT_ID": 263, "GEO_CODE": 26200, "BCODE": 0, "BNAME": null, "BountName": "南海诸", "SHAPE_Leng": 0.192120711217 }, "geometry": { "type": "LineString", "coordinates": [ [ 112.545721403000016, 5.616218161000063 ], [ 112.561956849000012, 5.631122963000053 ], [ 112.562346045000027, 5.652578460000029 ], [ 112.557608381000023, 5.677582188000031 ], [ 112.543241664000107, 5.693080875000021 ], [ 112.524915284000031, 5.687610960000029 ], [ 112.517888717, 5.668157692000023 ], [ 112.521054788000015, 5.64978680300004 ], [ 112.528829496000071, 5.62837881400003 ], [ 112.545721403000016, 5.616218161000063 ] ] } },
{ "type": "Feature", "properties": { "FNODE_": 287, "TNODE_": 287, "LPOLY_": 1, "RPOLY_": 149, "LENGTH": 30374.1, "BOUNT_": 303, "BOUNT_ID": 264, "GEO_CODE": 26200, "BCODE": 0, "BNAME": null, "BountName": "南海诸", "SHAPE_Leng": 0.24348991722400001 }, "geometry": { "type": "LineString", "coordinates": [ [ 112.673081525000043, 5.049512162000042 ], [ 112.652351786000054, 5.056318747000034 ], [ 112.646332028000074, 5.07703572500003 ], [ 112.646255828000108, 5.090869036000072 ], [ 112.651062317000083, 5.113621926000064 ], [ 112.67467618, 5.121651960000065 ], [ 112.683602386000075, 5.110829237000075 ], [ 112.698487776000093, 5.091143038000041 ], [ 112.712327826000092, 5.082320625000023 ], [ 112.729097511000077, 5.078453502000059 ], [ 112.71538747000011, 5.061586527000031 ], [ 112.691773671000078, 5.054549483000073 ], [ 112.673081525000043, 5.049512162000042 ] ] } },
{ "type": "Feature", "properties": { "FNODE_": 288, "TNODE_": 288, "LPOLY_": 150, "RPOLY_": 1, "LENGTH": 22513.4, "BOUNT_": 304, "BOUNT_ID": 265, "GEO_CODE": 26200, "BCODE": 0, "BNAME": null, "BountName": "南海诸", "SHAPE_Leng": 0.18043402778699999 }, "geometry": { "type": "LineString", "coordinates": [ [ 112.933440562000101, 4.990477752000061 ], [ 112.945220524000092, 5.000406402000067 ], [ 112.954986595000037, 5.021193077000021 ], [ 112.951927172000069, 5.04588016200006 ], [ 112.934172980000085, 5.051734647000046 ], [ 112.925307417000113, 5.050708562000068 ], [ 112.910559221000085, 5.043729880000058 ], [ 112.905737376000047, 5.019009281000024 ], [ 112.905821443000036, 5.000238996000064 ], [ 112.933440562000101, 4.990477752000061 ] ] } },
{ "type": "Feature", "properties": { "FNODE_": 289, "TNODE_": 289, "LPOLY_": 151, "RPOLY_": 1, "LENGTH": 15247.6, "BOUNT_": 305, "BOUNT_ID": 266, "GEO_CODE": 26200, "BCODE": 0, "BNAME": null, "BountName": "南海诸", "SHAPE_Leng": 0.120943299076 }, "geometry": { "type": "LineString", "coordinates": [ [ 112.259679873000096, 3.938401698000064 ], [ 112.264166242000101, 3.939034328000048 ], [ 112.268354611000063, 3.939363601000025 ], [ 112.271635319000097, 3.940287957000066 ], [ 112.274320833000047, 3.942110586000069 ], [ 112.276411744000029, 3.943327835000048 ], [ 112.278196989000094, 3.945143850000022 ], [ 112.280867337000018, 3.948169119000056 ], [ 112.281439542000044, 3.952081984000074 ], [ 112.281721815000083, 3.955090863000066 ], [ 112.281401441000071, 3.957795094000062 ], [ 112.281081132000054, 3.960499465000055 ], [ 112.28075298300007, 3.96530840500003 ], [ 112.277731446000075, 3.969498008000073 ], [ 112.276213096000106, 3.972194042000069 ], [ 112.271711849000098, 3.974268275000043 ], [ 112.268515126000011, 3.975030543000059 ], [ 112.265646195000045, 3.975734578000072 ], [ 112.263403254000082, 3.975858550000055 ], [ 112.251653617000102, 3.973228089000031 ], [ 112.248395782000102, 3.968093587000055 ], [ 112.246335942000087, 3.962666395000042 ], [ 112.245466072000113, 3.958149598000034 ], [ 112.245511701000055, 3.952135852000026 ], [ 112.246457783000096, 3.944925671000021 ], [ 112.248571500000025, 3.941933335000044 ], [ 112.252485470000011, 3.93895359000004 ], [ 112.259679873000096, 3.938401698000064 ] ] } },
{ "type": "Feature", "properties": { "FNODE_": 290, "TNODE_": 290, "LPOLY_": 152, "RPOLY_": 1, "LENGTH": 18033.7, "BOUNT_": 306, "BOUNT_ID": 267, "GEO_CODE": 26200, "BCODE": 0, "BNAME": null, "BountName": "南海诸", "SHAPE_Leng": 0.14293789776499999 }, "geometry": { "type": "LineString", "coordinates": [ [ 112.242948139000077, 3.860008733000029 ], [ 112.250913438000111, 3.862970937000057 ], [ 112.255781121000041, 3.86545807400006 ], [ 112.25941303500008, 3.869898929000044 ], [ 112.262563886000066, 3.872864891000063 ], [ 112.263006633000032, 3.878733905000047 ], [ 112.262487809000049, 3.886306774000047 ], [ 112.262456949000011, 3.889547489000051 ], [ 112.262304542000038, 3.891479336000032 ], [ 112.261442122000062, 3.894692908000025 ], [ 112.260191044000067, 3.898364677000075 ], [ 112.257383333, 3.900906145000022 ], [ 112.253805086000057, 3.903963925000028 ], [ 112.249845542000116, 3.905140994000021 ], [ 112.241597956000078, 3.906266523000056 ], [ 112.226712619000068, 3.900585206000073 ], [ 112.222852089000071, 3.893688289000067 ], [ 112.220441227000038, 3.889009553000051 ], [ 112.218228301000067, 3.880825020000032 ], [ 112.22003656000004, 3.874186027000064 ], [ 112.224774686000046, 3.86993290700002 ], [ 112.229367626000112, 3.865382992000036 ], [ 112.236020402, 3.861438756000041 ], [ 112.242948139000077, 3.860008733000029 ] ] } },
{ "type": "Feature", "properties": { "FNODE_": 291, "TNODE_": 291, "LPOLY_": 153, "RPOLY_": 1, "LENGTH": 19722.1, "BOUNT_": 307, "BOUNT_ID": 268, "GEO_CODE": 26200, "BCODE": 0, "BNAME": null, "BountName": "南海诸", "SHAPE_Leng": 0.156257223247 }, "geometry": { "type": "LineString", "coordinates": [ [ 112.033081415000083, 3.833194309000021 ], [ 112.039582065000104, 3.834147243000075 ], [ 112.044518172000039, 3.834862396000062 ], [ 112.052323590000015, 3.842818704000024 ], [ 112.055848196000056, 3.851419136000061 ], [ 112.056504231000076, 3.853905846000032 ], [ 112.057152899000016, 3.857520599000054 ], [ 112.056443270000045, 3.862253136000049 ], [ 112.055069947000106, 3.864950296000075 ], [ 112.048470385000087, 3.876406115000066 ], [ 112.039246473000048, 3.878591034000067 ], [ 112.03295175300002, 3.87899347900003 ], [ 112.026001427000097, 3.87735983400006 ], [ 112.017936752000082, 3.874138056000049 ], [ 112.009673920000068, 3.868206606000058 ], [ 112.007934523000017, 3.860296274000063 ], [ 112.007301411000071, 3.855101851000029 ], [ 112.007118284000057, 3.850136918000032 ], [ 112.008079616000032, 3.842248149000056 ], [ 112.010818457000028, 3.836403870000026 ], [ 112.021164307000049, 3.834680475000027 ], [ 112.033081415000083, 3.833194309000021 ] ] } },
{ "type": "Feature", "properties": { "FNODE_": 293, "TNODE_": 292, "LPOLY_": 1, "RPOLY_": 1, "LENGTH": 141138.0, "BOUNT_": 308, "BOUNT_ID": 269, "GEO_CODE": 61010, "BCODE": 0, "BNAME": null, "BountName": "国界", "SHAPE_Leng": 1.1128811756500001 }, "geometry": { "type": "LineString", "coordinates": [ [ 111.794947046000061, 3.407817451000028 ], [ 111.822306593000064, 3.410811021000029 ], [ 111.841258786000083, 3.412884756000039 ], [ 111.861751948000062, 3.415126653000073 ], [ 111.997916708000048, 3.44362677700002 ], [ 112.033951320000028, 3.452635360000045 ], [ 112.061249755000063, 3.459460417000059 ], [ 112.222752508000099, 3.500627392000069 ], [ 112.264921075000075, 3.51187236800007 ], [ 112.293166129000042, 3.519404304000034 ], [ 112.317756322000037, 3.525961068000072 ], [ 112.355415502000028, 3.537649417000068 ], [ 112.390328529000044, 3.548484378000069 ], [ 112.409585547, 3.554461583000034 ], [ 112.433885738000072, 3.563094419000038 ], [ 112.466853097000012, 3.574807214000032 ], [ 112.492305502000022, 3.583850162000033 ], [ 112.510830210000108, 3.590749926000058 ], [ 112.546246576000044, 3.603941244000055 ], [ 112.587095281000074, 3.619959385000072 ], [ 112.632231948000026, 3.638014177000059 ], [ 112.664741225000057, 3.652792310000052 ], [ 112.681877410000084, 3.660582576000024 ], [ 112.817699204000064, 3.726316994000058 ], [ 112.849888450000094, 3.74430570800007 ] ] } },
{ "type": "Feature", "properties": { "FNODE_": 0, "TNODE_": 0, "LPOLY_": 0, "RPOLY_": 0, "LENGTH": 0.0, "BOUNT_": 0, "BOUNT_ID": 0, "GEO_CODE": 61031, "BCODE": 0, "BNAME": null, "BountName": "省界桩", "SHAPE_Leng": 0.81741982355599996 }, "geometry": { "type": "LineString", "coordinates": [ [ 109.819435002000034, 20.116602796000052 ], [ 109.850106021000045, 20.118992369000068 ], [ 109.887162874000069, 20.120715770000061 ], [ 109.937319743000046, 20.124333417000059 ], [ 109.976062834000061, 20.126563264000026 ], [ 110.017483854000034, 20.129119825000032 ], [ 110.116386270000078, 20.135512307000056 ], [ 110.150269116000061, 20.137051283000062 ], [ 110.178247084000077, 20.139738200000068 ], [ 110.222155287000078, 20.14118595900004 ], [ 110.254802305000055, 20.143575461000069 ], [ 110.283848030000058, 20.155492240000058 ], [ 110.313084632000084, 20.169021944000065 ], [ 110.363455211000087, 20.191619054000057 ], [ 110.438141349000034, 20.223149012000022 ], [ 110.500803204000078, 20.250758218000044 ], [ 110.542109874000062, 20.269284989000028 ], [ 110.581501457000059, 20.286814795000055 ], [ 110.603566022000052, 20.297270611000044 ] ] } }
]
}
